trade_date,instruments,long_count,short_count,long_return,short_asset_return,gross_return,gross_exposure,net_exposure,round_trip_turnover,net_0bps_return,net_3bps_return,net_5bps_return,net_10bps_return,feature_name,fold_id,test_year
2025-01-02,30,6,6,-0.011395147558287065,-0.017788274388208347,0.003196563414960641,1.0,0.0,2.0,0.003196563414960641,0.002596563414960641,0.002196563414960641,0.0011965634149606408,tsmom_60__csz,fold_2025,2025
2025-01-09,30,6,6,0.03572358059782107,0.04164975430011426,-0.0029630868511465944,1.0,0.0,2.0,-0.0029630868511465944,-0.003563086851146594,-0.003963086851146594,-0.004963086851146594,tsmom_60__csz,fold_2025,2025
2025-01-16,30,6,6,-0.011393663912265433,-0.012739608526134016,0.0006729723069342913,1.0,0.0,2.0,0.0006729723069342913,7.297230693429138e-05,-0.0003270276930657087,-0.0013270276930657087,tsmom_60__csz,fold_2025,2025
2025-01-23,30,6,6,0.0079362901978796,0.018699446581237567,-0.005381578191678983,1.0,0.0,2.0,-0.005381578191678983,-0.005981578191678983,-0.006381578191678983,-0.007381578191678983,tsmom_60__csz,fold_2025,2025
2025-02-07,30,6,6,-0.0026609779993093507,-0.02125101625628438,0.009295019128487514,1.0,0.0,2.0,0.009295019128487514,0.008695019128487514,0.008295019128487513,0.007295019128487514,tsmom_60__csz,fold_2025,2025
2025-02-14,30,6,6,0.002810408986545216,0.023535953397732665,-0.010362772205593724,1.0,0.0,2.0,-0.010362772205593724,-0.010962772205593723,-0.011362772205593723,-0.012362772205593724,tsmom_60__csz,fold_2025,2025
2025-02-21,30,6,6,-0.03775571774229625,-0.013327420872274133,-0.01221414843501106,1.0,0.0,2.0,-0.01221414843501106,-0.01281414843501106,-0.01321414843501106,-0.01421414843501106,tsmom_60__csz,fold_2025,2025
2025-02-28,30,6,6,-0.014688911952039384,-0.006297789930887317,-0.0041955610105760335,1.0,0.0,2.0,-0.0041955610105760335,-0.004795561010576033,-0.0051955610105760336,-0.006195561010576034,tsmom_60__csz,fold_2025,2025
2025-03-07,30,6,6,0.023309102750813618,0.00272634382316185,0.010291379463825884,1.0,0.0,2.0,0.010291379463825884,0.009691379463825884,0.009291379463825883,0.008291379463825884,tsmom_60__csz,fold_2025,2025
2025-03-14,30,6,6,-0.0082874784161277,-0.028404346652963746,0.010058434118418023,1.0,0.0,2.0,0.010058434118418023,0.009458434118418024,0.009058434118418023,0.008058434118418023,tsmom_60__csz,fold_2025,2025
2025-03-21,30,6,6,-0.005562976974535984,0.014365045488607167,-0.009964011231571576,1.0,0.0,2.0,-0.009964011231571576,-0.010564011231571576,-0.010964011231571577,-0.011964011231571576,tsmom_60__csz,fold_2025,2025
2025-03-28,30,6,6,-0.06327969398011718,-0.0386729595463126,-0.01230336721690229,1.0,0.0,2.0,-0.01230336721690229,-0.01290336721690229,-0.013303367216902291,-0.01430336721690229,tsmom_60__csz,fold_2025,2025
2025-04-07,30,6,6,0.009729878483860333,-0.012838544076195064,0.011284211280027698,1.0,0.0,2.0,0.011284211280027698,0.010684211280027698,0.010284211280027697,0.009284211280027698,tsmom_60__csz,fold_2025,2025
2025-04-14,30,6,6,0.0037751952777818156,-0.0188754119550974,0.011325303616439608,1.0,0.0,2.0,0.011325303616439608,0.010725303616439608,0.010325303616439609,0.009325303616439608,tsmom_60__csz,fold_2025,2025
2025-04-21,30,6,6,-0.010070959963967167,0.004337922024284717,-0.0072044409941259425,1.0,0.0,2.0,-0.0072044409941259425,-0.007804440994125942,-0.008204440994125942,-0.009204440994125943,tsmom_60__csz,fold_2025,2025
2025-04-28,30,6,6,-0.00538070839599875,-0.020192962218503818,0.007406126911252534,1.0,0.0,2.0,0.007406126911252534,0.006806126911252534,0.006406126911252534,0.005406126911252534,tsmom_60__csz,fold_2025,2025
2025-05-08,30,6,6,-0.01363405872459255,0.02511545560661685,-0.0193747571656047,1.0,0.0,2.0,-0.0193747571656047,-0.0199747571656047,-0.0203747571656047,-0.021374757165604698,tsmom_60__csz,fold_2025,2025
2025-05-15,30,6,6,0.0009907646054527995,-0.03014112471723801,0.015565944661345405,1.0,0.0,2.0,0.015565944661345405,0.014965944661345406,0.014565944661345406,0.013565944661345405,tsmom_60__csz,fold_2025,2025
2025-05-22,30,6,6,0.00010314355062001665,-0.05077626815138562,0.025439705851002817,1.0,0.0,2.0,0.025439705851002817,0.024839705851002817,0.024439705851002816,0.023439705851002815,tsmom_60__csz,fold_2025,2025
2025-05-29,30,6,6,0.016977807666104933,0.0057942424382758,0.005591782613914567,1.0,0.0,2.0,0.005591782613914567,0.004991782613914567,0.004591782613914567,0.0035917826139145667,tsmom_60__csz,fold_2025,2025
2025-06-06,30,6,6,0.016664926477006348,-0.0012552103536439838,0.008960068415325166,1.0,0.0,2.0,0.008960068415325166,0.008360068415325167,0.007960068415325167,0.006960068415325166,tsmom_60__csz,fold_2025,2025
2025-06-13,30,6,6,0.011119966523841984,0.017796627048853784,-0.0033383302625059003,1.0,0.0,2.0,-0.0033383302625059003,-0.0039383302625059,-0.0043383302625059,-0.0053383302625059,tsmom_60__csz,fold_2025,2025
2025-06-20,30,6,6,-0.049449727803382144,0.020803487017657402,-0.035126607410519775,1.0,0.0,2.0,-0.035126607410519775,-0.03572660741051978,-0.036126607410519776,-0.03712660741051978,tsmom_60__csz,fold_2025,2025
2025-06-27,30,6,6,0.0020346187929034163,0.0035780786802567834,-0.0007717299436766835,1.0,0.0,2.0,-0.0007717299436766835,-0.0013717299436766836,-0.0017717299436766836,-0.0027717299436766834,tsmom_60__csz,fold_2025,2025
2025-07-04,30,6,6,0.0027262612020274167,0.036256499027516924,-0.016765118912744754,1.0,0.0,2.0,-0.016765118912744754,-0.017365118912744754,-0.017765118912744755,-0.018765118912744752,tsmom_60__csz,fold_2025,2025
2025-07-11,30,6,6,0.015538779624061716,0.017061231852878316,-0.0007612261144082999,1.0,0.0,2.0,-0.0007612261144082999,-0.0013612261144082998,-0.0017612261144083,-0.0027612261144083,tsmom_60__csz,fold_2025,2025
2025-07-18,30,6,6,0.0003861568494034004,0.03757052719545235,-0.018592185173024474,1.0,0.0,2.0,-0.018592185173024474,-0.019192185173024474,-0.019592185173024475,-0.020592185173024476,tsmom_60__csz,fold_2025,2025
2025-07-25,30,6,6,-0.05813748920023176,-0.008910706422020733,-0.024613391389105514,1.0,0.0,2.0,-0.024613391389105514,-0.025213391389105513,-0.025613391389105514,-0.026613391389105512,tsmom_60__csz,fold_2025,2025
2025-08-01,30,6,6,0.01177949248025655,-0.004285455292953317,0.008032473886604934,1.0,0.0,2.0,0.008032473886604934,0.007432473886604934,0.007032473886604934,0.006032473886604934,tsmom_60__csz,fold_2025,2025
2025-08-08,30,6,6,0.005879381896768301,0.0036070261533319658,0.0011361778717181674,1.0,0.0,2.0,0.0011361778717181674,0.0005361778717181675,0.0001361778717181674,-0.0008638221282818326,tsmom_60__csz,fold_2025,2025
2025-08-15,30,6,6,-0.015922597499194415,0.0018305650242040668,-0.00887658126169924,1.0,0.0,2.0,-0.00887658126169924,-0.00947658126169924,-0.009876581261699241,-0.01087658126169924,tsmom_60__csz,fold_2025,2025
2025-08-22,30,6,6,-0.0056540390238379494,0.009082131796842982,-0.007368085410340466,1.0,0.0,2.0,-0.007368085410340466,-0.007968085410340466,-0.008368085410340467,-0.009368085410340466,tsmom_60__csz,fold_2025,2025
2025-08-29,30,6,6,0.004888469319149917,-0.003496197869496584,0.004192333594323251,1.0,0.0,2.0,0.004192333594323251,0.003592333594323251,0.0031923335943232507,0.0021923335943232506,tsmom_60__csz,fold_2025,2025
2025-09-05,30,6,6,-0.0025391295814532,0.0006387224139894001,-0.0015889259977213,1.0,0.0,2.0,-0.0015889259977213,-0.0021889259977213,-0.0025889259977213003,-0.0035889259977213003,tsmom_60__csz,fold_2025,2025
2025-09-12,30,6,6,0.013128543470364148,-0.0038063889297776667,0.008467466200070908,1.0,0.0,2.0,0.008467466200070908,0.007867466200070908,0.007467466200070908,0.006467466200070908,tsmom_60__csz,fold_2025,2025
2025-09-19,30,6,6,0.0017177680342057831,0.011161574833108019,-0.0047219033994511175,1.0,0.0,2.0,-0.0047219033994511175,-0.005321903399451117,-0.0057219033994511176,-0.006721903399451118,tsmom_60__csz,fold_2025,2025
2025-09-26,30,6,6,0.023719284871945,-0.0211771927647141,0.02244823881832955,1.0,0.0,2.0,0.02244823881832955,0.02184823881832955,0.021448238818329548,0.02044823881832955,tsmom_60__csz,fold_2025,2025
2025-10-13,30,6,6,0.004677316413893034,-0.0031103594200300165,0.0038938379169615256,1.0,0.0,2.0,0.0038938379169615256,0.003293837916961526,0.0028938379169615256,0.0018938379169615256,tsmom_60__csz,fold_2025,2025
2025-10-20,30,6,6,0.002680905804186562,0.02828895149195143,-0.012804022843882434,1.0,0.0,2.0,-0.012804022843882434,-0.013404022843882434,-0.013804022843882435,-0.014804022843882434,tsmom_60__csz,fold_2025,2025
2025-10-27,30,6,6,-0.002174700670507883,-0.02197418309743332,0.009899741213462718,1.0,0.0,2.0,0.009899741213462718,0.009299741213462718,0.008899741213462719,0.007899741213462718,tsmom_60__csz,fold_2025,2025
2025-11-03,30,6,6,0.006568236923164599,-0.018411776401938747,0.012490006662551673,1.0,0.0,2.0,0.012490006662551673,0.011890006662551673,0.011490006662551674,0.010490006662551673,tsmom_60__csz,fold_2025,2025
2025-11-10,30,6,6,-0.006590787979430017,0.00026744552933825015,-0.0034291167543841336,1.0,0.0,2.0,-0.0034291167543841336,-0.004029116754384133,-0.004429116754384134,-0.005429116754384134,tsmom_60__csz,fold_2025,2025
2025-11-17,30,6,6,-0.0012785689667296333,-0.002307181216999734,0.0005143061251350503,1.0,0.0,2.0,0.0005143061251350503,-8.569387486494966e-05,-0.00048569387486494973,-0.0014856938748649498,tsmom_60__csz,fold_2025,2025
2025-11-24,30,6,6,0.04239960909963685,0.012260607397843867,0.015069500850896492,1.0,0.0,2.0,0.015069500850896492,0.014469500850896492,0.01406950085089649,0.013069500850896492,tsmom_60__csz,fold_2025,2025
2025-12-01,30,6,6,0.0251411913746647,-0.02061891325490332,0.02288005231478401,1.0,0.0,2.0,0.02288005231478401,0.02228005231478401,0.02188005231478401,0.020880052314784008,tsmom_60__csz,fold_2025,2025
2025-12-08,30,6,6,0.0234494386402825,-0.00955466370942395,0.016502051174853226,1.0,0.0,2.0,0.016502051174853226,0.015902051174853226,0.015502051174853225,0.014502051174853226,tsmom_60__csz,fold_2025,2025
2025-12-15,30,6,6,0.021603846251981,-0.003893874091782565,0.012748860171881784,1.0,0.0,2.0,0.012748860171881784,0.012148860171881784,0.011748860171881783,0.010748860171881784,tsmom_60__csz,fold_2025,2025
2025-12-22,30,6,6,0.0272582594939593,0.01846797488031755,0.0043951423068208754,1.0,0.0,2.0,0.0043951423068208754,0.0037951423068208756,0.0033951423068208754,0.0023951423068208754,tsmom_60__csz,fold_2025,2025
2025-01-02,30,6,6,-0.008643717017779867,0.002678744855383467,-0.005661230936581667,1.0,0.0,2.0,-0.005661230936581667,-0.006261230936581667,-0.006661230936581667,-0.007661230936581667,tsmom_60__missing,fold_2025,2025
2025-01-09,30,6,6,0.0075445210942481486,0.018594971169530666,-0.005525225037641258,1.0,0.0,2.0,-0.005525225037641258,-0.006125225037641258,-0.006525225037641258,-0.007525225037641258,tsmom_60__missing,fold_2025,2025
2025-01-16,30,6,6,-0.010761841957401931,-0.010041264596301166,-0.0003602886805503828,1.0,0.0,2.0,-0.0003602886805503828,-0.0009602886805503828,-0.0013602886805503828,-0.002360288680550383,tsmom_60__missing,fold_2025,2025
2025-01-23,30,6,6,0.026902164920274117,0.022760400240047135,0.0020708823401134908,1.0,0.0,2.0,0.0020708823401134908,0.001470882340113491,0.0010708823401134908,7.088234011349073e-05,tsmom_60__missing,fold_2025,2025
2025-02-07,30,6,6,0.0034579360473451504,0.014863603764137085,-0.005702833858395967,1.0,0.0,2.0,-0.005702833858395967,-0.006302833858395967,-0.006702833858395967,-0.007702833858395967,tsmom_60__missing,fold_2025,2025
2025-02-14,30,6,6,-0.0019584202884222503,-0.005546947229154684,0.0017942634703662168,1.0,0.0,2.0,0.0017942634703662168,0.001194263470366217,0.0007942634703662168,-0.0002057365296337832,tsmom_60__missing,fold_2025,2025
2025-02-21,30,6,6,-0.01620415741924312,-0.01981034273051052,0.0018030926556336993,1.0,0.0,2.0,0.0018030926556336993,0.0012030926556336995,0.0008030926556336993,-0.00019690734436630074,tsmom_60__missing,fold_2025,2025
2025-02-28,30,6,6,0.0017574808783526665,0.005772026116737082,-0.002007272619192208,1.0,0.0,2.0,-0.002007272619192208,-0.002607272619192208,-0.003007272619192208,-0.004007272619192208,tsmom_60__missing,fold_2025,2025
2025-03-07,30,6,6,0.01790988762657575,0.01117074853885155,0.0033695695438620997,1.0,0.0,2.0,0.0033695695438620997,0.0027695695438621,0.0023695695438620996,0.0013695695438620996,tsmom_60__missing,fold_2025,2025
2025-03-14,30,6,6,-0.00670018249429645,-0.005378130145819351,-0.0006610261742385497,1.0,0.0,2.0,-0.0006610261742385497,-0.0012610261742385495,-0.0016610261742385497,-0.0026610261742385497,tsmom_60__missing,fold_2025,2025
2025-03-21,30,6,6,0.008953652940416067,0.010443650073667751,-0.0007449985666258419,1.0,0.0,2.0,-0.0007449985666258419,-0.0013449985666258418,-0.001744998566625842,-0.002744998566625842,tsmom_60__missing,fold_2025,2025
2025-03-28,30,6,6,-0.05285900986506967,-0.042894403238588376,-0.004982303313240646,1.0,0.0,2.0,-0.004982303313240646,-0.0055823033132406455,-0.005982303313240646,-0.006982303313240646,tsmom_60__missing,fold_2025,2025
2025-04-07,30,6,6,0.0006071785515274665,0.015950776796268846,-0.00767179912237069,1.0,0.0,2.0,-0.00767179912237069,-0.00827179912237069,-0.00867179912237069,-0.00967179912237069,tsmom_60__missing,fold_2025,2025
2025-04-14,30,6,6,-0.00027935445437895037,0.013286368781465817,-0.006782861617922384,1.0,0.0,2.0,-0.006782861617922384,-0.0073828616179223835,-0.007782861617922384,-0.008782861617922383,tsmom_60__missing,fold_2025,2025
2025-04-21,30,6,6,0.0040523527979588825,0.002419965293180782,0.0008161937523890504,1.0,0.0,2.0,0.0008161937523890504,0.00021619375238905042,-0.00018380624761094966,-0.0011838062476109497,tsmom_60__missing,fold_2025,2025
2025-04-28,30,6,6,-0.00718951193955315,-0.003936962928007667,-0.0016262745057727414,1.0,0.0,2.0,-0.0016262745057727414,-0.0022262745057727413,-0.0026262745057727415,-0.0036262745057727415,tsmom_60__missing,fold_2025,2025
2025-05-08,30,6,6,0.019815468992626633,0.0028483170635519007,0.008483575964537367,1.0,0.0,2.0,0.008483575964537367,0.007883575964537367,0.007483575964537367,0.006483575964537367,tsmom_60__missing,fold_2025,2025
2025-05-15,30,6,6,-0.008674213807957432,0.010849661334130331,-0.00976193757104388,1.0,0.0,2.0,-0.00976193757104388,-0.01036193757104388,-0.010761937571043882,-0.01176193757104388,tsmom_60__missing,fold_2025,2025
2025-05-22,30,6,6,-0.00954213346398895,-0.0035272785088116504,-0.003007427477588649,1.0,0.0,2.0,-0.003007427477588649,-0.003607427477588649,-0.004007427477588649,-0.005007427477588649,tsmom_60__missing,fold_2025,2025
2025-05-29,30,6,6,-0.0005790636159993161,0.014508581917736768,-0.007543822766868042,1.0,0.0,2.0,-0.007543822766868042,-0.008143822766868042,-0.00854382276686804,-0.009543822766868042,tsmom_60__missing,fold_2025,2025
2025-06-06,30,6,6,0.0033019887739572508,0.019711426020677814,-0.008204718623360282,1.0,0.0,2.0,-0.008204718623360282,-0.008804718623360281,-0.00920471862336028,-0.010204718623360282,tsmom_60__missing,fold_2025,2025
2025-06-13,30,6,6,0.0173628603516897,-0.0011935753651476004,0.00927821785841865,1.0,0.0,2.0,0.00927821785841865,0.00867821785841865,0.00827821785841865,0.00727821785841865,tsmom_60__missing,fold_2025,2025
2025-06-20,30,6,6,0.0023028730457931674,-0.008058875973531167,0.005180874509662167,1.0,0.0,2.0,0.005180874509662167,0.004580874509662167,0.004180874509662167,0.003180874509662167,tsmom_60__missing,fold_2025,2025
2025-06-27,30,6,6,-0.00785162858114365,0.005339474566943615,-0.006595551574043632,1.0,0.0,2.0,-0.006595551574043632,-0.007195551574043632,-0.007595551574043632,-0.008595551574043632,tsmom_60__missing,fold_2025,2025
2025-07-04,30,6,6,0.0020300883267077665,0.0042093070008472665,-0.00108960933706975,1.0,0.0,2.0,-0.00108960933706975,-0.00168960933706975,-0.00208960933706975,-0.00308960933706975,tsmom_60__missing,fold_2025,2025
2025-07-11,30,6,6,0.007227328275879533,0.011489358573184434,-0.0021310151486524506,1.0,0.0,2.0,-0.0021310151486524506,-0.0027310151486524504,-0.0031310151486524506,-0.004131015148652451,tsmom_60__missing,fold_2025,2025
2025-07-18,30,6,6,0.029617424693904177,-0.0029559740183212665,0.01628669935611272,1.0,0.0,2.0,0.01628669935611272,0.01568669935611272,0.01528669935611272,0.01428669935611272,tsmom_60__missing,fold_2025,2025
2025-07-25,30,6,6,-0.027846398976976383,-0.013499312316345819,-0.007173543330315282,1.0,0.0,2.0,-0.007173543330315282,-0.007773543330315282,-0.008173543330315282,-0.009173543330315281,tsmom_60__missing,fold_2025,2025
2025-08-01,30,6,6,0.0014243173537378667,0.0005787767275901495,0.0004227703130738586,1.0,0.0,2.0,0.0004227703130738586,-0.00017722968692614134,-0.0005772296869261415,-0.0015772296869261415,tsmom_60__missing,fold_2025,2025
2025-08-08,30,6,6,0.0025939619157738327,-0.0022418809471628676,0.00241792143146835,1.0,0.0,2.0,0.00241792143146835,0.0018179214314683503,0.0014179214314683501,0.0004179214314683501,tsmom_60__missing,fold_2025,2025
2025-08-15,30,6,6,0.0012950442177015996,-0.002338449687004533,0.0018167469523530664,1.0,0.0,2.0,0.0018167469523530664,0.0012167469523530665,0.0008167469523530663,-0.00018325304764693368,tsmom_60__missing,fold_2025,2025
2025-08-22,30,6,6,-0.0019313791185518994,0.012935063055888084,-0.007433221087219992,1.0,0.0,2.0,-0.007433221087219992,-0.008033221087219992,-0.008433221087219993,-0.009433221087219992,tsmom_60__missing,fold_2025,2025
2025-08-29,30,6,6,-0.0084443572778612,0.013571207026897333,-0.011007782152379266,1.0,0.0,2.0,-0.011007782152379266,-0.011607782152379266,-0.012007782152379267,-0.013007782152379266,tsmom_60__missing,fold_2025,2025
2025-09-05,30,6,6,-0.0005762771760395334,0.0031450674959040497,-0.0018606723359717915,1.0,0.0,2.0,-0.0018606723359717915,-0.0024606723359717913,-0.0028606723359717915,-0.0038606723359717915,tsmom_60__missing,fold_2025,2025
2025-09-12,30,6,6,-0.008725268600990018,-0.009176544147441233,0.00022563777322560756,1.0,0.0,2.0,0.00022563777322560756,-0.0003743622267743924,-0.0007743622267743925,-0.0017743622267743925,tsmom_60__missing,fold_2025,2025
2025-09-19,30,6,6,-0.0011214552514313668,0.014820120683934632,-0.007970787967683,1.0,0.0,2.0,-0.007970787967683,-0.008570787967683,-0.008970787967683,-0.009970787967683,tsmom_60__missing,fold_2025,2025
2025-09-26,30,6,6,-0.0019246635046771664,0.013588858392057748,-0.007756760948367457,1.0,0.0,2.0,-0.007756760948367457,-0.008356760948367457,-0.008756760948367456,-0.009756760948367457,tsmom_60__missing,fold_2025,2025
2025-10-13,30,6,6,-0.009679442453695652,0.018394105626528167,-0.014036774040111909,1.0,0.0,2.0,-0.014036774040111909,-0.014636774040111909,-0.01503677404011191,-0.01603677404011191,tsmom_60__missing,fold_2025,2025
2025-10-20,30,6,6,0.01626273490873525,-0.009894342507996185,0.013078538708365717,1.0,0.0,2.0,0.013078538708365717,0.012478538708365718,0.012078538708365717,0.011078538708365717,tsmom_60__missing,fold_2025,2025
2025-10-27,30,6,6,-0.0036671327961840337,0.002981589654639483,-0.0033243612254117583,1.0,0.0,2.0,-0.0033243612254117583,-0.003924361225411758,-0.004324361225411758,-0.005324361225411758,tsmom_60__missing,fold_2025,2025
2025-11-03,30,6,6,0.007028989898778916,0.0011507681810089346,0.002939110858884991,1.0,0.0,2.0,0.002939110858884991,0.002339110858884991,0.0019391108588849909,0.0009391108588849909,tsmom_60__missing,fold_2025,2025
2025-11-10,30,6,6,0.00019128413961836654,0.0007793811584215337,-0.00029404850940158357,1.0,0.0,2.0,-0.00029404850940158357,-0.0008940485094015836,-0.0012940485094015835,-0.0022940485094015838,tsmom_60__missing,fold_2025,2025
2025-11-17,30,6,6,-0.008360079258358266,0.0019480626612953837,-0.005154070959826825,1.0,0.0,2.0,-0.005154070959826825,-0.005754070959826825,-0.006154070959826825,-0.007154070959826825,tsmom_60__missing,fold_2025,2025
2025-11-24,30,6,6,0.015452806013379283,0.027751933698168457,-0.006149563842394587,1.0,0.0,2.0,-0.006149563842394587,-0.0067495638423945865,-0.007149563842394587,-0.008149563842394587,tsmom_60__missing,fold_2025,2025
2025-12-01,30,6,6,0.001069490256261501,0.0043766118249291336,-0.0016535607843338163,1.0,0.0,2.0,-0.0016535607843338163,-0.002253560784333816,-0.0026535607843338163,-0.0036535607843338164,tsmom_60__missing,fold_2025,2025
2025-12-08,30,6,6,-0.0016668708379587492,0.018018225342415182,-0.009842548090186965,1.0,0.0,2.0,-0.009842548090186965,-0.010442548090186965,-0.010842548090186966,-0.011842548090186965,tsmom_60__missing,fold_2025,2025
2025-12-15,30,6,6,0.010940177992106934,0.0229013241673235,-0.005980573087608283,1.0,0.0,2.0,-0.005980573087608283,-0.006580573087608283,-0.006980573087608283,-0.007980573087608283,tsmom_60__missing,fold_2025,2025
2025-12-22,30,6,6,0.012249848924108886,0.031180981499353954,-0.009465566287622535,1.0,0.0,2.0,-0.009465566287622535,-0.010065566287622535,-0.010465566287622536,-0.011465566287622535,tsmom_60__missing,fold_2025,2025
2025-01-02,30,6,6,-0.011395147558287065,-0.021711636995254597,0.005158244718483766,1.0,0.0,2.0,0.005158244718483766,0.004558244718483766,0.004158244718483766,0.0031582447184837657,csmom_60__csz,fold_2025,2025
2025-01-09,30,6,6,0.03572358059782107,0.05273848094726848,-0.008507450174723707,1.0,0.0,2.0,-0.008507450174723707,-0.009107450174723707,-0.009507450174723708,-0.010507450174723708,csmom_60__csz,fold_2025,2025
2025-01-16,30,6,6,-0.011393663912265433,-0.014351539310933033,0.0014789376993337997,1.0,0.0,2.0,0.0014789376993337997,0.0008789376993337997,0.00047893769933379966,-0.0005210623006662004,csmom_60__csz,fold_2025,2025
2025-01-23,30,6,6,0.0079362901978796,0.02527581713989242,-0.00866976347100641,1.0,0.0,2.0,-0.00866976347100641,-0.00926976347100641,-0.009669763471006409,-0.01066976347100641,csmom_60__csz,fold_2025,2025
2025-02-07,30,6,6,-0.0013676986572495338,-0.026647580637094697,0.012639940989922582,1.0,0.0,2.0,0.012639940989922582,0.012039940989922582,0.011639940989922583,0.010639940989922582,csmom_60__csz,fold_2025,2025
2025-02-14,30,6,6,0.0072143465809728835,0.026160417005400397,-0.009473035212213756,1.0,0.0,2.0,-0.009473035212213756,-0.010073035212213756,-0.010473035212213756,-0.011473035212213756,csmom_60__csz,fold_2025,2025
2025-02-21,30,6,6,-0.037755717742296246,-0.013327420872274134,-0.012214148435011056,1.0,0.0,2.0,-0.012214148435011056,-0.012814148435011056,-0.013214148435011057,-0.014214148435011056,csmom_60__csz,fold_2025,2025
2025-02-28,30,6,6,-0.014688911952039386,-0.006297789930887317,-0.004195561010576034,1.0,0.0,2.0,-0.004195561010576034,-0.004795561010576034,-0.005195561010576034,-0.0061955610105760344,csmom_60__csz,fold_2025,2025
2025-03-07,30,6,6,0.032482473722265266,0.00438389065071795,0.014049291535773658,1.0,0.0,2.0,0.014049291535773658,0.013449291535773658,0.01304929153577366,0.012049291535773658,csmom_60__csz,fold_2025,2025
2025-03-14,30,6,6,-0.0044334031274024,-0.029967624102228845,0.012767110487413223,1.0,0.0,2.0,0.012767110487413223,0.012167110487413223,0.011767110487413222,0.010767110487413223,csmom_60__csz,fold_2025,2025
2025-03-21,30,6,6,0.009143647941909517,0.014365045488607167,-0.002610698773348825,1.0,0.0,2.0,-0.002610698773348825,-0.0032106987733488248,-0.003610698773348825,-0.004610698773348825,csmom_60__csz,fold_2025,2025
2025-03-28,30,6,6,-0.062036496897339866,-0.03948544835699755,-0.011275524270171158,1.0,0.0,2.0,-0.011275524270171158,-0.011875524270171158,-0.01227552427017116,-0.013275524270171158,csmom_60__csz,fold_2025,2025
2025-04-07,30,6,6,0.010870032148897818,-0.013426302021638616,0.012148167085268217,1.0,0.0,2.0,0.012148167085268217,0.011548167085268218,0.011148167085268217,0.010148167085268217,csmom_60__csz,fold_2025,2025
2025-04-14,30,6,6,0.0005180562930032495,-0.0043185589789090165,0.002418307635956133,1.0,0.0,2.0,0.002418307635956133,0.0018183076359561332,0.001418307635956133,0.00041830763595613295,csmom_60__csz,fold_2025,2025
2025-04-21,30,6,6,-0.013769323620874416,0.014589362593630669,-0.014179343107252542,1.0,0.0,2.0,-0.014179343107252542,-0.014779343107252542,-0.015179343107252542,-0.016179343107252542,csmom_60__csz,fold_2025,2025
2025-04-28,30,6,6,-0.0063007367045620835,-0.031073276480630314,0.012386269888034115,1.0,0.0,2.0,0.012386269888034115,0.011786269888034115,0.011386269888034116,0.010386269888034115,csmom_60__csz,fold_2025,2025
2025-05-08,30,6,6,-0.01363405872459255,0.014283775840181333,-0.013958917282386941,1.0,0.0,2.0,-0.013958917282386941,-0.014558917282386941,-0.014958917282386942,-0.015958917282386943,csmom_60__csz,fold_2025,2025
2025-05-15,30,6,6,0.0009907646054527995,-0.030553588883155968,0.015772176744304384,1.0,0.0,2.0,0.015772176744304384,0.015172176744304385,0.014772176744304383,0.013772176744304384,csmom_60__csz,fold_2025,2025
2025-05-22,30,6,6,0.0012340316803285834,-0.03655391988666908,0.018893975783498832,1.0,0.0,2.0,0.018893975783498832,0.018293975783498832,0.01789397578349883,0.016893975783498834,csmom_60__csz,fold_2025,2025
2025-05-29,30,6,6,0.016977807666104933,0.007355361670216549,0.004811222997944191,1.0,0.0,2.0,0.004811222997944191,0.004211222997944191,0.0038112229979441912,0.002811222997944191,csmom_60__csz,fold_2025,2025
2025-06-06,30,6,6,0.018503443265229166,-0.001255210353643983,0.009879326809436574,1.0,0.0,2.0,0.009879326809436574,0.009279326809436574,0.008879326809436573,0.007879326809436574,csmom_60__csz,fold_2025,2025
2025-06-13,30,6,6,0.011119966523841984,0.017796627048853784,-0.0033383302625059003,1.0,0.0,2.0,-0.0033383302625059003,-0.0039383302625059,-0.0043383302625059,-0.0053383302625059,csmom_60__csz,fold_2025,2025
2025-06-20,30,6,6,-0.0557761669342433,0.025975282818195767,-0.04087572487621954,1.0,0.0,2.0,-0.04087572487621954,-0.04147572487621954,-0.04187572487621954,-0.04287572487621954,csmom_60__csz,fold_2025,2025
2025-06-27,30,6,6,0.0020346187929034163,0.0009412361714737,0.0005466913107148581,1.0,0.0,2.0,0.0005466913107148581,-5.3308689285141834e-05,-0.0004533086892851419,-0.001453308689285142,csmom_60__csz,fold_2025,2025
2025-07-04,30,6,6,0.0011200037523843,0.03711193855448583,-0.017995967401050764,1.0,0.0,2.0,-0.017995967401050764,-0.018595967401050763,-0.018995967401050765,-0.019995967401050765,csmom_60__csz,fold_2025,2025
2025-07-11,30,6,6,0.022289078729005696,0.022221664202891917,3.370726305688965e-05,1.0,0.0,2.0,3.370726305688965e-05,-0.0005662927369431103,-0.0009662927369431104,-0.0019662927369431104,csmom_60__csz,fold_2025,2025
2025-07-18,30,6,6,-0.0008212861300703334,0.11397787712193563,-0.057399581626002984,1.0,0.0,2.0,-0.057399581626002984,-0.05799958162600299,-0.058399581626002985,-0.059399581626002985,csmom_60__csz,fold_2025,2025
2025-07-25,30,6,6,-0.07311672124944202,-0.008910706422020733,-0.032103007413710645,1.0,0.0,2.0,-0.032103007413710645,-0.03270300741371065,-0.033103007413710646,-0.03410300741371065,csmom_60__csz,fold_2025,2025
2025-08-01,30,6,6,0.008032354671544735,-0.004285455292953317,0.006158904982249026,1.0,0.0,2.0,0.006158904982249026,0.005558904982249026,0.005158904982249026,0.004158904982249026,csmom_60__csz,fold_2025,2025
2025-08-08,30,6,6,0.0022979214185709835,0.0030852733750856656,-0.00039367597825734103,1.0,0.0,2.0,-0.00039367597825734103,-0.0009936759782573409,-0.001393675978257341,-0.002393675978257341,csmom_60__csz,fold_2025,2025
2025-08-15,30,6,6,-0.014546971232995748,0.0018305650242040666,-0.008188768128599908,1.0,0.0,2.0,-0.008188768128599908,-0.008788768128599907,-0.009188768128599908,-0.010188768128599908,csmom_60__csz,fold_2025,2025
2025-08-22,30,6,6,-0.0056540390238379494,0.009082131796842982,-0.007368085410340466,1.0,0.0,2.0,-0.007368085410340466,-0.007968085410340466,-0.008368085410340467,-0.009368085410340466,csmom_60__csz,fold_2025,2025
2025-08-29,30,6,6,0.007951833337570116,-0.003496197869496584,0.00572401560353335,1.0,0.0,2.0,0.00572401560353335,0.00512401560353335,0.00472401560353335,0.00372401560353335,csmom_60__csz,fold_2025,2025
2025-09-05,30,6,6,-0.001785883499625317,-0.0006825110556664165,-0.0005516862219794502,1.0,0.0,2.0,-0.0005516862219794502,-0.0011516862219794503,-0.0015516862219794503,-0.0025516862219794505,csmom_60__csz,fold_2025,2025
2025-09-12,30,6,6,0.025755152950753032,-0.0024773944452951835,0.014116273698024108,1.0,0.0,2.0,0.014116273698024108,0.013516273698024108,0.013116273698024108,0.012116273698024108,csmom_60__csz,fold_2025,2025
2025-09-19,30,6,6,-0.00751239628124425,0.011313280974764618,-0.009412838628004435,1.0,0.0,2.0,-0.009412838628004435,-0.010012838628004435,-0.010412838628004434,-0.011412838628004435,csmom_60__csz,fold_2025,2025
2025-09-26,30,6,6,0.023719284871945006,-0.01731409264583145,0.020516688758888228,1.0,0.0,2.0,0.020516688758888228,0.01991668875888823,0.019516688758888227,0.018516688758888226,csmom_60__csz,fold_2025,2025
2025-10-13,30,6,6,0.022095395966801,-0.017182168025611885,0.019638781996206445,1.0,0.0,2.0,0.019638781996206445,0.019038781996206445,0.018638781996206444,0.017638781996206443,csmom_60__csz,fold_2025,2025
2025-10-20,30,6,6,0.002680905804186563,0.04080054280834778,-0.01905981850208061,1.0,0.0,2.0,-0.01905981850208061,-0.01965981850208061,-0.02005981850208061,-0.021059818502080607,csmom_60__csz,fold_2025,2025
2025-10-27,30,6,6,-0.002174700670507883,-0.00949521476630232,0.0036602570478972184,1.0,0.0,2.0,0.0036602570478972184,0.0030602570478972186,0.0026602570478972184,0.0016602570478972184,csmom_60__csz,fold_2025,2025
2025-11-03,30,6,6,0.0024372922157744493,-0.01625189794300763,0.00934459507939104,1.0,0.0,2.0,0.00934459507939104,0.00874459507939104,0.008344595079391039,0.0073445950793910395,csmom_60__csz,fold_2025,2025
2025-11-10,30,6,6,-0.006590787979430017,-0.001933592780722584,-0.0023285975993537164,1.0,0.0,2.0,-0.0023285975993537164,-0.002928597599353716,-0.0033285975993537164,-0.004328597599353716,csmom_60__csz,fold_2025,2025
2025-11-17,30,6,6,-0.0012785689667296333,-0.014355702386567817,0.006538566709919092,1.0,0.0,2.0,0.006538566709919092,0.005938566709919092,0.005538566709919092,0.004538566709919092,csmom_60__csz,fold_2025,2025
2025-11-24,30,6,6,0.04239960909963685,0.01228051846063385,0.015059545319501502,1.0,0.0,2.0,0.015059545319501502,0.014459545319501502,0.014059545319501501,0.013059545319501502,csmom_60__csz,fold_2025,2025
2025-12-01,30,6,6,0.0251411913746647,-0.02286896534233035,0.024005078358497522,1.0,0.0,2.0,0.024005078358497522,0.023405078358497523,0.02300507835849752,0.02200507835849752,csmom_60__csz,fold_2025,2025
2025-12-08,30,6,6,0.0234494386402825,-0.011456218149253967,0.017452828394768236,1.0,0.0,2.0,0.017452828394768236,0.016852828394768236,0.016452828394768235,0.015452828394768236,csmom_60__csz,fold_2025,2025
2025-12-15,30,6,6,0.021603846251981,0.018621502937442084,0.0014911716572694588,1.0,0.0,2.0,0.0014911716572694588,0.0008911716572694589,0.0004911716572694588,-0.0005088283427305412,csmom_60__csz,fold_2025,2025
2025-12-22,30,6,6,0.027258259493959297,0.013524296112309217,0.00686698169082504,1.0,0.0,2.0,0.00686698169082504,0.00626698169082504,0.00586698169082504,0.00486698169082504,csmom_60__csz,fold_2025,2025
2025-01-02,30,6,6,-0.008643717017779867,0.002678744855383467,-0.005661230936581667,1.0,0.0,2.0,-0.005661230936581667,-0.006261230936581667,-0.006661230936581667,-0.007661230936581667,csmom_60__missing,fold_2025,2025
2025-01-09,30,6,6,0.0075445210942481486,0.018594971169530666,-0.005525225037641258,1.0,0.0,2.0,-0.005525225037641258,-0.006125225037641258,-0.006525225037641258,-0.007525225037641258,csmom_60__missing,fold_2025,2025
2025-01-16,30,6,6,-0.010761841957401931,-0.010041264596301166,-0.0003602886805503828,1.0,0.0,2.0,-0.0003602886805503828,-0.0009602886805503828,-0.0013602886805503828,-0.002360288680550383,csmom_60__missing,fold_2025,2025
2025-01-23,30,6,6,0.026902164920274117,0.022760400240047135,0.0020708823401134908,1.0,0.0,2.0,0.0020708823401134908,0.001470882340113491,0.0010708823401134908,7.088234011349073e-05,csmom_60__missing,fold_2025,2025
2025-02-07,30,6,6,0.0034579360473451504,0.014863603764137085,-0.005702833858395967,1.0,0.0,2.0,-0.005702833858395967,-0.006302833858395967,-0.006702833858395967,-0.007702833858395967,csmom_60__missing,fold_2025,2025
2025-02-14,30,6,6,-0.0019584202884222503,-0.005546947229154684,0.0017942634703662168,1.0,0.0,2.0,0.0017942634703662168,0.001194263470366217,0.0007942634703662168,-0.0002057365296337832,csmom_60__missing,fold_2025,2025
2025-02-21,30,6,6,-0.01620415741924312,-0.01981034273051052,0.0018030926556336993,1.0,0.0,2.0,0.0018030926556336993,0.0012030926556336995,0.0008030926556336993,-0.00019690734436630074,csmom_60__missing,fold_2025,2025
2025-02-28,30,6,6,0.0017574808783526665,0.005772026116737082,-0.002007272619192208,1.0,0.0,2.0,-0.002007272619192208,-0.002607272619192208,-0.003007272619192208,-0.004007272619192208,csmom_60__missing,fold_2025,2025
2025-03-07,30,6,6,0.01790988762657575,0.01117074853885155,0.0033695695438620997,1.0,0.0,2.0,0.0033695695438620997,0.0027695695438621,0.0023695695438620996,0.0013695695438620996,csmom_60__missing,fold_2025,2025
2025-03-14,30,6,6,-0.00670018249429645,-0.005378130145819351,-0.0006610261742385497,1.0,0.0,2.0,-0.0006610261742385497,-0.0012610261742385495,-0.0016610261742385497,-0.0026610261742385497,csmom_60__missing,fold_2025,2025
2025-03-21,30,6,6,0.008953652940416067,0.010443650073667751,-0.0007449985666258419,1.0,0.0,2.0,-0.0007449985666258419,-0.0013449985666258418,-0.001744998566625842,-0.002744998566625842,csmom_60__missing,fold_2025,2025
2025-03-28,30,6,6,-0.05285900986506967,-0.042894403238588376,-0.004982303313240646,1.0,0.0,2.0,-0.004982303313240646,-0.0055823033132406455,-0.005982303313240646,-0.006982303313240646,csmom_60__missing,fold_2025,2025
2025-04-07,30,6,6,0.0006071785515274665,0.015950776796268846,-0.00767179912237069,1.0,0.0,2.0,-0.00767179912237069,-0.00827179912237069,-0.00867179912237069,-0.00967179912237069,csmom_60__missing,fold_2025,2025
2025-04-14,30,6,6,-0.00027935445437895037,0.013286368781465817,-0.006782861617922384,1.0,0.0,2.0,-0.006782861617922384,-0.0073828616179223835,-0.007782861617922384,-0.008782861617922383,csmom_60__missing,fold_2025,2025
2025-04-21,30,6,6,0.0040523527979588825,0.002419965293180782,0.0008161937523890504,1.0,0.0,2.0,0.0008161937523890504,0.00021619375238905042,-0.00018380624761094966,-0.0011838062476109497,csmom_60__missing,fold_2025,2025
2025-04-28,30,6,6,-0.00718951193955315,-0.003936962928007667,-0.0016262745057727414,1.0,0.0,2.0,-0.0016262745057727414,-0.0022262745057727413,-0.0026262745057727415,-0.0036262745057727415,csmom_60__missing,fold_2025,2025
2025-05-08,30,6,6,0.019815468992626633,0.0028483170635519007,0.008483575964537367,1.0,0.0,2.0,0.008483575964537367,0.007883575964537367,0.007483575964537367,0.006483575964537367,csmom_60__missing,fold_2025,2025
2025-05-15,30,6,6,-0.008674213807957432,0.010849661334130331,-0.00976193757104388,1.0,0.0,2.0,-0.00976193757104388,-0.01036193757104388,-0.010761937571043882,-0.01176193757104388,csmom_60__missing,fold_2025,2025
2025-05-22,30,6,6,-0.00954213346398895,-0.0035272785088116504,-0.003007427477588649,1.0,0.0,2.0,-0.003007427477588649,-0.003607427477588649,-0.004007427477588649,-0.005007427477588649,csmom_60__missing,fold_2025,2025
2025-05-29,30,6,6,-0.0005790636159993161,0.014508581917736768,-0.007543822766868042,1.0,0.0,2.0,-0.007543822766868042,-0.008143822766868042,-0.00854382276686804,-0.009543822766868042,csmom_60__missing,fold_2025,2025
2025-06-06,30,6,6,0.0033019887739572508,0.019711426020677814,-0.008204718623360282,1.0,0.0,2.0,-0.008204718623360282,-0.008804718623360281,-0.00920471862336028,-0.010204718623360282,csmom_60__missing,fold_2025,2025
2025-06-13,30,6,6,0.0173628603516897,-0.0011935753651476004,0.00927821785841865,1.0,0.0,2.0,0.00927821785841865,0.00867821785841865,0.00827821785841865,0.00727821785841865,csmom_60__missing,fold_2025,2025
2025-06-20,30,6,6,0.0023028730457931674,-0.008058875973531167,0.005180874509662167,1.0,0.0,2.0,0.005180874509662167,0.004580874509662167,0.004180874509662167,0.003180874509662167,csmom_60__missing,fold_2025,2025
2025-06-27,30,6,6,-0.00785162858114365,0.005339474566943615,-0.006595551574043632,1.0,0.0,2.0,-0.006595551574043632,-0.007195551574043632,-0.007595551574043632,-0.008595551574043632,csmom_60__missing,fold_2025,2025
2025-07-04,30,6,6,0.0020300883267077665,0.0042093070008472665,-0.00108960933706975,1.0,0.0,2.0,-0.00108960933706975,-0.00168960933706975,-0.00208960933706975,-0.00308960933706975,csmom_60__missing,fold_2025,2025
2025-07-11,30,6,6,0.007227328275879533,0.011489358573184434,-0.0021310151486524506,1.0,0.0,2.0,-0.0021310151486524506,-0.0027310151486524504,-0.0031310151486524506,-0.004131015148652451,csmom_60__missing,fold_2025,2025
2025-07-18,30,6,6,0.029617424693904177,-0.0029559740183212665,0.01628669935611272,1.0,0.0,2.0,0.01628669935611272,0.01568669935611272,0.01528669935611272,0.01428669935611272,csmom_60__missing,fold_2025,2025
2025-07-25,30,6,6,-0.027846398976976383,-0.013499312316345819,-0.007173543330315282,1.0,0.0,2.0,-0.007173543330315282,-0.007773543330315282,-0.008173543330315282,-0.009173543330315281,csmom_60__missing,fold_2025,2025
2025-08-01,30,6,6,0.0014243173537378667,0.0005787767275901495,0.0004227703130738586,1.0,0.0,2.0,0.0004227703130738586,-0.00017722968692614134,-0.0005772296869261415,-0.0015772296869261415,csmom_60__missing,fold_2025,2025
2025-08-08,30,6,6,0.0025939619157738327,-0.0022418809471628676,0.00241792143146835,1.0,0.0,2.0,0.00241792143146835,0.0018179214314683503,0.0014179214314683501,0.0004179214314683501,csmom_60__missing,fold_2025,2025
2025-08-15,30,6,6,0.0012950442177015996,-0.002338449687004533,0.0018167469523530664,1.0,0.0,2.0,0.0018167469523530664,0.0012167469523530665,0.0008167469523530663,-0.00018325304764693368,csmom_60__missing,fold_2025,2025
2025-08-22,30,6,6,-0.0019313791185518994,0.012935063055888084,-0.007433221087219992,1.0,0.0,2.0,-0.007433221087219992,-0.008033221087219992,-0.008433221087219993,-0.009433221087219992,csmom_60__missing,fold_2025,2025
2025-08-29,30,6,6,-0.0084443572778612,0.013571207026897333,-0.011007782152379266,1.0,0.0,2.0,-0.011007782152379266,-0.011607782152379266,-0.012007782152379267,-0.013007782152379266,csmom_60__missing,fold_2025,2025
2025-09-05,30,6,6,-0.0005762771760395334,0.0031450674959040497,-0.0018606723359717915,1.0,0.0,2.0,-0.0018606723359717915,-0.0024606723359717913,-0.0028606723359717915,-0.0038606723359717915,csmom_60__missing,fold_2025,2025
2025-09-12,30,6,6,-0.008725268600990018,-0.009176544147441233,0.00022563777322560756,1.0,0.0,2.0,0.00022563777322560756,-0.0003743622267743924,-0.0007743622267743925,-0.0017743622267743925,csmom_60__missing,fold_2025,2025
2025-09-19,30,6,6,-0.0011214552514313668,0.014820120683934632,-0.007970787967683,1.0,0.0,2.0,-0.007970787967683,-0.008570787967683,-0.008970787967683,-0.009970787967683,csmom_60__missing,fold_2025,2025
2025-09-26,30,6,6,-0.0019246635046771664,0.013588858392057748,-0.007756760948367457,1.0,0.0,2.0,-0.007756760948367457,-0.008356760948367457,-0.008756760948367456,-0.009756760948367457,csmom_60__missing,fold_2025,2025
2025-10-13,30,6,6,-0.009679442453695652,0.018394105626528167,-0.014036774040111909,1.0,0.0,2.0,-0.014036774040111909,-0.014636774040111909,-0.01503677404011191,-0.01603677404011191,csmom_60__missing,fold_2025,2025
2025-10-20,30,6,6,0.01626273490873525,-0.009894342507996185,0.013078538708365717,1.0,0.0,2.0,0.013078538708365717,0.012478538708365718,0.012078538708365717,0.011078538708365717,csmom_60__missing,fold_2025,2025
2025-10-27,30,6,6,-0.0036671327961840337,0.002981589654639483,-0.0033243612254117583,1.0,0.0,2.0,-0.0033243612254117583,-0.003924361225411758,-0.004324361225411758,-0.005324361225411758,csmom_60__missing,fold_2025,2025
2025-11-03,30,6,6,0.007028989898778916,0.0011507681810089346,0.002939110858884991,1.0,0.0,2.0,0.002939110858884991,0.002339110858884991,0.0019391108588849909,0.0009391108588849909,csmom_60__missing,fold_2025,2025
2025-11-10,30,6,6,0.00019128413961836654,0.0007793811584215337,-0.00029404850940158357,1.0,0.0,2.0,-0.00029404850940158357,-0.0008940485094015836,-0.0012940485094015835,-0.0022940485094015838,csmom_60__missing,fold_2025,2025
2025-11-17,30,6,6,-0.008360079258358266,0.0019480626612953837,-0.005154070959826825,1.0,0.0,2.0,-0.005154070959826825,-0.005754070959826825,-0.006154070959826825,-0.007154070959826825,csmom_60__missing,fold_2025,2025
2025-11-24,30,6,6,0.015452806013379283,0.027751933698168457,-0.006149563842394587,1.0,0.0,2.0,-0.006149563842394587,-0.0067495638423945865,-0.007149563842394587,-0.008149563842394587,csmom_60__missing,fold_2025,2025
2025-12-01,30,6,6,0.001069490256261501,0.0043766118249291336,-0.0016535607843338163,1.0,0.0,2.0,-0.0016535607843338163,-0.002253560784333816,-0.0026535607843338163,-0.0036535607843338164,csmom_60__missing,fold_2025,2025
2025-12-08,30,6,6,-0.0016668708379587492,0.018018225342415182,-0.009842548090186965,1.0,0.0,2.0,-0.009842548090186965,-0.010442548090186965,-0.010842548090186966,-0.011842548090186965,csmom_60__missing,fold_2025,2025
2025-12-15,30,6,6,0.010940177992106934,0.0229013241673235,-0.005980573087608283,1.0,0.0,2.0,-0.005980573087608283,-0.006580573087608283,-0.006980573087608283,-0.007980573087608283,csmom_60__missing,fold_2025,2025
2025-12-22,30,6,6,0.012249848924108886,0.031180981499353954,-0.009465566287622535,1.0,0.0,2.0,-0.009465566287622535,-0.010065566287622535,-0.010465566287622536,-0.011465566287622535,csmom_60__missing,fold_2025,2025
2025-01-02,30,6,6,-0.025899231005615767,-0.013337558228775616,-0.006280836388420075,1.0,0.0,2.0,-0.006280836388420075,-0.006880836388420075,-0.007280836388420075,-0.008280836388420075,trend_efficiency_60__csz,fold_2025,2025
2025-01-09,30,6,6,0.04989001131590707,0.017597404564133834,0.016146303375886618,1.0,0.0,2.0,0.016146303375886618,0.015546303375886618,0.015146303375886617,0.014146303375886618,trend_efficiency_60__csz,fold_2025,2025
2025-01-16,30,6,6,-0.0137385905593856,-0.0027454977277416998,-0.00549654641582195,1.0,0.0,2.0,-0.00549654641582195,-0.00609654641582195,-0.00649654641582195,-0.00749654641582195,trend_efficiency_60__csz,fold_2025,2025
2025-01-23,30,6,6,0.009855328946003732,0.016641302482525083,-0.0033929867682606753,1.0,0.0,2.0,-0.0033929867682606753,-0.003992986768260675,-0.004392986768260675,-0.005392986768260675,trend_efficiency_60__csz,fold_2025,2025
2025-02-07,30,6,6,-0.0011160289612999839,0.015532326107109565,-0.008324177534204774,1.0,0.0,2.0,-0.008324177534204774,-0.008924177534204774,-0.009324177534204774,-0.010324177534204775,trend_efficiency_60__csz,fold_2025,2025
2025-02-14,30,6,6,0.0177596746047262,0.005977562797235782,0.005891055903745208,1.0,0.0,2.0,0.005891055903745208,0.005291055903745208,0.004891055903745208,0.003891055903745208,trend_efficiency_60__csz,fold_2025,2025
2025-02-21,30,6,6,-0.027687678803090712,-0.002332187605198149,-0.012677745598946282,1.0,0.0,2.0,-0.012677745598946282,-0.013277745598946282,-0.013677745598946283,-0.014677745598946282,trend_efficiency_60__csz,fold_2025,2025
2025-02-28,30,6,6,-0.009282749473840854,0.007162226497817967,-0.00822248798582941,1.0,0.0,2.0,-0.00822248798582941,-0.00882248798582941,-0.009222487985829409,-0.01022248798582941,trend_efficiency_60__csz,fold_2025,2025
2025-03-07,30,6,6,0.0028914468525724833,0.0067859292038701,-0.0019472411756488084,1.0,0.0,2.0,-0.0019472411756488084,-0.0025472411756488084,-0.0029472411756488086,-0.003947241175648809,trend_efficiency_60__csz,fold_2025,2025
2025-03-14,30,6,6,-0.016379521207813386,-0.00852865029102345,-0.0039254354583949675,1.0,0.0,2.0,-0.0039254354583949675,-0.004525435458394967,-0.0049254354583949675,-0.0059254354583949675,trend_efficiency_60__csz,fold_2025,2025
2025-03-21,30,6,6,0.0071240538264376345,0.0090981827554009,-0.0009870644644816326,1.0,0.0,2.0,-0.0009870644644816326,-0.0015870644644816324,-0.0019870644644816326,-0.0029870644644816326,trend_efficiency_60__csz,fold_2025,2025
2025-03-28,30,6,6,-0.06347965032837595,-0.04637207782098334,-0.008553786253696304,1.0,0.0,2.0,-0.008553786253696304,-0.009153786253696304,-0.009553786253696305,-0.010553786253696304,trend_efficiency_60__csz,fold_2025,2025
2025-04-07,30,6,6,0.001069442065087135,0.02001243067475075,-0.009471494304831808,1.0,0.0,2.0,-0.009471494304831808,-0.010071494304831808,-0.010471494304831807,-0.011471494304831808,trend_efficiency_60__csz,fold_2025,2025
2025-04-14,30,6,6,-0.005588446950847217,0.006543491144514749,-0.006065969047680983,1.0,0.0,2.0,-0.006065969047680983,-0.006665969047680983,-0.007065969047680983,-0.008065969047680983,trend_efficiency_60__csz,fold_2025,2025
2025-04-21,30,6,6,-0.004768241218649351,0.0137249854072272,-0.009246613312938275,1.0,0.0,2.0,-0.009246613312938275,-0.009846613312938275,-0.010246613312938274,-0.011246613312938275,trend_efficiency_60__csz,fold_2025,2025
2025-04-28,30,6,6,-0.021938630935392164,-0.013209352698535267,-0.0043646391184284485,1.0,0.0,2.0,-0.0043646391184284485,-0.004964639118428448,-0.0053646391184284485,-0.0063646391184284485,trend_efficiency_60__csz,fold_2025,2025
2025-05-08,30,6,6,0.007605023007809734,0.00015054944838123344,0.00372723677971425,1.0,0.0,2.0,0.00372723677971425,0.00312723677971425,0.00272723677971425,0.0017272367797142498,trend_efficiency_60__csz,fold_2025,2025
2025-05-15,30,6,6,-0.030895948374314964,-0.0061565274892115334,-0.012369710442551715,1.0,0.0,2.0,-0.012369710442551715,-0.012969710442551715,-0.013369710442551714,-0.014369710442551715,trend_efficiency_60__csz,fold_2025,2025
2025-05-22,30,6,6,-0.05077626815138562,-0.006272042862240767,-0.022252112644572428,1.0,0.0,2.0,-0.022252112644572428,-0.022852112644572427,-0.02325211264457243,-0.02425211264457243,trend_efficiency_60__csz,fold_2025,2025
2025-05-29,30,6,6,0.0064761975099370825,0.001465784134270267,0.0025052066878334077,1.0,0.0,2.0,0.0025052066878334077,0.0019052066878334079,0.0015052066878334077,0.0005052066878334076,trend_efficiency_60__csz,fold_2025,2025
2025-06-06,30,6,6,0.0023698452967562834,0.014707411750268651,-0.006168783226756184,1.0,0.0,2.0,-0.006168783226756184,-0.006768783226756184,-0.007168783226756184,-0.008168783226756184,trend_efficiency_60__csz,fold_2025,2025
2025-06-13,30,6,6,0.009172064967922467,0.019292353642505367,-0.00506014433729145,1.0,0.0,2.0,-0.00506014433729145,-0.00566014433729145,-0.00606014433729145,-0.00706014433729145,trend_efficiency_60__csz,fold_2025,2025
2025-06-20,30,6,6,0.021778883001091282,-0.019545221877770618,0.02066205243943095,1.0,0.0,2.0,0.02066205243943095,0.02006205243943095,0.01966205243943095,0.01866205243943095,trend_efficiency_60__csz,fold_2025,2025
2025-06-27,30,6,6,0.0035780786802567834,0.0003269351384465333,0.001625571770905125,1.0,0.0,2.0,0.001625571770905125,0.0010255717709051252,0.000625571770905125,-0.000374428229094875,trend_efficiency_60__csz,fold_2025,2025
2025-07-04,30,6,6,0.02275648121203815,-0.003350614742231517,0.013053547977134834,1.0,0.0,2.0,0.013053547977134834,0.012453547977134834,0.012053547977134833,0.011053547977134833,trend_efficiency_60__csz,fold_2025,2025
2025-07-11,30,6,6,0.01688833902836985,0.0024538854178974834,0.0072172268052361835,1.0,0.0,2.0,0.0072172268052361835,0.006617226805236184,0.0062172268052361835,0.0052172268052361834,trend_efficiency_60__csz,fold_2025,2025
2025-07-18,30,6,6,0.0003861568494034004,0.07590718402528703,-0.037760513587941816,1.0,0.0,2.0,-0.037760513587941816,-0.03836051358794182,-0.03876051358794182,-0.03976051358794182,trend_efficiency_60__csz,fold_2025,2025
2025-07-25,30,6,6,-0.057864307606767175,-0.00822165978213135,-0.02482132391231791,1.0,0.0,2.0,-0.02482132391231791,-0.02542132391231791,-0.025821323912317912,-0.02682132391231791,trend_efficiency_60__csz,fold_2025,2025
2025-08-01,30,6,6,0.0001851719626515164,-0.010621873053387418,0.005403522508019468,1.0,0.0,2.0,0.005403522508019468,0.004803522508019468,0.004403522508019468,0.0034035225080194676,trend_efficiency_60__csz,fold_2025,2025
2025-08-08,30,6,6,0.007724962806874233,-0.0021806716297428836,0.004952817218308559,1.0,0.0,2.0,0.004952817218308559,0.004352817218308559,0.003952817218308559,0.0029528172183085587,trend_efficiency_60__csz,fold_2025,2025
2025-08-15,30,6,6,-0.0127879431097023,-0.006135684907362367,-0.0033261291011699667,1.0,0.0,2.0,-0.0033261291011699667,-0.003926129101169967,-0.004326129101169966,-0.005326129101169967,trend_efficiency_60__csz,fold_2025,2025
2025-08-22,30,6,6,-0.003319656005524483,-0.0056063214082478,0.0011433327013616586,1.0,0.0,2.0,0.0011433327013616586,0.0005433327013616586,0.00014333270136165856,-0.0008566672986383415,trend_efficiency_60__csz,fold_2025,2025
2025-08-29,30,6,6,0.004888469319149917,0.0109650904058418,-0.0030383105433459414,1.0,0.0,2.0,-0.0030383105433459414,-0.0036383105433459412,-0.004038310543345941,-0.005038310543345942,trend_efficiency_60__csz,fold_2025,2025
2025-09-05,30,6,6,-0.0013469928120083666,-0.0025903423324057664,0.0006216747601986999,1.0,0.0,2.0,0.0006216747601986999,2.1674760198699952e-05,-0.0003783252398013001,-0.0013783252398013,trend_efficiency_60__csz,fold_2025,2025
2025-09-12,30,6,6,0.0009573378921170998,0.004330495285844083,-0.0016865786968634916,1.0,0.0,2.0,-0.0016865786968634916,-0.0022865786968634914,-0.0026865786968634916,-0.0036865786968634916,trend_efficiency_60__csz,fold_2025,2025
2025-09-19,30,6,6,0.014541173594015832,0.001973135792145517,0.006284018900935158,1.0,0.0,2.0,0.006284018900935158,0.005684018900935158,0.005284018900935158,0.004284018900935158,trend_efficiency_60__csz,fold_2025,2025
2025-09-26,30,6,6,0.014866800453148499,-0.02640737603899115,0.020637088246069826,1.0,0.0,2.0,0.020637088246069826,0.020037088246069826,0.019637088246069825,0.018637088246069827,trend_efficiency_60__csz,fold_2025,2025
2025-10-13,30,6,6,0.011720264599181499,0.00207704853307245,0.004821608033054524,1.0,0.0,2.0,0.004821608033054524,0.004221608033054524,0.003821608033054524,0.002821608033054524,trend_efficiency_60__csz,fold_2025,2025
2025-10-20,30,6,6,-0.008567628765732535,0.015678490658037583,-0.01212305971188506,1.0,0.0,2.0,-0.01212305971188506,-0.01272305971188506,-0.01312305971188506,-0.01412305971188506,trend_efficiency_60__csz,fold_2025,2025
2025-10-27,30,6,6,-0.01434655274057615,-0.011868499893370084,-0.0012390264236030327,1.0,0.0,2.0,-0.0012390264236030327,-0.0018390264236030325,-0.0022390264236030327,-0.0032390264236030327,trend_efficiency_60__csz,fold_2025,2025
2025-11-03,30,6,6,-0.0013475303018520672,0.0008895219895272672,-0.0011185261456896673,1.0,0.0,2.0,-0.0011185261456896673,-0.001718526145689667,-0.0021185261456896673,-0.0031185261456896673,trend_efficiency_60__csz,fold_2025,2025
2025-11-10,30,6,6,-0.0041194887576302,-0.017979265602753217,0.006929888422561509,1.0,0.0,2.0,0.006929888422561509,0.006329888422561509,0.005929888422561509,0.004929888422561509,trend_efficiency_60__csz,fold_2025,2025
2025-11-17,30,6,6,-0.0061445152492146495,-0.018859903493028567,0.006357694121906959,1.0,0.0,2.0,0.006357694121906959,0.005757694121906959,0.005357694121906959,0.004357694121906959,trend_efficiency_60__csz,fold_2025,2025
2025-11-24,30,6,6,0.028831687734430938,0.00075400362567465,0.014038842054378144,1.0,0.0,2.0,0.014038842054378144,0.013438842054378144,0.013038842054378143,0.012038842054378144,trend_efficiency_60__csz,fold_2025,2025
2025-12-01,30,6,6,-0.0008421590153703829,-0.011736088707115249,0.005446964845872433,1.0,0.0,2.0,0.005446964845872433,0.004846964845872433,0.004446964845872433,0.003446964845872433,trend_efficiency_60__csz,fold_2025,2025
2025-12-08,30,6,6,0.012683476544593267,-0.0113885618024297,0.012036019173511483,1.0,0.0,2.0,0.012036019173511483,0.011436019173511483,0.011036019173511484,0.010036019173511483,trend_efficiency_60__csz,fold_2025,2025
2025-12-15,30,6,6,0.013508077288265268,0.019338202178281284,-0.0029150624450080083,1.0,0.0,2.0,-0.0029150624450080083,-0.003515062445008008,-0.003915062445008008,-0.004915062445008008,trend_efficiency_60__csz,fold_2025,2025
2025-12-22,30,6,6,0.036915229960967,0.0179681561897865,0.00947353688559025,1.0,0.0,2.0,0.00947353688559025,0.00887353688559025,0.00847353688559025,0.00747353688559025,trend_efficiency_60__csz,fold_2025,2025
2025-01-02,30,6,6,-0.008643717017779867,0.002678744855383467,-0.005661230936581667,1.0,0.0,2.0,-0.005661230936581667,-0.006261230936581667,-0.006661230936581667,-0.007661230936581667,trend_efficiency_60__missing,fold_2025,2025
2025-01-09,30,6,6,0.0075445210942481486,0.018594971169530666,-0.005525225037641258,1.0,0.0,2.0,-0.005525225037641258,-0.006125225037641258,-0.006525225037641258,-0.007525225037641258,trend_efficiency_60__missing,fold_2025,2025
2025-01-16,30,6,6,-0.010761841957401931,-0.010041264596301166,-0.0003602886805503828,1.0,0.0,2.0,-0.0003602886805503828,-0.0009602886805503828,-0.0013602886805503828,-0.002360288680550383,trend_efficiency_60__missing,fold_2025,2025
2025-01-23,30,6,6,0.026902164920274117,0.022760400240047135,0.0020708823401134908,1.0,0.0,2.0,0.0020708823401134908,0.001470882340113491,0.0010708823401134908,7.088234011349073e-05,trend_efficiency_60__missing,fold_2025,2025
2025-02-07,30,6,6,0.0034579360473451504,0.014863603764137085,-0.005702833858395967,1.0,0.0,2.0,-0.005702833858395967,-0.006302833858395967,-0.006702833858395967,-0.007702833858395967,trend_efficiency_60__missing,fold_2025,2025
2025-02-14,30,6,6,-0.0019584202884222503,-0.005546947229154684,0.0017942634703662168,1.0,0.0,2.0,0.0017942634703662168,0.001194263470366217,0.0007942634703662168,-0.0002057365296337832,trend_efficiency_60__missing,fold_2025,2025
2025-02-21,30,6,6,-0.01620415741924312,-0.01981034273051052,0.0018030926556336993,1.0,0.0,2.0,0.0018030926556336993,0.0012030926556336995,0.0008030926556336993,-0.00019690734436630074,trend_efficiency_60__missing,fold_2025,2025
2025-02-28,30,6,6,0.0017574808783526665,0.005772026116737082,-0.002007272619192208,1.0,0.0,2.0,-0.002007272619192208,-0.002607272619192208,-0.003007272619192208,-0.004007272619192208,trend_efficiency_60__missing,fold_2025,2025
2025-03-07,30,6,6,0.01790988762657575,0.01117074853885155,0.0033695695438620997,1.0,0.0,2.0,0.0033695695438620997,0.0027695695438621,0.0023695695438620996,0.0013695695438620996,trend_efficiency_60__missing,fold_2025,2025
2025-03-14,30,6,6,-0.00670018249429645,-0.005378130145819351,-0.0006610261742385497,1.0,0.0,2.0,-0.0006610261742385497,-0.0012610261742385495,-0.0016610261742385497,-0.0026610261742385497,trend_efficiency_60__missing,fold_2025,2025
2025-03-21,30,6,6,0.008953652940416067,0.010443650073667751,-0.0007449985666258419,1.0,0.0,2.0,-0.0007449985666258419,-0.0013449985666258418,-0.001744998566625842,-0.002744998566625842,trend_efficiency_60__missing,fold_2025,2025
2025-03-28,30,6,6,-0.05285900986506967,-0.042894403238588376,-0.004982303313240646,1.0,0.0,2.0,-0.004982303313240646,-0.0055823033132406455,-0.005982303313240646,-0.006982303313240646,trend_efficiency_60__missing,fold_2025,2025
2025-04-07,30,6,6,0.0006071785515274665,0.015950776796268846,-0.00767179912237069,1.0,0.0,2.0,-0.00767179912237069,-0.00827179912237069,-0.00867179912237069,-0.00967179912237069,trend_efficiency_60__missing,fold_2025,2025
2025-04-14,30,6,6,-0.00027935445437895037,0.013286368781465817,-0.006782861617922384,1.0,0.0,2.0,-0.006782861617922384,-0.0073828616179223835,-0.007782861617922384,-0.008782861617922383,trend_efficiency_60__missing,fold_2025,2025
2025-04-21,30,6,6,0.0040523527979588825,0.002419965293180782,0.0008161937523890504,1.0,0.0,2.0,0.0008161937523890504,0.00021619375238905042,-0.00018380624761094966,-0.0011838062476109497,trend_efficiency_60__missing,fold_2025,2025
2025-04-28,30,6,6,-0.00718951193955315,-0.003936962928007667,-0.0016262745057727414,1.0,0.0,2.0,-0.0016262745057727414,-0.0022262745057727413,-0.0026262745057727415,-0.0036262745057727415,trend_efficiency_60__missing,fold_2025,2025
2025-05-08,30,6,6,0.019815468992626633,0.0028483170635519007,0.008483575964537367,1.0,0.0,2.0,0.008483575964537367,0.007883575964537367,0.007483575964537367,0.006483575964537367,trend_efficiency_60__missing,fold_2025,2025
2025-05-15,30,6,6,-0.008674213807957432,0.010849661334130331,-0.00976193757104388,1.0,0.0,2.0,-0.00976193757104388,-0.01036193757104388,-0.010761937571043882,-0.01176193757104388,trend_efficiency_60__missing,fold_2025,2025
2025-05-22,30,6,6,-0.00954213346398895,-0.0035272785088116504,-0.003007427477588649,1.0,0.0,2.0,-0.003007427477588649,-0.003607427477588649,-0.004007427477588649,-0.005007427477588649,trend_efficiency_60__missing,fold_2025,2025
2025-05-29,30,6,6,-0.0005790636159993161,0.014508581917736768,-0.007543822766868042,1.0,0.0,2.0,-0.007543822766868042,-0.008143822766868042,-0.00854382276686804,-0.009543822766868042,trend_efficiency_60__missing,fold_2025,2025
2025-06-06,30,6,6,0.0033019887739572508,0.019711426020677814,-0.008204718623360282,1.0,0.0,2.0,-0.008204718623360282,-0.008804718623360281,-0.00920471862336028,-0.010204718623360282,trend_efficiency_60__missing,fold_2025,2025
2025-06-13,30,6,6,0.0173628603516897,-0.0011935753651476004,0.00927821785841865,1.0,0.0,2.0,0.00927821785841865,0.00867821785841865,0.00827821785841865,0.00727821785841865,trend_efficiency_60__missing,fold_2025,2025
2025-06-20,30,6,6,0.0023028730457931674,-0.008058875973531167,0.005180874509662167,1.0,0.0,2.0,0.005180874509662167,0.004580874509662167,0.004180874509662167,0.003180874509662167,trend_efficiency_60__missing,fold_2025,2025
2025-06-27,30,6,6,-0.00785162858114365,0.005339474566943615,-0.006595551574043632,1.0,0.0,2.0,-0.006595551574043632,-0.007195551574043632,-0.007595551574043632,-0.008595551574043632,trend_efficiency_60__missing,fold_2025,2025
2025-07-04,30,6,6,0.0020300883267077665,0.0042093070008472665,-0.00108960933706975,1.0,0.0,2.0,-0.00108960933706975,-0.00168960933706975,-0.00208960933706975,-0.00308960933706975,trend_efficiency_60__missing,fold_2025,2025
2025-07-11,30,6,6,0.007227328275879533,0.011489358573184434,-0.0021310151486524506,1.0,0.0,2.0,-0.0021310151486524506,-0.0027310151486524504,-0.0031310151486524506,-0.004131015148652451,trend_efficiency_60__missing,fold_2025,2025
2025-07-18,30,6,6,0.029617424693904177,-0.0029559740183212665,0.01628669935611272,1.0,0.0,2.0,0.01628669935611272,0.01568669935611272,0.01528669935611272,0.01428669935611272,trend_efficiency_60__missing,fold_2025,2025
2025-07-25,30,6,6,-0.027846398976976383,-0.013499312316345819,-0.007173543330315282,1.0,0.0,2.0,-0.007173543330315282,-0.007773543330315282,-0.008173543330315282,-0.009173543330315281,trend_efficiency_60__missing,fold_2025,2025
2025-08-01,30,6,6,0.0014243173537378667,0.0005787767275901495,0.0004227703130738586,1.0,0.0,2.0,0.0004227703130738586,-0.00017722968692614134,-0.0005772296869261415,-0.0015772296869261415,trend_efficiency_60__missing,fold_2025,2025
2025-08-08,30,6,6,0.0025939619157738327,-0.0022418809471628676,0.00241792143146835,1.0,0.0,2.0,0.00241792143146835,0.0018179214314683503,0.0014179214314683501,0.0004179214314683501,trend_efficiency_60__missing,fold_2025,2025
2025-08-15,30,6,6,0.0012950442177015996,-0.002338449687004533,0.0018167469523530664,1.0,0.0,2.0,0.0018167469523530664,0.0012167469523530665,0.0008167469523530663,-0.00018325304764693368,trend_efficiency_60__missing,fold_2025,2025
2025-08-22,30,6,6,-0.0019313791185518994,0.012935063055888084,-0.007433221087219992,1.0,0.0,2.0,-0.007433221087219992,-0.008033221087219992,-0.008433221087219993,-0.009433221087219992,trend_efficiency_60__missing,fold_2025,2025
2025-08-29,30,6,6,-0.0084443572778612,0.013571207026897333,-0.011007782152379266,1.0,0.0,2.0,-0.011007782152379266,-0.011607782152379266,-0.012007782152379267,-0.013007782152379266,trend_efficiency_60__missing,fold_2025,2025
2025-09-05,30,6,6,-0.0005762771760395334,0.0031450674959040497,-0.0018606723359717915,1.0,0.0,2.0,-0.0018606723359717915,-0.0024606723359717913,-0.0028606723359717915,-0.0038606723359717915,trend_efficiency_60__missing,fold_2025,2025
2025-09-12,30,6,6,-0.008725268600990018,-0.009176544147441233,0.00022563777322560756,1.0,0.0,2.0,0.00022563777322560756,-0.0003743622267743924,-0.0007743622267743925,-0.0017743622267743925,trend_efficiency_60__missing,fold_2025,2025
2025-09-19,30,6,6,-0.0011214552514313668,0.014820120683934632,-0.007970787967683,1.0,0.0,2.0,-0.007970787967683,-0.008570787967683,-0.008970787967683,-0.009970787967683,trend_efficiency_60__missing,fold_2025,2025
2025-09-26,30,6,6,-0.0019246635046771664,0.013588858392057748,-0.007756760948367457,1.0,0.0,2.0,-0.007756760948367457,-0.008356760948367457,-0.008756760948367456,-0.009756760948367457,trend_efficiency_60__missing,fold_2025,2025
2025-10-13,30,6,6,-0.009679442453695652,0.018394105626528167,-0.014036774040111909,1.0,0.0,2.0,-0.014036774040111909,-0.014636774040111909,-0.01503677404011191,-0.01603677404011191,trend_efficiency_60__missing,fold_2025,2025
2025-10-20,30,6,6,0.01626273490873525,-0.009894342507996185,0.013078538708365717,1.0,0.0,2.0,0.013078538708365717,0.012478538708365718,0.012078538708365717,0.011078538708365717,trend_efficiency_60__missing,fold_2025,2025
2025-10-27,30,6,6,-0.0036671327961840337,0.002981589654639483,-0.0033243612254117583,1.0,0.0,2.0,-0.0033243612254117583,-0.003924361225411758,-0.004324361225411758,-0.005324361225411758,trend_efficiency_60__missing,fold_2025,2025
2025-11-03,30,6,6,0.007028989898778916,0.0011507681810089346,0.002939110858884991,1.0,0.0,2.0,0.002939110858884991,0.002339110858884991,0.0019391108588849909,0.0009391108588849909,trend_efficiency_60__missing,fold_2025,2025
2025-11-10,30,6,6,0.00019128413961836654,0.0007793811584215337,-0.00029404850940158357,1.0,0.0,2.0,-0.00029404850940158357,-0.0008940485094015836,-0.0012940485094015835,-0.0022940485094015838,trend_efficiency_60__missing,fold_2025,2025
2025-11-17,30,6,6,-0.008360079258358266,0.0019480626612953837,-0.005154070959826825,1.0,0.0,2.0,-0.005154070959826825,-0.005754070959826825,-0.006154070959826825,-0.007154070959826825,trend_efficiency_60__missing,fold_2025,2025
2025-11-24,30,6,6,0.015452806013379283,0.027751933698168457,-0.006149563842394587,1.0,0.0,2.0,-0.006149563842394587,-0.0067495638423945865,-0.007149563842394587,-0.008149563842394587,trend_efficiency_60__missing,fold_2025,2025
2025-12-01,30,6,6,0.001069490256261501,0.0043766118249291336,-0.0016535607843338163,1.0,0.0,2.0,-0.0016535607843338163,-0.002253560784333816,-0.0026535607843338163,-0.0036535607843338164,trend_efficiency_60__missing,fold_2025,2025
2025-12-08,30,6,6,-0.0016668708379587492,0.018018225342415182,-0.009842548090186965,1.0,0.0,2.0,-0.009842548090186965,-0.010442548090186965,-0.010842548090186966,-0.011842548090186965,trend_efficiency_60__missing,fold_2025,2025
2025-12-15,30,6,6,0.010940177992106934,0.0229013241673235,-0.005980573087608283,1.0,0.0,2.0,-0.005980573087608283,-0.006580573087608283,-0.006980573087608283,-0.007980573087608283,trend_efficiency_60__missing,fold_2025,2025
2025-12-22,30,6,6,0.012249848924108886,0.031180981499353954,-0.009465566287622535,1.0,0.0,2.0,-0.009465566287622535,-0.010065566287622535,-0.010465566287622536,-0.011465566287622535,trend_efficiency_60__missing,fold_2025,2025
2025-01-02,30,6,6,-0.014869744861352082,-0.026408212054107417,0.005769233596377667,1.0,0.0,2.0,0.005769233596377667,0.005169233596377667,0.004769233596377667,0.003769233596377667,multi_horizon_trend__csz,fold_2025,2025
2025-01-09,30,6,6,0.030898040772281286,0.026941478593813017,0.001978281089234134,1.0,0.0,2.0,0.001978281089234134,0.0013782810892341343,0.000978281089234134,-2.1718910765865934e-05,multi_horizon_trend__csz,fold_2025,2025
2025-01-16,30,6,6,-0.010138932697838833,-0.016677563881811467,0.003269315591986317,1.0,0.0,2.0,0.003269315591986317,0.002669315591986317,0.002269315591986317,0.0012693155919863168,multi_horizon_trend__csz,fold_2025,2025
2025-01-23,30,6,6,0.012068793914276033,0.012838318622318332,-0.0003847623540211495,1.0,0.0,2.0,-0.0003847623540211495,-0.0009847623540211493,-0.0013847623540211495,-0.0023847623540211495,multi_horizon_trend__csz,fold_2025,2025
2025-02-07,30,6,6,0.0038622275291937663,-0.016088749783174868,0.009975488656184316,1.0,0.0,2.0,0.009975488656184316,0.009375488656184316,0.008975488656184315,0.007975488656184316,multi_horizon_trend__csz,fold_2025,2025
2025-02-14,30,6,6,0.0174459495298206,0.01534588703882013,0.0010500312455002346,1.0,0.0,2.0,0.0010500312455002346,0.00045003124550023466,5.0031245500234585e-05,-0.0009499687544997654,multi_horizon_trend__csz,fold_2025,2025
2025-02-21,30,6,6,-0.024970081151501466,-0.009157445163420016,-0.007906317994040724,1.0,0.0,2.0,-0.007906317994040724,-0.008506317994040724,-0.008906317994040725,-0.009906317994040724,multi_horizon_trend__csz,fold_2025,2025
2025-02-28,30,6,6,0.0010641773196325502,-0.012935088752157617,0.006999633035895084,1.0,0.0,2.0,0.006999633035895084,0.006399633035895084,0.005999633035895084,0.004999633035895084,multi_horizon_trend__csz,fold_2025,2025
2025-03-07,30,6,6,0.026817692878697452,-0.0021053554828276166,0.014461524180762535,1.0,0.0,2.0,0.014461524180762535,0.013861524180762535,0.013461524180762536,0.012461524180762535,multi_horizon_trend__csz,fold_2025,2025
2025-03-14,30,6,6,-0.01662141890595045,-0.016597595936052065,-1.191148494919178e-05,1.0,0.0,2.0,-1.191148494919178e-05,-0.0006119114849491917,-0.0010119114849491918,-0.002011911484949192,multi_horizon_trend__csz,fold_2025,2025
2025-03-21,30,6,6,0.017829835145757717,0.010719204668826768,0.0035553152384654747,1.0,0.0,2.0,0.0035553152384654747,0.002955315238465475,0.0025553152384654746,0.0015553152384654746,multi_horizon_trend__csz,fold_2025,2025
2025-03-28,30,6,6,-0.06244182497261444,-0.04276892628402602,-0.009836449344294212,1.0,0.0,2.0,-0.009836449344294212,-0.010436449344294212,-0.010836449344294213,-0.011836449344294212,multi_horizon_trend__csz,fold_2025,2025
2025-04-07,30,6,6,0.004903507356535833,-0.0128389041101191,0.008871205733327467,1.0,0.0,2.0,0.008871205733327467,0.008271205733327467,0.007871205733327467,0.0068712057333274665,multi_horizon_trend__csz,fold_2025,2025
2025-04-14,30,6,6,0.00037355411007629753,-0.008904525634167817,0.004639039872122057,1.0,0.0,2.0,0.004639039872122057,0.004039039872122057,0.003639039872122057,0.002639039872122057,multi_horizon_trend__csz,fold_2025,2025
2025-04-21,30,6,6,-0.008307292331866717,0.0030057738195439832,-0.00565653307570535,1.0,0.0,2.0,-0.00565653307570535,-0.00625653307570535,-0.00665653307570535,-0.00765653307570535,multi_horizon_trend__csz,fold_2025,2025
2025-04-28,30,6,6,-0.0055265539150560665,-0.027977673205456997,0.011225559645200466,1.0,0.0,2.0,0.011225559645200466,0.010625559645200466,0.010225559645200465,0.009225559645200465,multi_horizon_trend__csz,fold_2025,2025
2025-05-08,30,6,6,-0.010793901099009932,0.014812319008442765,-0.01280311005372635,1.0,0.0,2.0,-0.01280311005372635,-0.013403110053726349,-0.01380311005372635,-0.01480311005372635,multi_horizon_trend__csz,fold_2025,2025
2025-05-15,30,6,6,-0.006136975443449083,-0.022577730072090078,0.008220377314320498,1.0,0.0,2.0,0.008220377314320498,0.007620377314320498,0.007220377314320498,0.006220377314320498,multi_horizon_trend__csz,fold_2025,2025
2025-05-22,30,6,6,-0.001786980213080567,-0.0302922872295215,0.014252653508220466,1.0,0.0,2.0,0.014252653508220466,0.013652653508220466,0.013252653508220465,0.012252653508220466,multi_horizon_trend__csz,fold_2025,2025
2025-05-29,30,6,6,0.014381119071732515,0.014004633956680635,0.00018824255752594027,1.0,0.0,2.0,0.00018824255752594027,-0.0004117574424740597,-0.0008117574424740598,-0.0018117574424740598,multi_horizon_trend__csz,fold_2025,2025
2025-06-06,30,6,6,0.02442796323216477,-0.006674277285855283,0.015551120259010027,1.0,0.0,2.0,0.015551120259010027,0.014951120259010027,0.014551120259010026,0.013551120259010027,multi_horizon_trend__csz,fold_2025,2025
2025-06-13,30,6,6,0.011119966523841984,0.015593764354605332,-0.0022368989153816743,1.0,0.0,2.0,-0.0022368989153816743,-0.002836898915381674,-0.0032368989153816743,-0.004236898915381674,multi_horizon_trend__csz,fold_2025,2025
2025-06-20,30,6,6,-0.058769397791710414,0.026417129948290333,-0.04259326387000037,1.0,0.0,2.0,-0.04259326387000037,-0.04319326387000037,-0.04359326387000037,-0.04459326387000037,multi_horizon_trend__csz,fold_2025,2025
2025-06-27,30,6,6,0.0020346187929034167,-0.0031275474150929163,0.0025810831039981665,1.0,0.0,2.0,0.0025810831039981665,0.0019810831039981667,0.0015810831039981665,0.0005810831039981664,multi_horizon_trend__csz,fold_2025,2025
2025-07-04,30,6,6,0.0008080694005053838,0.032257441736802596,-0.015724686168148608,1.0,0.0,2.0,-0.015724686168148608,-0.016324686168148608,-0.01672468616814861,-0.01772468616814861,multi_horizon_trend__csz,fold_2025,2025
2025-07-11,30,6,6,0.019679924890837617,0.008772747090352383,0.005453588900242617,1.0,0.0,2.0,0.005453588900242617,0.004853588900242617,0.004453588900242617,0.003453588900242617,multi_horizon_trend__csz,fold_2025,2025
2025-07-18,30,6,6,0.005708226839411333,0.06829348756773777,-0.03129263036416322,1.0,0.0,2.0,-0.03129263036416322,-0.031892630364163226,-0.03229263036416322,-0.033292630364163224,multi_horizon_trend__csz,fold_2025,2025
2025-07-25,30,6,6,-0.017911234178866583,0.0013340540595464332,-0.009622644119206509,1.0,0.0,2.0,-0.009622644119206509,-0.010222644119206509,-0.01062264411920651,-0.011622644119206509,multi_horizon_trend__csz,fold_2025,2025
2025-08-01,30,6,6,0.00985716165497,-0.0086372508016366,0.0092472062283033,1.0,0.0,2.0,0.0092472062283033,0.008647206228303301,0.0082472062283033,0.007247206228303301,multi_horizon_trend__csz,fold_2025,2025
2025-08-08,30,6,6,0.009354703447344083,-0.005736127310322883,0.0075454153788334834,1.0,0.0,2.0,0.0075454153788334834,0.006945415378833484,0.006545415378833483,0.005545415378833483,multi_horizon_trend__csz,fold_2025,2025
2025-08-15,30,6,6,-0.003668624478677933,0.00945467819350085,-0.0065616513360893915,1.0,0.0,2.0,-0.0065616513360893915,-0.007161651336089391,-0.0075616513360893915,-0.008561651336089392,multi_horizon_trend__csz,fold_2025,2025
2025-08-22,30,6,6,0.0045050008605218165,0.005738215221998566,-0.0006166071807383747,1.0,0.0,2.0,-0.0006166071807383747,-0.0012166071807383745,-0.0016166071807383747,-0.0026166071807383747,multi_horizon_trend__csz,fold_2025,2025
2025-08-29,30,6,6,0.00036613023831548317,-0.00229154172980995,0.0013288359840627167,1.0,0.0,2.0,0.0013288359840627167,0.0007288359840627168,0.0003288359840627167,-0.0006711640159372833,multi_horizon_trend__csz,fold_2025,2025
2025-09-05,30,6,6,0.0013897211104226504,-0.0028427387022162335,0.002116229906319442,1.0,0.0,2.0,0.002116229906319442,0.0015162299063194423,0.001116229906319442,0.00011622990631944205,multi_horizon_trend__csz,fold_2025,2025
2025-09-12,30,6,6,-0.005677097399445284,-0.005089051207131468,-0.000294023096156908,1.0,0.0,2.0,-0.000294023096156908,-0.0008940230961569079,-0.001294023096156908,-0.002294023096156908,multi_horizon_trend__csz,fold_2025,2025
2025-09-19,30,6,6,-0.000623960961841132,-0.0010033533085673837,0.00018969617336312582,1.0,0.0,2.0,0.00018969617336312582,-0.0004103038266368741,-0.0008103038266368743,-0.0018103038266368743,multi_horizon_trend__csz,fold_2025,2025
2025-09-26,30,6,6,0.028560732598114133,-0.01841728879840005,0.023489010698257092,1.0,0.0,2.0,0.023489010698257092,0.022889010698257092,0.02248901069825709,0.021489010698257094,multi_horizon_trend__csz,fold_2025,2025
2025-10-13,30,6,6,0.005260952294644767,-0.015578471045421082,0.010419711670032925,1.0,0.0,2.0,0.010419711670032925,0.009819711670032925,0.009419711670032926,0.008419711670032925,multi_horizon_trend__csz,fold_2025,2025
2025-10-20,30,6,6,0.008320624323310032,0.027730684455263582,-0.009705030065976776,1.0,0.0,2.0,-0.009705030065976776,-0.010305030065976776,-0.010705030065976777,-0.011705030065976776,multi_horizon_trend__csz,fold_2025,2025
2025-10-27,30,6,6,0.0030224007348713003,-0.006637784969592285,0.004830092852231792,1.0,0.0,2.0,0.004830092852231792,0.0042300928522317925,0.0038300928522317923,0.0028300928522317923,multi_horizon_trend__csz,fold_2025,2025
2025-11-03,30,6,6,0.0003119422156456996,-0.016647922417709914,0.008479932316677806,1.0,0.0,2.0,0.008479932316677806,0.007879932316677806,0.007479932316677806,0.006479932316677806,multi_horizon_trend__csz,fold_2025,2025
2025-11-10,30,6,6,-0.009821240298820866,-0.0030012742917204824,-0.0034099830035501915,1.0,0.0,2.0,-0.0034099830035501915,-0.004009983003550191,-0.0044099830035501915,-0.0054099830035501915,multi_horizon_trend__csz,fold_2025,2025
2025-11-17,30,6,6,-0.0013568718696666668,-0.0056595503245787495,0.0021513392274560414,1.0,0.0,2.0,0.0021513392274560414,0.0015513392274560415,0.0011513392274560413,0.00015133922745604132,multi_horizon_trend__csz,fold_2025,2025
2025-11-24,30,6,6,0.03830268924623855,-0.001388010883215816,0.019845350064727183,1.0,0.0,2.0,0.019845350064727183,0.019245350064727183,0.018845350064727182,0.017845350064727185,multi_horizon_trend__csz,fold_2025,2025
2025-12-01,30,6,6,0.0215267097323784,-0.019785404372421767,0.020656057052400083,1.0,0.0,2.0,0.020656057052400083,0.020056057052400083,0.019656057052400082,0.01865605705240008,multi_horizon_trend__csz,fold_2025,2025
2025-12-08,30,6,6,0.023449438640282497,-0.010352785638415117,0.016901112139348806,1.0,0.0,2.0,0.016901112139348806,0.016301112139348806,0.015901112139348805,0.014901112139348806,multi_horizon_trend__csz,fold_2025,2025
2025-12-15,30,6,6,0.022413700005353556,-0.003926001822124982,0.013169850913739269,1.0,0.0,2.0,0.013169850913739269,0.012569850913739269,0.012169850913739268,0.011169850913739269,multi_horizon_trend__csz,fold_2025,2025
2025-12-22,30,6,6,0.01218981835357795,0.011650139071590434,0.0002698396409937581,1.0,0.0,2.0,0.0002698396409937581,-0.00033016035900624186,-0.0007301603590062419,-0.001730160359006242,multi_horizon_trend__csz,fold_2025,2025
2025-01-02,30,6,6,-0.008643717017779867,0.002678744855383467,-0.005661230936581667,1.0,0.0,2.0,-0.005661230936581667,-0.006261230936581667,-0.006661230936581667,-0.007661230936581667,multi_horizon_trend__missing,fold_2025,2025
2025-01-09,30,6,6,0.0075445210942481486,0.018594971169530666,-0.005525225037641258,1.0,0.0,2.0,-0.005525225037641258,-0.006125225037641258,-0.006525225037641258,-0.007525225037641258,multi_horizon_trend__missing,fold_2025,2025
2025-01-16,30,6,6,-0.010761841957401931,-0.010041264596301166,-0.0003602886805503828,1.0,0.0,2.0,-0.0003602886805503828,-0.0009602886805503828,-0.0013602886805503828,-0.002360288680550383,multi_horizon_trend__missing,fold_2025,2025
2025-01-23,30,6,6,0.026902164920274117,0.022760400240047135,0.0020708823401134908,1.0,0.0,2.0,0.0020708823401134908,0.001470882340113491,0.0010708823401134908,7.088234011349073e-05,multi_horizon_trend__missing,fold_2025,2025
2025-02-07,30,6,6,0.0034579360473451504,0.014863603764137085,-0.005702833858395967,1.0,0.0,2.0,-0.005702833858395967,-0.006302833858395967,-0.006702833858395967,-0.007702833858395967,multi_horizon_trend__missing,fold_2025,2025
2025-02-14,30,6,6,-0.0019584202884222503,-0.005546947229154684,0.0017942634703662168,1.0,0.0,2.0,0.0017942634703662168,0.001194263470366217,0.0007942634703662168,-0.0002057365296337832,multi_horizon_trend__missing,fold_2025,2025
2025-02-21,30,6,6,-0.01620415741924312,-0.01981034273051052,0.0018030926556336993,1.0,0.0,2.0,0.0018030926556336993,0.0012030926556336995,0.0008030926556336993,-0.00019690734436630074,multi_horizon_trend__missing,fold_2025,2025
2025-02-28,30,6,6,0.0017574808783526665,0.005772026116737082,-0.002007272619192208,1.0,0.0,2.0,-0.002007272619192208,-0.002607272619192208,-0.003007272619192208,-0.004007272619192208,multi_horizon_trend__missing,fold_2025,2025
2025-03-07,30,6,6,0.01790988762657575,0.01117074853885155,0.0033695695438620997,1.0,0.0,2.0,0.0033695695438620997,0.0027695695438621,0.0023695695438620996,0.0013695695438620996,multi_horizon_trend__missing,fold_2025,2025
2025-03-14,30,6,6,-0.00670018249429645,-0.005378130145819351,-0.0006610261742385497,1.0,0.0,2.0,-0.0006610261742385497,-0.0012610261742385495,-0.0016610261742385497,-0.0026610261742385497,multi_horizon_trend__missing,fold_2025,2025
2025-03-21,30,6,6,0.008953652940416067,0.010443650073667751,-0.0007449985666258419,1.0,0.0,2.0,-0.0007449985666258419,-0.0013449985666258418,-0.001744998566625842,-0.002744998566625842,multi_horizon_trend__missing,fold_2025,2025
2025-03-28,30,6,6,-0.05285900986506967,-0.042894403238588376,-0.004982303313240646,1.0,0.0,2.0,-0.004982303313240646,-0.0055823033132406455,-0.005982303313240646,-0.006982303313240646,multi_horizon_trend__missing,fold_2025,2025
2025-04-07,30,6,6,0.0006071785515274665,0.015950776796268846,-0.00767179912237069,1.0,0.0,2.0,-0.00767179912237069,-0.00827179912237069,-0.00867179912237069,-0.00967179912237069,multi_horizon_trend__missing,fold_2025,2025
2025-04-14,30,6,6,-0.00027935445437895037,0.013286368781465817,-0.006782861617922384,1.0,0.0,2.0,-0.006782861617922384,-0.0073828616179223835,-0.007782861617922384,-0.008782861617922383,multi_horizon_trend__missing,fold_2025,2025
2025-04-21,30,6,6,0.0040523527979588825,0.002419965293180782,0.0008161937523890504,1.0,0.0,2.0,0.0008161937523890504,0.00021619375238905042,-0.00018380624761094966,-0.0011838062476109497,multi_horizon_trend__missing,fold_2025,2025
2025-04-28,30,6,6,-0.00718951193955315,-0.003936962928007667,-0.0016262745057727414,1.0,0.0,2.0,-0.0016262745057727414,-0.0022262745057727413,-0.0026262745057727415,-0.0036262745057727415,multi_horizon_trend__missing,fold_2025,2025
2025-05-08,30,6,6,0.019815468992626633,0.0028483170635519007,0.008483575964537367,1.0,0.0,2.0,0.008483575964537367,0.007883575964537367,0.007483575964537367,0.006483575964537367,multi_horizon_trend__missing,fold_2025,2025
2025-05-15,30,6,6,-0.008674213807957432,0.010849661334130331,-0.00976193757104388,1.0,0.0,2.0,-0.00976193757104388,-0.01036193757104388,-0.010761937571043882,-0.01176193757104388,multi_horizon_trend__missing,fold_2025,2025
2025-05-22,30,6,6,-0.00954213346398895,-0.0035272785088116504,-0.003007427477588649,1.0,0.0,2.0,-0.003007427477588649,-0.003607427477588649,-0.004007427477588649,-0.005007427477588649,multi_horizon_trend__missing,fold_2025,2025
2025-05-29,30,6,6,-0.0005790636159993161,0.014508581917736768,-0.007543822766868042,1.0,0.0,2.0,-0.007543822766868042,-0.008143822766868042,-0.00854382276686804,-0.009543822766868042,multi_horizon_trend__missing,fold_2025,2025
2025-06-06,30,6,6,0.0033019887739572508,0.019711426020677814,-0.008204718623360282,1.0,0.0,2.0,-0.008204718623360282,-0.008804718623360281,-0.00920471862336028,-0.010204718623360282,multi_horizon_trend__missing,fold_2025,2025
2025-06-13,30,6,6,0.0173628603516897,-0.0011935753651476004,0.00927821785841865,1.0,0.0,2.0,0.00927821785841865,0.00867821785841865,0.00827821785841865,0.00727821785841865,multi_horizon_trend__missing,fold_2025,2025
2025-06-20,30,6,6,0.0023028730457931674,-0.008058875973531167,0.005180874509662167,1.0,0.0,2.0,0.005180874509662167,0.004580874509662167,0.004180874509662167,0.003180874509662167,multi_horizon_trend__missing,fold_2025,2025
2025-06-27,30,6,6,-0.00785162858114365,0.005339474566943615,-0.006595551574043632,1.0,0.0,2.0,-0.006595551574043632,-0.007195551574043632,-0.007595551574043632,-0.008595551574043632,multi_horizon_trend__missing,fold_2025,2025
2025-07-04,30,6,6,0.0020300883267077665,0.0042093070008472665,-0.00108960933706975,1.0,0.0,2.0,-0.00108960933706975,-0.00168960933706975,-0.00208960933706975,-0.00308960933706975,multi_horizon_trend__missing,fold_2025,2025
2025-07-11,30,6,6,0.007227328275879533,0.011489358573184434,-0.0021310151486524506,1.0,0.0,2.0,-0.0021310151486524506,-0.0027310151486524504,-0.0031310151486524506,-0.004131015148652451,multi_horizon_trend__missing,fold_2025,2025
2025-07-18,30,6,6,0.029617424693904177,-0.0029559740183212665,0.01628669935611272,1.0,0.0,2.0,0.01628669935611272,0.01568669935611272,0.01528669935611272,0.01428669935611272,multi_horizon_trend__missing,fold_2025,2025
2025-07-25,30,6,6,-0.027846398976976383,-0.013499312316345819,-0.007173543330315282,1.0,0.0,2.0,-0.007173543330315282,-0.007773543330315282,-0.008173543330315282,-0.009173543330315281,multi_horizon_trend__missing,fold_2025,2025
2025-08-01,30,6,6,0.0014243173537378667,0.0005787767275901495,0.0004227703130738586,1.0,0.0,2.0,0.0004227703130738586,-0.00017722968692614134,-0.0005772296869261415,-0.0015772296869261415,multi_horizon_trend__missing,fold_2025,2025
2025-08-08,30,6,6,0.0025939619157738327,-0.0022418809471628676,0.00241792143146835,1.0,0.0,2.0,0.00241792143146835,0.0018179214314683503,0.0014179214314683501,0.0004179214314683501,multi_horizon_trend__missing,fold_2025,2025
2025-08-15,30,6,6,0.0012950442177015996,-0.002338449687004533,0.0018167469523530664,1.0,0.0,2.0,0.0018167469523530664,0.0012167469523530665,0.0008167469523530663,-0.00018325304764693368,multi_horizon_trend__missing,fold_2025,2025
2025-08-22,30,6,6,-0.0019313791185518994,0.012935063055888084,-0.007433221087219992,1.0,0.0,2.0,-0.007433221087219992,-0.008033221087219992,-0.008433221087219993,-0.009433221087219992,multi_horizon_trend__missing,fold_2025,2025
2025-08-29,30,6,6,-0.0084443572778612,0.013571207026897333,-0.011007782152379266,1.0,0.0,2.0,-0.011007782152379266,-0.011607782152379266,-0.012007782152379267,-0.013007782152379266,multi_horizon_trend__missing,fold_2025,2025
2025-09-05,30,6,6,-0.0005762771760395334,0.0031450674959040497,-0.0018606723359717915,1.0,0.0,2.0,-0.0018606723359717915,-0.0024606723359717913,-0.0028606723359717915,-0.0038606723359717915,multi_horizon_trend__missing,fold_2025,2025
2025-09-12,30,6,6,-0.008725268600990018,-0.009176544147441233,0.00022563777322560756,1.0,0.0,2.0,0.00022563777322560756,-0.0003743622267743924,-0.0007743622267743925,-0.0017743622267743925,multi_horizon_trend__missing,fold_2025,2025
2025-09-19,30,6,6,-0.0011214552514313668,0.014820120683934632,-0.007970787967683,1.0,0.0,2.0,-0.007970787967683,-0.008570787967683,-0.008970787967683,-0.009970787967683,multi_horizon_trend__missing,fold_2025,2025
2025-09-26,30,6,6,-0.0019246635046771664,0.013588858392057748,-0.007756760948367457,1.0,0.0,2.0,-0.007756760948367457,-0.008356760948367457,-0.008756760948367456,-0.009756760948367457,multi_horizon_trend__missing,fold_2025,2025
2025-10-13,30,6,6,-0.009679442453695652,0.018394105626528167,-0.014036774040111909,1.0,0.0,2.0,-0.014036774040111909,-0.014636774040111909,-0.01503677404011191,-0.01603677404011191,multi_horizon_trend__missing,fold_2025,2025
2025-10-20,30,6,6,0.01626273490873525,-0.009894342507996185,0.013078538708365717,1.0,0.0,2.0,0.013078538708365717,0.012478538708365718,0.012078538708365717,0.011078538708365717,multi_horizon_trend__missing,fold_2025,2025
2025-10-27,30,6,6,-0.0036671327961840337,0.002981589654639483,-0.0033243612254117583,1.0,0.0,2.0,-0.0033243612254117583,-0.003924361225411758,-0.004324361225411758,-0.005324361225411758,multi_horizon_trend__missing,fold_2025,2025
2025-11-03,30,6,6,0.007028989898778916,0.0011507681810089346,0.002939110858884991,1.0,0.0,2.0,0.002939110858884991,0.002339110858884991,0.0019391108588849909,0.0009391108588849909,multi_horizon_trend__missing,fold_2025,2025
2025-11-10,30,6,6,0.00019128413961836654,0.0007793811584215337,-0.00029404850940158357,1.0,0.0,2.0,-0.00029404850940158357,-0.0008940485094015836,-0.0012940485094015835,-0.0022940485094015838,multi_horizon_trend__missing,fold_2025,2025
2025-11-17,30,6,6,-0.008360079258358266,0.0019480626612953837,-0.005154070959826825,1.0,0.0,2.0,-0.005154070959826825,-0.005754070959826825,-0.006154070959826825,-0.007154070959826825,multi_horizon_trend__missing,fold_2025,2025
2025-11-24,30,6,6,0.015452806013379283,0.027751933698168457,-0.006149563842394587,1.0,0.0,2.0,-0.006149563842394587,-0.0067495638423945865,-0.007149563842394587,-0.008149563842394587,multi_horizon_trend__missing,fold_2025,2025
2025-12-01,30,6,6,0.001069490256261501,0.0043766118249291336,-0.0016535607843338163,1.0,0.0,2.0,-0.0016535607843338163,-0.002253560784333816,-0.0026535607843338163,-0.0036535607843338164,multi_horizon_trend__missing,fold_2025,2025
2025-12-08,30,6,6,-0.0016668708379587492,0.018018225342415182,-0.009842548090186965,1.0,0.0,2.0,-0.009842548090186965,-0.010442548090186965,-0.010842548090186966,-0.011842548090186965,multi_horizon_trend__missing,fold_2025,2025
2025-12-15,30,6,6,0.010940177992106934,0.0229013241673235,-0.005980573087608283,1.0,0.0,2.0,-0.005980573087608283,-0.006580573087608283,-0.006980573087608283,-0.007980573087608283,multi_horizon_trend__missing,fold_2025,2025
2025-12-22,30,6,6,0.012249848924108886,0.031180981499353954,-0.009465566287622535,1.0,0.0,2.0,-0.009465566287622535,-0.010065566287622535,-0.010465566287622536,-0.011465566287622535,multi_horizon_trend__missing,fold_2025,2025
2025-01-02,30,6,6,-0.031146333340754836,-0.02672601120433797,-0.0022101610682084324,1.0,0.0,2.0,-0.0022101610682084324,-0.002810161068208432,-0.0032101610682084324,-0.004210161068208432,carry_annualized__csz,fold_2025,2025
2025-01-09,30,6,6,0.03560628241607283,0.0404033279830534,-0.0023985227834902832,1.0,0.0,2.0,-0.0023985227834902832,-0.002998522783490283,-0.0033985227834902832,-0.004398522783490283,carry_annualized__csz,fold_2025,2025
2025-01-16,30,6,6,0.0021697888104094502,-0.002422072420396633,0.0022959306154030417,1.0,0.0,2.0,0.0022959306154030417,0.001695930615403042,0.0012959306154030417,0.0002959306154030417,carry_annualized__csz,fold_2025,2025
2025-01-23,30,6,6,0.028608340054907606,0.0017220331305122499,0.013443153462197679,1.0,0.0,2.0,0.013443153462197679,0.012843153462197679,0.012443153462197678,0.011443153462197679,carry_annualized__csz,fold_2025,2025
2025-02-07,30,6,6,-0.0025378393039855993,-0.019762426216394968,0.008612293456204683,1.0,0.0,2.0,0.008612293456204683,0.008012293456204684,0.007612293456204683,0.006612293456204683,carry_annualized__csz,fold_2025,2025
2025-02-14,30,6,6,0.015377242962219033,0.015591234556820183,-0.00010699579730057487,1.0,0.0,2.0,-0.00010699579730057487,-0.0007069957973005748,-0.001106995797300575,-0.002106995797300575,carry_annualized__csz,fold_2025,2025
2025-02-21,30,6,6,-0.014723608304699284,-0.012674652156063665,-0.0010244780743178094,1.0,0.0,2.0,-0.0010244780743178094,-0.0016244780743178092,-0.0020244780743178094,-0.0030244780743178094,carry_annualized__csz,fold_2025,2025
2025-02-28,30,6,6,-0.0129553711948783,-0.020942733732548263,0.003993681268834982,1.0,0.0,2.0,0.003993681268834982,0.003393681268834982,0.002993681268834982,0.001993681268834982,carry_annualized__csz,fold_2025,2025
2025-03-07,30,6,6,0.0008130840940244995,0.0017561117046493832,-0.00047151380531244185,1.0,0.0,2.0,-0.00047151380531244185,-0.0010715138053124418,-0.001471513805312442,-0.002471513805312442,carry_annualized__csz,fold_2025,2025
2025-03-14,30,6,6,-0.014147926856086434,-0.023545576393229753,0.004698824768571659,1.0,0.0,2.0,0.004698824768571659,0.0040988247685716595,0.0036988247685716593,0.0026988247685716593,carry_annualized__csz,fold_2025,2025
2025-03-21,30,6,6,0.010686150053354685,0.00923753604763295,0.0007243070028608673,1.0,0.0,2.0,0.0007243070028608673,0.0001243070028608674,-0.00027569299713913267,-0.0012756929971391327,carry_annualized__csz,fold_2025,2025
2025-03-28,30,6,6,-0.03524261921160175,-0.016717612930205603,-0.009262503140698075,1.0,0.0,2.0,-0.009262503140698075,-0.009862503140698075,-0.010262503140698074,-0.011262503140698075,carry_annualized__csz,fold_2025,2025
2025-04-07,30,6,6,-0.0025319270394096997,-0.014974331581660802,0.006221202271125551,1.0,0.0,2.0,0.006221202271125551,0.005621202271125551,0.005221202271125551,0.004221202271125551,carry_annualized__csz,fold_2025,2025
2025-04-14,30,6,6,-0.004335540180097684,-0.014655055446050481,0.005159757632976399,1.0,0.0,2.0,0.005159757632976399,0.004559757632976399,0.004159757632976399,0.0031597576329763987,carry_annualized__csz,fold_2025,2025
2025-04-21,30,6,6,0.005934519507275166,0.0034868571882627993,0.0012238311595061835,1.0,0.0,2.0,0.0012238311595061835,0.0006238311595061836,0.0002238311595061835,-0.0007761688404938165,carry_annualized__csz,fold_2025,2025
2025-04-28,30,6,6,-0.035654991086372836,-0.017248949030759568,-0.009203021027806634,1.0,0.0,2.0,-0.009203021027806634,-0.009803021027806634,-0.010203021027806635,-0.011203021027806634,carry_annualized__csz,fold_2025,2025
2025-05-08,30,6,6,0.025629104586462198,0.0022213601157333495,0.011703872235364425,1.0,0.0,2.0,0.011703872235364425,0.011103872235364425,0.010703872235364426,0.009703872235364425,carry_annualized__csz,fold_2025,2025
2025-05-15,30,6,6,-0.004322652484819383,-0.005341066021854149,0.0005092067685173829,1.0,0.0,2.0,0.0005092067685173829,-9.079323148261707e-05,-0.0004907932314826171,-0.0014907932314826172,carry_annualized__csz,fold_2025,2025
2025-05-22,30,6,6,-0.0006013552947662496,-0.019896342659449784,0.009647493682341766,1.0,0.0,2.0,0.009647493682341766,0.009047493682341767,0.008647493682341766,0.007647493682341766,carry_annualized__csz,fold_2025,2025
2025-05-29,30,6,6,-0.007748633825100317,0.003336302309789433,-0.005542468067444874,1.0,0.0,2.0,-0.005542468067444874,-0.006142468067444874,-0.006542468067444874,-0.007542468067444874,carry_annualized__csz,fold_2025,2025
2025-06-06,30,6,6,0.0246480872381232,0.011724685474213148,0.006461700881955026,1.0,0.0,2.0,0.006461700881955026,0.0058617008819550264,0.005461700881955026,0.004461700881955026,carry_annualized__csz,fold_2025,2025
2025-06-13,30,6,6,0.027812718343467546,0.008585805866540468,0.00961345623846354,1.0,0.0,2.0,0.00961345623846354,0.00901345623846354,0.008613456238463539,0.00761345623846354,carry_annualized__csz,fold_2025,2025
2025-06-20,30,6,6,-0.003956133849349216,-0.015371851303635881,0.005707858727143333,1.0,0.0,2.0,0.005707858727143333,0.005107858727143333,0.004707858727143333,0.003707858727143333,carry_annualized__csz,fold_2025,2025
2025-06-27,30,6,6,0.0003960598255835328,0.005578657579731183,-0.002591298877073825,1.0,0.0,2.0,-0.002591298877073825,-0.003191298877073825,-0.003591298877073825,-0.004591298877073826,carry_annualized__csz,fold_2025,2025
2025-07-04,30,6,6,0.012107709498448483,0.02542144333743998,-0.006656866919495749,1.0,0.0,2.0,-0.006656866919495749,-0.0072568669194957485,-0.007656866919495749,-0.00865686691949575,carry_annualized__csz,fold_2025,2025
2025-07-11,30,6,6,0.014527812376747518,0.013175781598468668,0.000676015389139425,1.0,0.0,2.0,0.000676015389139425,7.601538913942503e-05,-0.00032398461086057505,-0.001323984610860575,carry_annualized__csz,fold_2025,2025
2025-07-18,30,6,6,-0.0039846383699096,0.1445377230985993,-0.07426118073425444,1.0,0.0,2.0,-0.07426118073425444,-0.07486118073425445,-0.07526118073425445,-0.07626118073425445,carry_annualized__csz,fold_2025,2025
2025-07-25,30,6,6,-0.005253170000712651,-0.09818168988912512,0.046464259944206235,1.0,0.0,2.0,0.046464259944206235,0.04586425994420623,0.045464259944206234,0.04446425994420623,carry_annualized__csz,fold_2025,2025
2025-08-01,30,6,6,-0.0131880406172648,0.01887068986862933,-0.016029365242947066,1.0,0.0,2.0,-0.016029365242947066,-0.016629365242947065,-0.017029365242947066,-0.018029365242947064,carry_annualized__csz,fold_2025,2025
2025-08-08,30,6,6,-0.0094682236817779,0.010947898863312884,-0.010208061272545392,1.0,0.0,2.0,-0.010208061272545392,-0.010808061272545392,-0.01120806127254539,-0.012208061272545392,carry_annualized__csz,fold_2025,2025
2025-08-15,30,6,6,-0.008060694513363534,-0.02022556161421958,0.006082433550428023,1.0,0.0,2.0,0.006082433550428023,0.005482433550428024,0.005082433550428023,0.004082433550428023,carry_annualized__csz,fold_2025,2025
2025-08-22,30,6,6,0.0017206424321964998,-0.0137564515313418,0.00773854698176915,1.0,0.0,2.0,0.00773854698176915,0.00713854698176915,0.00673854698176915,0.00573854698176915,carry_annualized__csz,fold_2025,2025
2025-08-29,30,6,6,-0.001628163321885967,-0.0020813911181072667,0.00022661389811064984,1.0,0.0,2.0,0.00022661389811064984,-0.0003733861018893501,-0.0007733861018893502,-0.0017733861018893503,carry_annualized__csz,fold_2025,2025
2025-09-05,30,6,6,0.0006152817286106167,-0.004318457997471666,0.0024668698630411416,1.0,0.0,2.0,0.0024668698630411416,0.0018668698630411418,0.0014668698630411416,0.00046686986304114155,carry_annualized__csz,fold_2025,2025
2025-09-12,30,6,6,0.0016036042412904833,0.02722625469849675,-0.012811325228603133,1.0,0.0,2.0,-0.012811325228603133,-0.013411325228603133,-0.013811325228603132,-0.014811325228603133,carry_annualized__csz,fold_2025,2025
2025-09-19,30,6,6,-0.01104744104220065,-0.022209372378973732,0.005580965668386541,1.0,0.0,2.0,0.005580965668386541,0.004980965668386541,0.004580965668386541,0.0035809656683865407,carry_annualized__csz,fold_2025,2025
2025-09-26,30,6,6,-0.027010205246913766,-0.023909979422558816,-0.0015501129121774752,1.0,0.0,2.0,-0.0015501129121774752,-0.002150112912177475,-0.0025501129121774753,-0.0035501129121774753,carry_annualized__csz,fold_2025,2025
2025-10-13,30,6,6,-0.014647200050854898,0.0011608690877614675,-0.007904034569308183,1.0,0.0,2.0,-0.007904034569308183,-0.008504034569308183,-0.008904034569308182,-0.009904034569308183,carry_annualized__csz,fold_2025,2025
2025-10-20,30,6,6,0.027900125667937998,0.0230169449496945,0.0024415903591217484,1.0,0.0,2.0,0.0024415903591217484,0.0018415903591217486,0.0014415903591217484,0.00044159035912174835,carry_annualized__csz,fold_2025,2025
2025-10-27,30,6,6,0.005188759034782081,-0.005411299612289033,0.005300029323535557,1.0,0.0,2.0,0.005300029323535557,0.004700029323535557,0.004300029323535557,0.003300029323535557,carry_annualized__csz,fold_2025,2025
2025-11-03,30,6,6,0.003578728187789834,-0.0034995501635195505,0.0035391391756546924,1.0,0.0,2.0,0.0035391391756546924,0.0029391391756546925,0.0025391391756546923,0.0015391391756546923,carry_annualized__csz,fold_2025,2025
2025-11-10,30,6,6,-0.0022694390655464834,-0.01514414170938965,0.006437351321921583,1.0,0.0,2.0,0.006437351321921583,0.005837351321921583,0.005437351321921583,0.004437351321921583,carry_annualized__csz,fold_2025,2025
2025-11-17,30,6,6,-0.0015748204744308505,-0.033328515396028616,0.01587684746079888,1.0,0.0,2.0,0.01587684746079888,0.015276847460798881,0.01487684746079888,0.013876847460798881,carry_annualized__csz,fold_2025,2025
2025-11-24,30,6,6,0.0060931552154368665,0.005718299944946601,0.00018742763524513296,1.0,0.0,2.0,0.00018742763524513296,-0.000412572364754867,-0.0008125723647548671,-0.001812572364754867,carry_annualized__csz,fold_2025,2025
2025-12-01,30,6,6,-0.0099982776250607,-0.039023967457883633,0.014512844916411468,1.0,0.0,2.0,0.014512844916411468,0.013912844916411468,0.013512844916411467,0.012512844916411468,carry_annualized__csz,fold_2025,2025
2025-12-08,30,6,6,-0.0015649406874257167,-0.020995999421700814,0.009715529367137548,1.0,0.0,2.0,0.009715529367137548,0.009115529367137548,0.00871552936713755,0.007715529367137548,carry_annualized__csz,fold_2025,2025
2025-12-15,30,6,6,-0.0023339236492362666,0.027727651782712467,-0.015030787715974367,1.0,0.0,2.0,-0.015030787715974367,-0.015630787715974367,-0.016030787715974368,-0.01703078771597437,carry_annualized__csz,fold_2025,2025
2025-12-22,30,6,6,0.0140482403261634,0.00650490818687205,0.003771666069645675,1.0,0.0,2.0,0.003771666069645675,0.003171666069645675,0.002771666069645675,0.001771666069645675,carry_annualized__csz,fold_2025,2025
2025-01-02,30,6,6,-0.008643717017779867,0.002678744855383467,-0.005661230936581667,1.0,0.0,2.0,-0.005661230936581667,-0.006261230936581667,-0.006661230936581667,-0.007661230936581667,carry_annualized__missing,fold_2025,2025
2025-01-09,30,6,6,0.0075445210942481486,0.018594971169530666,-0.005525225037641258,1.0,0.0,2.0,-0.005525225037641258,-0.006125225037641258,-0.006525225037641258,-0.007525225037641258,carry_annualized__missing,fold_2025,2025
2025-01-16,30,6,6,-0.010761841957401931,-0.010041264596301166,-0.0003602886805503828,1.0,0.0,2.0,-0.0003602886805503828,-0.0009602886805503828,-0.0013602886805503828,-0.002360288680550383,carry_annualized__missing,fold_2025,2025
2025-01-23,30,6,6,0.026902164920274117,0.022760400240047135,0.0020708823401134908,1.0,0.0,2.0,0.0020708823401134908,0.001470882340113491,0.0010708823401134908,7.088234011349073e-05,carry_annualized__missing,fold_2025,2025
2025-02-07,30,6,6,0.0034579360473451504,0.014863603764137085,-0.005702833858395967,1.0,0.0,2.0,-0.005702833858395967,-0.006302833858395967,-0.006702833858395967,-0.007702833858395967,carry_annualized__missing,fold_2025,2025
2025-02-14,30,6,6,-0.0019584202884222503,-0.005546947229154684,0.0017942634703662168,1.0,0.0,2.0,0.0017942634703662168,0.001194263470366217,0.0007942634703662168,-0.0002057365296337832,carry_annualized__missing,fold_2025,2025
2025-02-21,30,6,6,-0.01620415741924312,-0.01981034273051052,0.0018030926556336993,1.0,0.0,2.0,0.0018030926556336993,0.0012030926556336995,0.0008030926556336993,-0.00019690734436630074,carry_annualized__missing,fold_2025,2025
2025-02-28,30,6,6,0.0017574808783526665,0.005772026116737082,-0.002007272619192208,1.0,0.0,2.0,-0.002007272619192208,-0.002607272619192208,-0.003007272619192208,-0.004007272619192208,carry_annualized__missing,fold_2025,2025
2025-03-07,30,6,6,0.01790988762657575,0.01117074853885155,0.0033695695438620997,1.0,0.0,2.0,0.0033695695438620997,0.0027695695438621,0.0023695695438620996,0.0013695695438620996,carry_annualized__missing,fold_2025,2025
2025-03-14,30,6,6,-0.00670018249429645,-0.005378130145819351,-0.0006610261742385497,1.0,0.0,2.0,-0.0006610261742385497,-0.0012610261742385495,-0.0016610261742385497,-0.0026610261742385497,carry_annualized__missing,fold_2025,2025
2025-03-21,30,6,6,0.008953652940416067,0.010443650073667751,-0.0007449985666258419,1.0,0.0,2.0,-0.0007449985666258419,-0.0013449985666258418,-0.001744998566625842,-0.002744998566625842,carry_annualized__missing,fold_2025,2025
2025-03-28,30,6,6,-0.05285900986506967,-0.042894403238588376,-0.004982303313240646,1.0,0.0,2.0,-0.004982303313240646,-0.0055823033132406455,-0.005982303313240646,-0.006982303313240646,carry_annualized__missing,fold_2025,2025
2025-04-07,30,6,6,0.0006071785515274665,0.015950776796268846,-0.00767179912237069,1.0,0.0,2.0,-0.00767179912237069,-0.00827179912237069,-0.00867179912237069,-0.00967179912237069,carry_annualized__missing,fold_2025,2025
2025-04-14,30,6,6,-0.00027935445437895037,0.013286368781465817,-0.006782861617922384,1.0,0.0,2.0,-0.006782861617922384,-0.0073828616179223835,-0.007782861617922384,-0.008782861617922383,carry_annualized__missing,fold_2025,2025
2025-04-21,30,6,6,0.0040523527979588825,0.002419965293180782,0.0008161937523890504,1.0,0.0,2.0,0.0008161937523890504,0.00021619375238905042,-0.00018380624761094966,-0.0011838062476109497,carry_annualized__missing,fold_2025,2025
2025-04-28,30,6,6,-0.00718951193955315,-0.003936962928007667,-0.0016262745057727414,1.0,0.0,2.0,-0.0016262745057727414,-0.0022262745057727413,-0.0026262745057727415,-0.0036262745057727415,carry_annualized__missing,fold_2025,2025
2025-05-08,30,6,6,0.019815468992626633,0.0028483170635519007,0.008483575964537367,1.0,0.0,2.0,0.008483575964537367,0.007883575964537367,0.007483575964537367,0.006483575964537367,carry_annualized__missing,fold_2025,2025
2025-05-15,30,6,6,-0.008674213807957432,0.010849661334130331,-0.00976193757104388,1.0,0.0,2.0,-0.00976193757104388,-0.01036193757104388,-0.010761937571043882,-0.01176193757104388,carry_annualized__missing,fold_2025,2025
2025-05-22,30,6,6,-0.00954213346398895,-0.0035272785088116504,-0.003007427477588649,1.0,0.0,2.0,-0.003007427477588649,-0.003607427477588649,-0.004007427477588649,-0.005007427477588649,carry_annualized__missing,fold_2025,2025
2025-05-29,30,6,6,-0.0005790636159993161,0.014508581917736768,-0.007543822766868042,1.0,0.0,2.0,-0.007543822766868042,-0.008143822766868042,-0.00854382276686804,-0.009543822766868042,carry_annualized__missing,fold_2025,2025
2025-06-06,30,6,6,0.0033019887739572508,0.019711426020677814,-0.008204718623360282,1.0,0.0,2.0,-0.008204718623360282,-0.008804718623360281,-0.00920471862336028,-0.010204718623360282,carry_annualized__missing,fold_2025,2025
2025-06-13,30,6,6,0.0173628603516897,-0.0011935753651476004,0.00927821785841865,1.0,0.0,2.0,0.00927821785841865,0.00867821785841865,0.00827821785841865,0.00727821785841865,carry_annualized__missing,fold_2025,2025
2025-06-20,30,6,6,0.0023028730457931674,-0.008058875973531167,0.005180874509662167,1.0,0.0,2.0,0.005180874509662167,0.004580874509662167,0.004180874509662167,0.003180874509662167,carry_annualized__missing,fold_2025,2025
2025-06-27,30,6,6,-0.00785162858114365,0.005339474566943615,-0.006595551574043632,1.0,0.0,2.0,-0.006595551574043632,-0.007195551574043632,-0.007595551574043632,-0.008595551574043632,carry_annualized__missing,fold_2025,2025
2025-07-04,30,6,6,0.0020300883267077665,0.0042093070008472665,-0.00108960933706975,1.0,0.0,2.0,-0.00108960933706975,-0.00168960933706975,-0.00208960933706975,-0.00308960933706975,carry_annualized__missing,fold_2025,2025
2025-07-11,30,6,6,0.007227328275879533,0.011489358573184434,-0.0021310151486524506,1.0,0.0,2.0,-0.0021310151486524506,-0.0027310151486524504,-0.0031310151486524506,-0.004131015148652451,carry_annualized__missing,fold_2025,2025
2025-07-18,30,6,6,0.029617424693904177,-0.0029559740183212665,0.01628669935611272,1.0,0.0,2.0,0.01628669935611272,0.01568669935611272,0.01528669935611272,0.01428669935611272,carry_annualized__missing,fold_2025,2025
2025-07-25,30,6,6,-0.027846398976976383,-0.013499312316345819,-0.007173543330315282,1.0,0.0,2.0,-0.007173543330315282,-0.007773543330315282,-0.008173543330315282,-0.009173543330315281,carry_annualized__missing,fold_2025,2025
2025-08-01,30,6,6,0.0014243173537378667,0.0005787767275901495,0.0004227703130738586,1.0,0.0,2.0,0.0004227703130738586,-0.00017722968692614134,-0.0005772296869261415,-0.0015772296869261415,carry_annualized__missing,fold_2025,2025
2025-08-08,30,6,6,0.0025939619157738327,-0.0022418809471628676,0.00241792143146835,1.0,0.0,2.0,0.00241792143146835,0.0018179214314683503,0.0014179214314683501,0.0004179214314683501,carry_annualized__missing,fold_2025,2025
2025-08-15,30,6,6,0.0012950442177015996,-0.002338449687004533,0.0018167469523530664,1.0,0.0,2.0,0.0018167469523530664,0.0012167469523530665,0.0008167469523530663,-0.00018325304764693368,carry_annualized__missing,fold_2025,2025
2025-08-22,30,6,6,-0.0019313791185518994,0.012935063055888084,-0.007433221087219992,1.0,0.0,2.0,-0.007433221087219992,-0.008033221087219992,-0.008433221087219993,-0.009433221087219992,carry_annualized__missing,fold_2025,2025
2025-08-29,30,6,6,-0.0084443572778612,0.013571207026897333,-0.011007782152379266,1.0,0.0,2.0,-0.011007782152379266,-0.011607782152379266,-0.012007782152379267,-0.013007782152379266,carry_annualized__missing,fold_2025,2025
2025-09-05,30,6,6,-0.0005762771760395334,0.0031450674959040497,-0.0018606723359717915,1.0,0.0,2.0,-0.0018606723359717915,-0.0024606723359717913,-0.0028606723359717915,-0.0038606723359717915,carry_annualized__missing,fold_2025,2025
2025-09-12,30,6,6,-0.008725268600990018,-0.009176544147441233,0.00022563777322560756,1.0,0.0,2.0,0.00022563777322560756,-0.0003743622267743924,-0.0007743622267743925,-0.0017743622267743925,carry_annualized__missing,fold_2025,2025
2025-09-19,30,6,6,-0.0011214552514313668,0.014820120683934632,-0.007970787967683,1.0,0.0,2.0,-0.007970787967683,-0.008570787967683,-0.008970787967683,-0.009970787967683,carry_annualized__missing,fold_2025,2025
2025-09-26,30,6,6,-0.0019246635046771664,0.013588858392057748,-0.007756760948367457,1.0,0.0,2.0,-0.007756760948367457,-0.008356760948367457,-0.008756760948367456,-0.009756760948367457,carry_annualized__missing,fold_2025,2025
2025-10-13,30,6,6,-0.009679442453695652,0.018394105626528167,-0.014036774040111909,1.0,0.0,2.0,-0.014036774040111909,-0.014636774040111909,-0.01503677404011191,-0.01603677404011191,carry_annualized__missing,fold_2025,2025
2025-10-20,30,6,6,0.01626273490873525,-0.009894342507996185,0.013078538708365717,1.0,0.0,2.0,0.013078538708365717,0.012478538708365718,0.012078538708365717,0.011078538708365717,carry_annualized__missing,fold_2025,2025
2025-10-27,30,6,6,-0.0036671327961840337,0.002981589654639483,-0.0033243612254117583,1.0,0.0,2.0,-0.0033243612254117583,-0.003924361225411758,-0.004324361225411758,-0.005324361225411758,carry_annualized__missing,fold_2025,2025
2025-11-03,30,6,6,0.007028989898778916,0.0011507681810089346,0.002939110858884991,1.0,0.0,2.0,0.002939110858884991,0.002339110858884991,0.0019391108588849909,0.0009391108588849909,carry_annualized__missing,fold_2025,2025
2025-11-10,30,6,6,0.00019128413961836654,0.0007793811584215337,-0.00029404850940158357,1.0,0.0,2.0,-0.00029404850940158357,-0.0008940485094015836,-0.0012940485094015835,-0.0022940485094015838,carry_annualized__missing,fold_2025,2025
2025-11-17,30,6,6,-0.008360079258358266,0.0019480626612953837,-0.005154070959826825,1.0,0.0,2.0,-0.005154070959826825,-0.005754070959826825,-0.006154070959826825,-0.007154070959826825,carry_annualized__missing,fold_2025,2025
2025-11-24,30,6,6,0.015452806013379283,0.027751933698168457,-0.006149563842394587,1.0,0.0,2.0,-0.006149563842394587,-0.0067495638423945865,-0.007149563842394587,-0.008149563842394587,carry_annualized__missing,fold_2025,2025
2025-12-01,30,6,6,0.001069490256261501,0.0043766118249291336,-0.0016535607843338163,1.0,0.0,2.0,-0.0016535607843338163,-0.002253560784333816,-0.0026535607843338163,-0.0036535607843338164,carry_annualized__missing,fold_2025,2025
2025-12-08,30,6,6,-0.0016668708379587492,0.018018225342415182,-0.009842548090186965,1.0,0.0,2.0,-0.009842548090186965,-0.010442548090186965,-0.010842548090186966,-0.011842548090186965,carry_annualized__missing,fold_2025,2025
2025-12-15,30,6,6,0.010940177992106934,0.0229013241673235,-0.005980573087608283,1.0,0.0,2.0,-0.005980573087608283,-0.006580573087608283,-0.006980573087608283,-0.007980573087608283,carry_annualized__missing,fold_2025,2025
2025-12-22,30,6,6,0.012249848924108886,0.031180981499353954,-0.009465566287622535,1.0,0.0,2.0,-0.009465566287622535,-0.010065566287622535,-0.010465566287622536,-0.011465566287622535,carry_annualized__missing,fold_2025,2025
2025-01-02,30,6,6,-0.03171907982191181,-0.030201962800467334,-0.0007585585107222365,1.0,0.0,2.0,-0.0007585585107222365,-0.0013585585107222364,-0.0017585585107222365,-0.0027585585107222366,carry_change_20__csz,fold_2025,2025
2025-01-09,30,6,6,0.0449953614049591,0.028582417304280402,0.008206472050339348,1.0,0.0,2.0,0.008206472050339348,0.0076064720503393485,0.007206472050339348,0.006206472050339348,carry_change_20__csz,fold_2025,2025
2025-01-16,30,6,6,0.0010127779080382003,-0.0022544179347493668,0.0016335979213937834,1.0,0.0,2.0,0.0016335979213937834,0.0010335979213937836,0.0006335979213937834,-0.00036640207860621664,carry_change_20__csz,fold_2025,2025
2025-01-23,30,6,6,0.019361192258434336,0.005755249181071166,0.006802971538681585,1.0,0.0,2.0,0.006802971538681585,0.006202971538681585,0.005802971538681585,0.004802971538681585,carry_change_20__csz,fold_2025,2025
2025-02-07,30,6,6,-0.0033778687414917664,-0.013673117414305498,0.005147624336406866,1.0,0.0,2.0,0.005147624336406866,0.004547624336406866,0.004147624336406866,0.003147624336406866,carry_change_20__csz,fold_2025,2025
2025-02-14,30,6,6,0.013474992550506682,0.02297073491846027,-0.004747871183976794,1.0,0.0,2.0,-0.004747871183976794,-0.005347871183976794,-0.005747871183976794,-0.006747871183976794,carry_change_20__csz,fold_2025,2025
2025-02-21,30,6,6,-0.009716934801478432,-0.015899171814775435,0.0030911185066485013,1.0,0.0,2.0,0.0030911185066485013,0.0024911185066485014,0.0020911185066485012,0.0010911185066485012,carry_change_20__csz,fold_2025,2025
2025-02-28,30,6,6,-0.03192467245471852,-0.0158291941480778,-0.00804773915332036,1.0,0.0,2.0,-0.00804773915332036,-0.00864773915332036,-0.009047739153320359,-0.01004773915332036,carry_change_20__csz,fold_2025,2025
2025-03-07,30,6,6,0.005284159172112917,-0.0005530613999978334,0.002918610286055375,1.0,0.0,2.0,0.002918610286055375,0.002318610286055375,0.001918610286055375,0.000918610286055375,carry_change_20__csz,fold_2025,2025
2025-03-14,30,6,6,-0.031496670964718844,-0.002357190034508417,-0.014569740465105214,1.0,0.0,2.0,-0.014569740465105214,-0.015169740465105214,-0.015569740465105213,-0.016569740465105214,carry_change_20__csz,fold_2025,2025
2025-03-21,30,6,6,0.0004818827068844827,0.011731029823715334,-0.005624573558415426,1.0,0.0,2.0,-0.005624573558415426,-0.006224573558415426,-0.006624573558415426,-0.007624573558415426,carry_change_20__csz,fold_2025,2025
2025-03-28,30,6,6,-0.02995407671704414,-0.022426188244274097,-0.003763944236385021,1.0,0.0,2.0,-0.003763944236385021,-0.004363944236385021,-0.004763944236385021,-0.005763944236385021,carry_change_20__csz,fold_2025,2025
2025-04-07,30,6,6,-0.002845974149526833,-0.007113231678623881,0.002133628764548524,1.0,0.0,2.0,0.002133628764548524,0.0015336287645485243,0.0011336287645485241,0.0001336287645485241,carry_change_20__csz,fold_2025,2025
2025-04-14,30,6,6,-0.0009617120342409503,-0.020479029409675817,0.009758658687717433,1.0,0.0,2.0,0.009758658687717433,0.009158658687717433,0.008758658687717434,0.007758658687717433,carry_change_20__csz,fold_2025,2025
2025-04-21,30,6,6,0.0015144738874688334,0.005447136338060533,-0.0019663312252958497,1.0,0.0,2.0,-0.0019663312252958497,-0.0025663312252958495,-0.0029663312252958497,-0.00396633122529585,carry_change_20__csz,fold_2025,2025
2025-04-28,30,6,6,-0.03569829863811908,-0.02341949818739238,-0.006139400225363351,1.0,0.0,2.0,-0.006139400225363351,-0.006739400225363351,-0.007139400225363351,-0.008139400225363351,carry_change_20__csz,fold_2025,2025
2025-05-08,30,6,6,0.015969971199921534,0.0128550646547232,0.0015574532725991666,1.0,0.0,2.0,0.0015574532725991666,0.0009574532725991667,0.0005574532725991666,-0.0004425467274008334,carry_change_20__csz,fold_2025,2025
2025-05-15,30,6,6,-0.019198121585140015,-0.0065679277895783,-0.0063150968977808575,1.0,0.0,2.0,-0.0063150968977808575,-0.006915096897780857,-0.007315096897780858,-0.008315096897780858,carry_change_20__csz,fold_2025,2025
2025-05-22,30,6,6,-0.014761900851517901,-0.002467250264884168,-0.006147325293316867,1.0,0.0,2.0,-0.006147325293316867,-0.006747325293316867,-0.007147325293316867,-0.008147325293316868,carry_change_20__csz,fold_2025,2025
2025-05-29,30,6,6,-0.002327758614183767,0.0102058374327465,-0.006266798023465134,1.0,0.0,2.0,-0.006266798023465134,-0.006866798023465134,-0.007266798023465134,-0.008266798023465135,carry_change_20__csz,fold_2025,2025
2025-06-06,30,6,6,0.0009431477814110488,0.055637715727220434,-0.027347283972904694,1.0,0.0,2.0,-0.027347283972904694,-0.027947283972904694,-0.028347283972904695,-0.029347283972904696,carry_change_20__csz,fold_2025,2025
2025-06-13,30,6,6,0.028039127925705367,0.0249312319751967,0.0015539479752543339,1.0,0.0,2.0,0.0015539479752543339,0.0009539479752543339,0.0005539479752543338,-0.0004460520247456662,carry_change_20__csz,fold_2025,2025
2025-06-20,30,6,6,-0.006775552315532264,-0.03485353518891356,0.01403899143669065,1.0,0.0,2.0,0.01403899143669065,0.01343899143669065,0.013038991436690649,0.01203899143669065,carry_change_20__csz,fold_2025,2025
2025-06-27,30,6,6,2.0436860556816757e-05,0.0054165404864932,-0.002698051812968192,1.0,0.0,2.0,-0.002698051812968192,-0.0032980518129681917,-0.003698051812968192,-0.004698051812968192,carry_change_20__csz,fold_2025,2025
2025-07-04,30,6,6,-0.0004467266264814829,0.016736122217340083,-0.008591424421910783,1.0,0.0,2.0,-0.008591424421910783,-0.009191424421910782,-0.009591424421910782,-0.010591424421910783,carry_change_20__csz,fold_2025,2025
2025-07-11,30,6,6,0.02107442756799892,0.017949675200369716,0.0015623761838146014,1.0,0.0,2.0,0.0015623761838146014,0.0009623761838146015,0.0005623761838146014,-0.0004376238161853986,carry_change_20__csz,fold_2025,2025
2025-07-18,30,6,6,-0.008448466935325317,0.06343381722019364,-0.03594114207775948,1.0,0.0,2.0,-0.03594114207775948,-0.036541142077759485,-0.03694114207775948,-0.037941142077759483,carry_change_20__csz,fold_2025,2025
2025-07-25,30,6,6,-0.0485774103634344,-0.04189094042900135,-0.003343234967216526,1.0,0.0,2.0,-0.003343234967216526,-0.003943234967216526,-0.004343234967216526,-0.005343234967216526,carry_change_20__csz,fold_2025,2025
2025-08-01,30,6,6,-0.0060439765091488,0.018187960812551467,-0.012115968660850133,1.0,0.0,2.0,-0.012115968660850133,-0.012715968660850133,-0.013115968660850134,-0.014115968660850133,carry_change_20__csz,fold_2025,2025
2025-08-08,30,6,6,-0.009403081215839583,-0.00023742105172091802,-0.004582830082059333,1.0,0.0,2.0,-0.004582830082059333,-0.005182830082059333,-0.005582830082059333,-0.006582830082059333,carry_change_20__csz,fold_2025,2025
2025-08-15,30,6,6,-0.012225884725937768,-0.008425122310189983,-0.0019003812078738922,1.0,0.0,2.0,-0.0019003812078738922,-0.002500381207873892,-0.002900381207873892,-0.0039003812078738922,carry_change_20__csz,fold_2025,2025
2025-08-22,30,6,6,0.0003823023277819161,-0.014420293183339967,0.007401297755560941,1.0,0.0,2.0,0.007401297755560941,0.0068012977555609415,0.006401297755560941,0.005401297755560941,carry_change_20__csz,fold_2025,2025
2025-08-29,30,6,6,0.0021613394076205336,-0.0035657547189875175,0.0028635470633040254,1.0,0.0,2.0,0.0028635470633040254,0.0022635470633040255,0.0018635470633040253,0.0008635470633040253,carry_change_20__csz,fold_2025,2025
2025-09-05,30,6,6,0.0046436200445466175,-0.005828658025709285,0.005236139035127952,1.0,0.0,2.0,0.005236139035127952,0.004636139035127952,0.004236139035127952,0.0032361390351279516,carry_change_20__csz,fold_2025,2025
2025-09-12,30,6,6,0.005234811327008084,0.009729838679256796,-0.002247513676124356,1.0,0.0,2.0,-0.002247513676124356,-0.002847513676124356,-0.003247513676124356,-0.004247513676124356,carry_change_20__csz,fold_2025,2025
2025-09-19,30,6,6,-0.014403450931216552,-0.015526137757306416,0.0005613434130449322,1.0,0.0,2.0,0.0005613434130449322,-3.865658695506775e-05,-0.0004386565869550678,-0.0014386565869550678,carry_change_20__csz,fold_2025,2025
2025-09-26,30,6,6,-0.018213170451574053,-0.01702409993060135,-0.0005945352604863514,1.0,0.0,2.0,-0.0005945352604863514,-0.0011945352604863513,-0.0015945352604863515,-0.0025945352604863515,carry_change_20__csz,fold_2025,2025
2025-10-13,30,6,6,0.005553883960060633,-0.0020727540111078664,0.00381331898558425,1.0,0.0,2.0,0.00381331898558425,0.0032133189855842502,0.00281331898558425,0.00181331898558425,carry_change_20__csz,fold_2025,2025
2025-10-20,30,6,6,0.03052595768125145,0.02065073597651512,0.004937610852368166,1.0,0.0,2.0,0.004937610852368166,0.004337610852368166,0.003937610852368166,0.002937610852368166,carry_change_20__csz,fold_2025,2025
2025-10-27,30,6,6,-0.015213139805188384,-0.01199589238769565,-0.0016086237087463671,1.0,0.0,2.0,-0.0016086237087463671,-0.002208623708746367,-0.002608623708746367,-0.003608623708746367,carry_change_20__csz,fold_2025,2025
2025-11-03,30,6,6,0.003994116383791484,-0.01597079495946863,0.009982455671630057,1.0,0.0,2.0,0.009982455671630057,0.009382455671630057,0.008982455671630057,0.007982455671630057,carry_change_20__csz,fold_2025,2025
2025-11-10,30,6,6,-0.006492338091298532,0.0008022041987623672,-0.00364727114503045,1.0,0.0,2.0,-0.00364727114503045,-0.00424727114503045,-0.00464727114503045,-0.00564727114503045,carry_change_20__csz,fold_2025,2025
2025-11-17,30,6,6,-0.024959336028502314,-0.011101619538599351,-0.006928858244951481,1.0,0.0,2.0,-0.006928858244951481,-0.007528858244951481,-0.007928858244951481,-0.00892885824495148,carry_change_20__csz,fold_2025,2025
2025-11-24,30,6,6,0.0055499285665973,-0.0008083180789996161,0.0031791233227984584,1.0,0.0,2.0,0.0031791233227984584,0.0025791233227984585,0.0021791233227984584,0.0011791233227984583,carry_change_20__csz,fold_2025,2025
2025-12-01,30,6,6,-0.020994865394019364,-0.016994960923782537,-0.0019999522351184136,1.0,0.0,2.0,-0.0019999522351184136,-0.0025999522351184134,-0.0029999522351184136,-0.003999952235118414,carry_change_20__csz,fold_2025,2025
2025-12-08,30,6,6,-0.010369332707092517,-0.012412292096142167,0.0010214796945248253,1.0,0.0,2.0,0.0010214796945248253,0.00042147969452482534,2.1479694524825267e-05,-0.0009785203054751748,carry_change_20__csz,fold_2025,2025
2025-12-15,30,6,6,-0.008807735793335833,0.023328425009392462,-0.01606808040136415,1.0,0.0,2.0,-0.01606808040136415,-0.01666808040136415,-0.01706808040136415,-0.01806808040136415,carry_change_20__csz,fold_2025,2025
2025-12-22,30,6,6,0.007529660860681117,0.017116004210160133,-0.004793171674739508,1.0,0.0,2.0,-0.004793171674739508,-0.005393171674739508,-0.005793171674739508,-0.006793171674739508,carry_change_20__csz,fold_2025,2025
2025-01-02,30,6,6,-0.008643717017779867,0.002678744855383467,-0.005661230936581667,1.0,0.0,2.0,-0.005661230936581667,-0.006261230936581667,-0.006661230936581667,-0.007661230936581667,carry_change_20__missing,fold_2025,2025
2025-01-09,30,6,6,0.0075445210942481486,0.018594971169530666,-0.005525225037641258,1.0,0.0,2.0,-0.005525225037641258,-0.006125225037641258,-0.006525225037641258,-0.007525225037641258,carry_change_20__missing,fold_2025,2025
2025-01-16,30,6,6,-0.010761841957401931,-0.010041264596301166,-0.0003602886805503828,1.0,0.0,2.0,-0.0003602886805503828,-0.0009602886805503828,-0.0013602886805503828,-0.002360288680550383,carry_change_20__missing,fold_2025,2025
2025-01-23,30,6,6,0.026902164920274117,0.022760400240047135,0.0020708823401134908,1.0,0.0,2.0,0.0020708823401134908,0.001470882340113491,0.0010708823401134908,7.088234011349073e-05,carry_change_20__missing,fold_2025,2025
2025-02-07,30,6,6,0.0034579360473451504,0.014863603764137085,-0.005702833858395967,1.0,0.0,2.0,-0.005702833858395967,-0.006302833858395967,-0.006702833858395967,-0.007702833858395967,carry_change_20__missing,fold_2025,2025
2025-02-14,30,6,6,-0.0019584202884222503,-0.005546947229154684,0.0017942634703662168,1.0,0.0,2.0,0.0017942634703662168,0.001194263470366217,0.0007942634703662168,-0.0002057365296337832,carry_change_20__missing,fold_2025,2025
2025-02-21,30,6,6,-0.01620415741924312,-0.01981034273051052,0.0018030926556336993,1.0,0.0,2.0,0.0018030926556336993,0.0012030926556336995,0.0008030926556336993,-0.00019690734436630074,carry_change_20__missing,fold_2025,2025
2025-02-28,30,6,6,0.0017574808783526665,0.005772026116737082,-0.002007272619192208,1.0,0.0,2.0,-0.002007272619192208,-0.002607272619192208,-0.003007272619192208,-0.004007272619192208,carry_change_20__missing,fold_2025,2025
2025-03-07,30,6,6,0.01790988762657575,0.01117074853885155,0.0033695695438620997,1.0,0.0,2.0,0.0033695695438620997,0.0027695695438621,0.0023695695438620996,0.0013695695438620996,carry_change_20__missing,fold_2025,2025
2025-03-14,30,6,6,-0.00670018249429645,-0.005378130145819351,-0.0006610261742385497,1.0,0.0,2.0,-0.0006610261742385497,-0.0012610261742385495,-0.0016610261742385497,-0.0026610261742385497,carry_change_20__missing,fold_2025,2025
2025-03-21,30,6,6,0.008953652940416067,0.010443650073667751,-0.0007449985666258419,1.0,0.0,2.0,-0.0007449985666258419,-0.0013449985666258418,-0.001744998566625842,-0.002744998566625842,carry_change_20__missing,fold_2025,2025
2025-03-28,30,6,6,-0.05285900986506967,-0.042894403238588376,-0.004982303313240646,1.0,0.0,2.0,-0.004982303313240646,-0.0055823033132406455,-0.005982303313240646,-0.006982303313240646,carry_change_20__missing,fold_2025,2025
2025-04-07,30,6,6,0.0006071785515274665,0.015950776796268846,-0.00767179912237069,1.0,0.0,2.0,-0.00767179912237069,-0.00827179912237069,-0.00867179912237069,-0.00967179912237069,carry_change_20__missing,fold_2025,2025
2025-04-14,30,6,6,-0.00027935445437895037,0.013286368781465817,-0.006782861617922384,1.0,0.0,2.0,-0.006782861617922384,-0.0073828616179223835,-0.007782861617922384,-0.008782861617922383,carry_change_20__missing,fold_2025,2025
2025-04-21,30,6,6,0.0040523527979588825,0.002419965293180782,0.0008161937523890504,1.0,0.0,2.0,0.0008161937523890504,0.00021619375238905042,-0.00018380624761094966,-0.0011838062476109497,carry_change_20__missing,fold_2025,2025
2025-04-28,30,6,6,-0.00718951193955315,-0.003936962928007667,-0.0016262745057727414,1.0,0.0,2.0,-0.0016262745057727414,-0.0022262745057727413,-0.0026262745057727415,-0.0036262745057727415,carry_change_20__missing,fold_2025,2025
2025-05-08,30,6,6,0.019815468992626633,0.0028483170635519007,0.008483575964537367,1.0,0.0,2.0,0.008483575964537367,0.007883575964537367,0.007483575964537367,0.006483575964537367,carry_change_20__missing,fold_2025,2025
2025-05-15,30,6,6,-0.008674213807957432,0.010849661334130331,-0.00976193757104388,1.0,0.0,2.0,-0.00976193757104388,-0.01036193757104388,-0.010761937571043882,-0.01176193757104388,carry_change_20__missing,fold_2025,2025
2025-05-22,30,6,6,-0.00954213346398895,-0.0035272785088116504,-0.003007427477588649,1.0,0.0,2.0,-0.003007427477588649,-0.003607427477588649,-0.004007427477588649,-0.005007427477588649,carry_change_20__missing,fold_2025,2025
2025-05-29,30,6,6,-0.0005790636159993161,0.014508581917736768,-0.007543822766868042,1.0,0.0,2.0,-0.007543822766868042,-0.008143822766868042,-0.00854382276686804,-0.009543822766868042,carry_change_20__missing,fold_2025,2025
2025-06-06,30,6,6,0.0033019887739572508,0.019711426020677814,-0.008204718623360282,1.0,0.0,2.0,-0.008204718623360282,-0.008804718623360281,-0.00920471862336028,-0.010204718623360282,carry_change_20__missing,fold_2025,2025
2025-06-13,30,6,6,0.0173628603516897,-0.0011935753651476004,0.00927821785841865,1.0,0.0,2.0,0.00927821785841865,0.00867821785841865,0.00827821785841865,0.00727821785841865,carry_change_20__missing,fold_2025,2025
2025-06-20,30,6,6,0.0023028730457931674,-0.008058875973531167,0.005180874509662167,1.0,0.0,2.0,0.005180874509662167,0.004580874509662167,0.004180874509662167,0.003180874509662167,carry_change_20__missing,fold_2025,2025
2025-06-27,30,6,6,-0.00785162858114365,0.005339474566943615,-0.006595551574043632,1.0,0.0,2.0,-0.006595551574043632,-0.007195551574043632,-0.007595551574043632,-0.008595551574043632,carry_change_20__missing,fold_2025,2025
2025-07-04,30,6,6,0.0020300883267077665,0.0042093070008472665,-0.00108960933706975,1.0,0.0,2.0,-0.00108960933706975,-0.00168960933706975,-0.00208960933706975,-0.00308960933706975,carry_change_20__missing,fold_2025,2025
2025-07-11,30,6,6,0.007227328275879533,0.011489358573184434,-0.0021310151486524506,1.0,0.0,2.0,-0.0021310151486524506,-0.0027310151486524504,-0.0031310151486524506,-0.004131015148652451,carry_change_20__missing,fold_2025,2025
2025-07-18,30,6,6,0.029617424693904177,-0.0029559740183212665,0.01628669935611272,1.0,0.0,2.0,0.01628669935611272,0.01568669935611272,0.01528669935611272,0.01428669935611272,carry_change_20__missing,fold_2025,2025
2025-07-25,30,6,6,-0.027846398976976383,-0.013499312316345819,-0.007173543330315282,1.0,0.0,2.0,-0.007173543330315282,-0.007773543330315282,-0.008173543330315282,-0.009173543330315281,carry_change_20__missing,fold_2025,2025
2025-08-01,30,6,6,0.0014243173537378667,0.0005787767275901495,0.0004227703130738586,1.0,0.0,2.0,0.0004227703130738586,-0.00017722968692614134,-0.0005772296869261415,-0.0015772296869261415,carry_change_20__missing,fold_2025,2025
2025-08-08,30,6,6,0.0025939619157738327,-0.0022418809471628676,0.00241792143146835,1.0,0.0,2.0,0.00241792143146835,0.0018179214314683503,0.0014179214314683501,0.0004179214314683501,carry_change_20__missing,fold_2025,2025
2025-08-15,30,6,6,0.0012950442177015996,-0.002338449687004533,0.0018167469523530664,1.0,0.0,2.0,0.0018167469523530664,0.0012167469523530665,0.0008167469523530663,-0.00018325304764693368,carry_change_20__missing,fold_2025,2025
2025-08-22,30,6,6,-0.0019313791185518994,0.012935063055888084,-0.007433221087219992,1.0,0.0,2.0,-0.007433221087219992,-0.008033221087219992,-0.008433221087219993,-0.009433221087219992,carry_change_20__missing,fold_2025,2025
2025-08-29,30,6,6,-0.0084443572778612,0.013571207026897333,-0.011007782152379266,1.0,0.0,2.0,-0.011007782152379266,-0.011607782152379266,-0.012007782152379267,-0.013007782152379266,carry_change_20__missing,fold_2025,2025
2025-09-05,30,6,6,-0.0005762771760395334,0.0031450674959040497,-0.0018606723359717915,1.0,0.0,2.0,-0.0018606723359717915,-0.0024606723359717913,-0.0028606723359717915,-0.0038606723359717915,carry_change_20__missing,fold_2025,2025
2025-09-12,30,6,6,-0.008725268600990018,-0.009176544147441233,0.00022563777322560756,1.0,0.0,2.0,0.00022563777322560756,-0.0003743622267743924,-0.0007743622267743925,-0.0017743622267743925,carry_change_20__missing,fold_2025,2025
2025-09-19,30,6,6,-0.0011214552514313668,0.014820120683934632,-0.007970787967683,1.0,0.0,2.0,-0.007970787967683,-0.008570787967683,-0.008970787967683,-0.009970787967683,carry_change_20__missing,fold_2025,2025
2025-09-26,30,6,6,-0.0019246635046771664,0.013588858392057748,-0.007756760948367457,1.0,0.0,2.0,-0.007756760948367457,-0.008356760948367457,-0.008756760948367456,-0.009756760948367457,carry_change_20__missing,fold_2025,2025
2025-10-13,30,6,6,-0.009679442453695652,0.018394105626528167,-0.014036774040111909,1.0,0.0,2.0,-0.014036774040111909,-0.014636774040111909,-0.01503677404011191,-0.01603677404011191,carry_change_20__missing,fold_2025,2025
2025-10-20,30,6,6,0.01626273490873525,-0.009894342507996185,0.013078538708365717,1.0,0.0,2.0,0.013078538708365717,0.012478538708365718,0.012078538708365717,0.011078538708365717,carry_change_20__missing,fold_2025,2025
2025-10-27,30,6,6,-0.0036671327961840337,0.002981589654639483,-0.0033243612254117583,1.0,0.0,2.0,-0.0033243612254117583,-0.003924361225411758,-0.004324361225411758,-0.005324361225411758,carry_change_20__missing,fold_2025,2025
2025-11-03,30,6,6,0.007028989898778916,0.0011507681810089346,0.002939110858884991,1.0,0.0,2.0,0.002939110858884991,0.002339110858884991,0.0019391108588849909,0.0009391108588849909,carry_change_20__missing,fold_2025,2025
2025-11-10,30,6,6,0.00019128413961836654,0.0007793811584215337,-0.00029404850940158357,1.0,0.0,2.0,-0.00029404850940158357,-0.0008940485094015836,-0.0012940485094015835,-0.0022940485094015838,carry_change_20__missing,fold_2025,2025
2025-11-17,30,6,6,-0.008360079258358266,0.0019480626612953837,-0.005154070959826825,1.0,0.0,2.0,-0.005154070959826825,-0.005754070959826825,-0.006154070959826825,-0.007154070959826825,carry_change_20__missing,fold_2025,2025
2025-11-24,30,6,6,0.015452806013379283,0.027751933698168457,-0.006149563842394587,1.0,0.0,2.0,-0.006149563842394587,-0.0067495638423945865,-0.007149563842394587,-0.008149563842394587,carry_change_20__missing,fold_2025,2025
2025-12-01,30,6,6,0.001069490256261501,0.0043766118249291336,-0.0016535607843338163,1.0,0.0,2.0,-0.0016535607843338163,-0.002253560784333816,-0.0026535607843338163,-0.0036535607843338164,carry_change_20__missing,fold_2025,2025
2025-12-08,30,6,6,-0.0016668708379587492,0.018018225342415182,-0.009842548090186965,1.0,0.0,2.0,-0.009842548090186965,-0.010442548090186965,-0.010842548090186966,-0.011842548090186965,carry_change_20__missing,fold_2025,2025
2025-12-15,30,6,6,0.010940177992106934,0.0229013241673235,-0.005980573087608283,1.0,0.0,2.0,-0.005980573087608283,-0.006580573087608283,-0.006980573087608283,-0.007980573087608283,carry_change_20__missing,fold_2025,2025
2025-12-22,30,6,6,0.012249848924108886,0.031180981499353954,-0.009465566287622535,1.0,0.0,2.0,-0.009465566287622535,-0.010065566287622535,-0.010465566287622536,-0.011465566287622535,carry_change_20__missing,fold_2025,2025
2025-01-02,30,6,6,-0.008643717017779867,0.002678744855383467,-0.005661230936581667,1.0,0.0,2.0,-0.005661230936581667,-0.006261230936581667,-0.006661230936581667,-0.007661230936581667,basis_fresh__csz,fold_2025,2025
2025-01-09,30,6,6,0.0075445210942481486,0.018594971169530666,-0.005525225037641258,1.0,0.0,2.0,-0.005525225037641258,-0.006125225037641258,-0.006525225037641258,-0.007525225037641258,basis_fresh__csz,fold_2025,2025
2025-01-16,30,6,6,-0.010761841957401931,-0.010041264596301166,-0.0003602886805503828,1.0,0.0,2.0,-0.0003602886805503828,-0.0009602886805503828,-0.0013602886805503828,-0.002360288680550383,basis_fresh__csz,fold_2025,2025
2025-01-23,30,6,6,0.026902164920274117,0.022760400240047135,0.0020708823401134908,1.0,0.0,2.0,0.0020708823401134908,0.001470882340113491,0.0010708823401134908,7.088234011349073e-05,basis_fresh__csz,fold_2025,2025
2025-02-07,30,6,6,0.0034579360473451504,0.014863603764137085,-0.005702833858395967,1.0,0.0,2.0,-0.005702833858395967,-0.006302833858395967,-0.006702833858395967,-0.007702833858395967,basis_fresh__csz,fold_2025,2025
2025-02-14,30,6,6,-0.0019584202884222503,-0.005546947229154684,0.0017942634703662168,1.0,0.0,2.0,0.0017942634703662168,0.001194263470366217,0.0007942634703662168,-0.0002057365296337832,basis_fresh__csz,fold_2025,2025
2025-02-21,30,6,6,-0.01620415741924312,-0.01981034273051052,0.0018030926556336993,1.0,0.0,2.0,0.0018030926556336993,0.0012030926556336995,0.0008030926556336993,-0.00019690734436630074,basis_fresh__csz,fold_2025,2025
2025-02-28,30,6,6,0.0017574808783526665,0.005772026116737082,-0.002007272619192208,1.0,0.0,2.0,-0.002007272619192208,-0.002607272619192208,-0.003007272619192208,-0.004007272619192208,basis_fresh__csz,fold_2025,2025
2025-03-07,30,6,6,0.01790988762657575,0.01117074853885155,0.0033695695438620997,1.0,0.0,2.0,0.0033695695438620997,0.0027695695438621,0.0023695695438620996,0.0013695695438620996,basis_fresh__csz,fold_2025,2025
2025-03-14,30,6,6,-0.00670018249429645,-0.005378130145819351,-0.0006610261742385497,1.0,0.0,2.0,-0.0006610261742385497,-0.0012610261742385495,-0.0016610261742385497,-0.0026610261742385497,basis_fresh__csz,fold_2025,2025
2025-03-21,30,6,6,0.008953652940416067,0.010443650073667751,-0.0007449985666258419,1.0,0.0,2.0,-0.0007449985666258419,-0.0013449985666258418,-0.001744998566625842,-0.002744998566625842,basis_fresh__csz,fold_2025,2025
2025-03-28,30,6,6,-0.05285900986506967,-0.042894403238588376,-0.004982303313240646,1.0,0.0,2.0,-0.004982303313240646,-0.0055823033132406455,-0.005982303313240646,-0.006982303313240646,basis_fresh__csz,fold_2025,2025
2025-04-07,30,6,6,0.0006071785515274665,0.015950776796268846,-0.00767179912237069,1.0,0.0,2.0,-0.00767179912237069,-0.00827179912237069,-0.00867179912237069,-0.00967179912237069,basis_fresh__csz,fold_2025,2025
2025-04-14,30,6,6,-0.00027935445437895037,0.013286368781465817,-0.006782861617922384,1.0,0.0,2.0,-0.006782861617922384,-0.0073828616179223835,-0.007782861617922384,-0.008782861617922383,basis_fresh__csz,fold_2025,2025
2025-04-21,30,6,6,0.0040523527979588825,0.002419965293180782,0.0008161937523890504,1.0,0.0,2.0,0.0008161937523890504,0.00021619375238905042,-0.00018380624761094966,-0.0011838062476109497,basis_fresh__csz,fold_2025,2025
2025-04-28,30,6,6,-0.00718951193955315,-0.003936962928007667,-0.0016262745057727414,1.0,0.0,2.0,-0.0016262745057727414,-0.0022262745057727413,-0.0026262745057727415,-0.0036262745057727415,basis_fresh__csz,fold_2025,2025
2025-05-08,30,6,6,0.019815468992626633,0.0028483170635519007,0.008483575964537367,1.0,0.0,2.0,0.008483575964537367,0.007883575964537367,0.007483575964537367,0.006483575964537367,basis_fresh__csz,fold_2025,2025
2025-05-15,30,6,6,-0.008674213807957432,0.010849661334130331,-0.00976193757104388,1.0,0.0,2.0,-0.00976193757104388,-0.01036193757104388,-0.010761937571043882,-0.01176193757104388,basis_fresh__csz,fold_2025,2025
2025-05-22,30,6,6,-0.00954213346398895,-0.0035272785088116504,-0.003007427477588649,1.0,0.0,2.0,-0.003007427477588649,-0.003607427477588649,-0.004007427477588649,-0.005007427477588649,basis_fresh__csz,fold_2025,2025
2025-05-29,30,6,6,-0.0005790636159993161,0.014508581917736768,-0.007543822766868042,1.0,0.0,2.0,-0.007543822766868042,-0.008143822766868042,-0.00854382276686804,-0.009543822766868042,basis_fresh__csz,fold_2025,2025
2025-06-06,30,6,6,0.0033019887739572508,0.019711426020677814,-0.008204718623360282,1.0,0.0,2.0,-0.008204718623360282,-0.008804718623360281,-0.00920471862336028,-0.010204718623360282,basis_fresh__csz,fold_2025,2025
2025-06-13,30,6,6,0.0173628603516897,-0.0011935753651476004,0.00927821785841865,1.0,0.0,2.0,0.00927821785841865,0.00867821785841865,0.00827821785841865,0.00727821785841865,basis_fresh__csz,fold_2025,2025
2025-06-20,30,6,6,0.0023028730457931674,-0.008058875973531167,0.005180874509662167,1.0,0.0,2.0,0.005180874509662167,0.004580874509662167,0.004180874509662167,0.003180874509662167,basis_fresh__csz,fold_2025,2025
2025-06-27,30,6,6,-0.00785162858114365,0.005339474566943615,-0.006595551574043632,1.0,0.0,2.0,-0.006595551574043632,-0.007195551574043632,-0.007595551574043632,-0.008595551574043632,basis_fresh__csz,fold_2025,2025
2025-07-04,30,6,6,0.0020300883267077665,0.0042093070008472665,-0.00108960933706975,1.0,0.0,2.0,-0.00108960933706975,-0.00168960933706975,-0.00208960933706975,-0.00308960933706975,basis_fresh__csz,fold_2025,2025
2025-07-11,30,6,6,0.007227328275879533,0.011489358573184434,-0.0021310151486524506,1.0,0.0,2.0,-0.0021310151486524506,-0.0027310151486524504,-0.0031310151486524506,-0.004131015148652451,basis_fresh__csz,fold_2025,2025
2025-07-18,30,6,6,0.029617424693904177,-0.0029559740183212665,0.01628669935611272,1.0,0.0,2.0,0.01628669935611272,0.01568669935611272,0.01528669935611272,0.01428669935611272,basis_fresh__csz,fold_2025,2025
2025-07-25,30,6,6,-0.027846398976976383,-0.013499312316345819,-0.007173543330315282,1.0,0.0,2.0,-0.007173543330315282,-0.007773543330315282,-0.008173543330315282,-0.009173543330315281,basis_fresh__csz,fold_2025,2025
2025-08-01,30,6,6,0.0014243173537378667,0.0005787767275901495,0.0004227703130738586,1.0,0.0,2.0,0.0004227703130738586,-0.00017722968692614134,-0.0005772296869261415,-0.0015772296869261415,basis_fresh__csz,fold_2025,2025
2025-08-08,30,6,6,0.0025939619157738327,-0.0022418809471628676,0.00241792143146835,1.0,0.0,2.0,0.00241792143146835,0.0018179214314683503,0.0014179214314683501,0.0004179214314683501,basis_fresh__csz,fold_2025,2025
2025-08-15,30,6,6,0.0012950442177015996,-0.002338449687004533,0.0018167469523530664,1.0,0.0,2.0,0.0018167469523530664,0.0012167469523530665,0.0008167469523530663,-0.00018325304764693368,basis_fresh__csz,fold_2025,2025
2025-08-22,30,6,6,-0.0019313791185518994,0.012935063055888084,-0.007433221087219992,1.0,0.0,2.0,-0.007433221087219992,-0.008033221087219992,-0.008433221087219993,-0.009433221087219992,basis_fresh__csz,fold_2025,2025
2025-08-29,30,6,6,-0.0084443572778612,0.013571207026897333,-0.011007782152379266,1.0,0.0,2.0,-0.011007782152379266,-0.011607782152379266,-0.012007782152379267,-0.013007782152379266,basis_fresh__csz,fold_2025,2025
2025-09-05,30,6,6,-0.0005762771760395334,0.0031450674959040497,-0.0018606723359717915,1.0,0.0,2.0,-0.0018606723359717915,-0.0024606723359717913,-0.0028606723359717915,-0.0038606723359717915,basis_fresh__csz,fold_2025,2025
2025-09-12,30,6,6,-0.008725268600990018,-0.009176544147441233,0.00022563777322560756,1.0,0.0,2.0,0.00022563777322560756,-0.0003743622267743924,-0.0007743622267743925,-0.0017743622267743925,basis_fresh__csz,fold_2025,2025
2025-09-19,30,6,6,-0.0011214552514313668,0.014820120683934632,-0.007970787967683,1.0,0.0,2.0,-0.007970787967683,-0.008570787967683,-0.008970787967683,-0.009970787967683,basis_fresh__csz,fold_2025,2025
2025-09-26,30,6,6,-0.0019246635046771664,0.013588858392057748,-0.007756760948367457,1.0,0.0,2.0,-0.007756760948367457,-0.008356760948367457,-0.008756760948367456,-0.009756760948367457,basis_fresh__csz,fold_2025,2025
2025-10-13,30,6,6,-0.009679442453695652,0.018394105626528167,-0.014036774040111909,1.0,0.0,2.0,-0.014036774040111909,-0.014636774040111909,-0.01503677404011191,-0.01603677404011191,basis_fresh__csz,fold_2025,2025
2025-10-20,30,6,6,0.01626273490873525,-0.009894342507996185,0.013078538708365717,1.0,0.0,2.0,0.013078538708365717,0.012478538708365718,0.012078538708365717,0.011078538708365717,basis_fresh__csz,fold_2025,2025
2025-10-27,30,6,6,-0.0036671327961840337,0.002981589654639483,-0.0033243612254117583,1.0,0.0,2.0,-0.0033243612254117583,-0.003924361225411758,-0.004324361225411758,-0.005324361225411758,basis_fresh__csz,fold_2025,2025
2025-11-03,30,6,6,0.007028989898778916,0.0011507681810089346,0.002939110858884991,1.0,0.0,2.0,0.002939110858884991,0.002339110858884991,0.0019391108588849909,0.0009391108588849909,basis_fresh__csz,fold_2025,2025
2025-11-10,30,6,6,0.00019128413961836654,0.0007793811584215337,-0.00029404850940158357,1.0,0.0,2.0,-0.00029404850940158357,-0.0008940485094015836,-0.0012940485094015835,-0.0022940485094015838,basis_fresh__csz,fold_2025,2025
2025-11-17,30,6,6,-0.008360079258358266,0.0019480626612953837,-0.005154070959826825,1.0,0.0,2.0,-0.005154070959826825,-0.005754070959826825,-0.006154070959826825,-0.007154070959826825,basis_fresh__csz,fold_2025,2025
2025-11-24,30,6,6,0.015452806013379283,0.027751933698168457,-0.006149563842394587,1.0,0.0,2.0,-0.006149563842394587,-0.0067495638423945865,-0.007149563842394587,-0.008149563842394587,basis_fresh__csz,fold_2025,2025
2025-12-01,30,6,6,0.001069490256261501,0.0043766118249291336,-0.0016535607843338163,1.0,0.0,2.0,-0.0016535607843338163,-0.002253560784333816,-0.0026535607843338163,-0.0036535607843338164,basis_fresh__csz,fold_2025,2025
2025-12-08,30,6,6,-0.0016668708379587492,0.018018225342415182,-0.009842548090186965,1.0,0.0,2.0,-0.009842548090186965,-0.010442548090186965,-0.010842548090186966,-0.011842548090186965,basis_fresh__csz,fold_2025,2025
2025-12-15,30,6,6,0.010940177992106934,0.0229013241673235,-0.005980573087608283,1.0,0.0,2.0,-0.005980573087608283,-0.006580573087608283,-0.006980573087608283,-0.007980573087608283,basis_fresh__csz,fold_2025,2025
2025-12-22,30,6,6,0.012249848924108886,0.031180981499353954,-0.009465566287622535,1.0,0.0,2.0,-0.009465566287622535,-0.010065566287622535,-0.010465566287622536,-0.011465566287622535,basis_fresh__csz,fold_2025,2025
2025-01-02,30,6,6,-0.008643717017779867,0.002678744855383467,-0.005661230936581667,1.0,0.0,2.0,-0.005661230936581667,-0.006261230936581667,-0.006661230936581667,-0.007661230936581667,basis_fresh__missing,fold_2025,2025
2025-01-09,30,6,6,0.0075445210942481486,0.018594971169530666,-0.005525225037641258,1.0,0.0,2.0,-0.005525225037641258,-0.006125225037641258,-0.006525225037641258,-0.007525225037641258,basis_fresh__missing,fold_2025,2025
2025-01-16,30,6,6,-0.010761841957401931,-0.010041264596301166,-0.0003602886805503828,1.0,0.0,2.0,-0.0003602886805503828,-0.0009602886805503828,-0.0013602886805503828,-0.002360288680550383,basis_fresh__missing,fold_2025,2025
2025-01-23,30,6,6,0.026902164920274117,0.022760400240047135,0.0020708823401134908,1.0,0.0,2.0,0.0020708823401134908,0.001470882340113491,0.0010708823401134908,7.088234011349073e-05,basis_fresh__missing,fold_2025,2025
2025-02-07,30,6,6,0.0034579360473451504,0.014863603764137085,-0.005702833858395967,1.0,0.0,2.0,-0.005702833858395967,-0.006302833858395967,-0.006702833858395967,-0.007702833858395967,basis_fresh__missing,fold_2025,2025
2025-02-14,30,6,6,-0.0019584202884222503,-0.005546947229154684,0.0017942634703662168,1.0,0.0,2.0,0.0017942634703662168,0.001194263470366217,0.0007942634703662168,-0.0002057365296337832,basis_fresh__missing,fold_2025,2025
2025-02-21,30,6,6,-0.01620415741924312,-0.01981034273051052,0.0018030926556336993,1.0,0.0,2.0,0.0018030926556336993,0.0012030926556336995,0.0008030926556336993,-0.00019690734436630074,basis_fresh__missing,fold_2025,2025
2025-02-28,30,6,6,0.0017574808783526665,0.005772026116737082,-0.002007272619192208,1.0,0.0,2.0,-0.002007272619192208,-0.002607272619192208,-0.003007272619192208,-0.004007272619192208,basis_fresh__missing,fold_2025,2025
2025-03-07,30,6,6,0.01790988762657575,0.01117074853885155,0.0033695695438620997,1.0,0.0,2.0,0.0033695695438620997,0.0027695695438621,0.0023695695438620996,0.0013695695438620996,basis_fresh__missing,fold_2025,2025
2025-03-14,30,6,6,-0.00670018249429645,-0.005378130145819351,-0.0006610261742385497,1.0,0.0,2.0,-0.0006610261742385497,-0.0012610261742385495,-0.0016610261742385497,-0.0026610261742385497,basis_fresh__missing,fold_2025,2025
2025-03-21,30,6,6,0.008953652940416067,0.010443650073667751,-0.0007449985666258419,1.0,0.0,2.0,-0.0007449985666258419,-0.0013449985666258418,-0.001744998566625842,-0.002744998566625842,basis_fresh__missing,fold_2025,2025
2025-03-28,30,6,6,-0.05285900986506967,-0.042894403238588376,-0.004982303313240646,1.0,0.0,2.0,-0.004982303313240646,-0.0055823033132406455,-0.005982303313240646,-0.006982303313240646,basis_fresh__missing,fold_2025,2025
2025-04-07,30,6,6,0.0006071785515274665,0.015950776796268846,-0.00767179912237069,1.0,0.0,2.0,-0.00767179912237069,-0.00827179912237069,-0.00867179912237069,-0.00967179912237069,basis_fresh__missing,fold_2025,2025
2025-04-14,30,6,6,-0.00027935445437895037,0.013286368781465817,-0.006782861617922384,1.0,0.0,2.0,-0.006782861617922384,-0.0073828616179223835,-0.007782861617922384,-0.008782861617922383,basis_fresh__missing,fold_2025,2025
2025-04-21,30,6,6,0.0040523527979588825,0.002419965293180782,0.0008161937523890504,1.0,0.0,2.0,0.0008161937523890504,0.00021619375238905042,-0.00018380624761094966,-0.0011838062476109497,basis_fresh__missing,fold_2025,2025
2025-04-28,30,6,6,-0.00718951193955315,-0.003936962928007667,-0.0016262745057727414,1.0,0.0,2.0,-0.0016262745057727414,-0.0022262745057727413,-0.0026262745057727415,-0.0036262745057727415,basis_fresh__missing,fold_2025,2025
2025-05-08,30,6,6,0.019815468992626633,0.0028483170635519007,0.008483575964537367,1.0,0.0,2.0,0.008483575964537367,0.007883575964537367,0.007483575964537367,0.006483575964537367,basis_fresh__missing,fold_2025,2025
2025-05-15,30,6,6,-0.008674213807957432,0.010849661334130331,-0.00976193757104388,1.0,0.0,2.0,-0.00976193757104388,-0.01036193757104388,-0.010761937571043882,-0.01176193757104388,basis_fresh__missing,fold_2025,2025
2025-05-22,30,6,6,-0.00954213346398895,-0.0035272785088116504,-0.003007427477588649,1.0,0.0,2.0,-0.003007427477588649,-0.003607427477588649,-0.004007427477588649,-0.005007427477588649,basis_fresh__missing,fold_2025,2025
2025-05-29,30,6,6,-0.0005790636159993161,0.014508581917736768,-0.007543822766868042,1.0,0.0,2.0,-0.007543822766868042,-0.008143822766868042,-0.00854382276686804,-0.009543822766868042,basis_fresh__missing,fold_2025,2025
2025-06-06,30,6,6,0.0033019887739572508,0.019711426020677814,-0.008204718623360282,1.0,0.0,2.0,-0.008204718623360282,-0.008804718623360281,-0.00920471862336028,-0.010204718623360282,basis_fresh__missing,fold_2025,2025
2025-06-13,30,6,6,0.0173628603516897,-0.0011935753651476004,0.00927821785841865,1.0,0.0,2.0,0.00927821785841865,0.00867821785841865,0.00827821785841865,0.00727821785841865,basis_fresh__missing,fold_2025,2025
2025-06-20,30,6,6,0.0023028730457931674,-0.008058875973531167,0.005180874509662167,1.0,0.0,2.0,0.005180874509662167,0.004580874509662167,0.004180874509662167,0.003180874509662167,basis_fresh__missing,fold_2025,2025
2025-06-27,30,6,6,-0.00785162858114365,0.005339474566943615,-0.006595551574043632,1.0,0.0,2.0,-0.006595551574043632,-0.007195551574043632,-0.007595551574043632,-0.008595551574043632,basis_fresh__missing,fold_2025,2025
2025-07-04,30,6,6,0.0020300883267077665,0.0042093070008472665,-0.00108960933706975,1.0,0.0,2.0,-0.00108960933706975,-0.00168960933706975,-0.00208960933706975,-0.00308960933706975,basis_fresh__missing,fold_2025,2025
2025-07-11,30,6,6,0.007227328275879533,0.011489358573184434,-0.0021310151486524506,1.0,0.0,2.0,-0.0021310151486524506,-0.0027310151486524504,-0.0031310151486524506,-0.004131015148652451,basis_fresh__missing,fold_2025,2025
2025-07-18,30,6,6,0.029617424693904177,-0.0029559740183212665,0.01628669935611272,1.0,0.0,2.0,0.01628669935611272,0.01568669935611272,0.01528669935611272,0.01428669935611272,basis_fresh__missing,fold_2025,2025
2025-07-25,30,6,6,-0.027846398976976383,-0.013499312316345819,-0.007173543330315282,1.0,0.0,2.0,-0.007173543330315282,-0.007773543330315282,-0.008173543330315282,-0.009173543330315281,basis_fresh__missing,fold_2025,2025
2025-08-01,30,6,6,0.0014243173537378667,0.0005787767275901495,0.0004227703130738586,1.0,0.0,2.0,0.0004227703130738586,-0.00017722968692614134,-0.0005772296869261415,-0.0015772296869261415,basis_fresh__missing,fold_2025,2025
2025-08-08,30,6,6,0.0025939619157738327,-0.0022418809471628676,0.00241792143146835,1.0,0.0,2.0,0.00241792143146835,0.0018179214314683503,0.0014179214314683501,0.0004179214314683501,basis_fresh__missing,fold_2025,2025
2025-08-15,30,6,6,0.0012950442177015996,-0.002338449687004533,0.0018167469523530664,1.0,0.0,2.0,0.0018167469523530664,0.0012167469523530665,0.0008167469523530663,-0.00018325304764693368,basis_fresh__missing,fold_2025,2025
2025-08-22,30,6,6,-0.0019313791185518994,0.012935063055888084,-0.007433221087219992,1.0,0.0,2.0,-0.007433221087219992,-0.008033221087219992,-0.008433221087219993,-0.009433221087219992,basis_fresh__missing,fold_2025,2025
2025-08-29,30,6,6,-0.0084443572778612,0.013571207026897333,-0.011007782152379266,1.0,0.0,2.0,-0.011007782152379266,-0.011607782152379266,-0.012007782152379267,-0.013007782152379266,basis_fresh__missing,fold_2025,2025
2025-09-05,30,6,6,-0.0005762771760395334,0.0031450674959040497,-0.0018606723359717915,1.0,0.0,2.0,-0.0018606723359717915,-0.0024606723359717913,-0.0028606723359717915,-0.0038606723359717915,basis_fresh__missing,fold_2025,2025
2025-09-12,30,6,6,-0.008725268600990018,-0.009176544147441233,0.00022563777322560756,1.0,0.0,2.0,0.00022563777322560756,-0.0003743622267743924,-0.0007743622267743925,-0.0017743622267743925,basis_fresh__missing,fold_2025,2025
2025-09-19,30,6,6,-0.0011214552514313668,0.014820120683934632,-0.007970787967683,1.0,0.0,2.0,-0.007970787967683,-0.008570787967683,-0.008970787967683,-0.009970787967683,basis_fresh__missing,fold_2025,2025
2025-09-26,30,6,6,-0.0019246635046771664,0.013588858392057748,-0.007756760948367457,1.0,0.0,2.0,-0.007756760948367457,-0.008356760948367457,-0.008756760948367456,-0.009756760948367457,basis_fresh__missing,fold_2025,2025
2025-10-13,30,6,6,-0.009679442453695652,0.018394105626528167,-0.014036774040111909,1.0,0.0,2.0,-0.014036774040111909,-0.014636774040111909,-0.01503677404011191,-0.01603677404011191,basis_fresh__missing,fold_2025,2025
2025-10-20,30,6,6,0.01626273490873525,-0.009894342507996185,0.013078538708365717,1.0,0.0,2.0,0.013078538708365717,0.012478538708365718,0.012078538708365717,0.011078538708365717,basis_fresh__missing,fold_2025,2025
2025-10-27,30,6,6,-0.0036671327961840337,0.002981589654639483,-0.0033243612254117583,1.0,0.0,2.0,-0.0033243612254117583,-0.003924361225411758,-0.004324361225411758,-0.005324361225411758,basis_fresh__missing,fold_2025,2025
2025-11-03,30,6,6,0.007028989898778916,0.0011507681810089346,0.002939110858884991,1.0,0.0,2.0,0.002939110858884991,0.002339110858884991,0.0019391108588849909,0.0009391108588849909,basis_fresh__missing,fold_2025,2025
2025-11-10,30,6,6,0.00019128413961836654,0.0007793811584215337,-0.00029404850940158357,1.0,0.0,2.0,-0.00029404850940158357,-0.0008940485094015836,-0.0012940485094015835,-0.0022940485094015838,basis_fresh__missing,fold_2025,2025
2025-11-17,30,6,6,-0.008360079258358266,0.0019480626612953837,-0.005154070959826825,1.0,0.0,2.0,-0.005154070959826825,-0.005754070959826825,-0.006154070959826825,-0.007154070959826825,basis_fresh__missing,fold_2025,2025
2025-11-24,30,6,6,0.015452806013379283,0.027751933698168457,-0.006149563842394587,1.0,0.0,2.0,-0.006149563842394587,-0.0067495638423945865,-0.007149563842394587,-0.008149563842394587,basis_fresh__missing,fold_2025,2025
2025-12-01,30,6,6,0.001069490256261501,0.0043766118249291336,-0.0016535607843338163,1.0,0.0,2.0,-0.0016535607843338163,-0.002253560784333816,-0.0026535607843338163,-0.0036535607843338164,basis_fresh__missing,fold_2025,2025
2025-12-08,30,6,6,-0.0016668708379587492,0.018018225342415182,-0.009842548090186965,1.0,0.0,2.0,-0.009842548090186965,-0.010442548090186965,-0.010842548090186966,-0.011842548090186965,basis_fresh__missing,fold_2025,2025
2025-12-15,30,6,6,0.010940177992106934,0.0229013241673235,-0.005980573087608283,1.0,0.0,2.0,-0.005980573087608283,-0.006580573087608283,-0.006980573087608283,-0.007980573087608283,basis_fresh__missing,fold_2025,2025
2025-12-22,30,6,6,0.012249848924108886,0.031180981499353954,-0.009465566287622535,1.0,0.0,2.0,-0.009465566287622535,-0.010065566287622535,-0.010465566287622536,-0.011465566287622535,basis_fresh__missing,fold_2025,2025
2025-01-02,30,6,6,-0.008643717017779867,0.002678744855383467,-0.005661230936581667,1.0,0.0,2.0,-0.005661230936581667,-0.006261230936581667,-0.006661230936581667,-0.007661230936581667,basis_shock_20__csz,fold_2025,2025
2025-01-09,30,6,6,0.0075445210942481486,0.018594971169530666,-0.005525225037641258,1.0,0.0,2.0,-0.005525225037641258,-0.006125225037641258,-0.006525225037641258,-0.007525225037641258,basis_shock_20__csz,fold_2025,2025
2025-01-16,30,6,6,-0.010761841957401931,-0.010041264596301166,-0.0003602886805503828,1.0,0.0,2.0,-0.0003602886805503828,-0.0009602886805503828,-0.0013602886805503828,-0.002360288680550383,basis_shock_20__csz,fold_2025,2025
2025-01-23,30,6,6,0.026902164920274117,0.022760400240047135,0.0020708823401134908,1.0,0.0,2.0,0.0020708823401134908,0.001470882340113491,0.0010708823401134908,7.088234011349073e-05,basis_shock_20__csz,fold_2025,2025
2025-02-07,30,6,6,0.0034579360473451504,0.014863603764137085,-0.005702833858395967,1.0,0.0,2.0,-0.005702833858395967,-0.006302833858395967,-0.006702833858395967,-0.007702833858395967,basis_shock_20__csz,fold_2025,2025
2025-02-14,30,6,6,-0.0019584202884222503,-0.005546947229154684,0.0017942634703662168,1.0,0.0,2.0,0.0017942634703662168,0.001194263470366217,0.0007942634703662168,-0.0002057365296337832,basis_shock_20__csz,fold_2025,2025
2025-02-21,30,6,6,-0.01620415741924312,-0.01981034273051052,0.0018030926556336993,1.0,0.0,2.0,0.0018030926556336993,0.0012030926556336995,0.0008030926556336993,-0.00019690734436630074,basis_shock_20__csz,fold_2025,2025
2025-02-28,30,6,6,0.0017574808783526665,0.005772026116737082,-0.002007272619192208,1.0,0.0,2.0,-0.002007272619192208,-0.002607272619192208,-0.003007272619192208,-0.004007272619192208,basis_shock_20__csz,fold_2025,2025
2025-03-07,30,6,6,0.01790988762657575,0.01117074853885155,0.0033695695438620997,1.0,0.0,2.0,0.0033695695438620997,0.0027695695438621,0.0023695695438620996,0.0013695695438620996,basis_shock_20__csz,fold_2025,2025
2025-03-14,30,6,6,-0.00670018249429645,-0.005378130145819351,-0.0006610261742385497,1.0,0.0,2.0,-0.0006610261742385497,-0.0012610261742385495,-0.0016610261742385497,-0.0026610261742385497,basis_shock_20__csz,fold_2025,2025
2025-03-21,30,6,6,0.008953652940416067,0.010443650073667751,-0.0007449985666258419,1.0,0.0,2.0,-0.0007449985666258419,-0.0013449985666258418,-0.001744998566625842,-0.002744998566625842,basis_shock_20__csz,fold_2025,2025
2025-03-28,30,6,6,-0.05285900986506967,-0.042894403238588376,-0.004982303313240646,1.0,0.0,2.0,-0.004982303313240646,-0.0055823033132406455,-0.005982303313240646,-0.006982303313240646,basis_shock_20__csz,fold_2025,2025
2025-04-07,30,6,6,0.0006071785515274665,0.015950776796268846,-0.00767179912237069,1.0,0.0,2.0,-0.00767179912237069,-0.00827179912237069,-0.00867179912237069,-0.00967179912237069,basis_shock_20__csz,fold_2025,2025
2025-04-14,30,6,6,-0.00027935445437895037,0.013286368781465817,-0.006782861617922384,1.0,0.0,2.0,-0.006782861617922384,-0.0073828616179223835,-0.007782861617922384,-0.008782861617922383,basis_shock_20__csz,fold_2025,2025
2025-04-21,30,6,6,0.0040523527979588825,0.002419965293180782,0.0008161937523890504,1.0,0.0,2.0,0.0008161937523890504,0.00021619375238905042,-0.00018380624761094966,-0.0011838062476109497,basis_shock_20__csz,fold_2025,2025
2025-04-28,30,6,6,-0.00718951193955315,-0.003936962928007667,-0.0016262745057727414,1.0,0.0,2.0,-0.0016262745057727414,-0.0022262745057727413,-0.0026262745057727415,-0.0036262745057727415,basis_shock_20__csz,fold_2025,2025
2025-05-08,30,6,6,0.019815468992626633,0.0028483170635519007,0.008483575964537367,1.0,0.0,2.0,0.008483575964537367,0.007883575964537367,0.007483575964537367,0.006483575964537367,basis_shock_20__csz,fold_2025,2025
2025-05-15,30,6,6,-0.008674213807957432,0.010849661334130331,-0.00976193757104388,1.0,0.0,2.0,-0.00976193757104388,-0.01036193757104388,-0.010761937571043882,-0.01176193757104388,basis_shock_20__csz,fold_2025,2025
2025-05-22,30,6,6,-0.00954213346398895,-0.0035272785088116504,-0.003007427477588649,1.0,0.0,2.0,-0.003007427477588649,-0.003607427477588649,-0.004007427477588649,-0.005007427477588649,basis_shock_20__csz,fold_2025,2025
2025-05-29,30,6,6,-0.0005790636159993161,0.014508581917736768,-0.007543822766868042,1.0,0.0,2.0,-0.007543822766868042,-0.008143822766868042,-0.00854382276686804,-0.009543822766868042,basis_shock_20__csz,fold_2025,2025
2025-06-06,30,6,6,0.0033019887739572508,0.019711426020677814,-0.008204718623360282,1.0,0.0,2.0,-0.008204718623360282,-0.008804718623360281,-0.00920471862336028,-0.010204718623360282,basis_shock_20__csz,fold_2025,2025
2025-06-13,30,6,6,0.0173628603516897,-0.0011935753651476004,0.00927821785841865,1.0,0.0,2.0,0.00927821785841865,0.00867821785841865,0.00827821785841865,0.00727821785841865,basis_shock_20__csz,fold_2025,2025
2025-06-20,30,6,6,0.0023028730457931674,-0.008058875973531167,0.005180874509662167,1.0,0.0,2.0,0.005180874509662167,0.004580874509662167,0.004180874509662167,0.003180874509662167,basis_shock_20__csz,fold_2025,2025
2025-06-27,30,6,6,-0.00785162858114365,0.005339474566943615,-0.006595551574043632,1.0,0.0,2.0,-0.006595551574043632,-0.007195551574043632,-0.007595551574043632,-0.008595551574043632,basis_shock_20__csz,fold_2025,2025
2025-07-04,30,6,6,0.0020300883267077665,0.0042093070008472665,-0.00108960933706975,1.0,0.0,2.0,-0.00108960933706975,-0.00168960933706975,-0.00208960933706975,-0.00308960933706975,basis_shock_20__csz,fold_2025,2025
2025-07-11,30,6,6,0.007227328275879533,0.011489358573184434,-0.0021310151486524506,1.0,0.0,2.0,-0.0021310151486524506,-0.0027310151486524504,-0.0031310151486524506,-0.004131015148652451,basis_shock_20__csz,fold_2025,2025
2025-07-18,30,6,6,0.029617424693904177,-0.0029559740183212665,0.01628669935611272,1.0,0.0,2.0,0.01628669935611272,0.01568669935611272,0.01528669935611272,0.01428669935611272,basis_shock_20__csz,fold_2025,2025
2025-07-25,30,6,6,-0.027846398976976383,-0.013499312316345819,-0.007173543330315282,1.0,0.0,2.0,-0.007173543330315282,-0.007773543330315282,-0.008173543330315282,-0.009173543330315281,basis_shock_20__csz,fold_2025,2025
2025-08-01,30,6,6,0.0014243173537378667,0.0005787767275901495,0.0004227703130738586,1.0,0.0,2.0,0.0004227703130738586,-0.00017722968692614134,-0.0005772296869261415,-0.0015772296869261415,basis_shock_20__csz,fold_2025,2025
2025-08-08,30,6,6,0.0025939619157738327,-0.0022418809471628676,0.00241792143146835,1.0,0.0,2.0,0.00241792143146835,0.0018179214314683503,0.0014179214314683501,0.0004179214314683501,basis_shock_20__csz,fold_2025,2025
2025-08-15,30,6,6,0.0012950442177015996,-0.002338449687004533,0.0018167469523530664,1.0,0.0,2.0,0.0018167469523530664,0.0012167469523530665,0.0008167469523530663,-0.00018325304764693368,basis_shock_20__csz,fold_2025,2025
2025-08-22,30,6,6,-0.0019313791185518994,0.012935063055888084,-0.007433221087219992,1.0,0.0,2.0,-0.007433221087219992,-0.008033221087219992,-0.008433221087219993,-0.009433221087219992,basis_shock_20__csz,fold_2025,2025
2025-08-29,30,6,6,-0.0084443572778612,0.013571207026897333,-0.011007782152379266,1.0,0.0,2.0,-0.011007782152379266,-0.011607782152379266,-0.012007782152379267,-0.013007782152379266,basis_shock_20__csz,fold_2025,2025
2025-09-05,30,6,6,-0.0005762771760395334,0.0031450674959040497,-0.0018606723359717915,1.0,0.0,2.0,-0.0018606723359717915,-0.0024606723359717913,-0.0028606723359717915,-0.0038606723359717915,basis_shock_20__csz,fold_2025,2025
2025-09-12,30,6,6,-0.008725268600990018,-0.009176544147441233,0.00022563777322560756,1.0,0.0,2.0,0.00022563777322560756,-0.0003743622267743924,-0.0007743622267743925,-0.0017743622267743925,basis_shock_20__csz,fold_2025,2025
2025-09-19,30,6,6,-0.0011214552514313668,0.014820120683934632,-0.007970787967683,1.0,0.0,2.0,-0.007970787967683,-0.008570787967683,-0.008970787967683,-0.009970787967683,basis_shock_20__csz,fold_2025,2025
2025-09-26,30,6,6,-0.0019246635046771664,0.013588858392057748,-0.007756760948367457,1.0,0.0,2.0,-0.007756760948367457,-0.008356760948367457,-0.008756760948367456,-0.009756760948367457,basis_shock_20__csz,fold_2025,2025
2025-10-13,30,6,6,-0.009679442453695652,0.018394105626528167,-0.014036774040111909,1.0,0.0,2.0,-0.014036774040111909,-0.014636774040111909,-0.01503677404011191,-0.01603677404011191,basis_shock_20__csz,fold_2025,2025
2025-10-20,30,6,6,0.01626273490873525,-0.009894342507996185,0.013078538708365717,1.0,0.0,2.0,0.013078538708365717,0.012478538708365718,0.012078538708365717,0.011078538708365717,basis_shock_20__csz,fold_2025,2025
2025-10-27,30,6,6,-0.0036671327961840337,0.002981589654639483,-0.0033243612254117583,1.0,0.0,2.0,-0.0033243612254117583,-0.003924361225411758,-0.004324361225411758,-0.005324361225411758,basis_shock_20__csz,fold_2025,2025
2025-11-03,30,6,6,0.007028989898778916,0.0011507681810089346,0.002939110858884991,1.0,0.0,2.0,0.002939110858884991,0.002339110858884991,0.0019391108588849909,0.0009391108588849909,basis_shock_20__csz,fold_2025,2025
2025-11-10,30,6,6,0.00019128413961836654,0.0007793811584215337,-0.00029404850940158357,1.0,0.0,2.0,-0.00029404850940158357,-0.0008940485094015836,-0.0012940485094015835,-0.0022940485094015838,basis_shock_20__csz,fold_2025,2025
2025-11-17,30,6,6,-0.008360079258358266,0.0019480626612953837,-0.005154070959826825,1.0,0.0,2.0,-0.005154070959826825,-0.005754070959826825,-0.006154070959826825,-0.007154070959826825,basis_shock_20__csz,fold_2025,2025
2025-11-24,30,6,6,0.015452806013379283,0.027751933698168457,-0.006149563842394587,1.0,0.0,2.0,-0.006149563842394587,-0.0067495638423945865,-0.007149563842394587,-0.008149563842394587,basis_shock_20__csz,fold_2025,2025
2025-12-01,30,6,6,0.001069490256261501,0.0043766118249291336,-0.0016535607843338163,1.0,0.0,2.0,-0.0016535607843338163,-0.002253560784333816,-0.0026535607843338163,-0.0036535607843338164,basis_shock_20__csz,fold_2025,2025
2025-12-08,30,6,6,-0.0016668708379587492,0.018018225342415182,-0.009842548090186965,1.0,0.0,2.0,-0.009842548090186965,-0.010442548090186965,-0.010842548090186966,-0.011842548090186965,basis_shock_20__csz,fold_2025,2025
2025-12-15,30,6,6,0.010940177992106934,0.0229013241673235,-0.005980573087608283,1.0,0.0,2.0,-0.005980573087608283,-0.006580573087608283,-0.006980573087608283,-0.007980573087608283,basis_shock_20__csz,fold_2025,2025
2025-12-22,30,6,6,0.012249848924108886,0.031180981499353954,-0.009465566287622535,1.0,0.0,2.0,-0.009465566287622535,-0.010065566287622535,-0.010465566287622536,-0.011465566287622535,basis_shock_20__csz,fold_2025,2025
2025-01-02,30,6,6,-0.008643717017779867,0.002678744855383467,-0.005661230936581667,1.0,0.0,2.0,-0.005661230936581667,-0.006261230936581667,-0.006661230936581667,-0.007661230936581667,basis_shock_20__missing,fold_2025,2025
2025-01-09,30,6,6,0.0075445210942481486,0.018594971169530666,-0.005525225037641258,1.0,0.0,2.0,-0.005525225037641258,-0.006125225037641258,-0.006525225037641258,-0.007525225037641258,basis_shock_20__missing,fold_2025,2025
2025-01-16,30,6,6,-0.010761841957401931,-0.010041264596301166,-0.0003602886805503828,1.0,0.0,2.0,-0.0003602886805503828,-0.0009602886805503828,-0.0013602886805503828,-0.002360288680550383,basis_shock_20__missing,fold_2025,2025
2025-01-23,30,6,6,0.026902164920274117,0.022760400240047135,0.0020708823401134908,1.0,0.0,2.0,0.0020708823401134908,0.001470882340113491,0.0010708823401134908,7.088234011349073e-05,basis_shock_20__missing,fold_2025,2025
2025-02-07,30,6,6,0.0034579360473451504,0.014863603764137085,-0.005702833858395967,1.0,0.0,2.0,-0.005702833858395967,-0.006302833858395967,-0.006702833858395967,-0.007702833858395967,basis_shock_20__missing,fold_2025,2025
2025-02-14,30,6,6,-0.0019584202884222503,-0.005546947229154684,0.0017942634703662168,1.0,0.0,2.0,0.0017942634703662168,0.001194263470366217,0.0007942634703662168,-0.0002057365296337832,basis_shock_20__missing,fold_2025,2025
2025-02-21,30,6,6,-0.01620415741924312,-0.01981034273051052,0.0018030926556336993,1.0,0.0,2.0,0.0018030926556336993,0.0012030926556336995,0.0008030926556336993,-0.00019690734436630074,basis_shock_20__missing,fold_2025,2025
2025-02-28,30,6,6,0.0017574808783526665,0.005772026116737082,-0.002007272619192208,1.0,0.0,2.0,-0.002007272619192208,-0.002607272619192208,-0.003007272619192208,-0.004007272619192208,basis_shock_20__missing,fold_2025,2025
2025-03-07,30,6,6,0.01790988762657575,0.01117074853885155,0.0033695695438620997,1.0,0.0,2.0,0.0033695695438620997,0.0027695695438621,0.0023695695438620996,0.0013695695438620996,basis_shock_20__missing,fold_2025,2025
2025-03-14,30,6,6,-0.00670018249429645,-0.005378130145819351,-0.0006610261742385497,1.0,0.0,2.0,-0.0006610261742385497,-0.0012610261742385495,-0.0016610261742385497,-0.0026610261742385497,basis_shock_20__missing,fold_2025,2025
2025-03-21,30,6,6,0.008953652940416067,0.010443650073667751,-0.0007449985666258419,1.0,0.0,2.0,-0.0007449985666258419,-0.0013449985666258418,-0.001744998566625842,-0.002744998566625842,basis_shock_20__missing,fold_2025,2025
2025-03-28,30,6,6,-0.05285900986506967,-0.042894403238588376,-0.004982303313240646,1.0,0.0,2.0,-0.004982303313240646,-0.0055823033132406455,-0.005982303313240646,-0.006982303313240646,basis_shock_20__missing,fold_2025,2025
2025-04-07,30,6,6,0.0006071785515274665,0.015950776796268846,-0.00767179912237069,1.0,0.0,2.0,-0.00767179912237069,-0.00827179912237069,-0.00867179912237069,-0.00967179912237069,basis_shock_20__missing,fold_2025,2025
2025-04-14,30,6,6,-0.00027935445437895037,0.013286368781465817,-0.006782861617922384,1.0,0.0,2.0,-0.006782861617922384,-0.0073828616179223835,-0.007782861617922384,-0.008782861617922383,basis_shock_20__missing,fold_2025,2025
2025-04-21,30,6,6,0.0040523527979588825,0.002419965293180782,0.0008161937523890504,1.0,0.0,2.0,0.0008161937523890504,0.00021619375238905042,-0.00018380624761094966,-0.0011838062476109497,basis_shock_20__missing,fold_2025,2025
2025-04-28,30,6,6,-0.00718951193955315,-0.003936962928007667,-0.0016262745057727414,1.0,0.0,2.0,-0.0016262745057727414,-0.0022262745057727413,-0.0026262745057727415,-0.0036262745057727415,basis_shock_20__missing,fold_2025,2025
2025-05-08,30,6,6,0.019815468992626633,0.0028483170635519007,0.008483575964537367,1.0,0.0,2.0,0.008483575964537367,0.007883575964537367,0.007483575964537367,0.006483575964537367,basis_shock_20__missing,fold_2025,2025
2025-05-15,30,6,6,-0.008674213807957432,0.010849661334130331,-0.00976193757104388,1.0,0.0,2.0,-0.00976193757104388,-0.01036193757104388,-0.010761937571043882,-0.01176193757104388,basis_shock_20__missing,fold_2025,2025
2025-05-22,30,6,6,-0.00954213346398895,-0.0035272785088116504,-0.003007427477588649,1.0,0.0,2.0,-0.003007427477588649,-0.003607427477588649,-0.004007427477588649,-0.005007427477588649,basis_shock_20__missing,fold_2025,2025
2025-05-29,30,6,6,-0.0005790636159993161,0.014508581917736768,-0.007543822766868042,1.0,0.0,2.0,-0.007543822766868042,-0.008143822766868042,-0.00854382276686804,-0.009543822766868042,basis_shock_20__missing,fold_2025,2025
2025-06-06,30,6,6,0.0033019887739572508,0.019711426020677814,-0.008204718623360282,1.0,0.0,2.0,-0.008204718623360282,-0.008804718623360281,-0.00920471862336028,-0.010204718623360282,basis_shock_20__missing,fold_2025,2025
2025-06-13,30,6,6,0.0173628603516897,-0.0011935753651476004,0.00927821785841865,1.0,0.0,2.0,0.00927821785841865,0.00867821785841865,0.00827821785841865,0.00727821785841865,basis_shock_20__missing,fold_2025,2025
2025-06-20,30,6,6,0.0023028730457931674,-0.008058875973531167,0.005180874509662167,1.0,0.0,2.0,0.005180874509662167,0.004580874509662167,0.004180874509662167,0.003180874509662167,basis_shock_20__missing,fold_2025,2025
2025-06-27,30,6,6,-0.00785162858114365,0.005339474566943615,-0.006595551574043632,1.0,0.0,2.0,-0.006595551574043632,-0.007195551574043632,-0.007595551574043632,-0.008595551574043632,basis_shock_20__missing,fold_2025,2025
2025-07-04,30,6,6,0.0020300883267077665,0.0042093070008472665,-0.00108960933706975,1.0,0.0,2.0,-0.00108960933706975,-0.00168960933706975,-0.00208960933706975,-0.00308960933706975,basis_shock_20__missing,fold_2025,2025
2025-07-11,30,6,6,0.007227328275879533,0.011489358573184434,-0.0021310151486524506,1.0,0.0,2.0,-0.0021310151486524506,-0.0027310151486524504,-0.0031310151486524506,-0.004131015148652451,basis_shock_20__missing,fold_2025,2025
2025-07-18,30,6,6,0.029617424693904177,-0.0029559740183212665,0.01628669935611272,1.0,0.0,2.0,0.01628669935611272,0.01568669935611272,0.01528669935611272,0.01428669935611272,basis_shock_20__missing,fold_2025,2025
2025-07-25,30,6,6,-0.027846398976976383,-0.013499312316345819,-0.007173543330315282,1.0,0.0,2.0,-0.007173543330315282,-0.007773543330315282,-0.008173543330315282,-0.009173543330315281,basis_shock_20__missing,fold_2025,2025
2025-08-01,30,6,6,0.0014243173537378667,0.0005787767275901495,0.0004227703130738586,1.0,0.0,2.0,0.0004227703130738586,-0.00017722968692614134,-0.0005772296869261415,-0.0015772296869261415,basis_shock_20__missing,fold_2025,2025
2025-08-08,30,6,6,0.0025939619157738327,-0.0022418809471628676,0.00241792143146835,1.0,0.0,2.0,0.00241792143146835,0.0018179214314683503,0.0014179214314683501,0.0004179214314683501,basis_shock_20__missing,fold_2025,2025
2025-08-15,30,6,6,0.0012950442177015996,-0.002338449687004533,0.0018167469523530664,1.0,0.0,2.0,0.0018167469523530664,0.0012167469523530665,0.0008167469523530663,-0.00018325304764693368,basis_shock_20__missing,fold_2025,2025
2025-08-22,30,6,6,-0.0019313791185518994,0.012935063055888084,-0.007433221087219992,1.0,0.0,2.0,-0.007433221087219992,-0.008033221087219992,-0.008433221087219993,-0.009433221087219992,basis_shock_20__missing,fold_2025,2025
2025-08-29,30,6,6,-0.0084443572778612,0.013571207026897333,-0.011007782152379266,1.0,0.0,2.0,-0.011007782152379266,-0.011607782152379266,-0.012007782152379267,-0.013007782152379266,basis_shock_20__missing,fold_2025,2025
2025-09-05,30,6,6,-0.0005762771760395334,0.0031450674959040497,-0.0018606723359717915,1.0,0.0,2.0,-0.0018606723359717915,-0.0024606723359717913,-0.0028606723359717915,-0.0038606723359717915,basis_shock_20__missing,fold_2025,2025
2025-09-12,30,6,6,-0.008725268600990018,-0.009176544147441233,0.00022563777322560756,1.0,0.0,2.0,0.00022563777322560756,-0.0003743622267743924,-0.0007743622267743925,-0.0017743622267743925,basis_shock_20__missing,fold_2025,2025
2025-09-19,30,6,6,-0.0011214552514313668,0.014820120683934632,-0.007970787967683,1.0,0.0,2.0,-0.007970787967683,-0.008570787967683,-0.008970787967683,-0.009970787967683,basis_shock_20__missing,fold_2025,2025
2025-09-26,30,6,6,-0.0019246635046771664,0.013588858392057748,-0.007756760948367457,1.0,0.0,2.0,-0.007756760948367457,-0.008356760948367457,-0.008756760948367456,-0.009756760948367457,basis_shock_20__missing,fold_2025,2025
2025-10-13,30,6,6,-0.009679442453695652,0.018394105626528167,-0.014036774040111909,1.0,0.0,2.0,-0.014036774040111909,-0.014636774040111909,-0.01503677404011191,-0.01603677404011191,basis_shock_20__missing,fold_2025,2025
2025-10-20,30,6,6,0.01626273490873525,-0.009894342507996185,0.013078538708365717,1.0,0.0,2.0,0.013078538708365717,0.012478538708365718,0.012078538708365717,0.011078538708365717,basis_shock_20__missing,fold_2025,2025
2025-10-27,30,6,6,-0.0036671327961840337,0.002981589654639483,-0.0033243612254117583,1.0,0.0,2.0,-0.0033243612254117583,-0.003924361225411758,-0.004324361225411758,-0.005324361225411758,basis_shock_20__missing,fold_2025,2025
2025-11-03,30,6,6,0.007028989898778916,0.0011507681810089346,0.002939110858884991,1.0,0.0,2.0,0.002939110858884991,0.002339110858884991,0.0019391108588849909,0.0009391108588849909,basis_shock_20__missing,fold_2025,2025
2025-11-10,30,6,6,0.00019128413961836654,0.0007793811584215337,-0.00029404850940158357,1.0,0.0,2.0,-0.00029404850940158357,-0.0008940485094015836,-0.0012940485094015835,-0.0022940485094015838,basis_shock_20__missing,fold_2025,2025
2025-11-17,30,6,6,-0.008360079258358266,0.0019480626612953837,-0.005154070959826825,1.0,0.0,2.0,-0.005154070959826825,-0.005754070959826825,-0.006154070959826825,-0.007154070959826825,basis_shock_20__missing,fold_2025,2025
2025-11-24,30,6,6,0.015452806013379283,0.027751933698168457,-0.006149563842394587,1.0,0.0,2.0,-0.006149563842394587,-0.0067495638423945865,-0.007149563842394587,-0.008149563842394587,basis_shock_20__missing,fold_2025,2025
2025-12-01,30,6,6,0.001069490256261501,0.0043766118249291336,-0.0016535607843338163,1.0,0.0,2.0,-0.0016535607843338163,-0.002253560784333816,-0.0026535607843338163,-0.0036535607843338164,basis_shock_20__missing,fold_2025,2025
2025-12-08,30,6,6,-0.0016668708379587492,0.018018225342415182,-0.009842548090186965,1.0,0.0,2.0,-0.009842548090186965,-0.010442548090186965,-0.010842548090186966,-0.011842548090186965,basis_shock_20__missing,fold_2025,2025
2025-12-15,30,6,6,0.010940177992106934,0.0229013241673235,-0.005980573087608283,1.0,0.0,2.0,-0.005980573087608283,-0.006580573087608283,-0.006980573087608283,-0.007980573087608283,basis_shock_20__missing,fold_2025,2025
2025-12-22,30,6,6,0.012249848924108886,0.031180981499353954,-0.009465566287622535,1.0,0.0,2.0,-0.009465566287622535,-0.010065566287622535,-0.010465566287622536,-0.011465566287622535,basis_shock_20__missing,fold_2025,2025
2025-01-02,30,6,6,-0.008643717017779867,0.002678744855383467,-0.005661230936581667,1.0,0.0,2.0,-0.005661230936581667,-0.006261230936581667,-0.006661230936581667,-0.007661230936581667,basis_momentum_20__csz,fold_2025,2025
2025-01-09,30,6,6,0.0075445210942481486,0.018594971169530666,-0.005525225037641258,1.0,0.0,2.0,-0.005525225037641258,-0.006125225037641258,-0.006525225037641258,-0.007525225037641258,basis_momentum_20__csz,fold_2025,2025
2025-01-16,30,6,6,-0.010761841957401931,-0.010041264596301166,-0.0003602886805503828,1.0,0.0,2.0,-0.0003602886805503828,-0.0009602886805503828,-0.0013602886805503828,-0.002360288680550383,basis_momentum_20__csz,fold_2025,2025
2025-01-23,30,6,6,0.026902164920274117,0.022760400240047135,0.0020708823401134908,1.0,0.0,2.0,0.0020708823401134908,0.001470882340113491,0.0010708823401134908,7.088234011349073e-05,basis_momentum_20__csz,fold_2025,2025
2025-02-07,30,6,6,0.0034579360473451504,0.014863603764137085,-0.005702833858395967,1.0,0.0,2.0,-0.005702833858395967,-0.006302833858395967,-0.006702833858395967,-0.007702833858395967,basis_momentum_20__csz,fold_2025,2025
2025-02-14,30,6,6,-0.0019584202884222503,-0.005546947229154684,0.0017942634703662168,1.0,0.0,2.0,0.0017942634703662168,0.001194263470366217,0.0007942634703662168,-0.0002057365296337832,basis_momentum_20__csz,fold_2025,2025
2025-02-21,30,6,6,-0.01620415741924312,-0.01981034273051052,0.0018030926556336993,1.0,0.0,2.0,0.0018030926556336993,0.0012030926556336995,0.0008030926556336993,-0.00019690734436630074,basis_momentum_20__csz,fold_2025,2025
2025-02-28,30,6,6,0.0017574808783526665,0.005772026116737082,-0.002007272619192208,1.0,0.0,2.0,-0.002007272619192208,-0.002607272619192208,-0.003007272619192208,-0.004007272619192208,basis_momentum_20__csz,fold_2025,2025
2025-03-07,30,6,6,0.01790988762657575,0.01117074853885155,0.0033695695438620997,1.0,0.0,2.0,0.0033695695438620997,0.0027695695438621,0.0023695695438620996,0.0013695695438620996,basis_momentum_20__csz,fold_2025,2025
2025-03-14,30,6,6,-0.00670018249429645,-0.005378130145819351,-0.0006610261742385497,1.0,0.0,2.0,-0.0006610261742385497,-0.0012610261742385495,-0.0016610261742385497,-0.0026610261742385497,basis_momentum_20__csz,fold_2025,2025
2025-03-21,30,6,6,0.008953652940416067,0.010443650073667751,-0.0007449985666258419,1.0,0.0,2.0,-0.0007449985666258419,-0.0013449985666258418,-0.001744998566625842,-0.002744998566625842,basis_momentum_20__csz,fold_2025,2025
2025-03-28,30,6,6,-0.05285900986506967,-0.042894403238588376,-0.004982303313240646,1.0,0.0,2.0,-0.004982303313240646,-0.0055823033132406455,-0.005982303313240646,-0.006982303313240646,basis_momentum_20__csz,fold_2025,2025
2025-04-07,30,6,6,0.0006071785515274665,0.015950776796268846,-0.00767179912237069,1.0,0.0,2.0,-0.00767179912237069,-0.00827179912237069,-0.00867179912237069,-0.00967179912237069,basis_momentum_20__csz,fold_2025,2025
2025-04-14,30,6,6,-0.00027935445437895037,0.013286368781465817,-0.006782861617922384,1.0,0.0,2.0,-0.006782861617922384,-0.0073828616179223835,-0.007782861617922384,-0.008782861617922383,basis_momentum_20__csz,fold_2025,2025
2025-04-21,30,6,6,0.0040523527979588825,0.002419965293180782,0.0008161937523890504,1.0,0.0,2.0,0.0008161937523890504,0.00021619375238905042,-0.00018380624761094966,-0.0011838062476109497,basis_momentum_20__csz,fold_2025,2025
2025-04-28,30,6,6,-0.00718951193955315,-0.003936962928007667,-0.0016262745057727414,1.0,0.0,2.0,-0.0016262745057727414,-0.0022262745057727413,-0.0026262745057727415,-0.0036262745057727415,basis_momentum_20__csz,fold_2025,2025
2025-05-08,30,6,6,0.019815468992626633,0.0028483170635519007,0.008483575964537367,1.0,0.0,2.0,0.008483575964537367,0.007883575964537367,0.007483575964537367,0.006483575964537367,basis_momentum_20__csz,fold_2025,2025
2025-05-15,30,6,6,-0.008674213807957432,0.010849661334130331,-0.00976193757104388,1.0,0.0,2.0,-0.00976193757104388,-0.01036193757104388,-0.010761937571043882,-0.01176193757104388,basis_momentum_20__csz,fold_2025,2025
2025-05-22,30,6,6,-0.00954213346398895,-0.0035272785088116504,-0.003007427477588649,1.0,0.0,2.0,-0.003007427477588649,-0.003607427477588649,-0.004007427477588649,-0.005007427477588649,basis_momentum_20__csz,fold_2025,2025
2025-05-29,30,6,6,-0.0005790636159993161,0.014508581917736768,-0.007543822766868042,1.0,0.0,2.0,-0.007543822766868042,-0.008143822766868042,-0.00854382276686804,-0.009543822766868042,basis_momentum_20__csz,fold_2025,2025
2025-06-06,30,6,6,0.0033019887739572508,0.019711426020677814,-0.008204718623360282,1.0,0.0,2.0,-0.008204718623360282,-0.008804718623360281,-0.00920471862336028,-0.010204718623360282,basis_momentum_20__csz,fold_2025,2025
2025-06-13,30,6,6,0.0173628603516897,-0.0011935753651476004,0.00927821785841865,1.0,0.0,2.0,0.00927821785841865,0.00867821785841865,0.00827821785841865,0.00727821785841865,basis_momentum_20__csz,fold_2025,2025
2025-06-20,30,6,6,0.0023028730457931674,-0.008058875973531167,0.005180874509662167,1.0,0.0,2.0,0.005180874509662167,0.004580874509662167,0.004180874509662167,0.003180874509662167,basis_momentum_20__csz,fold_2025,2025
2025-06-27,30,6,6,-0.00785162858114365,0.005339474566943615,-0.006595551574043632,1.0,0.0,2.0,-0.006595551574043632,-0.007195551574043632,-0.007595551574043632,-0.008595551574043632,basis_momentum_20__csz,fold_2025,2025
2025-07-04,30,6,6,0.0020300883267077665,0.0042093070008472665,-0.00108960933706975,1.0,0.0,2.0,-0.00108960933706975,-0.00168960933706975,-0.00208960933706975,-0.00308960933706975,basis_momentum_20__csz,fold_2025,2025
2025-07-11,30,6,6,0.007227328275879533,0.011489358573184434,-0.0021310151486524506,1.0,0.0,2.0,-0.0021310151486524506,-0.0027310151486524504,-0.0031310151486524506,-0.004131015148652451,basis_momentum_20__csz,fold_2025,2025
2025-07-18,30,6,6,0.029617424693904177,-0.0029559740183212665,0.01628669935611272,1.0,0.0,2.0,0.01628669935611272,0.01568669935611272,0.01528669935611272,0.01428669935611272,basis_momentum_20__csz,fold_2025,2025
2025-07-25,30,6,6,-0.027846398976976383,-0.013499312316345819,-0.007173543330315282,1.0,0.0,2.0,-0.007173543330315282,-0.007773543330315282,-0.008173543330315282,-0.009173543330315281,basis_momentum_20__csz,fold_2025,2025
2025-08-01,30,6,6,0.0014243173537378667,0.0005787767275901495,0.0004227703130738586,1.0,0.0,2.0,0.0004227703130738586,-0.00017722968692614134,-0.0005772296869261415,-0.0015772296869261415,basis_momentum_20__csz,fold_2025,2025
2025-08-08,30,6,6,0.0025939619157738327,-0.0022418809471628676,0.00241792143146835,1.0,0.0,2.0,0.00241792143146835,0.0018179214314683503,0.0014179214314683501,0.0004179214314683501,basis_momentum_20__csz,fold_2025,2025
2025-08-15,30,6,6,0.0012950442177015996,-0.002338449687004533,0.0018167469523530664,1.0,0.0,2.0,0.0018167469523530664,0.0012167469523530665,0.0008167469523530663,-0.00018325304764693368,basis_momentum_20__csz,fold_2025,2025
2025-08-22,30,6,6,-0.0019313791185518994,0.012935063055888084,-0.007433221087219992,1.0,0.0,2.0,-0.007433221087219992,-0.008033221087219992,-0.008433221087219993,-0.009433221087219992,basis_momentum_20__csz,fold_2025,2025
2025-08-29,30,6,6,-0.0084443572778612,0.013571207026897333,-0.011007782152379266,1.0,0.0,2.0,-0.011007782152379266,-0.011607782152379266,-0.012007782152379267,-0.013007782152379266,basis_momentum_20__csz,fold_2025,2025
2025-09-05,30,6,6,-0.0005762771760395334,0.0031450674959040497,-0.0018606723359717915,1.0,0.0,2.0,-0.0018606723359717915,-0.0024606723359717913,-0.0028606723359717915,-0.0038606723359717915,basis_momentum_20__csz,fold_2025,2025
2025-09-12,30,6,6,-0.008725268600990018,-0.009176544147441233,0.00022563777322560756,1.0,0.0,2.0,0.00022563777322560756,-0.0003743622267743924,-0.0007743622267743925,-0.0017743622267743925,basis_momentum_20__csz,fold_2025,2025
2025-09-19,30,6,6,-0.0011214552514313668,0.014820120683934632,-0.007970787967683,1.0,0.0,2.0,-0.007970787967683,-0.008570787967683,-0.008970787967683,-0.009970787967683,basis_momentum_20__csz,fold_2025,2025
2025-09-26,30,6,6,-0.0019246635046771664,0.013588858392057748,-0.007756760948367457,1.0,0.0,2.0,-0.007756760948367457,-0.008356760948367457,-0.008756760948367456,-0.009756760948367457,basis_momentum_20__csz,fold_2025,2025
2025-10-13,30,6,6,-0.009679442453695652,0.018394105626528167,-0.014036774040111909,1.0,0.0,2.0,-0.014036774040111909,-0.014636774040111909,-0.01503677404011191,-0.01603677404011191,basis_momentum_20__csz,fold_2025,2025
2025-10-20,30,6,6,0.01626273490873525,-0.009894342507996185,0.013078538708365717,1.0,0.0,2.0,0.013078538708365717,0.012478538708365718,0.012078538708365717,0.011078538708365717,basis_momentum_20__csz,fold_2025,2025
2025-10-27,30,6,6,-0.0036671327961840337,0.002981589654639483,-0.0033243612254117583,1.0,0.0,2.0,-0.0033243612254117583,-0.003924361225411758,-0.004324361225411758,-0.005324361225411758,basis_momentum_20__csz,fold_2025,2025
2025-11-03,30,6,6,0.007028989898778916,0.0011507681810089346,0.002939110858884991,1.0,0.0,2.0,0.002939110858884991,0.002339110858884991,0.0019391108588849909,0.0009391108588849909,basis_momentum_20__csz,fold_2025,2025
2025-11-10,30,6,6,0.00019128413961836654,0.0007793811584215337,-0.00029404850940158357,1.0,0.0,2.0,-0.00029404850940158357,-0.0008940485094015836,-0.0012940485094015835,-0.0022940485094015838,basis_momentum_20__csz,fold_2025,2025
2025-11-17,30,6,6,-0.008360079258358266,0.0019480626612953837,-0.005154070959826825,1.0,0.0,2.0,-0.005154070959826825,-0.005754070959826825,-0.006154070959826825,-0.007154070959826825,basis_momentum_20__csz,fold_2025,2025
2025-11-24,30,6,6,0.015452806013379283,0.027751933698168457,-0.006149563842394587,1.0,0.0,2.0,-0.006149563842394587,-0.0067495638423945865,-0.007149563842394587,-0.008149563842394587,basis_momentum_20__csz,fold_2025,2025
2025-12-01,30,6,6,0.001069490256261501,0.0043766118249291336,-0.0016535607843338163,1.0,0.0,2.0,-0.0016535607843338163,-0.002253560784333816,-0.0026535607843338163,-0.0036535607843338164,basis_momentum_20__csz,fold_2025,2025
2025-12-08,30,6,6,-0.0016668708379587492,0.018018225342415182,-0.009842548090186965,1.0,0.0,2.0,-0.009842548090186965,-0.010442548090186965,-0.010842548090186966,-0.011842548090186965,basis_momentum_20__csz,fold_2025,2025
2025-12-15,30,6,6,0.010940177992106934,0.0229013241673235,-0.005980573087608283,1.0,0.0,2.0,-0.005980573087608283,-0.006580573087608283,-0.006980573087608283,-0.007980573087608283,basis_momentum_20__csz,fold_2025,2025
2025-12-22,30,6,6,0.012249848924108886,0.031180981499353954,-0.009465566287622535,1.0,0.0,2.0,-0.009465566287622535,-0.010065566287622535,-0.010465566287622536,-0.011465566287622535,basis_momentum_20__csz,fold_2025,2025
2025-01-02,30,6,6,-0.008643717017779867,0.002678744855383467,-0.005661230936581667,1.0,0.0,2.0,-0.005661230936581667,-0.006261230936581667,-0.006661230936581667,-0.007661230936581667,basis_momentum_20__missing,fold_2025,2025
2025-01-09,30,6,6,0.0075445210942481486,0.018594971169530666,-0.005525225037641258,1.0,0.0,2.0,-0.005525225037641258,-0.006125225037641258,-0.006525225037641258,-0.007525225037641258,basis_momentum_20__missing,fold_2025,2025
2025-01-16,30,6,6,-0.010761841957401931,-0.010041264596301166,-0.0003602886805503828,1.0,0.0,2.0,-0.0003602886805503828,-0.0009602886805503828,-0.0013602886805503828,-0.002360288680550383,basis_momentum_20__missing,fold_2025,2025
2025-01-23,30,6,6,0.026902164920274117,0.022760400240047135,0.0020708823401134908,1.0,0.0,2.0,0.0020708823401134908,0.001470882340113491,0.0010708823401134908,7.088234011349073e-05,basis_momentum_20__missing,fold_2025,2025
2025-02-07,30,6,6,0.0034579360473451504,0.014863603764137085,-0.005702833858395967,1.0,0.0,2.0,-0.005702833858395967,-0.006302833858395967,-0.006702833858395967,-0.007702833858395967,basis_momentum_20__missing,fold_2025,2025
2025-02-14,30,6,6,-0.0019584202884222503,-0.005546947229154684,0.0017942634703662168,1.0,0.0,2.0,0.0017942634703662168,0.001194263470366217,0.0007942634703662168,-0.0002057365296337832,basis_momentum_20__missing,fold_2025,2025
2025-02-21,30,6,6,-0.01620415741924312,-0.01981034273051052,0.0018030926556336993,1.0,0.0,2.0,0.0018030926556336993,0.0012030926556336995,0.0008030926556336993,-0.00019690734436630074,basis_momentum_20__missing,fold_2025,2025
2025-02-28,30,6,6,0.0017574808783526665,0.005772026116737082,-0.002007272619192208,1.0,0.0,2.0,-0.002007272619192208,-0.002607272619192208,-0.003007272619192208,-0.004007272619192208,basis_momentum_20__missing,fold_2025,2025
2025-03-07,30,6,6,0.01790988762657575,0.01117074853885155,0.0033695695438620997,1.0,0.0,2.0,0.0033695695438620997,0.0027695695438621,0.0023695695438620996,0.0013695695438620996,basis_momentum_20__missing,fold_2025,2025
2025-03-14,30,6,6,-0.00670018249429645,-0.005378130145819351,-0.0006610261742385497,1.0,0.0,2.0,-0.0006610261742385497,-0.0012610261742385495,-0.0016610261742385497,-0.0026610261742385497,basis_momentum_20__missing,fold_2025,2025
2025-03-21,30,6,6,0.008953652940416067,0.010443650073667751,-0.0007449985666258419,1.0,0.0,2.0,-0.0007449985666258419,-0.0013449985666258418,-0.001744998566625842,-0.002744998566625842,basis_momentum_20__missing,fold_2025,2025
2025-03-28,30,6,6,-0.05285900986506967,-0.042894403238588376,-0.004982303313240646,1.0,0.0,2.0,-0.004982303313240646,-0.0055823033132406455,-0.005982303313240646,-0.006982303313240646,basis_momentum_20__missing,fold_2025,2025
2025-04-07,30,6,6,0.0006071785515274665,0.015950776796268846,-0.00767179912237069,1.0,0.0,2.0,-0.00767179912237069,-0.00827179912237069,-0.00867179912237069,-0.00967179912237069,basis_momentum_20__missing,fold_2025,2025
2025-04-14,30,6,6,-0.00027935445437895037,0.013286368781465817,-0.006782861617922384,1.0,0.0,2.0,-0.006782861617922384,-0.0073828616179223835,-0.007782861617922384,-0.008782861617922383,basis_momentum_20__missing,fold_2025,2025
2025-04-21,30,6,6,0.0040523527979588825,0.002419965293180782,0.0008161937523890504,1.0,0.0,2.0,0.0008161937523890504,0.00021619375238905042,-0.00018380624761094966,-0.0011838062476109497,basis_momentum_20__missing,fold_2025,2025
2025-04-28,30,6,6,-0.00718951193955315,-0.003936962928007667,-0.0016262745057727414,1.0,0.0,2.0,-0.0016262745057727414,-0.0022262745057727413,-0.0026262745057727415,-0.0036262745057727415,basis_momentum_20__missing,fold_2025,2025
2025-05-08,30,6,6,0.019815468992626633,0.0028483170635519007,0.008483575964537367,1.0,0.0,2.0,0.008483575964537367,0.007883575964537367,0.007483575964537367,0.006483575964537367,basis_momentum_20__missing,fold_2025,2025
2025-05-15,30,6,6,-0.008674213807957432,0.010849661334130331,-0.00976193757104388,1.0,0.0,2.0,-0.00976193757104388,-0.01036193757104388,-0.010761937571043882,-0.01176193757104388,basis_momentum_20__missing,fold_2025,2025
2025-05-22,30,6,6,-0.00954213346398895,-0.0035272785088116504,-0.003007427477588649,1.0,0.0,2.0,-0.003007427477588649,-0.003607427477588649,-0.004007427477588649,-0.005007427477588649,basis_momentum_20__missing,fold_2025,2025
2025-05-29,30,6,6,-0.0005790636159993161,0.014508581917736768,-0.007543822766868042,1.0,0.0,2.0,-0.007543822766868042,-0.008143822766868042,-0.00854382276686804,-0.009543822766868042,basis_momentum_20__missing,fold_2025,2025
2025-06-06,30,6,6,0.0033019887739572508,0.019711426020677814,-0.008204718623360282,1.0,0.0,2.0,-0.008204718623360282,-0.008804718623360281,-0.00920471862336028,-0.010204718623360282,basis_momentum_20__missing,fold_2025,2025
2025-06-13,30,6,6,0.0173628603516897,-0.0011935753651476004,0.00927821785841865,1.0,0.0,2.0,0.00927821785841865,0.00867821785841865,0.00827821785841865,0.00727821785841865,basis_momentum_20__missing,fold_2025,2025
2025-06-20,30,6,6,0.0023028730457931674,-0.008058875973531167,0.005180874509662167,1.0,0.0,2.0,0.005180874509662167,0.004580874509662167,0.004180874509662167,0.003180874509662167,basis_momentum_20__missing,fold_2025,2025
2025-06-27,30,6,6,-0.00785162858114365,0.005339474566943615,-0.006595551574043632,1.0,0.0,2.0,-0.006595551574043632,-0.007195551574043632,-0.007595551574043632,-0.008595551574043632,basis_momentum_20__missing,fold_2025,2025
2025-07-04,30,6,6,0.0020300883267077665,0.0042093070008472665,-0.00108960933706975,1.0,0.0,2.0,-0.00108960933706975,-0.00168960933706975,-0.00208960933706975,-0.00308960933706975,basis_momentum_20__missing,fold_2025,2025
2025-07-11,30,6,6,0.007227328275879533,0.011489358573184434,-0.0021310151486524506,1.0,0.0,2.0,-0.0021310151486524506,-0.0027310151486524504,-0.0031310151486524506,-0.004131015148652451,basis_momentum_20__missing,fold_2025,2025
2025-07-18,30,6,6,0.029617424693904177,-0.0029559740183212665,0.01628669935611272,1.0,0.0,2.0,0.01628669935611272,0.01568669935611272,0.01528669935611272,0.01428669935611272,basis_momentum_20__missing,fold_2025,2025
2025-07-25,30,6,6,-0.027846398976976383,-0.013499312316345819,-0.007173543330315282,1.0,0.0,2.0,-0.007173543330315282,-0.007773543330315282,-0.008173543330315282,-0.009173543330315281,basis_momentum_20__missing,fold_2025,2025
2025-08-01,30,6,6,0.0014243173537378667,0.0005787767275901495,0.0004227703130738586,1.0,0.0,2.0,0.0004227703130738586,-0.00017722968692614134,-0.0005772296869261415,-0.0015772296869261415,basis_momentum_20__missing,fold_2025,2025
2025-08-08,30,6,6,0.0025939619157738327,-0.0022418809471628676,0.00241792143146835,1.0,0.0,2.0,0.00241792143146835,0.0018179214314683503,0.0014179214314683501,0.0004179214314683501,basis_momentum_20__missing,fold_2025,2025
2025-08-15,30,6,6,0.0012950442177015996,-0.002338449687004533,0.0018167469523530664,1.0,0.0,2.0,0.0018167469523530664,0.0012167469523530665,0.0008167469523530663,-0.00018325304764693368,basis_momentum_20__missing,fold_2025,2025
2025-08-22,30,6,6,-0.0019313791185518994,0.012935063055888084,-0.007433221087219992,1.0,0.0,2.0,-0.007433221087219992,-0.008033221087219992,-0.008433221087219993,-0.009433221087219992,basis_momentum_20__missing,fold_2025,2025
2025-08-29,30,6,6,-0.0084443572778612,0.013571207026897333,-0.011007782152379266,1.0,0.0,2.0,-0.011007782152379266,-0.011607782152379266,-0.012007782152379267,-0.013007782152379266,basis_momentum_20__missing,fold_2025,2025
2025-09-05,30,6,6,-0.0005762771760395334,0.0031450674959040497,-0.0018606723359717915,1.0,0.0,2.0,-0.0018606723359717915,-0.0024606723359717913,-0.0028606723359717915,-0.0038606723359717915,basis_momentum_20__missing,fold_2025,2025
2025-09-12,30,6,6,-0.008725268600990018,-0.009176544147441233,0.00022563777322560756,1.0,0.0,2.0,0.00022563777322560756,-0.0003743622267743924,-0.0007743622267743925,-0.0017743622267743925,basis_momentum_20__missing,fold_2025,2025
2025-09-19,30,6,6,-0.0011214552514313668,0.014820120683934632,-0.007970787967683,1.0,0.0,2.0,-0.007970787967683,-0.008570787967683,-0.008970787967683,-0.009970787967683,basis_momentum_20__missing,fold_2025,2025
2025-09-26,30,6,6,-0.0019246635046771664,0.013588858392057748,-0.007756760948367457,1.0,0.0,2.0,-0.007756760948367457,-0.008356760948367457,-0.008756760948367456,-0.009756760948367457,basis_momentum_20__missing,fold_2025,2025
2025-10-13,30,6,6,-0.009679442453695652,0.018394105626528167,-0.014036774040111909,1.0,0.0,2.0,-0.014036774040111909,-0.014636774040111909,-0.01503677404011191,-0.01603677404011191,basis_momentum_20__missing,fold_2025,2025
2025-10-20,30,6,6,0.01626273490873525,-0.009894342507996185,0.013078538708365717,1.0,0.0,2.0,0.013078538708365717,0.012478538708365718,0.012078538708365717,0.011078538708365717,basis_momentum_20__missing,fold_2025,2025
2025-10-27,30,6,6,-0.0036671327961840337,0.002981589654639483,-0.0033243612254117583,1.0,0.0,2.0,-0.0033243612254117583,-0.003924361225411758,-0.004324361225411758,-0.005324361225411758,basis_momentum_20__missing,fold_2025,2025
2025-11-03,30,6,6,0.007028989898778916,0.0011507681810089346,0.002939110858884991,1.0,0.0,2.0,0.002939110858884991,0.002339110858884991,0.0019391108588849909,0.0009391108588849909,basis_momentum_20__missing,fold_2025,2025
2025-11-10,30,6,6,0.00019128413961836654,0.0007793811584215337,-0.00029404850940158357,1.0,0.0,2.0,-0.00029404850940158357,-0.0008940485094015836,-0.0012940485094015835,-0.0022940485094015838,basis_momentum_20__missing,fold_2025,2025
2025-11-17,30,6,6,-0.008360079258358266,0.0019480626612953837,-0.005154070959826825,1.0,0.0,2.0,-0.005154070959826825,-0.005754070959826825,-0.006154070959826825,-0.007154070959826825,basis_momentum_20__missing,fold_2025,2025
2025-11-24,30,6,6,0.015452806013379283,0.027751933698168457,-0.006149563842394587,1.0,0.0,2.0,-0.006149563842394587,-0.0067495638423945865,-0.007149563842394587,-0.008149563842394587,basis_momentum_20__missing,fold_2025,2025
2025-12-01,30,6,6,0.001069490256261501,0.0043766118249291336,-0.0016535607843338163,1.0,0.0,2.0,-0.0016535607843338163,-0.002253560784333816,-0.0026535607843338163,-0.0036535607843338164,basis_momentum_20__missing,fold_2025,2025
2025-12-08,30,6,6,-0.0016668708379587492,0.018018225342415182,-0.009842548090186965,1.0,0.0,2.0,-0.009842548090186965,-0.010442548090186965,-0.010842548090186966,-0.011842548090186965,basis_momentum_20__missing,fold_2025,2025
2025-12-15,30,6,6,0.010940177992106934,0.0229013241673235,-0.005980573087608283,1.0,0.0,2.0,-0.005980573087608283,-0.006580573087608283,-0.006980573087608283,-0.007980573087608283,basis_momentum_20__missing,fold_2025,2025
2025-12-22,30,6,6,0.012249848924108886,0.031180981499353954,-0.009465566287622535,1.0,0.0,2.0,-0.009465566287622535,-0.010065566287622535,-0.010465566287622536,-0.011465566287622535,basis_momentum_20__missing,fold_2025,2025
2025-01-02,30,6,6,-0.026081126172584998,-0.029027975938485037,0.0014734248829500196,1.0,0.0,2.0,0.0014734248829500196,0.0008734248829500197,0.0004734248829500196,-0.0005265751170499804,curve_curvature__csz,fold_2025,2025
2025-01-09,30,6,6,0.0364859493104936,0.033781734876969866,0.001352107216761867,1.0,0.0,2.0,0.001352107216761867,0.0007521072167618672,0.0003521072167618671,-0.0006478927832381329,curve_curvature__csz,fold_2025,2025
2025-01-16,30,6,6,6.377304069848354e-05,-0.006658096076516099,0.003360934558607291,1.0,0.0,2.0,0.003360934558607291,0.002760934558607291,0.002360934558607291,0.001360934558607291,curve_curvature__csz,fold_2025,2025
2025-01-23,30,6,6,0.035492240820220115,0.003134442886790534,0.016178898966714792,1.0,0.0,2.0,0.016178898966714792,0.015578898966714792,0.015178898966714791,0.014178898966714792,curve_curvature__csz,fold_2025,2025
2025-02-07,30,6,6,-0.009623350714618499,0.0033639729154090006,-0.00649366181501375,1.0,0.0,2.0,-0.00649366181501375,-0.0070936618150137494,-0.00749366181501375,-0.00849366181501375,curve_curvature__csz,fold_2025,2025
2025-02-14,30,6,6,0.012778398939931915,0.015591234556820183,-0.0014064178084441338,1.0,0.0,2.0,-0.0014064178084441338,-0.0020064178084441336,-0.002406417808444134,-0.003406417808444134,curve_curvature__csz,fold_2025,2025
2025-02-21,30,6,6,-0.009006644739882864,-0.009162965109891183,7.816018500415942e-05,1.0,0.0,2.0,7.816018500415942e-05,-0.0005218398149958405,-0.0009218398149958406,-0.0019218398149958406,curve_curvature__csz,fold_2025,2025
2025-02-28,30,6,6,-0.008805915456991933,-0.00563750904673075,-0.0015842032051305915,1.0,0.0,2.0,-0.0015842032051305915,-0.0021842032051305913,-0.0025842032051305915,-0.0035842032051305915,curve_curvature__csz,fold_2025,2025
2025-03-07,30,6,6,0.020409497671591267,0.017658551138008967,0.0013754732667911503,1.0,0.0,2.0,0.0013754732667911503,0.0007754732667911503,0.00037547326679115024,-0.0006245267332088498,curve_curvature__csz,fold_2025,2025
2025-03-14,30,6,6,-0.018656800860943453,-0.001020939388498017,-0.008817930736222718,1.0,0.0,2.0,-0.008817930736222718,-0.009417930736222718,-0.009817930736222717,-0.010817930736222718,curve_curvature__csz,fold_2025,2025
2025-03-21,30,6,6,-0.00412813141931035,0.00910844660306265,-0.006618289011186499,1.0,0.0,2.0,-0.006618289011186499,-0.007218289011186499,-0.007618289011186499,-0.008618289011186499,curve_curvature__csz,fold_2025,2025
2025-03-28,30,6,6,-0.018872889708055354,-0.03083927866637735,0.005983194479160998,1.0,0.0,2.0,0.005983194479160998,0.005383194479160998,0.004983194479160998,0.003983194479160998,curve_curvature__csz,fold_2025,2025
2025-04-07,30,6,6,0.0029899100308047005,0.0004008041742019665,0.001294552928301367,1.0,0.0,2.0,0.001294552928301367,0.0006945529283013671,0.000294552928301367,-0.000705447071698633,curve_curvature__csz,fold_2025,2025
2025-04-14,30,6,6,-0.015122104082096965,-0.003970533956185966,-0.0055757850629555,1.0,0.0,2.0,-0.0055757850629555,-0.0061757850629555,-0.0065757850629555,-0.0075757850629555,curve_curvature__csz,fold_2025,2025
2025-04-21,30,6,6,0.00025944602160833316,0.010932945757126465,-0.005336749867759066,1.0,0.0,2.0,-0.005336749867759066,-0.005936749867759066,-0.006336749867759066,-0.007336749867759066,curve_curvature__csz,fold_2025,2025
2025-04-28,30,6,6,-0.03023677542198358,-0.0232386294642094,-0.00349907297888709,1.0,0.0,2.0,-0.00349907297888709,-0.00409907297888709,-0.00449907297888709,-0.00549907297888709,curve_curvature__csz,fold_2025,2025
2025-05-08,30,6,6,0.0020700907588683828,-0.0074318627746424,0.0047509767667553915,1.0,0.0,2.0,0.0047509767667553915,0.004150976766755392,0.0037509767667553914,0.0027509767667553914,curve_curvature__csz,fold_2025,2025
2025-05-15,30,6,6,-0.021835250213586416,-0.0026417669677505327,-0.009596741622917942,1.0,0.0,2.0,-0.009596741622917942,-0.010196741622917942,-0.010596741622917943,-0.011596741622917942,curve_curvature__csz,fold_2025,2025
2025-05-22,30,6,6,-0.0030639128870504503,-0.0052673936244522325,0.0011017403687008911,1.0,0.0,2.0,0.0011017403687008911,0.0005017403687008912,0.00010174036870089112,-0.0008982596312991089,curve_curvature__csz,fold_2025,2025
2025-05-29,30,6,6,0.000878672177284717,-0.0010075217042589829,0.00094309694077185,1.0,0.0,2.0,0.00094309694077185,0.00034309694077185005,-5.690305922815002e-05,-0.00105690305922815,curve_curvature__csz,fold_2025,2025
2025-06-06,30,6,6,0.01790576749087047,0.015357074706219382,0.0012743463923255436,1.0,0.0,2.0,0.0012743463923255436,0.0006743463923255436,0.00027434639232554354,-0.0007256536076744565,curve_curvature__csz,fold_2025,2025
2025-06-13,30,6,6,0.02540643354290663,0.006270821901940168,0.00956780582048323,1.0,0.0,2.0,0.00956780582048323,0.00896780582048323,0.008567805820483231,0.00756780582048323,curve_curvature__csz,fold_2025,2025
2025-06-20,30,6,6,-0.004819215678660332,-0.030829555222906247,0.013005169772122958,1.0,0.0,2.0,0.013005169772122958,0.012405169772122958,0.012005169772122959,0.011005169772122958,curve_curvature__csz,fold_2025,2025
2025-06-27,30,6,6,0.006575758191027399,-0.004971173165987217,0.005773465678507308,1.0,0.0,2.0,0.005773465678507308,0.005173465678507308,0.004773465678507308,0.0037734656785073078,curve_curvature__csz,fold_2025,2025
2025-07-04,30,6,6,0.009281351047474165,0.0001297890578360666,0.00457578099481905,1.0,0.0,2.0,0.00457578099481905,0.00397578099481905,0.00357578099481905,0.00257578099481905,curve_curvature__csz,fold_2025,2025
2025-07-11,30,6,6,0.014444405327484767,0.015172202773069033,-0.0003638987227921331,1.0,0.0,2.0,-0.0003638987227921331,-0.000963898722792133,-0.0013638987227921331,-0.002363898722792133,curve_curvature__csz,fold_2025,2025
2025-07-18,30,6,6,0.0669815591896565,0.010058220593385733,0.02846166929813538,1.0,0.0,2.0,0.02846166929813538,0.02786166929813538,0.02746166929813538,0.026461669298135378,curve_curvature__csz,fold_2025,2025
2025-07-25,30,6,6,-0.04893557702646233,-0.030346907707569117,-0.009294334659446608,1.0,0.0,2.0,-0.009294334659446608,-0.009894334659446608,-0.010294334659446607,-0.011294334659446608,curve_curvature__csz,fold_2025,2025
2025-08-01,30,6,6,-0.0039018572645155842,0.015832680195265566,-0.009867268729890575,1.0,0.0,2.0,-0.009867268729890575,-0.010467268729890575,-0.010867268729890574,-0.011867268729890575,curve_curvature__csz,fold_2025,2025
2025-08-08,30,6,6,-0.0024473859255873653,0.003725032424357766,-0.0030862091749725654,1.0,0.0,2.0,-0.0030862091749725654,-0.0036862091749725653,-0.0040862091749725655,-0.0050862091749725655,curve_curvature__csz,fold_2025,2025
2025-08-15,30,6,6,-0.022566396447750683,-0.005394813793683284,-0.0085857913270337,1.0,0.0,2.0,-0.0085857913270337,-0.0091857913270337,-0.009585791327033698,-0.0105857913270337,curve_curvature__csz,fold_2025,2025
2025-08-22,30,6,6,-0.011577971778640983,-0.014833460351712867,0.001627744286535942,1.0,0.0,2.0,0.001627744286535942,0.0010277442865359422,0.0006277442865359421,-0.00037225571346405795,curve_curvature__csz,fold_2025,2025
2025-08-29,30,6,6,0.0051476654233149335,-0.0019939181429638668,0.0035707917831394,1.0,0.0,2.0,0.0035707917831394,0.0029707917831394,0.0025707917831394,0.0015707917831393999,curve_curvature__csz,fold_2025,2025
2025-09-05,30,6,6,-0.0025818864724607166,-0.004966563453540449,0.0011923384905398664,1.0,0.0,2.0,0.0011923384905398664,0.0005923384905398664,0.00019233849053986634,-0.0008076615094601337,curve_curvature__csz,fold_2025,2025
2025-09-12,30,6,6,0.0024007090428985168,0.010911090766687415,-0.004255190861894449,1.0,0.0,2.0,-0.004255190861894449,-0.004855190861894449,-0.005255190861894449,-0.006255190861894449,curve_curvature__csz,fold_2025,2025
2025-09-19,30,6,6,-0.006242660653004616,-0.02647516077825067,0.010116250062623027,1.0,0.0,2.0,0.010116250062623027,0.009516250062623027,0.009116250062623028,0.008116250062623027,curve_curvature__csz,fold_2025,2025
2025-09-26,30,6,6,-0.032968841305733534,-0.013027999525870651,-0.009970420889931442,1.0,0.0,2.0,-0.009970420889931442,-0.010570420889931442,-0.010970420889931443,-0.011970420889931442,curve_curvature__csz,fold_2025,2025
2025-10-13,30,6,6,-0.006561313031406883,-0.008389023139955,0.0009138550542740582,1.0,0.0,2.0,0.0009138550542740582,0.00031385505427405827,-8.614494572594181e-05,-0.0010861449457259418,curve_curvature__csz,fold_2025,2025
2025-10-20,30,6,6,0.024609170746352563,0.018432917389947002,0.0030881266782027805,1.0,0.0,2.0,0.0030881266782027805,0.0024881266782027806,0.0020881266782027804,0.0010881266782027804,curve_curvature__csz,fold_2025,2025
2025-10-27,30,6,6,-0.007424102085240285,-0.002785623227825917,-0.0023192394287071838,1.0,0.0,2.0,-0.0023192394287071838,-0.0029192394287071836,-0.0033192394287071838,-0.004319239428707183,curve_curvature__csz,fold_2025,2025
2025-11-03,30,6,6,0.0016552846883547353,-0.012672235262809433,0.007163759975582084,1.0,0.0,2.0,0.007163759975582084,0.0065637599755820845,0.006163759975582084,0.005163759975582084,curve_curvature__csz,fold_2025,2025
2025-11-10,30,6,6,-0.0025431941277930335,-0.008721508773983281,0.003089157323095124,1.0,0.0,2.0,0.003089157323095124,0.002489157323095124,0.002089157323095124,0.0010891573230951239,curve_curvature__csz,fold_2025,2025
2025-11-17,30,6,6,-0.003832276567285416,-0.02361807194111927,0.009892897686916927,1.0,0.0,2.0,0.009892897686916927,0.009292897686916927,0.008892897686916926,0.007892897686916927,curve_curvature__csz,fold_2025,2025
2025-11-24,30,6,6,0.003958475221528767,0.009770788650029484,-0.0029061567142503585,1.0,0.0,2.0,-0.0029061567142503585,-0.0035061567142503584,-0.0039061567142503585,-0.004906156714250359,curve_curvature__csz,fold_2025,2025
2025-12-01,30,6,6,-0.0031542356468174672,-0.02238833387189633,0.009617049112539432,1.0,0.0,2.0,0.009617049112539432,0.009017049112539432,0.00861704911253943,0.007617049112539432,curve_curvature__csz,fold_2025,2025
2025-12-08,30,6,6,-0.003494849840136783,-0.013893579295071084,0.0051993647274671505,1.0,0.0,2.0,0.0051993647274671505,0.004599364727467151,0.0041993647274671505,0.0031993647274671504,curve_curvature__csz,fold_2025,2025
2025-12-15,30,6,6,0.010560608973290767,0.010565942179558316,-2.666603133774821e-06,1.0,0.0,2.0,-2.666603133774821e-06,-0.0006026666031337748,-0.0010026666031337748,-0.002002666603133775,curve_curvature__csz,fold_2025,2025
2025-12-22,30,6,6,0.006740065935172267,0.0009051160452626666,0.0029174749449548,1.0,0.0,2.0,0.0029174749449548,0.0023174749449548,0.0019174749449548,0.0009174749449547999,curve_curvature__csz,fold_2025,2025
2025-01-02,30,6,6,-0.008643717017779867,0.002678744855383467,-0.005661230936581667,1.0,0.0,2.0,-0.005661230936581667,-0.006261230936581667,-0.006661230936581667,-0.007661230936581667,curve_curvature__missing,fold_2025,2025
2025-01-09,30,6,6,0.0075445210942481486,0.020395712889877318,-0.006425595897814584,1.0,0.0,2.0,-0.006425595897814584,-0.007025595897814584,-0.007425595897814584,-0.008425595897814584,curve_curvature__missing,fold_2025,2025
2025-01-16,30,6,6,-0.010761841957401931,-0.010281061105248531,-0.0002403904260767,1.0,0.0,2.0,-0.0002403904260767,-0.0008403904260767,-0.0012403904260767,-0.0022403904260767,curve_curvature__missing,fold_2025,2025
2025-01-23,30,6,6,0.026902164920274117,0.023718195609280786,0.001591984655496665,1.0,0.0,2.0,0.001591984655496665,0.0009919846554966652,0.000591984655496665,-0.000408015344503335,curve_curvature__missing,fold_2025,2025
2025-02-07,30,6,6,0.0034579360473451504,0.0029539445467332815,0.00025199575030593444,1.0,0.0,2.0,0.00025199575030593444,-0.0003480042496940655,-0.0007480042496940656,-0.0017480042496940656,curve_curvature__missing,fold_2025,2025
2025-02-14,30,6,6,-0.0019584202884222503,0.0016695903476072159,-0.001814005318014733,1.0,0.0,2.0,-0.001814005318014733,-0.002414005318014733,-0.002814005318014733,-0.003814005318014733,curve_curvature__missing,fold_2025,2025
2025-02-21,30,6,6,-0.019024464869738716,-0.014475924561171782,-0.002274270154283467,1.0,0.0,2.0,-0.002274270154283467,-0.002874270154283467,-0.003274270154283467,-0.004274270154283467,curve_curvature__missing,fold_2025,2025
2025-02-28,30,6,6,-0.0002666097829086839,0.0008142702230686333,-0.0005404400029886586,1.0,0.0,2.0,-0.0005404400029886586,-0.0011404400029886585,-0.0015404400029886585,-0.0025404400029886585,curve_curvature__missing,fold_2025,2025
2025-03-07,30,6,6,0.01790988762657575,0.01257209440320973,0.0026688966116830094,1.0,0.0,2.0,0.0026688966116830094,0.0020688966116830096,0.0016688966116830094,0.0006688966116830094,curve_curvature__missing,fold_2025,2025
2025-03-14,30,6,6,-0.00670018249429645,-0.01529486598896015,0.00429734174733185,1.0,0.0,2.0,0.00429734174733185,0.00369734174733185,0.0032973417473318497,0.0022973417473318497,curve_curvature__missing,fold_2025,2025
2025-03-21,30,6,6,0.005811776003718418,0.01756768468657405,-0.005877954341427816,1.0,0.0,2.0,-0.005877954341427816,-0.006477954341427816,-0.006877954341427816,-0.007877954341427816,curve_curvature__missing,fold_2025,2025
2025-03-28,30,6,6,-0.05285900986506967,-0.03021584017362655,-0.011321584845721558,1.0,0.0,2.0,-0.011321584845721558,-0.011921584845721558,-0.012321584845721559,-0.013321584845721558,curve_curvature__missing,fold_2025,2025
2025-04-07,30,6,6,0.0006071785515274665,0.009485433054489581,-0.0044391272514810575,1.0,0.0,2.0,-0.0044391272514810575,-0.005039127251481057,-0.0054391272514810575,-0.0064391272514810576,curve_curvature__missing,fold_2025,2025
2025-04-14,30,6,6,-0.00027935445437895037,0.013286368781465817,-0.006782861617922384,1.0,0.0,2.0,-0.006782861617922384,-0.0073828616179223835,-0.007782861617922384,-0.008782861617922383,curve_curvature__missing,fold_2025,2025
2025-04-21,30,6,6,0.0040523527979588825,0.002419965293180782,0.0008161937523890504,1.0,0.0,2.0,0.0008161937523890504,0.00021619375238905042,-0.00018380624761094966,-0.0011838062476109497,curve_curvature__missing,fold_2025,2025
2025-04-28,30,6,6,-0.00718951193955315,-0.003936962928007667,-0.0016262745057727414,1.0,0.0,2.0,-0.0016262745057727414,-0.0022262745057727413,-0.0026262745057727415,-0.0036262745057727415,curve_curvature__missing,fold_2025,2025
2025-05-08,30,6,6,0.019815468992626633,0.0028483170635519007,0.008483575964537367,1.0,0.0,2.0,0.008483575964537367,0.007883575964537367,0.007483575964537367,0.006483575964537367,curve_curvature__missing,fold_2025,2025
2025-05-15,30,6,6,-0.008674213807957432,0.0011030040505272498,-0.004888608929242341,1.0,0.0,2.0,-0.004888608929242341,-0.005488608929242341,-0.005888608929242341,-0.006888608929242341,curve_curvature__missing,fold_2025,2025
2025-05-22,30,6,6,-0.00954213346398895,-0.009866509867058384,0.00016218820153471748,1.0,0.0,2.0,0.00016218820153471748,-0.00043781179846528247,-0.0008378117984652825,-0.0018378117984652826,curve_curvature__missing,fold_2025,2025
2025-05-29,30,6,6,-0.0005790636159993161,0.015098995325686435,-0.007839029470842876,1.0,0.0,2.0,-0.007839029470842876,-0.008439029470842876,-0.008839029470842877,-0.009839029470842876,curve_curvature__missing,fold_2025,2025
2025-06-06,30,6,6,0.0033019887739572508,0.010532648441103817,-0.003615329833573283,1.0,0.0,2.0,-0.003615329833573283,-0.004215329833573283,-0.004615329833573283,-0.005615329833573283,curve_curvature__missing,fold_2025,2025
2025-06-13,30,6,6,0.0173628603516897,0.0007545247946868502,0.008304167778501424,1.0,0.0,2.0,0.008304167778501424,0.007704167778501424,0.007304167778501424,0.006304167778501424,curve_curvature__missing,fold_2025,2025
2025-06-20,30,6,6,0.0023028730457931674,0.005945075499427667,-0.0018211012268172498,1.0,0.0,2.0,-0.0018211012268172498,-0.0024211012268172496,-0.0028211012268172498,-0.00382110122681725,curve_curvature__missing,fold_2025,2025
2025-06-27,30,6,6,-0.00785162858114365,0.002838366844233966,-0.005344997712688808,1.0,0.0,2.0,-0.005344997712688808,-0.005944997712688808,-0.006344997712688808,-0.007344997712688808,curve_curvature__missing,fold_2025,2025
2025-07-04,30,6,6,0.0020300883267077665,0.015834843936667068,-0.006902377804979651,1.0,0.0,2.0,-0.006902377804979651,-0.007502377804979651,-0.007902377804979651,-0.008902377804979652,curve_curvature__missing,fold_2025,2025
2025-07-11,30,6,6,0.007227328275879533,0.0110487544827458,-0.001910713103433134,1.0,0.0,2.0,-0.001910713103433134,-0.002510713103433134,-0.002910713103433134,-0.003910713103433134,curve_curvature__missing,fold_2025,2025
2025-07-18,30,6,6,0.029617424693904177,-0.0029559740183212665,0.01628669935611272,1.0,0.0,2.0,0.01628669935611272,0.01568669935611272,0.01528669935611272,0.01428669935611272,curve_curvature__missing,fold_2025,2025
2025-07-25,30,6,6,-0.027846398976976383,-0.013499312316345819,-0.007173543330315282,1.0,0.0,2.0,-0.007173543330315282,-0.007773543330315282,-0.008173543330315282,-0.009173543330315281,curve_curvature__missing,fold_2025,2025
2025-08-01,30,6,6,0.0014243173537378667,0.0005787767275901495,0.0004227703130738586,1.0,0.0,2.0,0.0004227703130738586,-0.00017722968692614134,-0.0005772296869261415,-0.0015772296869261415,curve_curvature__missing,fold_2025,2025
2025-08-08,30,6,6,0.0025939619157738327,-0.0022418809471628676,0.00241792143146835,1.0,0.0,2.0,0.00241792143146835,0.0018179214314683503,0.0014179214314683501,0.0004179214314683501,curve_curvature__missing,fold_2025,2025
2025-08-15,30,6,6,0.0012950442177015996,-0.002338449687004533,0.0018167469523530664,1.0,0.0,2.0,0.0018167469523530664,0.0012167469523530665,0.0008167469523530663,-0.00018325304764693368,curve_curvature__missing,fold_2025,2025
2025-08-22,30,6,6,-0.0019313791185518994,0.012935063055888084,-0.007433221087219992,1.0,0.0,2.0,-0.007433221087219992,-0.008033221087219992,-0.008433221087219993,-0.009433221087219992,curve_curvature__missing,fold_2025,2025
2025-08-29,30,6,6,-0.0084443572778612,0.013571207026897333,-0.011007782152379266,1.0,0.0,2.0,-0.011007782152379266,-0.011607782152379266,-0.012007782152379267,-0.013007782152379266,curve_curvature__missing,fold_2025,2025
2025-09-05,30,6,6,-0.0005762771760395334,0.0026073911644155664,-0.0015918341702275498,1.0,0.0,2.0,-0.0015918341702275498,-0.0021918341702275496,-0.00259183417022755,-0.00359183417022755,curve_curvature__missing,fold_2025,2025
2025-09-12,30,6,6,-0.008725268600990018,0.0017460165091909491,-0.0052356425550904835,1.0,0.0,2.0,-0.0052356425550904835,-0.005835642555090483,-0.006235642555090484,-0.007235642555090484,curve_curvature__missing,fold_2025,2025
2025-09-19,30,6,6,-0.0011214552514313668,0.00928389026113435,-0.005202672756282859,1.0,0.0,2.0,-0.005202672756282859,-0.005802672756282858,-0.006202672756282859,-0.007202672756282859,curve_curvature__missing,fold_2025,2025
2025-09-26,30,6,6,-0.0019246635046771664,0.016889285831375795,-0.00940697466802648,1.0,0.0,2.0,-0.00940697466802648,-0.01000697466802648,-0.01040697466802648,-0.01140697466802648,curve_curvature__missing,fold_2025,2025
2025-10-13,30,6,6,-0.009679442453695652,0.027139550947315932,-0.018409496700505793,1.0,0.0,2.0,-0.018409496700505793,-0.019009496700505793,-0.019409496700505794,-0.02040949670050579,curve_curvature__missing,fold_2025,2025
2025-10-20,30,6,6,0.01626273490873525,-0.011929176849575217,0.014095955879155235,1.0,0.0,2.0,0.014095955879155235,0.013495955879155235,0.013095955879155234,0.012095955879155235,curve_curvature__missing,fold_2025,2025
2025-10-27,30,6,6,-0.0036671327961840337,0.0056214991759321,-0.004644315986058066,1.0,0.0,2.0,-0.004644315986058066,-0.005244315986058066,-0.005644315986058066,-0.006644315986058066,curve_curvature__missing,fold_2025,2025
2025-11-03,30,6,6,0.007028989898778916,0.008570560946157383,-0.0007707855236892334,1.0,0.0,2.0,-0.0007707855236892334,-0.0013707855236892333,-0.0017707855236892335,-0.0027707855236892335,curve_curvature__missing,fold_2025,2025
2025-11-10,30,6,6,0.00019128413961836654,-0.0035884792493344835,0.001889881694476425,1.0,0.0,2.0,0.001889881694476425,0.0012898816944764253,0.0008898816944764251,-0.00011011830552357495,curve_curvature__missing,fold_2025,2025
2025-11-17,30,6,6,-0.008360079258358266,-0.006515399367887199,-0.0009223399452355338,1.0,0.0,2.0,-0.0009223399452355338,-0.0015223399452355337,-0.0019223399452355338,-0.002922339945235534,curve_curvature__missing,fold_2025,2025
2025-11-24,30,6,6,0.015452806013379283,0.027751933698168457,-0.006149563842394587,1.0,0.0,2.0,-0.006149563842394587,-0.0067495638423945865,-0.007149563842394587,-0.008149563842394587,curve_curvature__missing,fold_2025,2025
2025-12-01,30,6,6,0.001069490256261501,0.0043766118249291336,-0.0016535607843338163,1.0,0.0,2.0,-0.0016535607843338163,-0.002253560784333816,-0.0026535607843338163,-0.0036535607843338164,curve_curvature__missing,fold_2025,2025
2025-12-08,30,6,6,-0.0016668708379587492,0.018018225342415182,-0.009842548090186965,1.0,0.0,2.0,-0.009842548090186965,-0.010442548090186965,-0.010842548090186966,-0.011842548090186965,curve_curvature__missing,fold_2025,2025
2025-12-15,30,6,6,0.010940177992106934,0.0229013241673235,-0.005980573087608283,1.0,0.0,2.0,-0.005980573087608283,-0.006580573087608283,-0.006980573087608283,-0.007980573087608283,curve_curvature__missing,fold_2025,2025
2025-12-22,30,6,6,0.012249848924108886,0.031180981499353954,-0.009465566287622535,1.0,0.0,2.0,-0.009465566287622535,-0.010065566287622535,-0.010465566287622536,-0.011465566287622535,curve_curvature__missing,fold_2025,2025
2025-01-02,30,6,6,-0.03345748861266882,-0.009079427798749666,-0.012189030406959577,1.0,0.0,2.0,-0.012189030406959577,-0.012789030406959577,-0.013189030406959578,-0.014189030406959577,value_252__csz,fold_2025,2025
2025-01-09,30,6,6,0.0358225391183133,0.019974885169073805,0.007923826974619746,1.0,0.0,2.0,0.007923826974619746,0.007323826974619746,0.006923826974619746,0.005923826974619746,value_252__csz,fold_2025,2025
2025-01-16,30,6,6,-0.0034075763844078327,-0.012390683921181917,0.004491553768387042,1.0,0.0,2.0,0.004491553768387042,0.003891553768387042,0.003491553768387042,0.002491553768387042,value_252__csz,fold_2025,2025
2025-01-23,30,6,6,0.010876320631295617,0.018669776785412383,-0.0038967280770583835,1.0,0.0,2.0,-0.0038967280770583835,-0.004496728077058383,-0.0048967280770583835,-0.0058967280770583835,value_252__csz,fold_2025,2025
2025-02-07,30,6,6,-0.015469105252447867,0.0054965832851547325,-0.010482844268801299,1.0,0.0,2.0,-0.010482844268801299,-0.011082844268801299,-0.0114828442688013,-0.012482844268801299,value_252__csz,fold_2025,2025
2025-02-14,30,6,6,0.0231254617558266,-0.000795837565245217,0.011960649660535908,1.0,0.0,2.0,0.011960649660535908,0.011360649660535908,0.010960649660535907,0.009960649660535907,value_252__csz,fold_2025,2025
2025-02-21,30,6,6,-0.008209120629989965,-0.027304088997324266,0.00954748418366715,1.0,0.0,2.0,0.00954748418366715,0.00894748418366715,0.008547484183667148,0.007547484183667149,value_252__csz,fold_2025,2025
2025-02-28,30,6,6,-0.012033132963150268,0.0053010243435541,-0.008667078653352183,1.0,0.0,2.0,-0.008667078653352183,-0.009267078653352183,-0.009667078653352184,-0.010667078653352183,value_252__csz,fold_2025,2025
2025-03-07,30,6,6,-0.003365782516395017,0.015034647550353766,-0.009200215033374391,1.0,0.0,2.0,-0.009200215033374391,-0.009800215033374391,-0.010200215033374392,-0.011200215033374391,value_252__csz,fold_2025,2025
2025-03-14,30,6,6,-0.026950788969127833,-0.009235009246586415,-0.008857889861270708,1.0,0.0,2.0,-0.008857889861270708,-0.009457889861270708,-0.00985788986127071,-0.010857889861270708,value_252__csz,fold_2025,2025
2025-03-21,30,6,6,0.01512766186255655,0.01605842513631162,-0.00046538163687753504,1.0,0.0,2.0,-0.00046538163687753504,-0.0010653816368775349,-0.001465381636877535,-0.002465381636877535,value_252__csz,fold_2025,2025
2025-03-28,30,6,6,-0.02939413706477,-0.060085195526010514,0.015345529230620257,1.0,0.0,2.0,0.015345529230620257,0.014745529230620258,0.014345529230620258,0.013345529230620257,value_252__csz,fold_2025,2025
2025-04-07,30,6,6,-0.010430061606055167,0.010040556304187232,-0.0102353089551212,1.0,0.0,2.0,-0.0102353089551212,-0.0108353089551212,-0.0112353089551212,-0.0122353089551212,value_252__csz,fold_2025,2025
2025-04-14,30,6,6,-0.01142166966791585,0.001192123433382982,-0.006306896550649416,1.0,0.0,2.0,-0.006306896550649416,-0.006906896550649416,-0.007306896550649416,-0.008306896550649416,value_252__csz,fold_2025,2025
2025-04-21,30,6,6,0.009178778643941917,-0.010683147180342434,0.009930962912142176,1.0,0.0,2.0,0.009930962912142176,0.009330962912142176,0.008930962912142175,0.007930962912142176,value_252__csz,fold_2025,2025
2025-04-28,30,6,6,-0.03599632688782275,-0.001967717273267717,-0.017014304807277517,1.0,0.0,2.0,-0.017014304807277517,-0.017614304807277516,-0.018014304807277517,-0.01901430480727752,value_252__csz,fold_2025,2025
2025-05-08,30,6,6,0.019898383922166713,-0.016648559243976083,0.018273471583071396,1.0,0.0,2.0,0.018273471583071396,0.017673471583071396,0.017273471583071395,0.016273471583071394,value_252__csz,fold_2025,2025
2025-05-15,30,6,6,-0.03406922266531923,0.009649750198341533,-0.02185948643183038,1.0,0.0,2.0,-0.02185948643183038,-0.02245948643183038,-0.022859486431830382,-0.023859486431830383,value_252__csz,fold_2025,2025
2025-05-22,30,6,6,-0.0287260962060905,-5.1911576048505595e-06,-0.014360452524242824,1.0,0.0,2.0,-0.014360452524242824,-0.014960452524242824,-0.015360452524242823,-0.016360452524242824,value_252__csz,fold_2025,2025
2025-05-29,30,6,6,0.008813069604527135,0.013428215024147832,-0.0023075727098103484,1.0,0.0,2.0,-0.0023075727098103484,-0.0029075727098103483,-0.0033075727098103485,-0.0043075727098103485,value_252__csz,fold_2025,2025
2025-06-06,30,6,6,0.021218119497564348,0.010200782229124768,0.00550866863421979,1.0,0.0,2.0,0.00550866863421979,0.00490866863421979,0.00450866863421979,0.00350866863421979,value_252__csz,fold_2025,2025
2025-06-13,30,6,6,0.016802025799524434,-0.0006018661895605174,0.008701945994542475,1.0,0.0,2.0,0.008701945994542475,0.008101945994542475,0.007701945994542475,0.006701945994542475,value_252__csz,fold_2025,2025
2025-06-20,30,6,6,0.026200296297593215,-0.024814735113076733,0.025507515705334972,1.0,0.0,2.0,0.025507515705334972,0.024907515705334973,0.02450751570533497,0.02350751570533497,value_252__csz,fold_2025,2025
2025-06-27,30,6,6,0.003681641232038083,0.002218511868557816,0.0007315646817401334,1.0,0.0,2.0,0.0007315646817401334,0.00013156468174013345,-0.0002684353182598666,-0.0012684353182598666,value_252__csz,fold_2025,2025
2025-07-04,30,6,6,0.034260477279237526,-0.0011327116532874337,0.01769659446626248,1.0,0.0,2.0,0.01769659446626248,0.01709659446626248,0.01669659446626248,0.01569659446626248,value_252__csz,fold_2025,2025
2025-07-11,30,6,6,0.0052774046242474665,0.012683959735904533,-0.0037032775558285334,1.0,0.0,2.0,-0.0037032775558285334,-0.004303277555828534,-0.004703277555828533,-0.005703277555828534,value_252__csz,fold_2025,2025
2025-07-18,30,6,6,0.05183313112197527,-0.007118567534657283,0.029475849328316275,1.0,0.0,2.0,0.029475849328316275,0.028875849328316276,0.028475849328316274,0.027475849328316274,value_252__csz,fold_2025,2025
2025-07-25,30,6,6,-0.012146508865904133,-0.017957155020172616,0.0029053230771342413,1.0,0.0,2.0,0.0029053230771342413,0.0023053230771342414,0.0019053230771342413,0.0009053230771342412,value_252__csz,fold_2025,2025
2025-08-01,30,6,6,-0.0008823229185195668,0.009441313277495233,-0.0051618180980074,1.0,0.0,2.0,-0.0051618180980074,-0.0057618180980074,-0.0061618180980074,-0.0071618180980074,value_252__csz,fold_2025,2025
2025-08-08,30,6,6,-0.007403821205587301,-0.0038540952720330338,-0.0017748629667771337,1.0,0.0,2.0,-0.0017748629667771337,-0.0023748629667771338,-0.0027748629667771335,-0.0037748629667771335,value_252__csz,fold_2025,2025
2025-08-15,30,6,6,0.001829897641105133,-0.004568444039377867,0.0031991708402415,1.0,0.0,2.0,0.0031991708402415,0.0025991708402415,0.0021991708402415,0.0011991708402415,value_252__csz,fold_2025,2025
2025-08-22,30,6,6,0.006675035021402451,-0.0004845332532265997,0.0035797841373145256,1.0,0.0,2.0,0.0035797841373145256,0.0029797841373145257,0.0025797841373145255,0.0015797841373145255,value_252__csz,fold_2025,2025
2025-08-29,30,6,6,-0.005892346309867499,0.013586931739924103,-0.009739639024895802,1.0,0.0,2.0,-0.009739639024895802,-0.010339639024895802,-0.010739639024895803,-0.011739639024895802,value_252__csz,fold_2025,2025
2025-09-05,30,6,6,0.0046407628261551,0.0006589630288224331,0.001990899898666333,1.0,0.0,2.0,0.001990899898666333,0.0013908998986663333,0.0009908998986663331,-9.100101333666885e-06,value_252__csz,fold_2025,2025
2025-09-12,30,6,6,-0.0019507868199281,-0.011606300990492651,0.004827757085282275,1.0,0.0,2.0,0.004827757085282275,0.0042277570852822756,0.0038277570852822754,0.0028277570852822754,value_252__csz,fold_2025,2025
2025-09-19,30,6,6,0.009111450452639717,0.0136459431613928,-0.0022672463543765417,1.0,0.0,2.0,-0.0022672463543765417,-0.0028672463543765415,-0.0032672463543765417,-0.004267246354376542,value_252__csz,fold_2025,2025
2025-09-26,30,6,6,-0.020257007203311486,0.04550536489883491,-0.032881186051073194,1.0,0.0,2.0,-0.032881186051073194,-0.0334811860510732,-0.033881186051073195,-0.034881186051073196,value_252__csz,fold_2025,2025
2025-10-13,30,6,6,-0.008909822796942203,0.005260952294644766,-0.0070853875457934845,1.0,0.0,2.0,-0.0070853875457934845,-0.007685387545793484,-0.008085387545793484,-0.009085387545793484,value_252__csz,fold_2025,2025
2025-10-20,30,6,6,0.03537585241756188,-0.007523731421643034,0.021449791919602456,1.0,0.0,2.0,0.021449791919602456,0.020849791919602456,0.020449791919602455,0.019449791919602458,value_252__csz,fold_2025,2025
2025-10-27,30,6,6,-0.007761846772542783,0.004490203765174317,-0.00612602526885855,1.0,0.0,2.0,-0.00612602526885855,-0.00672602526885855,-0.00712602526885855,-0.00812602526885855,value_252__csz,fold_2025,2025
2025-11-03,30,6,6,-0.020702137647706384,0.0065682369231645985,-0.013635187285435491,1.0,0.0,2.0,-0.013635187285435491,-0.014235187285435491,-0.014635187285435492,-0.01563518728543549,value_252__csz,fold_2025,2025
2025-11-10,30,6,6,-0.0036305227392704324,-0.006590787979430016,0.0014801326200797919,1.0,0.0,2.0,0.0014801326200797919,0.0008801326200797919,0.00048013262007979185,-0.0005198673799202082,value_252__csz,fold_2025,2025
2025-11-17,30,6,6,-0.009531969330402451,-0.004967038564290133,-0.0022824653830561593,1.0,0.0,2.0,-0.0022824653830561593,-0.002882465383056159,-0.0032824653830561593,-0.004282465383056159,value_252__csz,fold_2025,2025
2025-11-24,30,6,6,0.0035473944844022,0.04239960909963685,-0.019426107307617325,1.0,0.0,2.0,-0.019426107307617325,-0.020026107307617325,-0.020426107307617326,-0.021426107307617327,value_252__csz,fold_2025,2025
2025-12-01,30,6,6,-0.018037993021371383,0.019516990494331816,-0.0187774917578516,1.0,0.0,2.0,-0.0187774917578516,-0.0193774917578516,-0.019777491757851602,-0.020777491757851603,value_252__csz,fold_2025,2025
2025-12-08,30,6,6,-0.013047435438872934,0.022938129326961487,-0.01799278238291721,1.0,0.0,2.0,-0.01799278238291721,-0.01859278238291721,-0.01899278238291721,-0.019992782382917212,value_252__csz,fold_2025,2025
2025-12-15,30,6,6,0.012014448941977951,0.025021687464254733,-0.006503619261138391,1.0,0.0,2.0,-0.006503619261138391,-0.007103619261138391,-0.007503619261138391,-0.008503619261138391,value_252__csz,fold_2025,2025
2025-12-22,30,6,6,0.01373517014023605,0.02884172086720807,-0.00755327536348601,1.0,0.0,2.0,-0.00755327536348601,-0.00815327536348601,-0.008553275363486011,-0.00955327536348601,value_252__csz,fold_2025,2025
2025-01-02,30,6,6,-0.008643717017779867,0.002678744855383467,-0.005661230936581667,1.0,0.0,2.0,-0.005661230936581667,-0.006261230936581667,-0.006661230936581667,-0.007661230936581667,value_252__missing,fold_2025,2025
2025-01-09,30,6,6,0.0075445210942481486,0.018594971169530666,-0.005525225037641258,1.0,0.0,2.0,-0.005525225037641258,-0.006125225037641258,-0.006525225037641258,-0.007525225037641258,value_252__missing,fold_2025,2025
2025-01-16,30,6,6,-0.010761841957401931,-0.010041264596301166,-0.0003602886805503828,1.0,0.0,2.0,-0.0003602886805503828,-0.0009602886805503828,-0.0013602886805503828,-0.002360288680550383,value_252__missing,fold_2025,2025
2025-01-23,30,6,6,0.026902164920274117,0.022760400240047135,0.0020708823401134908,1.0,0.0,2.0,0.0020708823401134908,0.001470882340113491,0.0010708823401134908,7.088234011349073e-05,value_252__missing,fold_2025,2025
2025-02-07,30,6,6,0.0034579360473451504,0.014863603764137085,-0.005702833858395967,1.0,0.0,2.0,-0.005702833858395967,-0.006302833858395967,-0.006702833858395967,-0.007702833858395967,value_252__missing,fold_2025,2025
2025-02-14,30,6,6,-0.0019584202884222503,-0.005546947229154684,0.0017942634703662168,1.0,0.0,2.0,0.0017942634703662168,0.001194263470366217,0.0007942634703662168,-0.0002057365296337832,value_252__missing,fold_2025,2025
2025-02-21,30,6,6,-0.01620415741924312,-0.01981034273051052,0.0018030926556336993,1.0,0.0,2.0,0.0018030926556336993,0.0012030926556336995,0.0008030926556336993,-0.00019690734436630074,value_252__missing,fold_2025,2025
2025-02-28,30,6,6,0.0017574808783526665,0.005772026116737082,-0.002007272619192208,1.0,0.0,2.0,-0.002007272619192208,-0.002607272619192208,-0.003007272619192208,-0.004007272619192208,value_252__missing,fold_2025,2025
2025-03-07,30,6,6,0.01790988762657575,0.01117074853885155,0.0033695695438620997,1.0,0.0,2.0,0.0033695695438620997,0.0027695695438621,0.0023695695438620996,0.0013695695438620996,value_252__missing,fold_2025,2025
2025-03-14,30,6,6,-0.00670018249429645,-0.005378130145819351,-0.0006610261742385497,1.0,0.0,2.0,-0.0006610261742385497,-0.0012610261742385495,-0.0016610261742385497,-0.0026610261742385497,value_252__missing,fold_2025,2025
2025-03-21,30,6,6,0.008953652940416067,0.010443650073667751,-0.0007449985666258419,1.0,0.0,2.0,-0.0007449985666258419,-0.0013449985666258418,-0.001744998566625842,-0.002744998566625842,value_252__missing,fold_2025,2025
2025-03-28,30,6,6,-0.05285900986506967,-0.042894403238588376,-0.004982303313240646,1.0,0.0,2.0,-0.004982303313240646,-0.0055823033132406455,-0.005982303313240646,-0.006982303313240646,value_252__missing,fold_2025,2025
2025-04-07,30,6,6,0.0006071785515274665,0.015950776796268846,-0.00767179912237069,1.0,0.0,2.0,-0.00767179912237069,-0.00827179912237069,-0.00867179912237069,-0.00967179912237069,value_252__missing,fold_2025,2025
2025-04-14,30,6,6,-0.00027935445437895037,0.013286368781465817,-0.006782861617922384,1.0,0.0,2.0,-0.006782861617922384,-0.0073828616179223835,-0.007782861617922384,-0.008782861617922383,value_252__missing,fold_2025,2025
2025-04-21,30,6,6,0.0040523527979588825,0.002419965293180782,0.0008161937523890504,1.0,0.0,2.0,0.0008161937523890504,0.00021619375238905042,-0.00018380624761094966,-0.0011838062476109497,value_252__missing,fold_2025,2025
2025-04-28,30,6,6,-0.00718951193955315,-0.003936962928007667,-0.0016262745057727414,1.0,0.0,2.0,-0.0016262745057727414,-0.0022262745057727413,-0.0026262745057727415,-0.0036262745057727415,value_252__missing,fold_2025,2025
2025-05-08,30,6,6,0.019815468992626633,0.0028483170635519007,0.008483575964537367,1.0,0.0,2.0,0.008483575964537367,0.007883575964537367,0.007483575964537367,0.006483575964537367,value_252__missing,fold_2025,2025
2025-05-15,30,6,6,-0.008674213807957432,0.010849661334130331,-0.00976193757104388,1.0,0.0,2.0,-0.00976193757104388,-0.01036193757104388,-0.010761937571043882,-0.01176193757104388,value_252__missing,fold_2025,2025
2025-05-22,30,6,6,-0.00954213346398895,-0.0035272785088116504,-0.003007427477588649,1.0,0.0,2.0,-0.003007427477588649,-0.003607427477588649,-0.004007427477588649,-0.005007427477588649,value_252__missing,fold_2025,2025
2025-05-29,30,6,6,-0.0005790636159993161,0.014508581917736768,-0.007543822766868042,1.0,0.0,2.0,-0.007543822766868042,-0.008143822766868042,-0.00854382276686804,-0.009543822766868042,value_252__missing,fold_2025,2025
2025-06-06,30,6,6,0.0033019887739572508,0.019711426020677814,-0.008204718623360282,1.0,0.0,2.0,-0.008204718623360282,-0.008804718623360281,-0.00920471862336028,-0.010204718623360282,value_252__missing,fold_2025,2025
2025-06-13,30,6,6,0.0173628603516897,-0.0011935753651476004,0.00927821785841865,1.0,0.0,2.0,0.00927821785841865,0.00867821785841865,0.00827821785841865,0.00727821785841865,value_252__missing,fold_2025,2025
2025-06-20,30,6,6,0.0023028730457931674,-0.008058875973531167,0.005180874509662167,1.0,0.0,2.0,0.005180874509662167,0.004580874509662167,0.004180874509662167,0.003180874509662167,value_252__missing,fold_2025,2025
2025-06-27,30,6,6,-0.00785162858114365,0.005339474566943615,-0.006595551574043632,1.0,0.0,2.0,-0.006595551574043632,-0.007195551574043632,-0.007595551574043632,-0.008595551574043632,value_252__missing,fold_2025,2025
2025-07-04,30,6,6,0.0020300883267077665,0.0042093070008472665,-0.00108960933706975,1.0,0.0,2.0,-0.00108960933706975,-0.00168960933706975,-0.00208960933706975,-0.00308960933706975,value_252__missing,fold_2025,2025
2025-07-11,30,6,6,0.007227328275879533,0.011489358573184434,-0.0021310151486524506,1.0,0.0,2.0,-0.0021310151486524506,-0.0027310151486524504,-0.0031310151486524506,-0.004131015148652451,value_252__missing,fold_2025,2025
2025-07-18,30,6,6,0.029617424693904177,-0.0029559740183212665,0.01628669935611272,1.0,0.0,2.0,0.01628669935611272,0.01568669935611272,0.01528669935611272,0.01428669935611272,value_252__missing,fold_2025,2025
2025-07-25,30,6,6,-0.027846398976976383,-0.013499312316345819,-0.007173543330315282,1.0,0.0,2.0,-0.007173543330315282,-0.007773543330315282,-0.008173543330315282,-0.009173543330315281,value_252__missing,fold_2025,2025
2025-08-01,30,6,6,0.0014243173537378667,0.0005787767275901495,0.0004227703130738586,1.0,0.0,2.0,0.0004227703130738586,-0.00017722968692614134,-0.0005772296869261415,-0.0015772296869261415,value_252__missing,fold_2025,2025
2025-08-08,30,6,6,0.0025939619157738327,-0.0022418809471628676,0.00241792143146835,1.0,0.0,2.0,0.00241792143146835,0.0018179214314683503,0.0014179214314683501,0.0004179214314683501,value_252__missing,fold_2025,2025
2025-08-15,30,6,6,0.0012950442177015996,-0.002338449687004533,0.0018167469523530664,1.0,0.0,2.0,0.0018167469523530664,0.0012167469523530665,0.0008167469523530663,-0.00018325304764693368,value_252__missing,fold_2025,2025
2025-08-22,30,6,6,-0.0019313791185518994,0.012935063055888084,-0.007433221087219992,1.0,0.0,2.0,-0.007433221087219992,-0.008033221087219992,-0.008433221087219993,-0.009433221087219992,value_252__missing,fold_2025,2025
2025-08-29,30,6,6,-0.0084443572778612,0.013571207026897333,-0.011007782152379266,1.0,0.0,2.0,-0.011007782152379266,-0.011607782152379266,-0.012007782152379267,-0.013007782152379266,value_252__missing,fold_2025,2025
2025-09-05,30,6,6,-0.0005762771760395334,0.0031450674959040497,-0.0018606723359717915,1.0,0.0,2.0,-0.0018606723359717915,-0.0024606723359717913,-0.0028606723359717915,-0.0038606723359717915,value_252__missing,fold_2025,2025
2025-09-12,30,6,6,-0.008725268600990018,-0.009176544147441233,0.00022563777322560756,1.0,0.0,2.0,0.00022563777322560756,-0.0003743622267743924,-0.0007743622267743925,-0.0017743622267743925,value_252__missing,fold_2025,2025
2025-09-19,30,6,6,-0.0011214552514313668,0.014820120683934632,-0.007970787967683,1.0,0.0,2.0,-0.007970787967683,-0.008570787967683,-0.008970787967683,-0.009970787967683,value_252__missing,fold_2025,2025
2025-09-26,30,6,6,-0.0019246635046771664,0.013588858392057748,-0.007756760948367457,1.0,0.0,2.0,-0.007756760948367457,-0.008356760948367457,-0.008756760948367456,-0.009756760948367457,value_252__missing,fold_2025,2025
2025-10-13,30,6,6,-0.009679442453695652,0.018394105626528167,-0.014036774040111909,1.0,0.0,2.0,-0.014036774040111909,-0.014636774040111909,-0.01503677404011191,-0.01603677404011191,value_252__missing,fold_2025,2025
2025-10-20,30,6,6,0.01626273490873525,-0.009894342507996185,0.013078538708365717,1.0,0.0,2.0,0.013078538708365717,0.012478538708365718,0.012078538708365717,0.011078538708365717,value_252__missing,fold_2025,2025
2025-10-27,30,6,6,-0.0036671327961840337,0.002981589654639483,-0.0033243612254117583,1.0,0.0,2.0,-0.0033243612254117583,-0.003924361225411758,-0.004324361225411758,-0.005324361225411758,value_252__missing,fold_2025,2025
2025-11-03,30,6,6,0.007028989898778916,0.0011507681810089346,0.002939110858884991,1.0,0.0,2.0,0.002939110858884991,0.002339110858884991,0.0019391108588849909,0.0009391108588849909,value_252__missing,fold_2025,2025
2025-11-10,30,6,6,0.00019128413961836654,0.0007793811584215337,-0.00029404850940158357,1.0,0.0,2.0,-0.00029404850940158357,-0.0008940485094015836,-0.0012940485094015835,-0.0022940485094015838,value_252__missing,fold_2025,2025
2025-11-17,30,6,6,-0.008360079258358266,0.0019480626612953837,-0.005154070959826825,1.0,0.0,2.0,-0.005154070959826825,-0.005754070959826825,-0.006154070959826825,-0.007154070959826825,value_252__missing,fold_2025,2025
2025-11-24,30,6,6,0.015452806013379283,0.027751933698168457,-0.006149563842394587,1.0,0.0,2.0,-0.006149563842394587,-0.0067495638423945865,-0.007149563842394587,-0.008149563842394587,value_252__missing,fold_2025,2025
2025-12-01,30,6,6,0.001069490256261501,0.0043766118249291336,-0.0016535607843338163,1.0,0.0,2.0,-0.0016535607843338163,-0.002253560784333816,-0.0026535607843338163,-0.0036535607843338164,value_252__missing,fold_2025,2025
2025-12-08,30,6,6,-0.0016668708379587492,0.018018225342415182,-0.009842548090186965,1.0,0.0,2.0,-0.009842548090186965,-0.010442548090186965,-0.010842548090186966,-0.011842548090186965,value_252__missing,fold_2025,2025
2025-12-15,30,6,6,0.010940177992106934,0.0229013241673235,-0.005980573087608283,1.0,0.0,2.0,-0.005980573087608283,-0.006580573087608283,-0.006980573087608283,-0.007980573087608283,value_252__missing,fold_2025,2025
2025-12-22,30,6,6,0.012249848924108886,0.031180981499353954,-0.009465566287622535,1.0,0.0,2.0,-0.009465566287622535,-0.010065566287622535,-0.010465566287622536,-0.011465566287622535,value_252__missing,fold_2025,2025
2025-01-02,30,6,6,-0.004906708709494183,-0.0320111894200898,0.013552240355297809,1.0,0.0,2.0,0.013552240355297809,0.012952240355297809,0.012552240355297808,0.011552240355297809,short_reversal_5__csz,fold_2025,2025
2025-01-09,30,6,6,0.03668430708738945,0.025632529814176352,0.005525888636606548,1.0,0.0,2.0,0.005525888636606548,0.0049258886366065485,0.004525888636606548,0.0035258886366065483,short_reversal_5__csz,fold_2025,2025
2025-01-16,30,6,6,-0.001448829376082733,0.0043137382453396,-0.0028812838107111667,1.0,0.0,2.0,-0.0028812838107111667,-0.0034812838107111665,-0.0038812838107111667,-0.004881283810711167,short_reversal_5__csz,fold_2025,2025
2025-01-23,30,6,6,0.008769823888261816,0.011124588113148334,-0.001177382112443259,1.0,0.0,2.0,-0.001177382112443259,-0.0017773821124432588,-0.002177382112443259,-0.003177382112443259,short_reversal_5__csz,fold_2025,2025
2025-02-07,30,6,6,-0.0052202704045422,0.0033812853772728657,-0.004300777890907533,1.0,0.0,2.0,-0.004300777890907533,-0.004900777890907533,-0.005300777890907533,-0.006300777890907533,short_reversal_5__csz,fold_2025,2025
2025-02-14,30,6,6,0.014816932573089464,0.0009228223806968667,0.006947055096196299,1.0,0.0,2.0,0.006947055096196299,0.006347055096196299,0.005947055096196299,0.004947055096196299,short_reversal_5__csz,fold_2025,2025
2025-02-21,30,6,6,-0.008972627779135366,-0.01728233109919743,0.004154851660031032,1.0,0.0,2.0,0.004154851660031032,0.003554851660031032,0.0031548516600310317,0.0021548516600310317,short_reversal_5__csz,fold_2025,2025
2025-02-28,30,6,6,-0.01922011719369385,-0.006483179217122734,-0.006368468988285558,1.0,0.0,2.0,-0.006368468988285558,-0.006968468988285558,-0.007368468988285558,-0.008368468988285558,short_reversal_5__csz,fold_2025,2025
2025-03-07,30,6,6,0.018396794468645502,0.03621310208555432,-0.008908153808454408,1.0,0.0,2.0,-0.008908153808454408,-0.009508153808454408,-0.009908153808454407,-0.010908153808454408,short_reversal_5__csz,fold_2025,2025
2025-03-14,30,6,6,-0.013070484792361217,-0.025814020102146434,0.006371767654892608,1.0,0.0,2.0,0.006371767654892608,0.005771767654892609,0.005371767654892608,0.004371767654892608,short_reversal_5__csz,fold_2025,2025
2025-03-21,30,6,6,0.02612430996506693,0.016183221700052753,0.004970544132507089,1.0,0.0,2.0,0.004970544132507089,0.004370544132507089,0.003970544132507089,0.002970544132507089,short_reversal_5__csz,fold_2025,2025
2025-03-28,30,6,6,-0.001750389113719149,-0.05264631489517263,0.02544796289072674,1.0,0.0,2.0,0.02544796289072674,0.02484796289072674,0.02444796289072674,0.023447962890726738,short_reversal_5__csz,fold_2025,2025
2025-04-07,30,6,6,0.02846667099649867,0.012401377491267749,0.00803264675261546,1.0,0.0,2.0,0.00803264675261546,0.007432646752615461,0.0070326467526154604,0.00603264675261546,short_reversal_5__csz,fold_2025,2025
2025-04-14,30,6,6,0.0013024695578524672,0.014981177022286747,-0.00683935373221714,1.0,0.0,2.0,-0.00683935373221714,-0.0074393537322171395,-0.00783935373221714,-0.008839353732217139,short_reversal_5__csz,fold_2025,2025
2025-04-21,30,6,6,-0.0010093512517179168,-0.0040041197079088665,0.0014973842280954748,1.0,0.0,2.0,0.0014973842280954748,0.0008973842280954749,0.0004973842280954748,-0.0005026157719045252,short_reversal_5__csz,fold_2025,2025
2025-04-28,30,6,6,-0.020134397659407766,-0.013319623059292735,-0.0034073873000575157,1.0,0.0,2.0,-0.0034073873000575157,-0.004007387300057516,-0.004407387300057516,-0.005407387300057516,short_reversal_5__csz,fold_2025,2025
2025-05-08,30,6,6,0.011433609314073398,-0.0030549092141594334,0.007244259264116416,1.0,0.0,2.0,0.007244259264116416,0.006644259264116416,0.006244259264116416,0.005244259264116416,short_reversal_5__csz,fold_2025,2025
2025-05-15,30,6,6,-0.0010235632870614169,-0.01870517228994668,0.008840804501442631,1.0,0.0,2.0,0.008840804501442631,0.008240804501442631,0.00784080450144263,0.006840804501442631,short_reversal_5__csz,fold_2025,2025
2025-05-22,30,6,6,-0.04401699764223995,0.00077198279442855,-0.02239449021833425,1.0,0.0,2.0,-0.02239449021833425,-0.02299449021833425,-0.02339449021833425,-0.02439449021833425,short_reversal_5__csz,fold_2025,2025
2025-05-29,30,6,6,0.005259856907549001,-0.004919090265465899,0.00508947358650745,1.0,0.0,2.0,0.00508947358650745,0.00448947358650745,0.00408947358650745,0.00308947358650745,short_reversal_5__csz,fold_2025,2025
2025-06-06,30,6,6,0.028994515108901248,0.014964928543276816,0.0070147932828122156,1.0,0.0,2.0,0.0070147932828122156,0.006414793282812216,0.0060147932828122155,0.0050147932828122155,short_reversal_5__csz,fold_2025,2025
2025-06-13,30,6,6,0.0035130189330987494,0.033675146505023616,-0.015081063785962433,1.0,0.0,2.0,-0.015081063785962433,-0.015681063785962433,-0.016081063785962434,-0.017081063785962435,short_reversal_5__csz,fold_2025,2025
2025-06-20,30,6,6,0.0045381616697558,-0.0571233515208714,0.030830756595313598,1.0,0.0,2.0,0.030830756595313598,0.030230756595313598,0.029830756595313597,0.028830756595313596,short_reversal_5__csz,fold_2025,2025
2025-06-27,30,6,6,-0.001515497247277867,-0.0012456287498229998,-0.00013493424872743358,1.0,0.0,2.0,-0.00013493424872743358,-0.0007349342487274335,-0.0011349342487274336,-0.0021349342487274334,short_reversal_5__csz,fold_2025,2025
2025-07-04,30,6,6,0.012006487159924866,0.018540895065806716,-0.0032672039529409247,1.0,0.0,2.0,-0.0032672039529409247,-0.0038672039529409246,-0.004267203952940925,-0.005267203952940925,short_reversal_5__csz,fold_2025,2025
2025-07-11,30,6,6,0.002596943592232816,0.020972659747719002,-0.009187858077743093,1.0,0.0,2.0,-0.009187858077743093,-0.009787858077743093,-0.010187858077743094,-0.011187858077743093,short_reversal_5__csz,fold_2025,2025
2025-07-18,30,6,6,0.034801427560239934,-0.00552055529099145,0.02016099142561569,1.0,0.0,2.0,0.02016099142561569,0.019560991425615692,0.01916099142561569,0.01816099142561569,short_reversal_5__csz,fold_2025,2025
2025-07-25,30,6,6,-0.0016309674297991334,-0.09491826644900041,0.046643649509600635,1.0,0.0,2.0,0.046643649509600635,0.04604364950960063,0.045643649509600634,0.04464364950960063,short_reversal_5__csz,fold_2025,2025
2025-08-01,30,6,6,0.02965218919609935,-0.016999221400069833,0.023325705298084594,1.0,0.0,2.0,0.023325705298084594,0.022725705298084594,0.022325705298084593,0.021325705298084592,short_reversal_5__csz,fold_2025,2025
2025-08-08,30,6,6,0.0013996553826808311,-0.006310917414520483,0.003855286398600657,1.0,0.0,2.0,0.003855286398600657,0.0032552863986006573,0.002855286398600657,0.001855286398600657,short_reversal_5__csz,fold_2025,2025
2025-08-15,30,6,6,0.0006063696690319333,-0.01149508609223585,0.006050727880633892,1.0,0.0,2.0,0.006050727880633892,0.005450727880633892,0.005050727880633892,0.004050727880633892,short_reversal_5__csz,fold_2025,2025
2025-08-22,30,6,6,-0.016470158512891547,-0.007133097932007899,-0.004668530290441824,1.0,0.0,2.0,-0.004668530290441824,-0.005268530290441824,-0.005668530290441824,-0.006668530290441824,short_reversal_5__csz,fold_2025,2025
2025-08-29,30,6,6,0.0031033938243300667,0.008720906579304551,-0.002808756377487242,1.0,0.0,2.0,-0.002808756377487242,-0.0034087563774872418,-0.003808756377487242,-0.004808756377487242,short_reversal_5__csz,fold_2025,2025
2025-09-05,30,6,6,0.0020948919097392334,-0.0032630392018521835,0.0026789655557957082,1.0,0.0,2.0,0.0026789655557957082,0.0020789655557957084,0.0016789655557957082,0.0006789655557957082,short_reversal_5__csz,fold_2025,2025
2025-09-12,30,6,6,-0.0019967252398256667,-0.0044336455943378835,0.0012184601772561084,1.0,0.0,2.0,0.0012184601772561084,0.0006184601772561085,0.0002184601772561084,-0.0007815398227438916,short_reversal_5__csz,fold_2025,2025
2025-09-19,30,6,6,0.004486577819418367,-0.007418089867780049,0.0059523338435992085,1.0,0.0,2.0,0.0059523338435992085,0.005352333843599209,0.0049523338435992085,0.003952333843599208,short_reversal_5__csz,fold_2025,2025
2025-09-26,30,6,6,-0.009609499938097515,0.024013572016683766,-0.01681153597739064,1.0,0.0,2.0,-0.01681153597739064,-0.01741153597739064,-0.01781153597739064,-0.018811535977390638,short_reversal_5__csz,fold_2025,2025
2025-10-13,30,6,6,0.0004326103901268012,0.004677316413893033,-0.0021223530118831156,1.0,0.0,2.0,-0.0021223530118831156,-0.0027223530118831154,-0.0031223530118831156,-0.004122353011883116,short_reversal_5__csz,fold_2025,2025
2025-10-20,30,6,6,0.04187936547075269,-0.0024456879890423,0.022162526729897495,1.0,0.0,2.0,0.022162526729897495,0.021562526729897495,0.021162526729897494,0.020162526729897497,short_reversal_5__csz,fold_2025,2025
2025-10-27,30,6,6,0.002793020547394765,-0.007082675493476784,0.0049378480204357745,1.0,0.0,2.0,0.0049378480204357745,0.004337848020435775,0.0039378480204357745,0.0029378480204357744,short_reversal_5__csz,fold_2025,2025
2025-11-03,30,6,6,-0.01267428253332343,0.00667282695450815,-0.009673554743915791,1.0,0.0,2.0,-0.009673554743915791,-0.01027355474391579,-0.010673554743915792,-0.011673554743915791,short_reversal_5__csz,fold_2025,2025
2025-11-10,30,6,6,-0.014363446508509565,-0.0019552804102848,-0.0062040830491123826,1.0,0.0,2.0,-0.0062040830491123826,-0.006804083049112382,-0.007204083049112383,-0.008204083049112382,short_reversal_5__csz,fold_2025,2025
2025-11-17,30,6,6,-0.02555232708298925,0.004304374036341351,-0.0149283505596653,1.0,0.0,2.0,-0.0149283505596653,-0.0155283505596653,-0.0159283505596653,-0.016928350559665302,short_reversal_5__csz,fold_2025,2025
2025-11-24,30,6,6,-0.006997663780586299,0.009492829142306716,-0.008245246461446507,1.0,0.0,2.0,-0.008245246461446507,-0.008845246461446507,-0.009245246461446508,-0.010245246461446507,short_reversal_5__csz,fold_2025,2025
2025-12-01,30,6,6,-0.03090820863133155,0.016664949471782566,-0.02378657905155706,1.0,0.0,2.0,-0.02378657905155706,-0.02438657905155706,-0.02478657905155706,-0.02578657905155706,short_reversal_5__csz,fold_2025,2025
2025-12-08,30,6,6,-0.014088358357195184,0.01675688671508588,-0.015422622536140532,1.0,0.0,2.0,-0.015422622536140532,-0.01602262253614053,-0.016422622536140533,-0.017422622536140533,short_reversal_5__csz,fold_2025,2025
2025-12-15,30,6,6,0.03650908104896692,0.02512848622366577,0.005690297412650576,1.0,0.0,2.0,0.005690297412650576,0.005090297412650576,0.0046902974126505756,0.0036902974126505755,short_reversal_5__csz,fold_2025,2025
2025-12-22,30,6,6,0.019410335643336597,0.016563935518164017,0.0014232000625862898,1.0,0.0,2.0,0.0014232000625862898,0.0008232000625862898,0.00042320006258628976,-0.0005767999374137103,short_reversal_5__csz,fold_2025,2025
2025-01-02,30,6,6,-0.009080840968013468,0.011128723302652715,-0.010104782135333092,1.0,0.0,2.0,-0.010104782135333092,-0.010704782135333091,-0.011104782135333092,-0.012104782135333092,inventory_scarcity__csz,fold_2025,2025
2025-01-09,30,6,6,0.017611316585790317,0.028558203022650098,-0.00547344321842989,1.0,0.0,2.0,-0.00547344321842989,-0.00607344321842989,-0.00647344321842989,-0.00747344321842989,inventory_scarcity__csz,fold_2025,2025
2025-01-16,30,6,6,-0.011831351956380765,-0.0015742013557398006,-0.005128575300320482,1.0,0.0,2.0,-0.005128575300320482,-0.005728575300320482,-0.006128575300320482,-0.007128575300320482,inventory_scarcity__csz,fold_2025,2025
2025-01-23,30,6,6,0.026401539038323082,0.0236344191630624,0.001383559937630341,1.0,0.0,2.0,0.001383559937630341,0.000783559937630341,0.0003835599376303409,-0.0006164400623696591,inventory_scarcity__csz,fold_2025,2025
2025-02-07,30,6,6,0.0041358539505635,0.00974820431842985,-0.002806175183933175,1.0,0.0,2.0,-0.002806175183933175,-0.0034061751839331747,-0.003806175183933175,-0.004806175183933175,inventory_scarcity__csz,fold_2025,2025
2025-02-14,30,6,6,-0.0044296808735034,-0.0017203331114151994,-0.0013546738810441003,1.0,0.0,2.0,-0.0013546738810441003,-0.0019546738810441,-0.0023546738810441004,-0.0033546738810441004,inventory_scarcity__csz,fold_2025,2025
2025-02-21,30,6,6,-0.018177014331816736,-0.012522972601567381,-0.002827020865124677,1.0,0.0,2.0,-0.002827020865124677,-0.003427020865124677,-0.003827020865124677,-0.004827020865124677,inventory_scarcity__csz,fold_2025,2025
2025-02-28,30,6,6,-0.006918112068998651,0.016508453420282485,-0.011713282744640568,1.0,0.0,2.0,-0.011713282744640568,-0.012313282744640568,-0.012713282744640567,-0.013713282744640568,inventory_scarcity__csz,fold_2025,2025
2025-03-07,30,6,6,-0.0012008178012260504,0.028331068578093907,-0.014765943189659979,1.0,0.0,2.0,-0.014765943189659979,-0.015365943189659979,-0.01576594318965998,-0.01676594318965998,inventory_scarcity__csz,fold_2025,2025
2025-03-14,30,6,6,-0.010088415379165066,-0.00048396827621394997,-0.0048022235514755575,1.0,0.0,2.0,-0.0048022235514755575,-0.005402223551475557,-0.0058022235514755575,-0.0068022235514755575,inventory_scarcity__csz,fold_2025,2025
2025-03-21,30,6,6,0.006870358337540201,0.020450279594844082,-0.006789960628651941,1.0,0.0,2.0,-0.006789960628651941,-0.0073899606286519405,-0.007789960628651941,-0.00878996062865194,inventory_scarcity__csz,fold_2025,2025
2025-03-28,30,6,6,-0.06110046410487666,-0.0471470839156288,-0.006976690094623931,1.0,0.0,2.0,-0.006976690094623931,-0.007576690094623931,-0.007976690094623932,-0.008976690094623931,inventory_scarcity__csz,fold_2025,2025
2025-04-07,30,6,6,0.015639075195508546,0.015498765891127786,7.015465219038005e-05,1.0,0.0,2.0,7.015465219038005e-05,-0.0005298453478096199,-0.00092984534780962,-0.00192984534780962,inventory_scarcity__csz,fold_2025,2025
2025-04-14,30,6,6,0.0019637247675863166,0.01694772924024233,-0.007492002236328007,1.0,0.0,2.0,-0.007492002236328007,-0.008092002236328007,-0.008492002236328008,-0.009492002236328007,inventory_scarcity__csz,fold_2025,2025
2025-04-21,30,6,6,0.007857788889251116,-0.0016327600889705666,0.004745274489110841,1.0,0.0,2.0,0.004745274489110841,0.004145274489110841,0.003745274489110841,0.002745274489110841,inventory_scarcity__csz,fold_2025,2025
2025-04-28,30,6,6,-0.014379536025945034,-0.009388200545183899,-0.0024956677403805676,1.0,0.0,2.0,-0.0024956677403805676,-0.0030956677403805675,-0.0034956677403805677,-0.004495667740380568,inventory_scarcity__csz,fold_2025,2025
2025-05-08,30,6,6,0.019533929568412736,0.004564971013812466,0.007484479277300135,1.0,0.0,2.0,0.007484479277300135,0.006884479277300135,0.006484479277300135,0.005484479277300135,inventory_scarcity__csz,fold_2025,2025
2025-05-15,30,6,6,-0.0022773779387588,0.0009417701453332327,-0.0016095740420460163,1.0,0.0,2.0,-0.0016095740420460163,-0.002209574042046016,-0.0026095740420460163,-0.0036095740420460164,inventory_scarcity__csz,fold_2025,2025
2025-05-22,30,6,6,-0.006759619473412416,-0.010819344389769217,0.0020298624581784005,1.0,0.0,2.0,0.0020298624581784005,0.0014298624581784007,0.0010298624581784005,2.986245817840046e-05,inventory_scarcity__csz,fold_2025,2025
2025-05-29,30,6,6,0.001708949716711967,0.0035112930371443657,-0.0009011716602161993,1.0,0.0,2.0,-0.0009011716602161993,-0.0015011716602161993,-0.0019011716602161993,-0.0029011716602161996,inventory_scarcity__csz,fold_2025,2025
2025-06-06,30,6,6,0.009946466730413982,0.020872046590510618,-0.005462789930048318,1.0,0.0,2.0,-0.005462789930048318,-0.006062789930048318,-0.006462789930048318,-0.007462789930048318,inventory_scarcity__csz,fold_2025,2025
2025-06-13,30,6,6,0.01793362610003042,-0.002820116137763467,0.010376871118896944,1.0,0.0,2.0,0.010376871118896944,0.009776871118896944,0.009376871118896943,0.008376871118896944,inventory_scarcity__csz,fold_2025,2025
2025-06-20,30,6,6,-0.001998354582587401,-0.006767318732023317,0.0023844820747179582,1.0,0.0,2.0,0.0023844820747179582,0.0017844820747179584,0.0013844820747179582,0.0003844820747179582,inventory_scarcity__csz,fold_2025,2025
2025-06-27,30,6,6,-0.0003580732243448999,0.0020755043519899,-0.0012167887881674,1.0,0.0,2.0,-0.0012167887881674,-0.0018167887881674,-0.0022167887881674,-0.0032167887881674,inventory_scarcity__csz,fold_2025,2025
2025-07-04,30,6,6,0.0016480633892543336,-0.0015597413437845504,0.001603902366519442,1.0,0.0,2.0,0.001603902366519442,0.001003902366519442,0.0006039023665194419,-0.00039609763348055814,inventory_scarcity__csz,fold_2025,2025
2025-07-11,30,6,6,0.0070826160858314,0.004905594702588183,0.0010885106916216085,1.0,0.0,2.0,0.0010885106916216085,0.0004885106916216086,8.851069162160849e-05,-0.0009114893083783915,inventory_scarcity__csz,fold_2025,2025
2025-07-18,30,6,6,0.0187018632902663,0.0110931550362147,0.0038043541270258,1.0,0.0,2.0,0.0038043541270258,0.0032043541270258,0.0028043541270258,0.0018043541270257998,inventory_scarcity__csz,fold_2025,2025
2025-07-25,30,6,6,-0.015843101872626702,-0.011182604020553849,-0.0023302489260364264,1.0,0.0,2.0,-0.0023302489260364264,-0.0029302489260364262,-0.0033302489260364264,-0.0043302489260364264,inventory_scarcity__csz,fold_2025,2025
2025-08-01,30,6,6,-0.0010557498020282823,-0.0027527713722891333,0.0008485107851304255,1.0,0.0,2.0,0.0008485107851304255,0.0002485107851304256,-0.00015148921486957448,-0.0011514892148695745,inventory_scarcity__csz,fold_2025,2025
2025-08-08,30,6,6,0.0021999996929239663,-0.0105075329429613,0.0063537663179426326,1.0,0.0,2.0,0.0063537663179426326,0.005753766317942633,0.0053537663179426325,0.0043537663179426325,inventory_scarcity__csz,fold_2025,2025
2025-08-15,30,6,6,-0.005094482920677184,-0.0008971639148548337,-0.002098659502911175,1.0,0.0,2.0,-0.002098659502911175,-0.002698659502911175,-0.003098659502911175,-0.0040986595029111755,inventory_scarcity__csz,fold_2025,2025
2025-08-22,30,6,6,-0.0011268653671004513,0.02342953068559175,-0.012278198026346101,1.0,0.0,2.0,-0.012278198026346101,-0.012878198026346101,-0.0132781980263461,-0.014278198026346101,inventory_scarcity__csz,fold_2025,2025
2025-08-29,30,6,6,0.0004395748048504165,0.00097854897689095,-0.00026948708602026676,1.0,0.0,2.0,-0.00026948708602026676,-0.0008694870860202667,-0.0012694870860202668,-0.002269487086020267,inventory_scarcity__csz,fold_2025,2025
2025-09-05,30,6,6,0.002330415926161133,0.005071104830876533,-0.0013703444523577,1.0,0.0,2.0,-0.0013703444523577,-0.0019703444523577,-0.0023703444523577,-0.0033703444523577,inventory_scarcity__csz,fold_2025,2025
2025-09-12,30,6,6,-0.007927990684585667,-0.005104529923308367,-0.0014117303806386499,1.0,0.0,2.0,-0.0014117303806386499,-0.0020117303806386497,-0.00241173038063865,-0.00341173038063865,inventory_scarcity__csz,fold_2025,2025
2025-09-19,30,6,6,0.0031018143760795664,0.01250565819279858,-0.004701921908359507,1.0,0.0,2.0,-0.004701921908359507,-0.005301921908359507,-0.005701921908359507,-0.006701921908359507,inventory_scarcity__csz,fold_2025,2025
2025-09-26,30,6,6,0.0009453769897521345,0.008736731735742366,-0.0038956773729951154,1.0,0.0,2.0,-0.0038956773729951154,-0.004495677372995116,-0.004895677372995115,-0.005895677372995116,inventory_scarcity__csz,fold_2025,2025
2025-10-13,30,6,6,-0.00303266370996785,-0.008247122247325734,0.002607229268678942,1.0,0.0,2.0,0.002607229268678942,0.002007229268678942,0.0016072292686789419,0.0006072292686789419,inventory_scarcity__csz,fold_2025,2025
2025-10-20,30,6,6,0.02891495700005743,-0.0071576765876203334,0.018036316793838884,1.0,0.0,2.0,0.018036316793838884,0.017436316793838884,0.017036316793838883,0.016036316793838885,inventory_scarcity__csz,fold_2025,2025
2025-10-27,30,6,6,-0.012110114115152032,0.002661059324675117,-0.0073855867199135745,1.0,0.0,2.0,-0.0073855867199135745,-0.007985586719913574,-0.008385586719913574,-0.009385586719913575,inventory_scarcity__csz,fold_2025,2025
2025-11-03,30,6,6,-0.009170631720260098,-0.0013325959284443162,-0.003919017895907891,1.0,0.0,2.0,-0.003919017895907891,-0.004519017895907891,-0.004919017895907891,-0.005919017895907891,inventory_scarcity__csz,fold_2025,2025
2025-11-10,30,6,6,-0.003699397648349734,-0.0007067594174186674,-0.0014963191154655333,1.0,0.0,2.0,-0.0014963191154655333,-0.002096319115465533,-0.0024963191154655333,-0.0034963191154655333,inventory_scarcity__csz,fold_2025,2025
2025-11-17,30,6,6,-0.015073954966478384,0.0024744943813386666,-0.008774224673908525,1.0,0.0,2.0,-0.008774224673908525,-0.009374224673908525,-0.009774224673908524,-0.010774224673908525,inventory_scarcity__csz,fold_2025,2025
2025-11-24,30,6,6,0.007557514246620299,0.03567867154734165,-0.014060578650360677,1.0,0.0,2.0,-0.014060578650360677,-0.014660578650360677,-0.015060578650360677,-0.016060578650360677,inventory_scarcity__csz,fold_2025,2025
2025-12-01,30,6,6,0.002901226292464683,0.006571284769409535,-0.0018350292384724262,1.0,0.0,2.0,-0.0018350292384724262,-0.0024350292384724263,-0.002835029238472426,-0.003835029238472426,inventory_scarcity__csz,fold_2025,2025
2025-12-08,30,6,6,-0.009805725401844935,0.017347004345300367,-0.013576364873572652,1.0,0.0,2.0,-0.013576364873572652,-0.014176364873572652,-0.014576364873572653,-0.015576364873572652,inventory_scarcity__csz,fold_2025,2025
2025-12-15,30,6,6,0.0008078500042738834,0.025021704306517553,-0.012106927151121835,1.0,0.0,2.0,-0.012106927151121835,-0.012706927151121835,-0.013106927151121835,-0.014106927151121836,inventory_scarcity__csz,fold_2025,2025
2025-12-22,30,6,6,0.01605439717207732,0.011701987645198532,0.0021762047634393935,1.0,0.0,2.0,0.0021762047634393935,0.0015762047634393936,0.0011762047634393934,0.00017620476343939342,inventory_scarcity__csz,fold_2025,2025
2025-01-02,30,6,6,-0.005697011820340551,0.0010801419661304,-0.0033885768932354755,1.0,0.0,2.0,-0.0033885768932354755,-0.003988576893235476,-0.004388576893235475,-0.005388576893235476,inventory_scarcity__missing,fold_2025,2025
2025-01-09,30,6,6,0.03347700192639188,0.022890309891389016,0.005293346017501432,1.0,0.0,2.0,0.005293346017501432,0.004693346017501432,0.004293346017501432,0.0032933460175014317,inventory_scarcity__missing,fold_2025,2025
2025-01-16,30,6,6,-0.01734638303142625,-0.005101246293530134,-0.006122568368948058,1.0,0.0,2.0,-0.006122568368948058,-0.006722568368948058,-0.007122568368948058,-0.008122568368948058,inventory_scarcity__missing,fold_2025,2025
2025-01-23,30,6,6,0.01862334346203515,0.020358600920792985,-0.0008676287293789171,1.0,0.0,2.0,-0.0008676287293789171,-0.001467628729378917,-0.0018676287293789172,-0.002867628729378917,inventory_scarcity__missing,fold_2025,2025
2025-02-07,30,6,6,-0.008434052052743633,0.01427797256244665,-0.011356012307595142,1.0,0.0,2.0,-0.011356012307595142,-0.011956012307595142,-0.012356012307595143,-0.013356012307595143,inventory_scarcity__missing,fold_2025,2025
2025-02-14,30,6,6,0.005819928191155899,-0.00618313518388285,0.006001531687519374,1.0,0.0,2.0,0.006001531687519374,0.005401531687519374,0.005001531687519374,0.004001531687519374,inventory_scarcity__missing,fold_2025,2025
2025-02-21,30,6,6,-0.01542077327094068,-0.023266727082424363,0.003922976905741842,1.0,0.0,2.0,0.003922976905741842,0.003322976905741842,0.0029229769057418416,0.0019229769057418416,inventory_scarcity__missing,fold_2025,2025
2025-02-28,30,6,6,-0.013018178042958952,0.0008715357912377162,-0.006944856917098334,1.0,0.0,2.0,-0.006944856917098334,-0.007544856917098334,-0.007944856917098335,-0.008944856917098334,inventory_scarcity__missing,fold_2025,2025
2025-03-07,30,6,6,0.0016064890901724164,0.0059987124568555835,-0.0021961116833415836,1.0,0.0,2.0,-0.0021961116833415836,-0.0027961116833415834,-0.0031961116833415836,-0.004196111683341584,inventory_scarcity__missing,fold_2025,2025
2025-03-14,30,6,6,0.002129855617867733,0.00014490316040876675,0.0009924762287294832,1.0,0.0,2.0,0.0009924762287294832,0.00039247622872948327,-7.523771270516802e-06,-0.0010075237712705168,inventory_scarcity__missing,fold_2025,2025
2025-03-21,30,6,6,0.006999095311239899,0.011610827187794666,-0.0023058659382773836,1.0,0.0,2.0,-0.0023058659382773836,-0.0029058659382773834,-0.0033058659382773836,-0.004305865938277384,inventory_scarcity__missing,fold_2025,2025
2025-03-28,30,6,6,-0.05178653573115883,-0.0607926265980896,0.004503045433465386,1.0,0.0,2.0,0.004503045433465386,0.003903045433465386,0.0035030454334653858,0.0025030454334653857,inventory_scarcity__missing,fold_2025,2025
2025-04-07,30,6,6,-0.00041319109867696675,0.024799532334771484,-0.012606361716724225,1.0,0.0,2.0,-0.012606361716724225,-0.013206361716724225,-0.013606361716724226,-0.014606361716724225,inventory_scarcity__missing,fold_2025,2025
2025-04-14,30,6,6,0.0005168816161656162,0.01614583475691583,-0.007814476570375107,1.0,0.0,2.0,-0.007814476570375107,-0.008414476570375107,-0.008814476570375106,-0.009814476570375107,inventory_scarcity__missing,fold_2025,2025
2025-04-21,30,6,6,0.004669681219876716,0.0042928463092300325,0.00018841745532334172,1.0,0.0,2.0,0.00018841745532334172,-0.00041158254467665823,-0.0008115825446766583,-0.0018115825446766583,inventory_scarcity__missing,fold_2025,2025
2025-04-28,30,6,6,-0.019749569182245068,-0.013296777672398683,-0.0032263957549231925,1.0,0.0,2.0,-0.0032263957549231925,-0.0038263957549231923,-0.0042263957549231925,-0.0052263957549231925,inventory_scarcity__missing,fold_2025,2025
2025-05-08,30,6,6,0.018868496700092097,0.008746871558629533,0.005060812570731282,1.0,0.0,2.0,0.005060812570731282,0.004460812570731282,0.004060812570731282,0.003060812570731282,inventory_scarcity__missing,fold_2025,2025
2025-05-15,30,6,6,-0.0170960743762764,0.008315957006035801,-0.012706015691156102,1.0,0.0,2.0,-0.012706015691156102,-0.013306015691156102,-0.013706015691156103,-0.014706015691156102,inventory_scarcity__missing,fold_2025,2025
2025-05-22,30,6,6,-0.013368702045991299,0.000288202358256333,-0.006828452202123816,1.0,0.0,2.0,-0.006828452202123816,-0.007428452202123816,-0.007828452202123817,-0.008828452202123816,inventory_scarcity__missing,fold_2025,2025
2025-05-29,30,6,6,-0.002707894218189633,-0.0011946392239703335,-0.0007566274971096498,1.0,0.0,2.0,-0.0007566274971096498,-0.0013566274971096499,-0.0017566274971096499,-0.0027566274971096497,inventory_scarcity__missing,fold_2025,2025
2025-06-06,30,6,6,0.03444633532805569,0.02959996304426682,0.0024231861418944345,1.0,0.0,2.0,0.0024231861418944345,0.0018231861418944346,0.0014231861418944345,0.00042318614189443444,inventory_scarcity__missing,fold_2025,2025
2025-06-13,30,6,6,0.029598957046110447,0.007793609468405683,0.010902673788852383,1.0,0.0,2.0,0.010902673788852383,0.010302673788852383,0.009902673788852383,0.008902673788852383,inventory_scarcity__missing,fold_2025,2025
2025-06-20,30,6,6,-0.02213642552399778,-0.019931284505092517,-0.0011025705094526318,1.0,0.0,2.0,-0.0011025705094526318,-0.0017025705094526316,-0.0021025705094526318,-0.003102570509452632,inventory_scarcity__missing,fold_2025,2025
2025-06-27,30,6,6,-0.005947233897729367,0.0017511970089943499,-0.0038492154533618585,1.0,0.0,2.0,-0.0038492154533618585,-0.004449215453361859,-0.004849215453361859,-0.005849215453361858,inventory_scarcity__missing,fold_2025,2025
2025-07-04,30,6,6,0.012301035630775267,-0.004286158288759217,0.008293596959767242,1.0,0.0,2.0,0.008293596959767242,0.007693596959767242,0.007293596959767242,0.006293596959767242,inventory_scarcity__missing,fold_2025,2025
2025-07-11,30,6,6,0.016320366531274,0.005557247795134533,0.005381559368069734,1.0,0.0,2.0,0.005381559368069734,0.004781559368069734,0.004381559368069734,0.0033815593680697337,inventory_scarcity__missing,fold_2025,2025
2025-07-18,30,6,6,0.026199109620428446,0.002185197368479567,0.01200695612597444,1.0,0.0,2.0,0.01200695612597444,0.01140695612597444,0.011006956125974441,0.01000695612597444,inventory_scarcity__missing,fold_2025,2025
2025-07-25,30,6,6,-0.019351561394610937,-0.005277283965430334,-0.007037138714590302,1.0,0.0,2.0,-0.007037138714590302,-0.007637138714590302,-0.008037138714590303,-0.009037138714590302,inventory_scarcity__missing,fold_2025,2025
2025-08-01,30,6,6,-0.008213075106535865,-0.007580149422193784,-0.0003164628421710408,1.0,0.0,2.0,-0.0003164628421710408,-0.0009164628421710407,-0.0013164628421710408,-0.002316462842171041,inventory_scarcity__missing,fold_2025,2025
2025-08-08,30,6,6,0.00035633496059998365,-0.008870027854259168,0.004613181407429575,1.0,0.0,2.0,0.004613181407429575,0.0040131814074295755,0.0036131814074295754,0.0026131814074295753,inventory_scarcity__missing,fold_2025,2025
2025-08-15,30,6,6,-0.002544147499929533,0.0020351870789493166,-0.002289667289439425,1.0,0.0,2.0,-0.002289667289439425,-0.002889667289439425,-0.003289667289439425,-0.004289667289439425,inventory_scarcity__missing,fold_2025,2025
2025-08-22,30,6,6,-0.018604183789824997,0.012329273178235881,-0.01546672848403044,1.0,0.0,2.0,-0.01546672848403044,-0.01606672848403044,-0.01646672848403044,-0.01746672848403044,inventory_scarcity__missing,fold_2025,2025
2025-08-29,30,6,6,-0.007748885450319334,0.0011756122028450174,-0.004462248826582176,1.0,0.0,2.0,-0.004462248826582176,-0.005062248826582176,-0.005462248826582176,-0.006462248826582176,inventory_scarcity__missing,fold_2025,2025
2025-09-05,30,6,6,0.0033148312841010177,0.009174869119874399,-0.0029300189178866906,1.0,0.0,2.0,-0.0029300189178866906,-0.0035300189178866905,-0.003930018917886691,-0.004930018917886691,inventory_scarcity__missing,fold_2025,2025
2025-09-12,30,6,6,0.0032408233609956504,-0.007569412987936466,0.005405118174466058,1.0,0.0,2.0,0.005405118174466058,0.0048051181744660585,0.004405118174466058,0.0034051181744660583,inventory_scarcity__missing,fold_2025,2025
2025-09-19,30,6,6,-0.005253490020137651,0.019063156824438248,-0.01215832342228795,1.0,0.0,2.0,-0.01215832342228795,-0.01275832342228795,-0.01315832342228795,-0.01415832342228795,inventory_scarcity__missing,fold_2025,2025
2025-09-26,30,6,6,-0.030624574333025678,0.0052985165454817315,-0.017961545439253705,1.0,0.0,2.0,-0.017961545439253705,-0.018561545439253705,-0.018961545439253706,-0.019961545439253707,inventory_scarcity__missing,fold_2025,2025
2025-10-13,30,6,6,-0.009049821554156418,8.170467226943356e-05,-0.004565763113212926,1.0,0.0,2.0,-0.004565763113212926,-0.0051657631132129254,-0.005565763113212926,-0.006565763113212926,inventory_scarcity__missing,fold_2025,2025
2025-10-20,30,6,6,0.024602290595632983,0.021680971912858085,0.0014606593413874491,1.0,0.0,2.0,0.0014606593413874491,0.0008606593413874492,0.0004606593413874491,-0.0005393406586125509,inventory_scarcity__missing,fold_2025,2025
2025-10-27,30,6,6,-0.006596913571904333,-0.006053839557815068,-0.00027153700704463275,1.0,0.0,2.0,-0.00027153700704463275,-0.0008715370070446327,-0.0012715370070446328,-0.002271537007044633,inventory_scarcity__missing,fold_2025,2025
2025-11-03,30,6,6,0.00473875396290235,-0.011038230157904783,0.007888492060403566,1.0,0.0,2.0,0.007888492060403566,0.007288492060403566,0.006888492060403566,0.005888492060403566,inventory_scarcity__missing,fold_2025,2025
2025-11-10,30,6,6,0.00021755003889659986,-0.0077912578826726175,0.004004403960784608,1.0,0.0,2.0,0.004004403960784608,0.0034044039607846084,0.0030044039607846082,0.002004403960784608,inventory_scarcity__missing,fold_2025,2025
2025-11-17,30,6,6,-0.01904734855250675,-0.009457336332612634,-0.0047950061099470585,1.0,0.0,2.0,-0.0047950061099470585,-0.005395006109947058,-0.0057950061099470585,-0.0067950061099470585,inventory_scarcity__missing,fold_2025,2025
2025-11-24,30,6,6,0.008908036345945352,0.010105905923118148,-0.0005989347885863982,1.0,0.0,2.0,-0.0005989347885863982,-0.001198934788586398,-0.0015989347885863982,-0.0025989347885863982,inventory_scarcity__missing,fold_2025,2025
2025-12-01,30,6,6,-0.011694554546885763,0.008974093918923917,-0.01033432423290484,1.0,0.0,2.0,-0.01033432423290484,-0.01093432423290484,-0.011334324232904841,-0.01233432423290484,inventory_scarcity__missing,fold_2025,2025
2025-12-08,30,6,6,-0.011080364565625231,-0.001196908374585317,-0.004941728095519957,1.0,0.0,2.0,-0.004941728095519957,-0.005541728095519957,-0.005941728095519957,-0.006941728095519957,inventory_scarcity__missing,fold_2025,2025
2025-12-15,30,6,6,0.013895134393222533,0.010406358366885882,0.0017443880131683253,1.0,0.0,2.0,0.0017443880131683253,0.0011443880131683255,0.0007443880131683253,-0.00025561198683167474,inventory_scarcity__missing,fold_2025,2025
2025-12-22,30,6,6,0.013694749920318,0.0106092679281748,0.0015427409960716001,1.0,0.0,2.0,0.0015427409960716001,0.0009427409960716002,0.0005427409960716001,-0.00045725900392839993,inventory_scarcity__missing,fold_2025,2025
2025-01-02,30,6,6,-0.008327707633742182,0.009127861210650267,-0.008727784422196225,1.0,0.0,2.0,-0.008727784422196225,-0.009327784422196225,-0.009727784422196226,-0.010727784422196225,inventory_change_5__csz,fold_2025,2025
2025-01-09,30,6,6,0.010689672956676033,0.02728515011556465,-0.008297738579444307,1.0,0.0,2.0,-0.008297738579444307,-0.008897738579444307,-0.009297738579444308,-0.010297738579444307,inventory_change_5__csz,fold_2025,2025
2025-01-16,30,6,6,-0.008888514073023684,-0.0051388514824503165,-0.001874831295286684,1.0,0.0,2.0,-0.001874831295286684,-0.002474831295286684,-0.002874831295286684,-0.003874831295286684,inventory_change_5__csz,fold_2025,2025
2025-01-23,30,6,6,0.02715157384646163,0.02023299193740662,0.003459290954527506,1.0,0.0,2.0,0.003459290954527506,0.002859290954527506,0.002459290954527506,0.0014592909545275059,inventory_change_5__csz,fold_2025,2025
2025-02-07,30,6,6,0.006025482952620999,0.007163529273075018,-0.0005690231602270097,1.0,0.0,2.0,-0.0005690231602270097,-0.0011690231602270095,-0.0015690231602270097,-0.0025690231602270098,inventory_change_5__csz,fold_2025,2025
2025-02-14,30,6,6,-0.0026470529854394336,-0.007225713039194,0.0022893300268772834,1.0,0.0,2.0,0.0022893300268772834,0.0016893300268772836,0.0012893300268772834,0.00028933002687728335,inventory_change_5__csz,fold_2025,2025
2025-02-21,30,6,6,-0.018884886042526815,-0.012573718985077418,-0.0031555835287246986,1.0,0.0,2.0,-0.0031555835287246986,-0.0037555835287246984,-0.004155583528724699,-0.005155583528724699,inventory_change_5__csz,fold_2025,2025
2025-02-28,30,6,6,0.00011794744090953362,0.0138512891188012,-0.006866670838945834,1.0,0.0,2.0,-0.006866670838945834,-0.007466670838945834,-0.007866670838945834,-0.008866670838945833,inventory_change_5__csz,fold_2025,2025
2025-03-07,30,6,6,0.0048584705397729175,0.018828637548480832,-0.0069850835043539575,1.0,0.0,2.0,-0.0069850835043539575,-0.007585083504353957,-0.007985083504353958,-0.008985083504353958,inventory_change_5__csz,fold_2025,2025
2025-03-14,30,6,6,-0.0037671759058667334,-0.025644191409895184,0.010938507752014225,1.0,0.0,2.0,0.010938507752014225,0.010338507752014225,0.009938507752014224,0.008938507752014225,inventory_change_5__csz,fold_2025,2025
2025-03-21,30,6,6,0.011027283317572883,0.013640117700617451,-0.001306417191522284,1.0,0.0,2.0,-0.001306417191522284,-0.0019064171915222838,-0.002306417191522284,-0.003306417191522284,inventory_change_5__csz,fold_2025,2025
2025-03-28,30,6,6,-0.06702948696716209,-0.053492731614853274,-0.006768377676154406,1.0,0.0,2.0,-0.006768377676154406,-0.007368377676154406,-0.007768377676154406,-0.008768377676154406,inventory_change_5__csz,fold_2025,2025
2025-04-07,30,6,6,0.014696625292319583,0.010963332840010684,0.0018666462261544498,1.0,0.0,2.0,0.0018666462261544498,0.00126664622615445,0.0008666462261544498,-0.00013335377384555026,inventory_change_5__csz,fold_2025,2025
2025-04-14,30,6,6,0.005378582774281066,0.012629437744951432,-0.003625427485335183,1.0,0.0,2.0,-0.003625427485335183,-0.004225427485335183,-0.004625427485335183,-0.005625427485335183,inventory_change_5__csz,fold_2025,2025
2025-04-21,30,6,6,0.009745457205999333,-0.0007439357641076654,0.005244696485053499,1.0,0.0,2.0,0.005244696485053499,0.004644696485053499,0.004244696485053499,0.003244696485053499,inventory_change_5__csz,fold_2025,2025
2025-04-28,30,6,6,-0.0089307410480831,-0.01079769985846163,0.000933479405189265,1.0,0.0,2.0,0.000933479405189265,0.0003334794051892651,-6.652059481073499e-05,-0.001066520594810735,inventory_change_5__csz,fold_2025,2025
2025-05-08,30,6,6,0.010572144068628851,0.008520646093632149,0.0010257489874983513,1.0,0.0,2.0,0.0010257489874983513,0.0004257489874983513,2.5748987498351236e-05,-0.0009742510125016488,inventory_change_5__csz,fold_2025,2025
2025-05-15,30,6,6,-0.0021727882608941333,0.01045570562628128,-0.006314246943587706,1.0,0.0,2.0,-0.006314246943587706,-0.006914246943587706,-0.007314246943587706,-0.008314246943587705,inventory_change_5__csz,fold_2025,2025
2025-05-22,30,6,6,-0.004445188126996867,-0.002300518192274084,-0.0010723349673613916,1.0,0.0,2.0,-0.0010723349673613916,-0.0016723349673613917,-0.002072334967361392,-0.003072334967361392,inventory_change_5__csz,fold_2025,2025
2025-05-29,30,6,6,-0.0017875002112929495,0.018019314773129933,-0.009903407492211441,1.0,0.0,2.0,-0.009903407492211441,-0.010503407492211441,-0.010903407492211442,-0.011903407492211441,inventory_change_5__csz,fold_2025,2025
2025-06-06,30,6,6,0.008491883642296515,0.00792817351701805,0.00028185506263923247,1.0,0.0,2.0,0.00028185506263923247,-0.0003181449373607675,-0.0007181449373607676,-0.0017181449373607676,inventory_change_5__csz,fold_2025,2025
2025-06-13,30,6,6,0.0063219768970052504,0.00238006495868815,0.00197095596915855,1.0,0.0,2.0,0.00197095596915855,0.0013709559691585504,0.0009709559691585502,-2.9044030841449825e-05,inventory_change_5__csz,fold_2025,2025
2025-06-20,30,6,6,0.009976506422676334,-0.002076467681207434,0.0060264870519418845,1.0,0.0,2.0,0.0060264870519418845,0.005426487051941885,0.0050264870519418844,0.004026487051941884,inventory_change_5__csz,fold_2025,2025
2025-06-27,30,6,6,-0.0004136725802920832,0.009132902778297484,-0.004773287679294784,1.0,0.0,2.0,-0.004773287679294784,-0.005373287679294784,-0.005773287679294784,-0.006773287679294784,inventory_change_5__csz,fold_2025,2025
2025-07-04,30,6,6,-0.0036182432591795495,-0.0032418367601414005,-0.00018820324951907452,1.0,0.0,2.0,-0.00018820324951907452,-0.0007882032495190745,-0.0011882032495190745,-0.0021882032495190743,inventory_change_5__csz,fold_2025,2025
2025-07-11,30,6,6,0.011129968382453115,0.002801343782620117,0.004164312299916499,1.0,0.0,2.0,0.004164312299916499,0.003564312299916499,0.0031643122999164986,0.0021643122999164986,inventory_change_5__csz,fold_2025,2025
2025-07-18,30,6,6,0.009548703708833784,0.00780849689558175,0.0008701034066260168,1.0,0.0,2.0,0.0008701034066260168,0.0002701034066260169,-0.0001298965933739832,-0.0011298965933739832,inventory_change_5__csz,fold_2025,2025
2025-07-25,30,6,6,-0.0099690612415785,-0.013926551725195932,0.001978745241808716,1.0,0.0,2.0,0.001978745241808716,0.001378745241808716,0.000978745241808716,-2.1254758191284126e-05,inventory_change_5__csz,fold_2025,2025
2025-08-01,30,6,6,-0.005234513966454183,0.007610453341953566,-0.006422483654203875,1.0,0.0,2.0,-0.006422483654203875,-0.007022483654203875,-0.007422483654203875,-0.008422483654203875,inventory_change_5__csz,fold_2025,2025
2025-08-08,30,6,6,-0.002765891575752567,-0.0060249588953444665,0.0016295336597959497,1.0,0.0,2.0,0.0016295336597959497,0.0010295336597959497,0.0006295336597959497,-0.00037046634020405033,inventory_change_5__csz,fold_2025,2025
2025-08-15,30,6,6,-0.0008352033238950002,-0.006238237975998334,0.002701517326051667,1.0,0.0,2.0,0.002701517326051667,0.0021015173260516672,0.001701517326051667,0.000701517326051667,inventory_change_5__csz,fold_2025,2025
2025-08-22,30,6,6,0.016672371179883183,0.009972365930809784,0.0033500026245366996,1.0,0.0,2.0,0.0033500026245366996,0.0027500026245367,0.0023500026245366996,0.0013500026245366996,inventory_change_5__csz,fold_2025,2025
2025-08-29,30,6,6,-0.011931959976608167,0.016466868282000332,-0.014199414129304248,1.0,0.0,2.0,-0.014199414129304248,-0.014799414129304248,-0.01519941412930425,-0.01619941412930425,inventory_change_5__csz,fold_2025,2025
2025-09-05,30,6,6,0.001816024981812083,0.002846792194907333,-0.0005153836065476249,1.0,0.0,2.0,-0.0005153836065476249,-0.0011153836065476248,-0.001515383606547625,-0.002515383606547625,inventory_change_5__csz,fold_2025,2025
2025-09-12,30,6,6,-0.003299431054108883,-0.011205329627759832,0.003952949286825475,1.0,0.0,2.0,0.003952949286825475,0.003352949286825475,0.0029529492868254747,0.0019529492868254747,inventory_change_5__csz,fold_2025,2025
2025-09-19,30,6,6,0.01752332903412598,0.0103874300201179,0.0035679495070040403,1.0,0.0,2.0,0.0035679495070040403,0.0029679495070040404,0.0025679495070040402,0.0015679495070040402,inventory_change_5__csz,fold_2025,2025
2025-09-26,30,6,6,0.013160941107494462,0.007472754923603948,0.0028440930919452568,1.0,0.0,2.0,0.0028440930919452568,0.002244093091945257,0.0018440930919452567,0.0008440930919452567,inventory_change_5__csz,fold_2025,2025
2025-10-13,30,6,6,-0.012794501300476232,0.006414668871412983,-0.009604585085944608,1.0,0.0,2.0,-0.009604585085944608,-0.010204585085944608,-0.010604585085944609,-0.011604585085944608,inventory_change_5__csz,fold_2025,2025
2025-10-20,30,6,6,0.016184765638989452,-0.0007067003684495173,0.008445733003719485,1.0,0.0,2.0,0.008445733003719485,0.007845733003719485,0.007445733003719485,0.006445733003719485,inventory_change_5__csz,fold_2025,2025
2025-10-27,30,6,6,-0.0044219580228696325,0.0012828571499607835,-0.002852407586415208,1.0,0.0,2.0,-0.002852407586415208,-0.003452407586415208,-0.003852407586415208,-0.004852407586415208,inventory_change_5__csz,fold_2025,2025
2025-11-03,30,6,6,-0.0016680809173242155,-0.00615292417858745,0.0022424216306316173,1.0,0.0,2.0,0.0022424216306316173,0.0016424216306316175,0.0012424216306316173,0.00024242163063161728,inventory_change_5__csz,fold_2025,2025
2025-11-10,30,6,6,-0.0070803469267339166,-0.003321243283449899,-0.0018795518216420087,1.0,0.0,2.0,-0.0018795518216420087,-0.0024795518216420087,-0.002879551821642009,-0.003879551821642009,inventory_change_5__csz,fold_2025,2025
2025-11-17,30,6,6,-0.010717149493446002,0.0017342896988201328,-0.006225719596133068,1.0,0.0,2.0,-0.006225719596133068,-0.0068257195961330674,-0.007225719596133068,-0.008225719596133068,inventory_change_5__csz,fold_2025,2025
2025-11-24,30,6,6,0.01790449406053655,0.03193059928798092,-0.007013052613722185,1.0,0.0,2.0,-0.007013052613722185,-0.0076130526137221845,-0.008013052613722184,-0.009013052613722185,inventory_change_5__csz,fold_2025,2025
2025-12-01,30,6,6,0.004191136683053684,0.00710002866343465,-0.001454445990190483,1.0,0.0,2.0,-0.001454445990190483,-0.002054445990190483,-0.002454445990190483,-0.003454445990190483,inventory_change_5__csz,fold_2025,2025
2025-12-08,30,6,6,-0.009462157283931884,0.0026782563286037995,-0.006070206806267841,1.0,0.0,2.0,-0.006070206806267841,-0.006670206806267841,-0.0070702068062678414,-0.00807020680626784,inventory_change_5__csz,fold_2025,2025
2025-12-15,30,6,6,0.016030932932799367,0.034632662537592646,-0.00930086480239664,1.0,0.0,2.0,-0.00930086480239664,-0.00990086480239664,-0.010300864802396639,-0.01130086480239664,inventory_change_5__csz,fold_2025,2025
2025-12-22,30,6,6,0.022158637784529336,0.015021042596812618,0.0035687975938583586,1.0,0.0,2.0,0.0035687975938583586,0.0029687975938583588,0.0025687975938583586,0.0015687975938583586,inventory_change_5__csz,fold_2025,2025
2025-01-02,30,6,6,-0.005697011820340551,0.009708797651568799,-0.007702904735954675,1.0,0.0,2.0,-0.007702904735954675,-0.008302904735954676,-0.008702904735954675,-0.009702904735954674,inventory_change_5__missing,fold_2025,2025
2025-01-09,30,6,6,0.03347700192639188,0.02709892023699133,0.003189040844700274,1.0,0.0,2.0,0.003189040844700274,0.002589040844700274,0.002189040844700274,0.0011890408447002739,inventory_change_5__missing,fold_2025,2025
2025-01-16,30,6,6,-0.01734638303142625,-0.008802857590258733,-0.004271762720583759,1.0,0.0,2.0,-0.004271762720583759,-0.004871762720583758,-0.005271762720583759,-0.006271762720583759,inventory_change_5__missing,fold_2025,2025
2025-01-23,30,6,6,0.01862334346203515,0.026791331185749858,-0.004083993861857354,1.0,0.0,2.0,-0.004083993861857354,-0.004683993861857354,-0.005083993861857354,-0.006083993861857354,inventory_change_5__missing,fold_2025,2025
2025-02-07,30,6,6,-0.008434052052743633,0.018144620153512266,-0.01328933610312795,1.0,0.0,2.0,-0.01328933610312795,-0.01388933610312795,-0.01428933610312795,-0.01528933610312795,inventory_change_5__missing,fold_2025,2025
2025-02-14,30,6,6,0.005819928191155899,-0.008527992206727368,0.007173960198941633,1.0,0.0,2.0,0.007173960198941633,0.006573960198941633,0.006173960198941633,0.005173960198941633,inventory_change_5__missing,fold_2025,2025
2025-02-21,30,6,6,-0.01542077327094068,-0.025587954743581467,0.005083590736320393,1.0,0.0,2.0,0.005083590736320393,0.0044835907363203935,0.004083590736320393,0.0030835907363203933,inventory_change_5__missing,fold_2025,2025
2025-02-28,30,6,6,-0.013018178042958952,0.0020565183600199655,-0.007537348201489459,1.0,0.0,2.0,-0.007537348201489459,-0.00813734820148946,-0.008537348201489459,-0.009537348201489458,inventory_change_5__missing,fold_2025,2025
2025-03-07,30,6,6,0.0016064890901724164,0.011572049440519318,-0.004982780175173451,1.0,0.0,2.0,-0.004982780175173451,-0.005582780175173451,-0.005982780175173451,-0.006982780175173451,inventory_change_5__missing,fold_2025,2025
2025-03-14,30,6,6,0.002129855617867733,-0.0018959837181752673,0.0020129196680215003,1.0,0.0,2.0,0.0020129196680215003,0.0014129196680215004,0.0010129196680215002,1.291966802150022e-05,inventory_change_5__missing,fold_2025,2025
2025-03-21,30,6,6,0.006999095311239899,0.01830304470796665,-0.005651974698363376,1.0,0.0,2.0,-0.005651974698363376,-0.006251974698363376,-0.006651974698363376,-0.007651974698363376,inventory_change_5__missing,fold_2025,2025
2025-03-28,30,6,6,-0.05178653573115883,-0.06843482604482926,0.008324145156835213,1.0,0.0,2.0,0.008324145156835213,0.007724145156835213,0.007324145156835213,0.006324145156835213,inventory_change_5__missing,fold_2025,2025
2025-04-07,30,6,6,-0.00041319109867696675,0.0332448299701305,-0.016829010534403735,1.0,0.0,2.0,-0.016829010534403735,-0.017429010534403735,-0.017829010534403736,-0.018829010534403737,inventory_change_5__missing,fold_2025,2025
2025-04-14,30,6,6,0.0005168816161656162,0.019440435576741966,-0.009461776980288175,1.0,0.0,2.0,-0.009461776980288175,-0.010061776980288175,-0.010461776980288176,-0.011461776980288175,inventory_change_5__missing,fold_2025,2025
2025-04-21,30,6,6,0.004669681219876716,0.0018819770814416323,0.001393852069217542,1.0,0.0,2.0,0.001393852069217542,0.000793852069217542,0.00039385206921754195,-0.0006061479307824581,inventory_change_5__missing,fold_2025,2025
2025-04-28,30,6,6,-0.019749569182245068,-0.012223476754515183,-0.003763046213864942,1.0,0.0,2.0,-0.003763046213864942,-0.004363046213864942,-0.004763046213864942,-0.005763046213864942,inventory_change_5__missing,fold_2025,2025
2025-05-08,30,6,6,0.018868496700092097,0.00474709343819995,0.007060701630946074,1.0,0.0,2.0,0.007060701630946074,0.006460701630946074,0.006060701630946074,0.005060701630946074,inventory_change_5__missing,fold_2025,2025
2025-05-15,30,6,6,-0.0170960743762764,0.01189693399591023,-0.014496504186093315,1.0,0.0,2.0,-0.014496504186093315,-0.015096504186093315,-0.015496504186093316,-0.016496504186093316,inventory_change_5__missing,fold_2025,2025
2025-05-22,30,6,6,-0.013368702045991299,-0.0012623306970546502,-0.006053185674468324,1.0,0.0,2.0,-0.006053185674468324,-0.006653185674468324,-0.007053185674468324,-0.008053185674468324,inventory_change_5__missing,fold_2025,2025
2025-05-29,30,6,6,-0.002707894218189633,0.012352209900303134,-0.007530052059246384,1.0,0.0,2.0,-0.007530052059246384,-0.008130052059246384,-0.008530052059246384,-0.009530052059246383,inventory_change_5__missing,fold_2025,2025
2025-06-06,30,6,6,0.03444633532805569,0.03253489374783288,0.0009557207901114036,1.0,0.0,2.0,0.0009557207901114036,0.0003557207901114036,-4.427920988859645e-05,-0.0010442792098885965,inventory_change_5__missing,fold_2025,2025
2025-06-13,30,6,6,0.029598957046110447,0.004498629514841433,0.012550163765634507,1.0,0.0,2.0,0.012550163765634507,0.011950163765634507,0.011550163765634506,0.010550163765634507,inventory_change_5__missing,fold_2025,2025
2025-06-20,30,6,6,-0.02213642552399778,-0.023498578599497864,0.0006810765377500416,1.0,0.0,2.0,0.0006810765377500416,8.107653775004167e-05,-0.0003189234622499584,-0.0013189234622499584,inventory_change_5__missing,fold_2025,2025
2025-06-27,30,6,6,-0.005947233897729367,0.0055583090415656814,-0.005752771469647524,1.0,0.0,2.0,-0.005752771469647524,-0.006352771469647524,-0.006752771469647524,-0.007752771469647524,inventory_change_5__missing,fold_2025,2025
2025-07-04,30,6,6,0.012301035630775267,-0.00023277994273179954,0.006266907786753533,1.0,0.0,2.0,0.006266907786753533,0.0056669077867535335,0.005266907786753533,0.004266907786753533,inventory_change_5__missing,fold_2025,2025
2025-07-11,30,6,6,0.016320366531274,0.0070907888289804,0.0046147888511468005,1.0,0.0,2.0,0.0046147888511468005,0.004014788851146801,0.0036147888511468005,0.0026147888511468004,inventory_change_5__missing,fold_2025,2025
2025-07-18,30,6,6,0.026199109620428446,-0.0002715318615540332,0.013235320740991239,1.0,0.0,2.0,0.013235320740991239,0.012635320740991239,0.012235320740991238,0.011235320740991239,inventory_change_5__missing,fold_2025,2025
2025-07-25,30,6,6,-0.019351561394610937,-0.006835549310821534,-0.006258006041894701,1.0,0.0,2.0,-0.006258006041894701,-0.006858006041894701,-0.007258006041894701,-0.008258006041894701,inventory_change_5__missing,fold_2025,2025
2025-08-01,30,6,6,-0.008213075106535865,-0.004428811286038434,-0.0018921319102487158,1.0,0.0,2.0,-0.0018921319102487158,-0.0024921319102487157,-0.002892131910248716,-0.003892131910248716,inventory_change_5__missing,fold_2025,2025
2025-08-08,30,6,6,0.00035633496059998365,-0.009825980730930986,0.005091157845765484,1.0,0.0,2.0,0.005091157845765484,0.0044911578457654845,0.004091157845765484,0.0030911578457654843,inventory_change_5__missing,fold_2025,2025
2025-08-15,30,6,6,-0.002544147499929533,0.00322856856770585,-0.0028863580338176916,1.0,0.0,2.0,-0.0028863580338176916,-0.0034863580338176914,-0.0038863580338176916,-0.004886358033817692,inventory_change_5__missing,fold_2025,2025
2025-08-22,30,6,6,-0.018604183789824997,0.016212743986049636,-0.017408463887937316,1.0,0.0,2.0,-0.017408463887937316,-0.018008463887937316,-0.018408463887937317,-0.019408463887937315,inventory_change_5__missing,fold_2025,2025
2025-08-29,30,6,6,-0.007748885450319334,0.010117489997181836,-0.008933187723750586,1.0,0.0,2.0,-0.008933187723750586,-0.009533187723750586,-0.009933187723750587,-0.010933187723750586,inventory_change_5__missing,fold_2025,2025
2025-09-05,30,6,6,0.0033148312841010177,0.010483868857270767,-0.0035845187865848746,1.0,0.0,2.0,-0.0035845187865848746,-0.004184518786584874,-0.004584518786584875,-0.005584518786584875,inventory_change_5__missing,fold_2025,2025
2025-09-12,30,6,6,0.0032408233609956504,-0.0062530347995475,0.0047469290802715745,1.0,0.0,2.0,0.0047469290802715745,0.004146929080271575,0.0037469290802715745,0.0027469290802715745,inventory_change_5__missing,fold_2025,2025
2025-09-19,30,6,6,-0.005253490020137651,0.030960479573230264,-0.018106984796683958,1.0,0.0,2.0,-0.018106984796683958,-0.018706984796683958,-0.01910698479668396,-0.020106984796683956,inventory_change_5__missing,fold_2025,2025
2025-09-26,30,6,6,-0.030624574333025678,0.016826813015007047,-0.023725693674016363,1.0,0.0,2.0,-0.023725693674016363,-0.024325693674016362,-0.024725693674016364,-0.025725693674016364,inventory_change_5__missing,fold_2025,2025
2025-10-13,30,6,6,-0.009049821554156418,0.009084516170332168,-0.009067168862244294,1.0,0.0,2.0,-0.009067168862244294,-0.009667168862244294,-0.010067168862244295,-0.011067168862244294,inventory_change_5__missing,fold_2025,2025
2025-10-20,30,6,6,0.024602290595632983,0.008362028742069347,0.008120130926781818,1.0,0.0,2.0,0.008120130926781818,0.007520130926781818,0.007120130926781818,0.006120130926781818,inventory_change_5__missing,fold_2025,2025
2025-10-27,30,6,6,-0.006596913571904333,-0.0048503946992184506,-0.0008732594363429413,1.0,0.0,2.0,-0.0008732594363429413,-0.0014732594363429411,-0.0018732594363429413,-0.0028732594363429413,inventory_change_5__missing,fold_2025,2025
2025-11-03,30,6,6,0.00473875396290235,-0.0070525103444676815,0.005895632153685016,1.0,0.0,2.0,0.005895632153685016,0.005295632153685016,0.004895632153685016,0.0038956321536850157,inventory_change_5__missing,fold_2025,2025
2025-11-10,30,6,6,0.00021755003889659986,-0.003673474618624233,0.0019455123287604164,1.0,0.0,2.0,0.0019455123287604164,0.0013455123287604166,0.0009455123287604164,-5.4487671239583646e-05,inventory_change_5__missing,fold_2025,2025
2025-11-17,30,6,6,-0.01904734855250675,-0.010158017540556133,-0.004444665505975309,1.0,0.0,2.0,-0.004444665505975309,-0.005044665505975309,-0.005444665505975309,-0.006444665505975309,inventory_change_5__missing,fold_2025,2025
2025-11-24,30,6,6,0.008908036345945352,0.027561895204763622,-0.009326929429409134,1.0,0.0,2.0,-0.009326929429409134,-0.009926929429409134,-0.010326929429409135,-0.011326929429409134,inventory_change_5__missing,fold_2025,2025
2025-12-01,30,6,6,-0.011694554546885763,0.0098586393724134,-0.010776596959649581,1.0,0.0,2.0,-0.010776596959649581,-0.011376596959649581,-0.011776596959649582,-0.012776596959649581,inventory_change_5__missing,fold_2025,2025
2025-12-08,30,6,6,-0.011080364565625231,0.0131624347760792,-0.012121399670852216,1.0,0.0,2.0,-0.012121399670852216,-0.012721399670852215,-0.013121399670852216,-0.014121399670852216,inventory_change_5__missing,fold_2025,2025
2025-12-15,30,6,6,0.013895134393222533,0.026523462010756116,-0.006314163808766792,1.0,0.0,2.0,-0.006314163808766792,-0.0069141638087667915,-0.007314163808766792,-0.008314163808766793,inventory_change_5__missing,fold_2025,2025
2025-12-22,30,6,6,0.013694749920318,0.028042245847474934,-0.007173747963578467,1.0,0.0,2.0,-0.007173747963578467,-0.007773747963578467,-0.008173747963578467,-0.009173747963578466,inventory_change_5__missing,fold_2025,2025
2025-01-02,30,6,6,-0.008643717017779867,0.002678744855383467,-0.005661230936581667,1.0,0.0,2.0,-0.005661230936581667,-0.006261230936581667,-0.006661230936581667,-0.007661230936581667,inventory_surprise__csz,fold_2025,2025
2025-01-09,30,6,6,0.0075445210942481486,0.018594971169530666,-0.005525225037641258,1.0,0.0,2.0,-0.005525225037641258,-0.006125225037641258,-0.006525225037641258,-0.007525225037641258,inventory_surprise__csz,fold_2025,2025
2025-01-16,30,6,6,-0.010761841957401931,-0.010041264596301166,-0.0003602886805503828,1.0,0.0,2.0,-0.0003602886805503828,-0.0009602886805503828,-0.0013602886805503828,-0.002360288680550383,inventory_surprise__csz,fold_2025,2025
2025-01-23,30,6,6,0.026902164920274117,0.022760400240047135,0.0020708823401134908,1.0,0.0,2.0,0.0020708823401134908,0.001470882340113491,0.0010708823401134908,7.088234011349073e-05,inventory_surprise__csz,fold_2025,2025
2025-02-07,30,6,6,0.0034579360473451504,0.014863603764137085,-0.005702833858395967,1.0,0.0,2.0,-0.005702833858395967,-0.006302833858395967,-0.006702833858395967,-0.007702833858395967,inventory_surprise__csz,fold_2025,2025
2025-02-14,30,6,6,-0.0019584202884222503,-0.005546947229154684,0.0017942634703662168,1.0,0.0,2.0,0.0017942634703662168,0.001194263470366217,0.0007942634703662168,-0.0002057365296337832,inventory_surprise__csz,fold_2025,2025
2025-02-21,30,6,6,-0.01620415741924312,-0.01981034273051052,0.0018030926556336993,1.0,0.0,2.0,0.0018030926556336993,0.0012030926556336995,0.0008030926556336993,-0.00019690734436630074,inventory_surprise__csz,fold_2025,2025
2025-02-28,30,6,6,0.0017574808783526665,0.005772026116737082,-0.002007272619192208,1.0,0.0,2.0,-0.002007272619192208,-0.002607272619192208,-0.003007272619192208,-0.004007272619192208,inventory_surprise__csz,fold_2025,2025
2025-03-07,30,6,6,0.01790988762657575,0.01117074853885155,0.0033695695438620997,1.0,0.0,2.0,0.0033695695438620997,0.0027695695438621,0.0023695695438620996,0.0013695695438620996,inventory_surprise__csz,fold_2025,2025
2025-03-14,30,6,6,-0.00670018249429645,-0.005378130145819351,-0.0006610261742385497,1.0,0.0,2.0,-0.0006610261742385497,-0.0012610261742385495,-0.0016610261742385497,-0.0026610261742385497,inventory_surprise__csz,fold_2025,2025
2025-03-21,30,6,6,0.008953652940416067,0.010443650073667751,-0.0007449985666258419,1.0,0.0,2.0,-0.0007449985666258419,-0.0013449985666258418,-0.001744998566625842,-0.002744998566625842,inventory_surprise__csz,fold_2025,2025
2025-03-28,30,6,6,-0.05285900986506967,-0.042894403238588376,-0.004982303313240646,1.0,0.0,2.0,-0.004982303313240646,-0.0055823033132406455,-0.005982303313240646,-0.006982303313240646,inventory_surprise__csz,fold_2025,2025
2025-04-07,30,6,6,0.012734208034592983,0.011591225781205782,0.0005714911266936004,1.0,0.0,2.0,0.0005714911266936004,-2.8508873306399532e-05,-0.0004285088733063996,-0.0014285088733063996,inventory_surprise__csz,fold_2025,2025
2025-04-14,30,6,6,0.011739292207691834,0.008581990922724917,0.0015786506424834588,1.0,0.0,2.0,0.0015786506424834588,0.000978650642483459,0.0005786506424834588,-0.00042134935751654123,inventory_surprise__csz,fold_2025,2025
2025-04-21,30,6,6,0.005663390326779683,0.00022278607353745043,0.0027203021266211163,1.0,0.0,2.0,0.0027203021266211163,0.0021203021266211165,0.0017203021266211163,0.0007203021266211163,inventory_surprise__csz,fold_2025,2025
2025-04-28,30,6,6,-0.01159185416691805,-0.010146877086491882,-0.0007224885402130838,1.0,0.0,2.0,-0.0007224885402130838,-0.0013224885402130836,-0.0017224885402130838,-0.002722488540213084,inventory_surprise__csz,fold_2025,2025
2025-05-08,30,6,6,0.019815468992626633,0.0028483170635519007,0.008483575964537367,1.0,0.0,2.0,0.008483575964537367,0.007883575964537367,0.007483575964537367,0.006483575964537367,inventory_surprise__csz,fold_2025,2025
2025-05-15,30,6,6,-0.008674213807957432,0.010849661334130331,-0.00976193757104388,1.0,0.0,2.0,-0.00976193757104388,-0.01036193757104388,-0.010761937571043882,-0.01176193757104388,inventory_surprise__csz,fold_2025,2025
2025-05-22,30,6,6,-0.00954213346398895,-0.0035272785088116504,-0.003007427477588649,1.0,0.0,2.0,-0.003007427477588649,-0.003607427477588649,-0.004007427477588649,-0.005007427477588649,inventory_surprise__csz,fold_2025,2025
2025-05-29,30,6,6,-0.0005790636159993161,0.014508581917736768,-0.007543822766868042,1.0,0.0,2.0,-0.007543822766868042,-0.008143822766868042,-0.00854382276686804,-0.009543822766868042,inventory_surprise__csz,fold_2025,2025
2025-06-06,30,6,6,0.0033019887739572508,0.019711426020677814,-0.008204718623360282,1.0,0.0,2.0,-0.008204718623360282,-0.008804718623360281,-0.00920471862336028,-0.010204718623360282,inventory_surprise__csz,fold_2025,2025
2025-06-13,30,6,6,0.0173628603516897,-0.0011935753651476004,0.00927821785841865,1.0,0.0,2.0,0.00927821785841865,0.00867821785841865,0.00827821785841865,0.00727821785841865,inventory_surprise__csz,fold_2025,2025
2025-06-20,30,6,6,0.0023028730457931674,-0.008058875973531167,0.005180874509662167,1.0,0.0,2.0,0.005180874509662167,0.004580874509662167,0.004180874509662167,0.003180874509662167,inventory_surprise__csz,fold_2025,2025
2025-06-27,30,6,6,-0.00785162858114365,0.005339474566943615,-0.006595551574043632,1.0,0.0,2.0,-0.006595551574043632,-0.007195551574043632,-0.007595551574043632,-0.008595551574043632,inventory_surprise__csz,fold_2025,2025
2025-07-04,30,6,6,0.0020300883267077665,0.0042093070008472665,-0.00108960933706975,1.0,0.0,2.0,-0.00108960933706975,-0.00168960933706975,-0.00208960933706975,-0.00308960933706975,inventory_surprise__csz,fold_2025,2025
2025-07-11,30,6,6,0.007227328275879533,0.011489358573184434,-0.0021310151486524506,1.0,0.0,2.0,-0.0021310151486524506,-0.0027310151486524504,-0.0031310151486524506,-0.004131015148652451,inventory_surprise__csz,fold_2025,2025
2025-07-18,30,6,6,0.029617424693904177,-0.0029559740183212665,0.01628669935611272,1.0,0.0,2.0,0.01628669935611272,0.01568669935611272,0.01528669935611272,0.01428669935611272,inventory_surprise__csz,fold_2025,2025
2025-07-25,30,6,6,-0.027846398976976383,-0.013499312316345819,-0.007173543330315282,1.0,0.0,2.0,-0.007173543330315282,-0.007773543330315282,-0.008173543330315282,-0.009173543330315281,inventory_surprise__csz,fold_2025,2025
2025-08-01,30,6,6,0.0014243173537378667,0.0005787767275901495,0.0004227703130738586,1.0,0.0,2.0,0.0004227703130738586,-0.00017722968692614134,-0.0005772296869261415,-0.0015772296869261415,inventory_surprise__csz,fold_2025,2025
2025-08-08,30,6,6,0.0025939619157738327,-0.0022418809471628676,0.00241792143146835,1.0,0.0,2.0,0.00241792143146835,0.0018179214314683503,0.0014179214314683501,0.0004179214314683501,inventory_surprise__csz,fold_2025,2025
2025-08-15,30,6,6,0.0012950442177015996,-0.002338449687004533,0.0018167469523530664,1.0,0.0,2.0,0.0018167469523530664,0.0012167469523530665,0.0008167469523530663,-0.00018325304764693368,inventory_surprise__csz,fold_2025,2025
2025-08-22,30,6,6,-0.0019313791185518994,0.012935063055888084,-0.007433221087219992,1.0,0.0,2.0,-0.007433221087219992,-0.008033221087219992,-0.008433221087219993,-0.009433221087219992,inventory_surprise__csz,fold_2025,2025
2025-08-29,30,6,6,-0.0084443572778612,0.013571207026897333,-0.011007782152379266,1.0,0.0,2.0,-0.011007782152379266,-0.011607782152379266,-0.012007782152379267,-0.013007782152379266,inventory_surprise__csz,fold_2025,2025
2025-09-05,30,6,6,-0.0005762771760395334,0.0031450674959040497,-0.0018606723359717915,1.0,0.0,2.0,-0.0018606723359717915,-0.0024606723359717913,-0.0028606723359717915,-0.0038606723359717915,inventory_surprise__csz,fold_2025,2025
2025-09-12,30,6,6,-0.008725268600990018,-0.009176544147441233,0.00022563777322560756,1.0,0.0,2.0,0.00022563777322560756,-0.0003743622267743924,-0.0007743622267743925,-0.0017743622267743925,inventory_surprise__csz,fold_2025,2025
2025-09-19,30,6,6,-0.0011214552514313668,0.014820120683934632,-0.007970787967683,1.0,0.0,2.0,-0.007970787967683,-0.008570787967683,-0.008970787967683,-0.009970787967683,inventory_surprise__csz,fold_2025,2025
2025-09-26,30,6,6,-0.0019246635046771664,0.013588858392057748,-0.007756760948367457,1.0,0.0,2.0,-0.007756760948367457,-0.008356760948367457,-0.008756760948367456,-0.009756760948367457,inventory_surprise__csz,fold_2025,2025
2025-10-13,30,6,6,-0.012794501300476232,0.006414668871412983,-0.009604585085944608,1.0,0.0,2.0,-0.009604585085944608,-0.010204585085944608,-0.010604585085944609,-0.011604585085944608,inventory_surprise__csz,fold_2025,2025
2025-10-20,30,6,6,0.03564335663108228,0.005096867964094133,0.015273244333494073,1.0,0.0,2.0,0.015273244333494073,0.014673244333494073,0.014273244333494074,0.013273244333494073,inventory_surprise__csz,fold_2025,2025
2025-10-27,30,6,6,-0.010952801537247767,-0.00040069489763616656,-0.0052760533198058,1.0,0.0,2.0,-0.0052760533198058,-0.0058760533198058,-0.0062760533198058,-0.0072760533198058,inventory_surprise__csz,fold_2025,2025
2025-11-03,30,6,6,-0.0054692092968640985,0.0038148459118813004,-0.004642027604372699,1.0,0.0,2.0,-0.004642027604372699,-0.005242027604372699,-0.0056420276043726994,-0.0066420276043726995,inventory_surprise__csz,fold_2025,2025
2025-11-10,30,6,6,-5.178706496066616e-05,-0.010047311530686267,0.0049977622328628004,1.0,0.0,2.0,0.0049977622328628004,0.004397762232862801,0.0039977622328628,0.0029977622328628004,inventory_surprise__csz,fold_2025,2025
2025-11-17,30,6,6,-0.009508231712601617,0.0027211744826818505,-0.006114703097641734,1.0,0.0,2.0,-0.006114703097641734,-0.006714703097641734,-0.007114703097641734,-0.008114703097641734,inventory_surprise__csz,fold_2025,2025
2025-11-24,30,6,6,0.005211636031327284,0.0213482414424602,-0.008068302705566459,1.0,0.0,2.0,-0.008068302705566459,-0.008668302705566459,-0.00906830270556646,-0.010068302705566459,inventory_surprise__csz,fold_2025,2025
2025-12-01,30,6,6,0.0034352980418647164,0.002495832305735966,0.0004697328680643752,1.0,0.0,2.0,0.0004697328680643752,-0.00013026713193562474,-0.0005302671319356248,-0.0015302671319356248,inventory_surprise__csz,fold_2025,2025
2025-12-08,30,6,6,-0.006899255875863702,0.002679184916966683,-0.004789220396415193,1.0,0.0,2.0,-0.004789220396415193,-0.0053892203964151925,-0.005789220396415193,-0.006789220396415193,inventory_surprise__csz,fold_2025,2025
2025-12-15,30,6,6,0.0008078500042738834,0.02502170430651755,-0.012106927151121834,1.0,0.0,2.0,-0.012106927151121834,-0.012706927151121834,-0.013106927151121835,-0.014106927151121834,inventory_surprise__csz,fold_2025,2025
2025-12-22,30,6,6,0.01605439717207732,0.011701987645198532,0.0021762047634393935,1.0,0.0,2.0,0.0021762047634393935,0.0015762047634393936,0.0011762047634393934,0.00017620476343939342,inventory_surprise__csz,fold_2025,2025
2025-01-02,30,6,6,-0.008643717017779867,0.002678744855383467,-0.005661230936581667,1.0,0.0,2.0,-0.005661230936581667,-0.006261230936581667,-0.006661230936581667,-0.007661230936581667,inventory_surprise__missing,fold_2025,2025
2025-01-09,30,6,6,0.0075445210942481486,0.018594971169530666,-0.005525225037641258,1.0,0.0,2.0,-0.005525225037641258,-0.006125225037641258,-0.006525225037641258,-0.007525225037641258,inventory_surprise__missing,fold_2025,2025
2025-01-16,30,6,6,-0.010761841957401931,-0.010041264596301166,-0.0003602886805503828,1.0,0.0,2.0,-0.0003602886805503828,-0.0009602886805503828,-0.0013602886805503828,-0.002360288680550383,inventory_surprise__missing,fold_2025,2025
2025-01-23,30,6,6,0.026902164920274117,0.022760400240047135,0.0020708823401134908,1.0,0.0,2.0,0.0020708823401134908,0.001470882340113491,0.0010708823401134908,7.088234011349073e-05,inventory_surprise__missing,fold_2025,2025
2025-02-07,30,6,6,0.0034579360473451504,0.014863603764137085,-0.005702833858395967,1.0,0.0,2.0,-0.005702833858395967,-0.006302833858395967,-0.006702833858395967,-0.007702833858395967,inventory_surprise__missing,fold_2025,2025
2025-02-14,30,6,6,-0.0019584202884222503,-0.005546947229154684,0.0017942634703662168,1.0,0.0,2.0,0.0017942634703662168,0.001194263470366217,0.0007942634703662168,-0.0002057365296337832,inventory_surprise__missing,fold_2025,2025
2025-02-21,30,6,6,-0.01620415741924312,-0.01981034273051052,0.0018030926556336993,1.0,0.0,2.0,0.0018030926556336993,0.0012030926556336995,0.0008030926556336993,-0.00019690734436630074,inventory_surprise__missing,fold_2025,2025
2025-02-28,30,6,6,0.0017574808783526665,0.005772026116737082,-0.002007272619192208,1.0,0.0,2.0,-0.002007272619192208,-0.002607272619192208,-0.003007272619192208,-0.004007272619192208,inventory_surprise__missing,fold_2025,2025
2025-03-07,30,6,6,0.01790988762657575,0.01117074853885155,0.0033695695438620997,1.0,0.0,2.0,0.0033695695438620997,0.0027695695438621,0.0023695695438620996,0.0013695695438620996,inventory_surprise__missing,fold_2025,2025
2025-03-14,30,6,6,-0.00670018249429645,-0.005378130145819351,-0.0006610261742385497,1.0,0.0,2.0,-0.0006610261742385497,-0.0012610261742385495,-0.0016610261742385497,-0.0026610261742385497,inventory_surprise__missing,fold_2025,2025
2025-03-21,30,6,6,0.008953652940416067,0.010443650073667751,-0.0007449985666258419,1.0,0.0,2.0,-0.0007449985666258419,-0.0013449985666258418,-0.001744998566625842,-0.002744998566625842,inventory_surprise__missing,fold_2025,2025
2025-03-28,30,6,6,-0.05285900986506967,-0.042894403238588376,-0.004982303313240646,1.0,0.0,2.0,-0.004982303313240646,-0.0055823033132406455,-0.005982303313240646,-0.006982303313240646,inventory_surprise__missing,fold_2025,2025
2025-04-07,30,6,6,-0.00041319109867696675,0.024799532334771484,-0.012606361716724225,1.0,0.0,2.0,-0.012606361716724225,-0.013206361716724225,-0.013606361716724226,-0.014606361716724225,inventory_surprise__missing,fold_2025,2025
2025-04-14,30,6,6,0.0005168816161656162,0.01614583475691583,-0.007814476570375107,1.0,0.0,2.0,-0.007814476570375107,-0.008414476570375107,-0.008814476570375106,-0.009814476570375107,inventory_surprise__missing,fold_2025,2025
2025-04-21,30,6,6,0.004669681219876716,0.0042928463092300325,0.00018841745532334172,1.0,0.0,2.0,0.00018841745532334172,-0.00041158254467665823,-0.0008115825446766583,-0.0018115825446766583,inventory_surprise__missing,fold_2025,2025
2025-04-28,30,6,6,-0.019749569182245068,-0.013296777672398683,-0.0032263957549231925,1.0,0.0,2.0,-0.0032263957549231925,-0.0038263957549231923,-0.0042263957549231925,-0.0052263957549231925,inventory_surprise__missing,fold_2025,2025
2025-05-08,30,6,6,0.019815468992626633,0.0028483170635519007,0.008483575964537367,1.0,0.0,2.0,0.008483575964537367,0.007883575964537367,0.007483575964537367,0.006483575964537367,inventory_surprise__missing,fold_2025,2025
2025-05-15,30,6,6,-0.008674213807957432,0.010849661334130331,-0.00976193757104388,1.0,0.0,2.0,-0.00976193757104388,-0.01036193757104388,-0.010761937571043882,-0.01176193757104388,inventory_surprise__missing,fold_2025,2025
2025-05-22,30,6,6,-0.00954213346398895,-0.0035272785088116504,-0.003007427477588649,1.0,0.0,2.0,-0.003007427477588649,-0.003607427477588649,-0.004007427477588649,-0.005007427477588649,inventory_surprise__missing,fold_2025,2025
2025-05-29,30,6,6,-0.0005790636159993161,0.014508581917736768,-0.007543822766868042,1.0,0.0,2.0,-0.007543822766868042,-0.008143822766868042,-0.00854382276686804,-0.009543822766868042,inventory_surprise__missing,fold_2025,2025
2025-06-06,30,6,6,0.0033019887739572508,0.019711426020677814,-0.008204718623360282,1.0,0.0,2.0,-0.008204718623360282,-0.008804718623360281,-0.00920471862336028,-0.010204718623360282,inventory_surprise__missing,fold_2025,2025
2025-06-13,30,6,6,0.0173628603516897,-0.0011935753651476004,0.00927821785841865,1.0,0.0,2.0,0.00927821785841865,0.00867821785841865,0.00827821785841865,0.00727821785841865,inventory_surprise__missing,fold_2025,2025
2025-06-20,30,6,6,0.0023028730457931674,-0.008058875973531167,0.005180874509662167,1.0,0.0,2.0,0.005180874509662167,0.004580874509662167,0.004180874509662167,0.003180874509662167,inventory_surprise__missing,fold_2025,2025
2025-06-27,30,6,6,-0.00785162858114365,0.005339474566943615,-0.006595551574043632,1.0,0.0,2.0,-0.006595551574043632,-0.007195551574043632,-0.007595551574043632,-0.008595551574043632,inventory_surprise__missing,fold_2025,2025
2025-07-04,30,6,6,0.0020300883267077665,0.0042093070008472665,-0.00108960933706975,1.0,0.0,2.0,-0.00108960933706975,-0.00168960933706975,-0.00208960933706975,-0.00308960933706975,inventory_surprise__missing,fold_2025,2025
2025-07-11,30,6,6,0.007227328275879533,0.011489358573184434,-0.0021310151486524506,1.0,0.0,2.0,-0.0021310151486524506,-0.0027310151486524504,-0.0031310151486524506,-0.004131015148652451,inventory_surprise__missing,fold_2025,2025
2025-07-18,30,6,6,0.029617424693904177,-0.0029559740183212665,0.01628669935611272,1.0,0.0,2.0,0.01628669935611272,0.01568669935611272,0.01528669935611272,0.01428669935611272,inventory_surprise__missing,fold_2025,2025
2025-07-25,30,6,6,-0.027846398976976383,-0.013499312316345819,-0.007173543330315282,1.0,0.0,2.0,-0.007173543330315282,-0.007773543330315282,-0.008173543330315282,-0.009173543330315281,inventory_surprise__missing,fold_2025,2025
2025-08-01,30,6,6,0.0014243173537378667,0.0005787767275901495,0.0004227703130738586,1.0,0.0,2.0,0.0004227703130738586,-0.00017722968692614134,-0.0005772296869261415,-0.0015772296869261415,inventory_surprise__missing,fold_2025,2025
2025-08-08,30,6,6,0.0025939619157738327,-0.0022418809471628676,0.00241792143146835,1.0,0.0,2.0,0.00241792143146835,0.0018179214314683503,0.0014179214314683501,0.0004179214314683501,inventory_surprise__missing,fold_2025,2025
2025-08-15,30,6,6,0.0012950442177015996,-0.002338449687004533,0.0018167469523530664,1.0,0.0,2.0,0.0018167469523530664,0.0012167469523530665,0.0008167469523530663,-0.00018325304764693368,inventory_surprise__missing,fold_2025,2025
2025-08-22,30,6,6,-0.0019313791185518994,0.012935063055888084,-0.007433221087219992,1.0,0.0,2.0,-0.007433221087219992,-0.008033221087219992,-0.008433221087219993,-0.009433221087219992,inventory_surprise__missing,fold_2025,2025
2025-08-29,30,6,6,-0.0084443572778612,0.013571207026897333,-0.011007782152379266,1.0,0.0,2.0,-0.011007782152379266,-0.011607782152379266,-0.012007782152379267,-0.013007782152379266,inventory_surprise__missing,fold_2025,2025
2025-09-05,30,6,6,-0.0005762771760395334,0.0031450674959040497,-0.0018606723359717915,1.0,0.0,2.0,-0.0018606723359717915,-0.0024606723359717913,-0.0028606723359717915,-0.0038606723359717915,inventory_surprise__missing,fold_2025,2025
2025-09-12,30,6,6,-0.008725268600990018,-0.009176544147441233,0.00022563777322560756,1.0,0.0,2.0,0.00022563777322560756,-0.0003743622267743924,-0.0007743622267743925,-0.0017743622267743925,inventory_surprise__missing,fold_2025,2025
2025-09-19,30,6,6,-0.0011214552514313668,0.014820120683934632,-0.007970787967683,1.0,0.0,2.0,-0.007970787967683,-0.008570787967683,-0.008970787967683,-0.009970787967683,inventory_surprise__missing,fold_2025,2025
2025-09-26,30,6,6,-0.0019246635046771664,0.013588858392057748,-0.007756760948367457,1.0,0.0,2.0,-0.007756760948367457,-0.008356760948367457,-0.008756760948367456,-0.009756760948367457,inventory_surprise__missing,fold_2025,2025
2025-10-13,30,6,6,-0.009049821554156418,8.170467226943356e-05,-0.004565763113212926,1.0,0.0,2.0,-0.004565763113212926,-0.0051657631132129254,-0.005565763113212926,-0.006565763113212926,inventory_surprise__missing,fold_2025,2025
2025-10-20,30,6,6,0.024602290595632983,0.021680971912858085,0.0014606593413874491,1.0,0.0,2.0,0.0014606593413874491,0.0008606593413874492,0.0004606593413874491,-0.0005393406586125509,inventory_surprise__missing,fold_2025,2025
2025-10-27,30,6,6,-0.006596913571904333,-0.006053839557815068,-0.00027153700704463275,1.0,0.0,2.0,-0.00027153700704463275,-0.0008715370070446327,-0.0012715370070446328,-0.002271537007044633,inventory_surprise__missing,fold_2025,2025
2025-11-03,30,6,6,0.00473875396290235,-0.011038230157904783,0.007888492060403566,1.0,0.0,2.0,0.007888492060403566,0.007288492060403566,0.006888492060403566,0.005888492060403566,inventory_surprise__missing,fold_2025,2025
2025-11-10,30,6,6,0.00021755003889659986,-0.0077912578826726175,0.004004403960784608,1.0,0.0,2.0,0.004004403960784608,0.0034044039607846084,0.0030044039607846082,0.002004403960784608,inventory_surprise__missing,fold_2025,2025
2025-11-17,30,6,6,-0.01904734855250675,-0.009457336332612634,-0.0047950061099470585,1.0,0.0,2.0,-0.0047950061099470585,-0.005395006109947058,-0.0057950061099470585,-0.0067950061099470585,inventory_surprise__missing,fold_2025,2025
2025-11-24,30,6,6,0.008908036345945352,0.010105905923118148,-0.0005989347885863982,1.0,0.0,2.0,-0.0005989347885863982,-0.001198934788586398,-0.0015989347885863982,-0.0025989347885863982,inventory_surprise__missing,fold_2025,2025
2025-12-01,30,6,6,-0.011694554546885763,0.008974093918923917,-0.01033432423290484,1.0,0.0,2.0,-0.01033432423290484,-0.01093432423290484,-0.011334324232904841,-0.01233432423290484,inventory_surprise__missing,fold_2025,2025
2025-12-08,30,6,6,-0.011080364565625231,-0.001196908374585317,-0.004941728095519957,1.0,0.0,2.0,-0.004941728095519957,-0.005541728095519957,-0.005941728095519957,-0.006941728095519957,inventory_surprise__missing,fold_2025,2025
2025-12-15,30,6,6,0.013895134393222533,0.010406358366885882,0.0017443880131683253,1.0,0.0,2.0,0.0017443880131683253,0.0011443880131683255,0.0007443880131683253,-0.00025561198683167474,inventory_surprise__missing,fold_2025,2025
2025-12-22,30,6,6,0.013694749920318,0.0106092679281748,0.0015427409960716001,1.0,0.0,2.0,0.0015427409960716001,0.0009427409960716002,0.0005427409960716001,-0.00045725900392839993,inventory_surprise__missing,fold_2025,2025
2025-01-02,30,6,6,-0.014598387770544568,-0.014086065206200536,-0.0002561612821720162,1.0,0.0,2.0,-0.0002561612821720162,-0.0008561612821720161,-0.0012561612821720162,-0.0022561612821720162,warehouse_tightness__csz,fold_2025,2025
2025-01-09,30,6,6,0.003471631203077301,0.02224192952481938,-0.00938514916087104,1.0,0.0,2.0,-0.00938514916087104,-0.00998514916087104,-0.010385149160871038,-0.01138514916087104,warehouse_tightness__csz,fold_2025,2025
2025-01-16,30,6,6,-0.0032932455592647007,-0.009785780177396114,0.003246267309065707,1.0,0.0,2.0,0.003246267309065707,0.002646267309065707,0.0022462673090657068,0.0012462673090657067,warehouse_tightness__csz,fold_2025,2025
2025-01-23,30,6,6,0.009763088005915833,0.013662214671249416,-0.0019495633326667913,1.0,0.0,2.0,-0.0019495633326667913,-0.002549563332666791,-0.0029495633326667913,-0.003949563332666791,warehouse_tightness__csz,fold_2025,2025
2025-02-07,30,6,6,0.015799710453946018,-0.0012463964875324338,0.008523053470739226,1.0,0.0,2.0,0.008523053470739226,0.007923053470739226,0.007523053470739226,0.006523053470739226,warehouse_tightness__csz,fold_2025,2025
2025-02-14,30,6,6,0.010712656046678868,0.011733166441725583,-0.0005102551975233573,1.0,0.0,2.0,-0.0005102551975233573,-0.0011102551975233571,-0.0015102551975233573,-0.0025102551975233573,warehouse_tightness__csz,fold_2025,2025
2025-02-21,30,6,6,-0.02654603386783543,-0.009794345389558298,-0.008375844239138565,1.0,0.0,2.0,-0.008375844239138565,-0.008975844239138565,-0.009375844239138564,-0.010375844239138565,warehouse_tightness__csz,fold_2025,2025
2025-02-28,30,6,6,0.008470133820302116,-0.008086435802507983,0.00827828481140505,1.0,0.0,2.0,0.00827828481140505,0.0076782848114050496,0.007278284811405049,0.006278284811405049,warehouse_tightness__csz,fold_2025,2025
2025-03-07,30,6,6,0.01009112205080275,0.024650691302506997,-0.007279784625852124,1.0,0.0,2.0,-0.007279784625852124,-0.007879784625852124,-0.008279784625852124,-0.009279784625852123,warehouse_tightness__csz,fold_2025,2025
2025-03-14,30,6,6,-0.007278435413396266,-0.0124966992438618,0.0026091319152327674,1.0,0.0,2.0,0.0026091319152327674,0.0020091319152327675,0.0016091319152327674,0.0006091319152327673,warehouse_tightness__csz,fold_2025,2025
2025-03-21,30,6,6,0.005989738764108435,0.014136046976176967,-0.004073154106034265,1.0,0.0,2.0,-0.004073154106034265,-0.004673154106034265,-0.005073154106034265,-0.0060731541060342654,warehouse_tightness__csz,fold_2025,2025
2025-03-28,30,6,6,-0.040497269694327,-0.020851677502836934,-0.009822796095745033,1.0,0.0,2.0,-0.009822796095745033,-0.010422796095745033,-0.010822796095745033,-0.011822796095745033,warehouse_tightness__csz,fold_2025,2025
2025-04-07,30,6,6,0.018302961740301896,-0.009325946438651084,0.013814454089476489,1.0,0.0,2.0,0.013814454089476489,0.01321445408947649,0.012814454089476488,0.011814454089476489,warehouse_tightness__csz,fold_2025,2025
2025-04-14,30,6,6,0.002211135500441433,-0.0001899787907658166,0.0012005571456036247,1.0,0.0,2.0,0.0012005571456036247,0.0006005571456036248,0.00020055714560362472,-0.0007994428543963753,warehouse_tightness__csz,fold_2025,2025
2025-04-21,30,6,6,-1.7743003429050486e-05,0.0026028652698614333,-0.001310304136645242,1.0,0.0,2.0,-0.001310304136645242,-0.0019103041366452418,-0.002310304136645242,-0.003310304136645242,warehouse_tightness__csz,fold_2025,2025
2025-04-28,30,6,6,-0.013819368704027902,-0.023648122399521285,0.004914376847746691,1.0,0.0,2.0,0.004914376847746691,0.004314376847746691,0.003914376847746691,0.002914376847746691,warehouse_tightness__csz,fold_2025,2025
2025-05-08,30,6,6,0.009940037558582616,-0.002762412148824616,0.006351224853703616,1.0,0.0,2.0,0.006351224853703616,0.005751224853703617,0.005351224853703616,0.004351224853703616,warehouse_tightness__csz,fold_2025,2025
2025-05-15,30,6,6,0.005192176864189051,-0.00415099289311555,0.0046715848786523006,1.0,0.0,2.0,0.0046715848786523006,0.004071584878652301,0.0036715848786523005,0.0026715848786523005,warehouse_tightness__csz,fold_2025,2025
2025-05-22,30,6,6,0.00457241966733945,-0.0093577250415571,0.0069650723544482755,1.0,0.0,2.0,0.0069650723544482755,0.006365072354448276,0.0059650723544482755,0.0049650723544482755,warehouse_tightness__csz,fold_2025,2025
2025-05-29,30,6,6,-0.001227299402105383,0.0014086945668462501,-0.0013179969844758165,1.0,0.0,2.0,-0.0013179969844758165,-0.0019179969844758163,-0.0023179969844758165,-0.0033179969844758165,warehouse_tightness__csz,fold_2025,2025
2025-06-06,30,6,6,0.03341639245075982,0.023460002674604467,0.004978194888077677,1.0,0.0,2.0,0.004978194888077677,0.0043781948880776776,0.003978194888077677,0.0029781948880776773,warehouse_tightness__csz,fold_2025,2025
2025-06-13,30,6,6,0.018693218929136834,0.0021841331270201826,0.008254542901058325,1.0,0.0,2.0,0.008254542901058325,0.0076545429010583255,0.007254542901058325,0.006254542901058325,warehouse_tightness__csz,fold_2025,2025
2025-06-20,30,6,6,-0.02400698652305758,-0.016684614067780015,-0.003661186227638783,1.0,0.0,2.0,-0.003661186227638783,-0.004261186227638783,-0.004661186227638783,-0.005661186227638783,warehouse_tightness__csz,fold_2025,2025
2025-06-27,30,6,6,-0.0033784472961566167,0.004309132784484317,-0.003843790040320467,1.0,0.0,2.0,-0.003843790040320467,-0.004443790040320467,-0.004843790040320467,-0.005843790040320467,warehouse_tightness__csz,fold_2025,2025
2025-07-04,30,6,6,-0.0005966353149101997,0.004139703620908133,-0.002368169467909166,1.0,0.0,2.0,-0.002368169467909166,-0.002968169467909166,-0.003368169467909166,-0.004368169467909166,warehouse_tightness__csz,fold_2025,2025
2025-07-11,30,6,6,0.007371715260784066,0.011635097640546736,-0.002131691189881335,1.0,0.0,2.0,-0.002131691189881335,-0.0027316911898813347,-0.003131691189881335,-0.0041316911898813345,warehouse_tightness__csz,fold_2025,2025
2025-07-18,30,6,6,0.0372483965766562,0.06966714885533497,-0.016209376139339385,1.0,0.0,2.0,-0.016209376139339385,-0.016809376139339385,-0.017209376139339386,-0.018209376139339387,warehouse_tightness__csz,fold_2025,2025
2025-07-25,30,6,6,-0.0155190776072879,-0.013192586924856115,-0.0011632453412158926,1.0,0.0,2.0,-0.0011632453412158926,-0.0017632453412158924,-0.0021632453412158926,-0.0031632453412158926,warehouse_tightness__csz,fold_2025,2025
2025-08-01,30,6,6,-0.0029892030313462665,0.005356516557801033,-0.00417285979457365,1.0,0.0,2.0,-0.00417285979457365,-0.00477285979457365,-0.00517285979457365,-0.00617285979457365,warehouse_tightness__csz,fold_2025,2025
2025-08-08,30,6,6,0.0004196065768853497,-0.010589480737391998,0.005504543657138674,1.0,0.0,2.0,0.005504543657138674,0.004904543657138674,0.004504543657138674,0.003504543657138674,warehouse_tightness__csz,fold_2025,2025
2025-08-15,30,6,6,0.005062957128897751,-0.01327692068939905,0.0091699389091484,1.0,0.0,2.0,0.0091699389091484,0.0085699389091484,0.0081699389091484,0.0071699389091484,warehouse_tightness__csz,fold_2025,2025
2025-08-22,30,6,6,0.003440231712179817,-0.004068851906727517,0.003754541809453667,1.0,0.0,2.0,0.003754541809453667,0.003154541809453667,0.002754541809453667,0.001754541809453667,warehouse_tightness__csz,fold_2025,2025
2025-08-29,30,6,6,-0.0049675901257090005,0.007684674359540834,-0.006326132242624917,1.0,0.0,2.0,-0.006326132242624917,-0.0069261322426249165,-0.007326132242624917,-0.008326132242624917,warehouse_tightness__csz,fold_2025,2025
2025-09-05,30,6,6,0.001729462991438166,-0.0030630437569847666,0.002396253374211466,1.0,0.0,2.0,0.002396253374211466,0.0017962533742114663,0.0013962533742114661,0.0003962533742114661,warehouse_tightness__csz,fold_2025,2025
2025-09-12,30,6,6,-0.009007486391319432,0.013436284806497318,-0.011221885598908375,1.0,0.0,2.0,-0.011221885598908375,-0.011821885598908375,-0.012221885598908376,-0.013221885598908375,warehouse_tightness__csz,fold_2025,2025
2025-09-19,30,6,6,-0.0016577499160304997,-0.007182315216341016,0.002762282650155258,1.0,0.0,2.0,0.002762282650155258,0.0021622826501552584,0.0017622826501552582,0.0007622826501552582,warehouse_tightness__csz,fold_2025,2025
2025-09-26,30,6,6,-0.002034408443376951,-0.005399760425015284,0.0016826759908191665,1.0,0.0,2.0,0.0016826759908191665,0.0010826759908191667,0.0006826759908191665,-0.0003173240091808335,warehouse_tightness__csz,fold_2025,2025
2025-10-13,30,6,6,-0.0031837398811871,-0.005473019419643967,0.0011446397692284336,1.0,0.0,2.0,0.0011446397692284336,0.0005446397692284336,0.00014463976922843356,-0.0008553602307715665,warehouse_tightness__csz,fold_2025,2025
2025-10-20,30,6,6,-0.0020301292473438337,0.016733160051243614,-0.009381644649293724,1.0,0.0,2.0,-0.009381644649293724,-0.009981644649293724,-0.010381644649293725,-0.011381644649293724,warehouse_tightness__csz,fold_2025,2025
2025-10-27,30,6,6,0.0025201515938429336,-0.014533352858652716,0.008526752226247825,1.0,0.0,2.0,0.008526752226247825,0.007926752226247825,0.0075267522262478246,0.0065267522262478245,warehouse_tightness__csz,fold_2025,2025
2025-11-03,30,6,6,-0.003045550388336083,-0.008498869748953267,0.0027266596803085918,1.0,0.0,2.0,0.0027266596803085918,0.002126659680308592,0.0017266596803085918,0.0007266596803085917,warehouse_tightness__csz,fold_2025,2025
2025-11-10,30,6,6,0.002715969012498867,0.0023848458925573,0.00016556155997078355,1.0,0.0,2.0,0.00016556155997078355,-0.0004344384400292164,-0.0008344384400292165,-0.0018344384400292165,warehouse_tightness__csz,fold_2025,2025
2025-11-17,30,6,6,-0.01654233224088988,-0.021688920428196968,0.0025732940936535435,1.0,0.0,2.0,0.0025732940936535435,0.0019732940936535437,0.0015732940936535435,0.0005732940936535435,warehouse_tightness__csz,fold_2025,2025
2025-11-24,30,6,6,0.02440771439643252,0.004871625353140467,0.009768044521646027,1.0,0.0,2.0,0.009768044521646027,0.009168044521646027,0.008768044521646028,0.007768044521646027,warehouse_tightness__csz,fold_2025,2025
2025-12-01,30,6,6,0.0001321913874763337,-0.027627445760310815,0.013879818573893574,1.0,0.0,2.0,0.013879818573893574,0.013279818573893574,0.012879818573893573,0.011879818573893574,warehouse_tightness__csz,fold_2025,2025
2025-12-08,30,6,6,0.004330956212176433,-0.017292721194257597,0.010811838703217015,1.0,0.0,2.0,0.010811838703217015,0.010211838703217015,0.009811838703217016,0.008811838703217015,warehouse_tightness__csz,fold_2025,2025
2025-12-15,30,6,6,0.01862297955014635,0.013705732113570951,0.0024586237182876993,1.0,0.0,2.0,0.0024586237182876993,0.0018586237182876995,0.0014586237182876993,0.0004586237182876993,warehouse_tightness__csz,fold_2025,2025
2025-12-22,30,6,6,0.029465449109290633,0.012122144131464634,0.008671652488912999,1.0,0.0,2.0,0.008671652488912999,0.008071652488912999,0.007671652488912999,0.006671652488912999,warehouse_tightness__csz,fold_2025,2025
2025-01-02,30,6,6,-0.008643717017779867,0.002678744855383467,-0.005661230936581667,1.0,0.0,2.0,-0.005661230936581667,-0.006261230936581667,-0.006661230936581667,-0.007661230936581667,warehouse_tightness__missing,fold_2025,2025
2025-01-09,30,6,6,0.0075445210942481486,0.018594971169530666,-0.005525225037641258,1.0,0.0,2.0,-0.005525225037641258,-0.006125225037641258,-0.006525225037641258,-0.007525225037641258,warehouse_tightness__missing,fold_2025,2025
2025-01-16,30,6,6,-0.010761841957401931,-0.010041264596301166,-0.0003602886805503828,1.0,0.0,2.0,-0.0003602886805503828,-0.0009602886805503828,-0.0013602886805503828,-0.002360288680550383,warehouse_tightness__missing,fold_2025,2025
2025-01-23,30,6,6,0.026902164920274117,0.022760400240047135,0.0020708823401134908,1.0,0.0,2.0,0.0020708823401134908,0.001470882340113491,0.0010708823401134908,7.088234011349073e-05,warehouse_tightness__missing,fold_2025,2025
2025-02-07,30,6,6,0.0034579360473451504,0.014863603764137085,-0.005702833858395967,1.0,0.0,2.0,-0.005702833858395967,-0.006302833858395967,-0.006702833858395967,-0.007702833858395967,warehouse_tightness__missing,fold_2025,2025
2025-02-14,30,6,6,-0.0019584202884222503,-0.005546947229154684,0.0017942634703662168,1.0,0.0,2.0,0.0017942634703662168,0.001194263470366217,0.0007942634703662168,-0.0002057365296337832,warehouse_tightness__missing,fold_2025,2025
2025-02-21,30,6,6,-0.01620415741924312,-0.01981034273051052,0.0018030926556336993,1.0,0.0,2.0,0.0018030926556336993,0.0012030926556336995,0.0008030926556336993,-0.00019690734436630074,warehouse_tightness__missing,fold_2025,2025
2025-02-28,30,6,6,0.0017574808783526665,0.005772026116737082,-0.002007272619192208,1.0,0.0,2.0,-0.002007272619192208,-0.002607272619192208,-0.003007272619192208,-0.004007272619192208,warehouse_tightness__missing,fold_2025,2025
2025-03-07,30,6,6,0.01790988762657575,0.01117074853885155,0.0033695695438620997,1.0,0.0,2.0,0.0033695695438620997,0.0027695695438621,0.0023695695438620996,0.0013695695438620996,warehouse_tightness__missing,fold_2025,2025
2025-03-14,30,6,6,-0.00670018249429645,-0.005378130145819351,-0.0006610261742385497,1.0,0.0,2.0,-0.0006610261742385497,-0.0012610261742385495,-0.0016610261742385497,-0.0026610261742385497,warehouse_tightness__missing,fold_2025,2025
2025-03-21,30,6,6,0.008953652940416067,0.010443650073667751,-0.0007449985666258419,1.0,0.0,2.0,-0.0007449985666258419,-0.0013449985666258418,-0.001744998566625842,-0.002744998566625842,warehouse_tightness__missing,fold_2025,2025
2025-03-28,30,6,6,-0.05285900986506967,-0.042894403238588376,-0.004982303313240646,1.0,0.0,2.0,-0.004982303313240646,-0.0055823033132406455,-0.005982303313240646,-0.006982303313240646,warehouse_tightness__missing,fold_2025,2025
2025-04-07,30,6,6,0.013508057239261817,0.006550872960652499,0.0034785921393046594,1.0,0.0,2.0,0.0034785921393046594,0.0028785921393046595,0.0024785921393046593,0.0014785921393046593,warehouse_tightness__missing,fold_2025,2025
2025-04-14,30,6,6,0.01103190863572085,0.0013010385509862837,0.004865435042367283,1.0,0.0,2.0,0.004865435042367283,0.004265435042367283,0.003865435042367283,0.002865435042367283,warehouse_tightness__missing,fold_2025,2025
2025-04-21,30,6,6,-0.0014558917135947171,0.012335697770267384,-0.006895794741931051,1.0,0.0,2.0,-0.006895794741931051,-0.0074957947419310505,-0.00789579474193105,-0.00889579474193105,warehouse_tightness__missing,fold_2025,2025
2025-04-28,30,6,6,-0.004826502615246084,-0.005379500971018716,0.00027649917788631585,1.0,0.0,2.0,0.00027649917788631585,-0.0003235008221136841,-0.0007235008221136842,-0.0017235008221136842,warehouse_tightness__missing,fold_2025,2025
2025-05-08,30,6,6,0.019815468992626633,0.0028483170635519007,0.008483575964537367,1.0,0.0,2.0,0.008483575964537367,0.007883575964537367,0.007483575964537367,0.006483575964537367,warehouse_tightness__missing,fold_2025,2025
2025-05-15,30,6,6,-0.008674213807957432,0.010849661334130331,-0.00976193757104388,1.0,0.0,2.0,-0.00976193757104388,-0.01036193757104388,-0.010761937571043882,-0.01176193757104388,warehouse_tightness__missing,fold_2025,2025
2025-05-22,30,6,6,-0.00954213346398895,-0.0035272785088116504,-0.003007427477588649,1.0,0.0,2.0,-0.003007427477588649,-0.003607427477588649,-0.004007427477588649,-0.005007427477588649,warehouse_tightness__missing,fold_2025,2025
2025-05-29,30,6,6,-0.0005790636159993161,0.014508581917736768,-0.007543822766868042,1.0,0.0,2.0,-0.007543822766868042,-0.008143822766868042,-0.00854382276686804,-0.009543822766868042,warehouse_tightness__missing,fold_2025,2025
2025-06-06,30,6,6,0.0033019887739572508,0.019711426020677814,-0.008204718623360282,1.0,0.0,2.0,-0.008204718623360282,-0.008804718623360281,-0.00920471862336028,-0.010204718623360282,warehouse_tightness__missing,fold_2025,2025
2025-06-13,30,6,6,0.0173628603516897,-0.0011935753651476004,0.00927821785841865,1.0,0.0,2.0,0.00927821785841865,0.00867821785841865,0.00827821785841865,0.00727821785841865,warehouse_tightness__missing,fold_2025,2025
2025-06-20,30,6,6,0.0023028730457931674,-0.008058875973531167,0.005180874509662167,1.0,0.0,2.0,0.005180874509662167,0.004580874509662167,0.004180874509662167,0.003180874509662167,warehouse_tightness__missing,fold_2025,2025
2025-06-27,30,6,6,-0.008544978920304916,0.005339474566943615,-0.006942226743624266,1.0,0.0,2.0,-0.006942226743624266,-0.007542226743624265,-0.007942226743624266,-0.008942226743624266,warehouse_tightness__missing,fold_2025,2025
2025-07-04,30,6,6,0.0020300883267077665,0.0042093070008472665,-0.00108960933706975,1.0,0.0,2.0,-0.00108960933706975,-0.00168960933706975,-0.00208960933706975,-0.00308960933706975,warehouse_tightness__missing,fold_2025,2025
2025-07-11,30,6,6,0.007227328275879533,0.011489358573184434,-0.0021310151486524506,1.0,0.0,2.0,-0.0021310151486524506,-0.0027310151486524504,-0.0031310151486524506,-0.004131015148652451,warehouse_tightness__missing,fold_2025,2025
2025-07-18,30,6,6,0.029617424693904177,-0.0029559740183212665,0.01628669935611272,1.0,0.0,2.0,0.01628669935611272,0.01568669935611272,0.01528669935611272,0.01428669935611272,warehouse_tightness__missing,fold_2025,2025
2025-07-25,30,6,6,-0.027846398976976383,-0.013499312316345819,-0.007173543330315282,1.0,0.0,2.0,-0.007173543330315282,-0.007773543330315282,-0.008173543330315282,-0.009173543330315281,warehouse_tightness__missing,fold_2025,2025
2025-08-01,30,6,6,0.017629996528309735,0.0005787767275901495,0.008525609900359792,1.0,0.0,2.0,0.008525609900359792,0.007925609900359792,0.007525609900359792,0.006525609900359792,warehouse_tightness__missing,fold_2025,2025
2025-08-08,30,6,6,0.0025939619157738327,-0.0022418809471628676,0.00241792143146835,1.0,0.0,2.0,0.00241792143146835,0.0018179214314683503,0.0014179214314683501,0.0004179214314683501,warehouse_tightness__missing,fold_2025,2025
2025-08-15,30,6,6,0.0012950442177015996,-0.002338449687004533,0.0018167469523530664,1.0,0.0,2.0,0.0018167469523530664,0.0012167469523530665,0.0008167469523530663,-0.00018325304764693368,warehouse_tightness__missing,fold_2025,2025
2025-08-22,30,6,6,-0.0121376176063376,0.012935063055888084,-0.012536340331112842,1.0,0.0,2.0,-0.012536340331112842,-0.013136340331112842,-0.013536340331112843,-0.014536340331112842,warehouse_tightness__missing,fold_2025,2025
2025-08-29,30,6,6,-0.0084443572778612,0.013571207026897333,-0.011007782152379266,1.0,0.0,2.0,-0.011007782152379266,-0.011607782152379266,-0.012007782152379267,-0.013007782152379266,warehouse_tightness__missing,fold_2025,2025
2025-09-05,30,6,6,-0.0005762771760395334,0.0031450674959040497,-0.0018606723359717915,1.0,0.0,2.0,-0.0018606723359717915,-0.0024606723359717913,-0.0028606723359717915,-0.0038606723359717915,warehouse_tightness__missing,fold_2025,2025
2025-09-12,30,6,6,-0.008725268600990018,-0.009176544147441233,0.00022563777322560756,1.0,0.0,2.0,0.00022563777322560756,-0.0003743622267743924,-0.0007743622267743925,-0.0017743622267743925,warehouse_tightness__missing,fold_2025,2025
2025-09-19,30,6,6,-0.0011214552514313668,0.014820120683934632,-0.007970787967683,1.0,0.0,2.0,-0.007970787967683,-0.008570787967683,-0.008970787967683,-0.009970787967683,warehouse_tightness__missing,fold_2025,2025
2025-09-26,30,6,6,-0.0019246635046771664,0.013588858392057748,-0.007756760948367457,1.0,0.0,2.0,-0.007756760948367457,-0.008356760948367457,-0.008756760948367456,-0.009756760948367457,warehouse_tightness__missing,fold_2025,2025
2025-10-13,30,6,6,0.00344944756971075,0.006365423838230983,-0.0014579881342601166,1.0,0.0,2.0,-0.0014579881342601166,-0.0020579881342601167,-0.0024579881342601164,-0.0034579881342601164,warehouse_tightness__missing,fold_2025,2025
2025-10-20,30,6,6,0.0007913318643210492,0.004501938104818215,-0.001855303120248583,1.0,0.0,2.0,-0.001855303120248583,-0.002455303120248583,-0.002855303120248583,-0.003855303120248583,warehouse_tightness__missing,fold_2025,2025
2025-10-27,30,6,6,-0.0027908320963709494,0.0057398906931599505,-0.00426536139476545,1.0,0.0,2.0,-0.00426536139476545,-0.00486536139476545,-0.00526536139476545,-0.00626536139476545,warehouse_tightness__missing,fold_2025,2025
2025-11-03,30,6,6,0.009160378999956866,-0.00031876441359658246,0.0047395717067767245,1.0,0.0,2.0,0.0047395717067767245,0.004139571706776725,0.0037395717067767245,0.0027395717067767245,warehouse_tightness__missing,fold_2025,2025
2025-11-10,30,6,6,-0.0031488668702618666,0.0030573759657922333,-0.00310312141802705,1.0,0.0,2.0,-0.00310312141802705,-0.00370312141802705,-0.00410312141802705,-0.00510312141802705,warehouse_tightness__missing,fold_2025,2025
2025-11-17,30,6,6,-0.021792568491694465,0.00542861023482515,-0.013610589363259807,1.0,0.0,2.0,-0.013610589363259807,-0.014210589363259807,-0.014610589363259808,-0.015610589363259807,warehouse_tightness__missing,fold_2025,2025
2025-11-24,30,6,6,0.012651490650194636,0.022809391815475154,-0.0050789505826402594,1.0,0.0,2.0,-0.0050789505826402594,-0.005678950582640259,-0.0060789505826402595,-0.0070789505826402595,warehouse_tightness__missing,fold_2025,2025
2025-12-01,30,6,6,-0.018736402941980233,0.005875640602512017,-0.012306021772246125,1.0,0.0,2.0,-0.012306021772246125,-0.012906021772246125,-0.013306021772246126,-0.014306021772246125,warehouse_tightness__missing,fold_2025,2025
2025-12-08,30,6,6,-0.002223726359814667,0.01132660200558145,-0.006775164182698058,1.0,0.0,2.0,-0.006775164182698058,-0.007375164182698058,-0.007775164182698058,-0.008775164182698058,warehouse_tightness__missing,fold_2025,2025
2025-12-15,30,6,6,0.008378743805693917,0.018726428041173967,-0.005173842117740025,1.0,0.0,2.0,-0.005173842117740025,-0.005773842117740025,-0.006173842117740025,-0.007173842117740025,warehouse_tightness__missing,fold_2025,2025
2025-12-22,30,6,6,0.007416862973485566,0.03249591140790912,-0.012539524217211776,1.0,0.0,2.0,-0.012539524217211776,-0.013139524217211776,-0.013539524217211777,-0.014539524217211776,warehouse_tightness__missing,fold_2025,2025
2025-01-02,30,6,6,-0.009080840968013468,0.011128723302652715,-0.010104782135333092,1.0,0.0,2.0,-0.010104782135333092,-0.010704782135333091,-0.011104782135333092,-0.012104782135333092,tightness_composite__csz,fold_2025,2025
2025-01-09,30,6,6,0.022622612413435838,0.015019195752809583,0.0038017083303131275,1.0,0.0,2.0,0.0038017083303131275,0.0032017083303131277,0.0028017083303131275,0.0018017083303131275,tightness_composite__csz,fold_2025,2025
2025-01-16,30,6,6,-0.008334928172801234,-0.007693346927596468,-0.0003207906226023829,1.0,0.0,2.0,-0.0003207906226023829,-0.0009207906226023828,-0.001320790622602383,-0.002320790622602383,tightness_composite__csz,fold_2025,2025
2025-01-23,30,6,6,0.02623928650699442,0.022126281995412934,0.0020565022557907427,1.0,0.0,2.0,0.0020565022557907427,0.001456502255790743,0.0010565022557907427,5.6502255790742695e-05,tightness_composite__csz,fold_2025,2025
2025-02-07,30,6,6,0.0036063697497736662,0.010277688519219683,-0.003335659384723008,1.0,0.0,2.0,-0.003335659384723008,-0.003935659384723008,-0.004335659384723008,-0.005335659384723008,tightness_composite__csz,fold_2025,2025
2025-02-14,30,6,6,-0.0032473560398288167,-0.004559366600314267,0.0006560052802427249,1.0,0.0,2.0,0.0006560052802427249,5.6005280242725e-05,-0.0003439947197572751,-0.001343994719757275,tightness_composite__csz,fold_2025,2025
2025-02-21,30,6,6,-0.015352398555938084,-0.020267954765358198,0.0024577781047100573,1.0,0.0,2.0,0.0024577781047100573,0.0018577781047100575,0.0014577781047100573,0.0004577781047100573,tightness_composite__csz,fold_2025,2025
2025-02-28,30,6,6,-0.006918112068998651,0.016508453420282485,-0.011713282744640568,1.0,0.0,2.0,-0.011713282744640568,-0.012313282744640568,-0.012713282744640567,-0.013713282744640568,tightness_composite__csz,fold_2025,2025
2025-03-07,30,6,6,-0.0012008178012260502,0.028331068578093907,-0.014765943189659979,1.0,0.0,2.0,-0.014765943189659979,-0.015365943189659979,-0.01576594318965998,-0.01676594318965998,tightness_composite__csz,fold_2025,2025
2025-03-14,30,6,6,-0.005920750399202884,-0.007280720290234116,0.0006799849455156161,1.0,0.0,2.0,0.0006799849455156161,7.998494551561617e-05,-0.0003200150544843839,-0.001320015054484384,tightness_composite__csz,fold_2025,2025
2025-03-21,30,6,6,0.0112132667537611,0.00895465226567465,0.0011293072440432253,1.0,0.0,2.0,0.0011293072440432253,0.0005293072440432253,0.00012930724404322524,-0.0008706927559567748,tightness_composite__csz,fold_2025,2025
2025-03-28,30,6,6,-0.05632068496461607,-0.051171526522679374,-0.0025745792209683482,1.0,0.0,2.0,-0.0025745792209683482,-0.003174579220968348,-0.0035745792209683483,-0.004574579220968348,tightness_composite__csz,fold_2025,2025
2025-04-07,30,6,6,0.0075085973134401485,0.025287724455253718,-0.008889563570906785,1.0,0.0,2.0,-0.008889563570906785,-0.009489563570906785,-0.009889563570906784,-0.010889563570906785,tightness_composite__csz,fold_2025,2025
2025-04-14,30,6,6,0.00040410879988884963,0.005280402533828999,-0.0024381468669700747,1.0,0.0,2.0,-0.0024381468669700747,-0.0030381468669700745,-0.0034381468669700747,-0.004438146866970074,tightness_composite__csz,fold_2025,2025
2025-04-21,30,6,6,0.00956526464037045,0.006700045356102985,0.0014326096421337325,1.0,0.0,2.0,0.0014326096421337325,0.0008326096421337326,0.0004326096421337325,-0.0005673903578662675,tightness_composite__csz,fold_2025,2025
2025-04-28,30,6,6,-0.011609385473229783,-0.0050664030044679335,-0.003271491234380925,1.0,0.0,2.0,-0.003271491234380925,-0.0038714912343809247,-0.004271491234380925,-0.005271491234380925,tightness_composite__csz,fold_2025,2025
2025-05-08,30,6,6,0.020949327832229348,-0.0001759288785899496,0.010562628355409649,1.0,0.0,2.0,0.010562628355409649,0.009962628355409649,0.00956262835540965,0.008562628355409649,tightness_composite__csz,fold_2025,2025
2025-05-15,30,6,6,-0.0018314470580453,0.00256515320988965,-0.002198300133967475,1.0,0.0,2.0,-0.002198300133967475,-0.002798300133967475,-0.003198300133967475,-0.0041983001339674746,tightness_composite__csz,fold_2025,2025
2025-05-22,30,6,6,-0.007217244656123133,-0.008245842743501233,0.00051429904368905,1.0,0.0,2.0,0.00051429904368905,-8.570095631095e-05,-0.00048570095631095007,-0.00148570095631095,tightness_composite__csz,fold_2025,2025
2025-05-29,30,6,6,-0.0009835431634076834,0.007497909128528217,-0.004240726145967951,1.0,0.0,2.0,-0.004240726145967951,-0.0048407261459679505,-0.005240726145967951,-0.006240726145967951,tightness_composite__csz,fold_2025,2025
2025-06-06,30,6,6,0.02994860490829662,0.00408003848591235,0.012934283211192135,1.0,0.0,2.0,0.012934283211192135,0.012334283211192135,0.011934283211192134,0.010934283211192134,tightness_composite__csz,fold_2025,2025
2025-06-13,30,6,6,0.01793362610003042,-0.002820116137763466,0.010376871118896942,1.0,0.0,2.0,0.010376871118896942,0.009776871118896942,0.009376871118896943,0.008376871118896942,tightness_composite__csz,fold_2025,2025
2025-06-20,30,6,6,-0.0019983545825873997,-0.006767318732023317,0.0023844820747179587,1.0,0.0,2.0,0.0023844820747179587,0.0017844820747179588,0.0013844820747179586,0.0003844820747179586,tightness_composite__csz,fold_2025,2025
2025-06-27,30,6,6,-0.0003580732243448999,0.0020755043519899,-0.0012167887881674,1.0,0.0,2.0,-0.0012167887881674,-0.0018167887881674,-0.0022167887881674,-0.0032167887881674,tightness_composite__csz,fold_2025,2025
2025-07-04,30,6,6,0.0016480633892543336,-0.0015597413437845504,0.001603902366519442,1.0,0.0,2.0,0.001603902366519442,0.001003902366519442,0.0006039023665194419,-0.00039609763348055814,tightness_composite__csz,fold_2025,2025
2025-07-11,30,6,6,0.0070826160858314,0.004905594702588183,0.0010885106916216085,1.0,0.0,2.0,0.0010885106916216085,0.0004885106916216086,8.851069162160849e-05,-0.0009114893083783915,tightness_composite__csz,fold_2025,2025
2025-07-18,30,6,6,0.0187018632902663,0.0110931550362147,0.0038043541270258,1.0,0.0,2.0,0.0038043541270258,0.0032043541270258,0.0028043541270258,0.0018043541270257998,tightness_composite__csz,fold_2025,2025
2025-07-25,30,6,6,-0.015843101872626702,-0.011182604020553849,-0.0023302489260364264,1.0,0.0,2.0,-0.0023302489260364264,-0.0029302489260364262,-0.0033302489260364264,-0.0043302489260364264,tightness_composite__csz,fold_2025,2025
2025-08-01,30,6,6,-0.0010557498020282823,-0.0027527713722891333,0.0008485107851304255,1.0,0.0,2.0,0.0008485107851304255,0.0002485107851304256,-0.00015148921486957448,-0.0011514892148695745,tightness_composite__csz,fold_2025,2025
2025-08-08,30,6,6,0.0021999996929239663,-0.010507532942961301,0.006353766317942633,1.0,0.0,2.0,0.006353766317942633,0.005753766317942634,0.005353766317942633,0.004353766317942633,tightness_composite__csz,fold_2025,2025
2025-08-15,30,6,6,-0.005094482920677184,-0.0008971639148548337,-0.002098659502911175,1.0,0.0,2.0,-0.002098659502911175,-0.002698659502911175,-0.003098659502911175,-0.0040986595029111755,tightness_composite__csz,fold_2025,2025
2025-08-22,30,6,6,-0.0011268653671004513,0.02342953068559175,-0.012278198026346101,1.0,0.0,2.0,-0.012278198026346101,-0.012878198026346101,-0.0132781980263461,-0.014278198026346101,tightness_composite__csz,fold_2025,2025
2025-08-29,30,6,6,-0.004458955636017317,0.013971858525098484,-0.0092154070805579,1.0,0.0,2.0,-0.0092154070805579,-0.0098154070805579,-0.0102154070805579,-0.0112154070805579,tightness_composite__csz,fold_2025,2025
2025-09-05,30,6,6,0.0030971350547448167,0.003108186736660417,-5.5258409578000725e-06,1.0,0.0,2.0,-5.5258409578000725e-06,-0.0006055258409578,-0.0010055258409578,-0.0020055258409578,tightness_composite__csz,fold_2025,2025
2025-09-12,30,6,6,-0.0016983731617932329,-0.010993531298189585,0.004647579068198176,1.0,0.0,2.0,0.004647579068198176,0.004047579068198176,0.003647579068198176,0.002647579068198176,tightness_composite__csz,fold_2025,2025
2025-09-19,30,6,6,0.0031018143760795664,0.01250565819279858,-0.004701921908359507,1.0,0.0,2.0,-0.004701921908359507,-0.005301921908359507,-0.005701921908359507,-0.006701921908359507,tightness_composite__csz,fold_2025,2025
2025-09-26,30,6,6,-0.015062803840319517,0.031475607479567666,-0.02326920565994359,1.0,0.0,2.0,-0.02326920565994359,-0.02386920565994359,-0.02426920565994359,-0.02526920565994359,tightness_composite__csz,fold_2025,2025
2025-10-13,30,6,6,-0.006295003673122367,0.009210240834836167,-0.007752622253979267,1.0,0.0,2.0,-0.007752622253979267,-0.008352622253979267,-0.008752622253979266,-0.009752622253979267,tightness_composite__csz,fold_2025,2025
2025-10-20,30,6,6,0.02267484681050545,-0.0071576765876203334,0.014916261699062891,1.0,0.0,2.0,0.014916261699062891,0.014316261699062891,0.01391626169906289,0.012916261699062891,tightness_composite__csz,fold_2025,2025
2025-10-27,30,6,6,-0.008578716817741083,0.002661059324675117,-0.0056198880712081,1.0,0.0,2.0,-0.0056198880712081,-0.0062198880712081,-0.0066198880712081,-0.0076198880712081,tightness_composite__csz,fold_2025,2025
2025-11-03,30,6,6,-0.014065796495408131,0.0112506590302053,-0.012658227762806715,1.0,0.0,2.0,-0.012658227762806715,-0.013258227762806715,-0.013658227762806716,-0.014658227762806715,tightness_composite__csz,fold_2025,2025
2025-11-10,30,6,6,0.0006503900817482,-0.0036894032398620837,0.0021698966608051417,1.0,0.0,2.0,0.0021698966608051417,0.0015698966608051418,0.0011698966608051416,0.00016989666080514162,tightness_composite__csz,fold_2025,2025
2025-11-17,30,6,6,-0.011271133036961483,0.0024744943813386666,-0.006872813709150075,1.0,0.0,2.0,-0.006872813709150075,-0.007472813709150075,-0.007872813709150075,-0.008872813709150076,tightness_composite__csz,fold_2025,2025
2025-11-24,30,6,6,0.0073238719609891355,0.03091486559523206,-0.011795496817121463,1.0,0.0,2.0,-0.011795496817121463,-0.012395496817121463,-0.012795496817121464,-0.013795496817121463,tightness_composite__csz,fold_2025,2025
2025-12-01,30,6,6,-0.0028040791057432333,0.013042044179105733,-0.007923061642424484,1.0,0.0,2.0,-0.007923061642424484,-0.008523061642424484,-0.008923061642424485,-0.009923061642424484,tightness_composite__csz,fold_2025,2025
2025-12-08,30,6,6,-0.005621949149532117,0.012743234495776218,-0.009182591822654167,1.0,0.0,2.0,-0.009182591822654167,-0.009782591822654167,-0.010182591822654168,-0.011182591822654167,tightness_composite__csz,fold_2025,2025
2025-12-15,30,6,6,0.00045389034129310004,0.02525622906937872,-0.01240116936404281,1.0,0.0,2.0,-0.01240116936404281,-0.01300116936404281,-0.01340116936404281,-0.01440116936404281,tightness_composite__csz,fold_2025,2025
2025-12-22,30,6,6,0.011359508844284417,0.035371596632999415,-0.012006043894357499,1.0,0.0,2.0,-0.012006043894357499,-0.012606043894357499,-0.0130060438943575,-0.014006043894357499,tightness_composite__csz,fold_2025,2025
2025-01-02,30,6,6,-0.005697011820340551,0.0010801419661304,-0.0033885768932354755,1.0,0.0,2.0,-0.0033885768932354755,-0.003988576893235476,-0.004388576893235475,-0.005388576893235476,tightness_composite__missing,fold_2025,2025
2025-01-09,30,6,6,0.03347700192639188,0.022890309891389016,0.005293346017501432,1.0,0.0,2.0,0.005293346017501432,0.004693346017501432,0.004293346017501432,0.0032933460175014317,tightness_composite__missing,fold_2025,2025
2025-01-16,30,6,6,-0.01734638303142625,-0.005101246293530134,-0.006122568368948058,1.0,0.0,2.0,-0.006122568368948058,-0.006722568368948058,-0.007122568368948058,-0.008122568368948058,tightness_composite__missing,fold_2025,2025
2025-01-23,30,6,6,0.01862334346203515,0.020358600920792985,-0.0008676287293789171,1.0,0.0,2.0,-0.0008676287293789171,-0.001467628729378917,-0.0018676287293789172,-0.002867628729378917,tightness_composite__missing,fold_2025,2025
2025-02-07,30,6,6,-0.008434052052743633,0.01427797256244665,-0.011356012307595142,1.0,0.0,2.0,-0.011356012307595142,-0.011956012307595142,-0.012356012307595143,-0.013356012307595143,tightness_composite__missing,fold_2025,2025
2025-02-14,30,6,6,0.005819928191155899,-0.00618313518388285,0.006001531687519374,1.0,0.0,2.0,0.006001531687519374,0.005401531687519374,0.005001531687519374,0.004001531687519374,tightness_composite__missing,fold_2025,2025
2025-02-21,30,6,6,-0.01542077327094068,-0.023266727082424363,0.003922976905741842,1.0,0.0,2.0,0.003922976905741842,0.003322976905741842,0.0029229769057418416,0.0019229769057418416,tightness_composite__missing,fold_2025,2025
2025-02-28,30,6,6,-0.013018178042958952,0.0008715357912377162,-0.006944856917098334,1.0,0.0,2.0,-0.006944856917098334,-0.007544856917098334,-0.007944856917098335,-0.008944856917098334,tightness_composite__missing,fold_2025,2025
2025-03-07,30,6,6,0.0016064890901724164,0.0059987124568555835,-0.0021961116833415836,1.0,0.0,2.0,-0.0021961116833415836,-0.0027961116833415834,-0.0031961116833415836,-0.004196111683341584,tightness_composite__missing,fold_2025,2025
2025-03-14,30,6,6,0.002129855617867733,0.00014490316040876675,0.0009924762287294832,1.0,0.0,2.0,0.0009924762287294832,0.00039247622872948327,-7.523771270516802e-06,-0.0010075237712705168,tightness_composite__missing,fold_2025,2025
2025-03-21,30,6,6,0.006999095311239899,0.011610827187794666,-0.0023058659382773836,1.0,0.0,2.0,-0.0023058659382773836,-0.0029058659382773834,-0.0033058659382773836,-0.004305865938277384,tightness_composite__missing,fold_2025,2025
2025-03-28,30,6,6,-0.05178653573115883,-0.0607926265980896,0.004503045433465386,1.0,0.0,2.0,0.004503045433465386,0.003903045433465386,0.0035030454334653858,0.0025030454334653857,tightness_composite__missing,fold_2025,2025
2025-04-07,30,6,6,-0.00041319109867696675,0.011898653647037133,-0.006155922372857049,1.0,0.0,2.0,-0.006155922372857049,-0.006755922372857049,-0.007155922372857049,-0.00815592237285705,tightness_composite__missing,fold_2025,2025
2025-04-14,30,6,6,0.0005168816161656162,0.004834571666816033,-0.0021588450253252085,1.0,0.0,2.0,-0.0021588450253252085,-0.0027588450253252083,-0.0031588450253252085,-0.0041588450253252085,tightness_composite__missing,fold_2025,2025
2025-04-21,30,6,6,0.004669681219876716,0.009801090820783634,-0.002565704800453459,1.0,0.0,2.0,-0.002565704800453459,-0.003165704800453459,-0.003565704800453459,-0.004565704800453459,tightness_composite__missing,fold_2025,2025
2025-04-28,30,6,6,-0.019749569182245068,-0.01565978699670575,-0.0020448910927696583,1.0,0.0,2.0,-0.0020448910927696583,-0.002644891092769658,-0.0030448910927696584,-0.004044891092769658,tightness_composite__missing,fold_2025,2025
2025-05-08,30,6,6,0.018868496700092097,0.008746871558629533,0.005060812570731282,1.0,0.0,2.0,0.005060812570731282,0.004460812570731282,0.004060812570731282,0.003060812570731282,tightness_composite__missing,fold_2025,2025
2025-05-15,30,6,6,-0.0170960743762764,0.008315957006035801,-0.012706015691156102,1.0,0.0,2.0,-0.012706015691156102,-0.013306015691156102,-0.013706015691156103,-0.014706015691156102,tightness_composite__missing,fold_2025,2025
2025-05-22,30,6,6,-0.013368702045991299,0.000288202358256333,-0.006828452202123816,1.0,0.0,2.0,-0.006828452202123816,-0.007428452202123816,-0.007828452202123817,-0.008828452202123816,tightness_composite__missing,fold_2025,2025
2025-05-29,30,6,6,-0.002707894218189633,-0.0011946392239703335,-0.0007566274971096498,1.0,0.0,2.0,-0.0007566274971096498,-0.0013566274971096499,-0.0017566274971096499,-0.0027566274971096497,tightness_composite__missing,fold_2025,2025
2025-06-06,30,6,6,0.03444633532805569,0.02959996304426682,0.0024231861418944345,1.0,0.0,2.0,0.0024231861418944345,0.0018231861418944346,0.0014231861418944345,0.00042318614189443444,tightness_composite__missing,fold_2025,2025
2025-06-13,30,6,6,0.029598957046110447,0.007793609468405683,0.010902673788852383,1.0,0.0,2.0,0.010902673788852383,0.010302673788852383,0.009902673788852383,0.008902673788852383,tightness_composite__missing,fold_2025,2025
2025-06-20,30,6,6,-0.02213642552399778,-0.019931284505092517,-0.0011025705094526318,1.0,0.0,2.0,-0.0011025705094526318,-0.0017025705094526316,-0.0021025705094526318,-0.003102570509452632,tightness_composite__missing,fold_2025,2025
2025-06-27,30,6,6,-0.005947233897729367,0.0017511970089943499,-0.0038492154533618585,1.0,0.0,2.0,-0.0038492154533618585,-0.004449215453361859,-0.004849215453361859,-0.005849215453361858,tightness_composite__missing,fold_2025,2025
2025-07-04,30,6,6,0.012301035630775267,-0.004286158288759217,0.008293596959767242,1.0,0.0,2.0,0.008293596959767242,0.007693596959767242,0.007293596959767242,0.006293596959767242,tightness_composite__missing,fold_2025,2025
2025-07-11,30,6,6,0.016320366531274,0.005557247795134533,0.005381559368069734,1.0,0.0,2.0,0.005381559368069734,0.004781559368069734,0.004381559368069734,0.0033815593680697337,tightness_composite__missing,fold_2025,2025
2025-07-18,30,6,6,0.026199109620428446,0.002185197368479567,0.01200695612597444,1.0,0.0,2.0,0.01200695612597444,0.01140695612597444,0.011006956125974441,0.01000695612597444,tightness_composite__missing,fold_2025,2025
2025-07-25,30,6,6,-0.019351561394610937,-0.005277283965430334,-0.007037138714590302,1.0,0.0,2.0,-0.007037138714590302,-0.007637138714590302,-0.008037138714590303,-0.009037138714590302,tightness_composite__missing,fold_2025,2025
2025-08-01,30,6,6,-0.008213075106535865,-0.007580149422193784,-0.0003164628421710408,1.0,0.0,2.0,-0.0003164628421710408,-0.0009164628421710407,-0.0013164628421710408,-0.002316462842171041,tightness_composite__missing,fold_2025,2025
2025-08-08,30,6,6,0.00035633496059998365,-0.008870027854259168,0.004613181407429575,1.0,0.0,2.0,0.004613181407429575,0.0040131814074295755,0.0036131814074295754,0.0026131814074295753,tightness_composite__missing,fold_2025,2025
2025-08-15,30,6,6,-0.002544147499929533,0.0020351870789493166,-0.002289667289439425,1.0,0.0,2.0,-0.002289667289439425,-0.002889667289439425,-0.003289667289439425,-0.004289667289439425,tightness_composite__missing,fold_2025,2025
2025-08-22,30,6,6,-0.018604183789824997,0.012329273178235881,-0.01546672848403044,1.0,0.0,2.0,-0.01546672848403044,-0.01606672848403044,-0.01646672848403044,-0.01746672848403044,tightness_composite__missing,fold_2025,2025
2025-08-29,30,6,6,-0.007748885450319334,0.0011756122028450174,-0.004462248826582176,1.0,0.0,2.0,-0.004462248826582176,-0.005062248826582176,-0.005462248826582176,-0.006462248826582176,tightness_composite__missing,fold_2025,2025
2025-09-05,30,6,6,0.0033148312841010177,0.009174869119874399,-0.0029300189178866906,1.0,0.0,2.0,-0.0029300189178866906,-0.0035300189178866905,-0.003930018917886691,-0.004930018917886691,tightness_composite__missing,fold_2025,2025
2025-09-12,30,6,6,0.0032408233609956504,-0.007569412987936466,0.005405118174466058,1.0,0.0,2.0,0.005405118174466058,0.0048051181744660585,0.004405118174466058,0.0034051181744660583,tightness_composite__missing,fold_2025,2025
2025-09-19,30,6,6,-0.005253490020137651,0.019063156824438248,-0.01215832342228795,1.0,0.0,2.0,-0.01215832342228795,-0.01275832342228795,-0.01315832342228795,-0.01415832342228795,tightness_composite__missing,fold_2025,2025
2025-09-26,30,6,6,-0.030624574333025678,0.0052985165454817315,-0.017961545439253705,1.0,0.0,2.0,-0.017961545439253705,-0.018561545439253705,-0.018961545439253706,-0.019961545439253707,tightness_composite__missing,fold_2025,2025
2025-10-13,30,6,6,-0.009049821554156418,-0.013047185351136968,0.001998681898490275,1.0,0.0,2.0,0.001998681898490275,0.001398681898490275,0.0009986818984902748,-1.3181015097252571e-06,tightness_composite__missing,fold_2025,2025
2025-10-20,30,6,6,0.024602290595632983,0.03715237495727228,-0.006275042180819647,1.0,0.0,2.0,-0.006275042180819647,-0.006875042180819647,-0.007275042180819647,-0.008275042180819647,tightness_composite__missing,fold_2025,2025
2025-10-27,30,6,6,-0.006596913571904333,-0.006051167979061567,-0.00027287279642138323,1.0,0.0,2.0,-0.00027287279642138323,-0.0008728727964213832,-0.0012728727964213832,-0.0022728727964213833,tightness_composite__missing,fold_2025,2025
2025-11-03,30,6,6,0.00473875396290235,-0.013169619259082735,0.008954186610992542,1.0,0.0,2.0,0.008954186610992542,0.008354186610992543,0.007954186610992543,0.006954186610992542,tightness_composite__missing,fold_2025,2025
2025-11-10,30,6,6,0.00021755003889659986,-0.004451106872792383,0.0023343284558444916,1.0,0.0,2.0,0.0023343284558444916,0.0017343284558444918,0.0013343284558444916,0.00033432845584449155,tightness_composite__missing,fold_2025,2025
2025-11-17,30,6,6,-0.01904734855250675,-0.006984650901492533,-0.0060313488255071095,1.0,0.0,2.0,-0.0060313488255071095,-0.006631348825507109,-0.0070313488255071095,-0.00803134882550711,tightness_composite__missing,fold_2025,2025
2025-11-24,30,6,6,0.008908036345945352,0.010192863262563284,-0.000642413458308966,1.0,0.0,2.0,-0.000642413458308966,-0.0012424134583089658,-0.001642413458308966,-0.002642413458308966,tightness_composite__missing,fold_2025,2025
2025-12-01,30,6,6,-0.011694554546885763,0.01779557006164678,-0.014745062304266272,1.0,0.0,2.0,-0.014745062304266272,-0.015345062304266271,-0.015745062304266273,-0.01674506230426627,tightness_composite__missing,fold_2025,2025
2025-12-08,30,6,6,-0.011080364565625231,-0.0006400528527293997,-0.005220155856447916,1.0,0.0,2.0,-0.005220155856447916,-0.005820155856447916,-0.006220155856447916,-0.007220155856447916,tightness_composite__missing,fold_2025,2025
2025-12-15,30,6,6,0.013895134393222533,0.0129677925532989,0.00046367091996181616,1.0,0.0,2.0,0.00046367091996181616,-0.0001363290800381838,-0.0005363290800381839,-0.0015363290800381839,tightness_composite__missing,fold_2025,2025
2025-12-22,30,6,6,0.013694749920318,0.00683832274795385,0.003428213586182075,1.0,0.0,2.0,0.003428213586182075,0.002828213586182075,0.002428213586182075,0.001428213586182075,tightness_composite__missing,fold_2025,2025
2025-01-02,30,6,6,-0.026384962427172854,0.0049351935619936825,-0.015660077994583268,1.0,0.0,2.0,-0.015660077994583268,-0.016260077994583268,-0.01666007799458327,-0.017660077994583266,oi_growth_20__csz,fold_2025,2025
2025-01-09,30,6,6,0.034091752718709886,0.0242821335071263,0.004904809605791793,1.0,0.0,2.0,0.004904809605791793,0.004304809605791793,0.003904809605791793,0.002904809605791793,oi_growth_20__csz,fold_2025,2025
2025-01-16,30,6,6,-0.015906470467627686,0.005347892548223449,-0.010627181507925567,1.0,0.0,2.0,-0.010627181507925567,-0.011227181507925567,-0.011627181507925567,-0.012627181507925567,oi_growth_20__csz,fold_2025,2025
2025-01-23,30,6,6,0.026793446056528798,0.012052565572126,0.0073704402422013985,1.0,0.0,2.0,0.0073704402422013985,0.006770440242201399,0.0063704402422013985,0.0053704402422013985,oi_growth_20__csz,fold_2025,2025
2025-02-07,30,6,6,0.0035413152751922,0.009665601709740202,-0.0030621432172740007,1.0,0.0,2.0,-0.0030621432172740007,-0.0036621432172740005,-0.004062143217274001,-0.005062143217274001,oi_growth_20__csz,fold_2025,2025
2025-02-14,30,6,6,0.00370960387965965,0.0035716726737273154,6.896560296616727e-05,1.0,0.0,2.0,6.896560296616727e-05,-0.0005310343970338327,-0.0009310343970338327,-0.0019310343970338328,oi_growth_20__csz,fold_2025,2025
2025-02-21,30,6,6,-0.026412369112921386,-0.012630389999193218,-0.006890989556864084,1.0,0.0,2.0,-0.006890989556864084,-0.0074909895568640835,-0.007890989556864084,-0.008890989556864085,oi_growth_20__csz,fold_2025,2025
2025-02-28,30,6,6,-0.024813371969553317,-0.0003853855334991346,-0.01221399321802709,1.0,0.0,2.0,-0.01221399321802709,-0.01281399321802709,-0.01321399321802709,-0.01421399321802709,oi_growth_20__csz,fold_2025,2025
2025-03-07,30,6,6,0.01997392197191605,0.014807601860124297,0.0025831600558958766,1.0,0.0,2.0,0.0025831600558958766,0.0019831600558958768,0.0015831600558958766,0.0005831600558958766,oi_growth_20__csz,fold_2025,2025
2025-03-14,30,6,6,-0.012239071816685149,-0.007028640627773151,-0.002605215594455999,1.0,0.0,2.0,-0.002605215594455999,-0.0032052155944559987,-0.003605215594455999,-0.004605215594455999,oi_growth_20__csz,fold_2025,2025
2025-03-21,30,6,6,0.013799463527445916,0.008101861588432832,0.002848800969506542,1.0,0.0,2.0,0.002848800969506542,0.0022488009695065423,0.0018488009695065422,0.0008488009695065421,oi_growth_20__csz,fold_2025,2025
2025-03-28,30,6,6,-0.07064518963259854,-0.02488398992157695,-0.022880599855510796,1.0,0.0,2.0,-0.022880599855510796,-0.023480599855510795,-0.023880599855510797,-0.024880599855510797,oi_growth_20__csz,fold_2025,2025
2025-04-07,30,6,6,0.028895090505098933,0.005295709171184767,0.011799690666957083,1.0,0.0,2.0,0.011799690666957083,0.011199690666957083,0.010799690666957084,0.009799690666957083,oi_growth_20__csz,fold_2025,2025
2025-04-14,30,6,6,0.012020151494703833,-0.0038136484277140007,0.007916899961208916,1.0,0.0,2.0,0.007916899961208916,0.007316899961208916,0.006916899961208916,0.005916899961208916,oi_growth_20__csz,fold_2025,2025
2025-04-21,30,6,6,0.003036623310036767,0.007356092466439316,-0.002159734578201274,1.0,0.0,2.0,-0.002159734578201274,-0.002759734578201274,-0.003159734578201274,-0.004159734578201274,oi_growth_20__csz,fold_2025,2025
2025-04-28,30,6,6,-0.01351487618676625,-0.00424585001634225,-0.0046345130852120005,1.0,0.0,2.0,-0.0046345130852120005,-0.005234513085212,-0.0056345130852120005,-0.0066345130852120005,oi_growth_20__csz,fold_2025,2025
2025-05-08,30,6,6,0.019762331314679752,0.0078145057475964,0.005973912783541676,1.0,0.0,2.0,0.005973912783541676,0.005373912783541676,0.004973912783541676,0.003973912783541676,oi_growth_20__csz,fold_2025,2025
2025-05-15,30,6,6,-0.021318106408384316,-0.003960281143734167,-0.008678912632325075,1.0,0.0,2.0,-0.008678912632325075,-0.009278912632325075,-0.009678912632325076,-0.010678912632325075,oi_growth_20__csz,fold_2025,2025
2025-05-22,30,6,6,-0.033467905271499815,-0.003509752491506,-0.014979076389996907,1.0,0.0,2.0,-0.014979076389996907,-0.015579076389996907,-0.015979076389996908,-0.016979076389996905,oi_growth_20__csz,fold_2025,2025
2025-05-29,30,6,6,0.013402171351303832,0.004006855348432534,0.004697658001435649,1.0,0.0,2.0,0.004697658001435649,0.004097658001435649,0.003697658001435649,0.002697658001435649,oi_growth_20__csz,fold_2025,2025
2025-06-06,30,6,6,-0.01089939885741315,0.036342449637391604,-0.023620924247402378,1.0,0.0,2.0,-0.023620924247402378,-0.024220924247402378,-0.02462092424740238,-0.02562092424740238,oi_growth_20__csz,fold_2025,2025
2025-06-13,30,6,6,0.021663747969502715,0.003981517435476316,0.0088411152670132,1.0,0.0,2.0,0.0088411152670132,0.0082411152670132,0.007841115267013199,0.0068411152670132,oi_growth_20__csz,fold_2025,2025
2025-06-20,30,6,6,-0.04014724363156177,-0.004905424381183833,-0.017620909625188967,1.0,0.0,2.0,-0.017620909625188967,-0.018220909625188967,-0.018620909625188968,-0.01962090962518897,oi_growth_20__csz,fold_2025,2025
2025-06-27,30,6,6,-0.00037629552360856695,-0.0034162980269313663,0.0015200012516613996,1.0,0.0,2.0,0.0015200012516613996,0.0009200012516613997,0.0005200012516613996,-0.00047999874833860043,oi_growth_20__csz,fold_2025,2025
2025-07-04,30,6,6,0.008751164759354483,0.0015672898795382664,0.003591937439908108,1.0,0.0,2.0,0.003591937439908108,0.0029919374399081083,0.002591937439908108,0.001591937439908108,oi_growth_20__csz,fold_2025,2025
2025-07-11,30,6,6,0.012082628391258433,0.007465246769172533,0.00230869081104295,1.0,0.0,2.0,0.00230869081104295,0.0017086908110429504,0.0013086908110429502,0.00030869081104295017,oi_growth_20__csz,fold_2025,2025
2025-07-18,30,6,6,0.0045804570116292674,0.009408465547854766,-0.0024140042681127494,1.0,0.0,2.0,-0.0024140042681127494,-0.0030140042681127493,-0.0034140042681127494,-0.00441400426811275,oi_growth_20__csz,fold_2025,2025
2025-07-25,30,6,6,-0.0091910992167733,-0.04097698804186603,0.015892944412546364,1.0,0.0,2.0,0.015892944412546364,0.015292944412546364,0.014892944412546363,0.013892944412546364,oi_growth_20__csz,fold_2025,2025
2025-08-01,30,6,6,0.001398053086428,-0.0075913144205578984,0.00449468375349295,1.0,0.0,2.0,0.00449468375349295,0.00389468375349295,0.0034946837534929496,0.0024946837534929496,oi_growth_20__csz,fold_2025,2025
2025-08-08,30,6,6,-0.00047294864644823316,0.0059435052445128665,-0.00320822694548055,1.0,0.0,2.0,-0.00320822694548055,-0.00380822694548055,-0.00420822694548055,-0.00520822694548055,oi_growth_20__csz,fold_2025,2025
2025-08-15,30,6,6,-0.019758141710151587,-0.0017154469231102502,-0.009021347393520668,1.0,0.0,2.0,-0.009021347393520668,-0.009621347393520668,-0.010021347393520667,-0.011021347393520668,oi_growth_20__csz,fold_2025,2025
2025-08-22,30,6,6,-0.002046670661177767,0.01027668468532905,-0.006161677673253409,1.0,0.0,2.0,-0.006161677673253409,-0.0067616776732534085,-0.007161677673253409,-0.008161677673253409,oi_growth_20__csz,fold_2025,2025
2025-08-29,30,6,6,-0.0047229524665533176,0.009175522928647234,-0.006949237697600276,1.0,0.0,2.0,-0.006949237697600276,-0.007549237697600276,-0.007949237697600276,-0.008949237697600275,oi_growth_20__csz,fold_2025,2025
2025-09-05,30,6,6,-0.004903373394008117,0.010409267831125233,-0.007656320612566675,1.0,0.0,2.0,-0.007656320612566675,-0.008256320612566675,-0.008656320612566675,-0.009656320612566674,oi_growth_20__csz,fold_2025,2025
2025-09-12,30,6,6,0.002373626369820083,-0.008037291798312118,0.0052054590840661,1.0,0.0,2.0,0.0052054590840661,0.0046054590840661006,0.0042054590840661,0.0032054590840661003,oi_growth_20__csz,fold_2025,2025
2025-09-19,30,6,6,0.013105594255637615,-0.002577326932007134,0.007841460593822375,1.0,0.0,2.0,0.007841460593822375,0.007241460593822375,0.006841460593822375,0.005841460593822375,oi_growth_20__csz,fold_2025,2025
2025-09-26,30,6,6,0.01444527415924648,-0.008386188073418835,0.011415731116332657,1.0,0.0,2.0,0.011415731116332657,0.010815731116332657,0.010415731116332656,0.009415731116332657,oi_growth_20__csz,fold_2025,2025
2025-10-13,30,6,6,3.1162924329935594e-05,0.0004876857329971834,-0.0002282614043336239,1.0,0.0,2.0,-0.0002282614043336239,-0.0008282614043336238,-0.001228261404333624,-0.002228261404333624,oi_growth_20__csz,fold_2025,2025
2025-10-20,30,6,6,0.007349523223419783,0.017050696147216184,-0.004850586461898201,1.0,0.0,2.0,-0.004850586461898201,-0.0054505864618982006,-0.005850586461898201,-0.006850586461898201,oi_growth_20__csz,fold_2025,2025
2025-10-27,30,6,6,-0.009971759359558982,-0.0011323544615008836,-0.004419702449029049,1.0,0.0,2.0,-0.004419702449029049,-0.005019702449029049,-0.005419702449029049,-0.006419702449029049,oi_growth_20__csz,fold_2025,2025
2025-11-03,30,6,6,-0.0100527208145495,0.001883677613929766,-0.005968199214239633,1.0,0.0,2.0,-0.005968199214239633,-0.006568199214239633,-0.006968199214239633,-0.007968199214239633,oi_growth_20__csz,fold_2025,2025
2025-11-10,30,6,6,-0.00234281034230955,-0.006387945558109033,0.0020225676078997413,1.0,0.0,2.0,0.0020225676078997413,0.0014225676078997414,0.0010225676078997412,2.256760789974121e-05,oi_growth_20__csz,fold_2025,2025
2025-11-17,30,6,6,0.005665228656011215,-0.01766319100688105,0.011664209831446132,1.0,0.0,2.0,0.011664209831446132,0.011064209831446133,0.010664209831446132,0.009664209831446132,oi_growth_20__csz,fold_2025,2025
2025-11-24,30,6,6,0.011695024018525166,0.015222354582811085,-0.0017636652821429594,1.0,0.0,2.0,-0.0017636652821429594,-0.002363665282142959,-0.0027636652821429594,-0.0037636652821429594,oi_growth_20__csz,fold_2025,2025
2025-12-01,30,6,6,0.011701979582607469,-0.024513165913139998,0.018107572747873734,1.0,0.0,2.0,0.018107572747873734,0.017507572747873734,0.017107572747873733,0.016107572747873736,oi_growth_20__csz,fold_2025,2025
2025-12-08,30,6,6,0.025835738663436702,-0.008974506777050634,0.01740512272024367,1.0,0.0,2.0,0.01740512272024367,0.01680512272024367,0.016405122720243668,0.015405122720243669,oi_growth_20__csz,fold_2025,2025
2025-12-15,30,6,6,0.010886331869836549,0.0283014525156433,-0.008707560322903376,1.0,0.0,2.0,-0.008707560322903376,-0.009307560322903375,-0.009707560322903375,-0.010707560322903376,oi_growth_20__csz,fold_2025,2025
2025-12-22,30,6,6,0.006207544760512433,0.01312823886136325,-0.0034603470504254085,1.0,0.0,2.0,-0.0034603470504254085,-0.004060347050425408,-0.0044603470504254086,-0.005460347050425409,oi_growth_20__csz,fold_2025,2025
2025-01-02,30,6,6,-0.008643717017779867,0.002678744855383467,-0.005661230936581667,1.0,0.0,2.0,-0.005661230936581667,-0.006261230936581667,-0.006661230936581667,-0.007661230936581667,oi_growth_20__missing,fold_2025,2025
2025-01-09,30,6,6,0.0075445210942481486,0.018594971169530666,-0.005525225037641258,1.0,0.0,2.0,-0.005525225037641258,-0.006125225037641258,-0.006525225037641258,-0.007525225037641258,oi_growth_20__missing,fold_2025,2025
2025-01-16,30,6,6,-0.010761841957401931,-0.010041264596301166,-0.0003602886805503828,1.0,0.0,2.0,-0.0003602886805503828,-0.0009602886805503828,-0.0013602886805503828,-0.002360288680550383,oi_growth_20__missing,fold_2025,2025
2025-01-23,30,6,6,0.026902164920274117,0.022760400240047135,0.0020708823401134908,1.0,0.0,2.0,0.0020708823401134908,0.001470882340113491,0.0010708823401134908,7.088234011349073e-05,oi_growth_20__missing,fold_2025,2025
2025-02-07,30,6,6,0.0034579360473451504,0.014863603764137085,-0.005702833858395967,1.0,0.0,2.0,-0.005702833858395967,-0.006302833858395967,-0.006702833858395967,-0.007702833858395967,oi_growth_20__missing,fold_2025,2025
2025-02-14,30,6,6,-0.0019584202884222503,-0.005546947229154684,0.0017942634703662168,1.0,0.0,2.0,0.0017942634703662168,0.001194263470366217,0.0007942634703662168,-0.0002057365296337832,oi_growth_20__missing,fold_2025,2025
2025-02-21,30,6,6,-0.01620415741924312,-0.01981034273051052,0.0018030926556336993,1.0,0.0,2.0,0.0018030926556336993,0.0012030926556336995,0.0008030926556336993,-0.00019690734436630074,oi_growth_20__missing,fold_2025,2025
2025-02-28,30,6,6,0.0017574808783526665,0.005772026116737082,-0.002007272619192208,1.0,0.0,2.0,-0.002007272619192208,-0.002607272619192208,-0.003007272619192208,-0.004007272619192208,oi_growth_20__missing,fold_2025,2025
2025-03-07,30,6,6,0.01790988762657575,0.01117074853885155,0.0033695695438620997,1.0,0.0,2.0,0.0033695695438620997,0.0027695695438621,0.0023695695438620996,0.0013695695438620996,oi_growth_20__missing,fold_2025,2025
2025-03-14,30,6,6,-0.00670018249429645,-0.005378130145819351,-0.0006610261742385497,1.0,0.0,2.0,-0.0006610261742385497,-0.0012610261742385495,-0.0016610261742385497,-0.0026610261742385497,oi_growth_20__missing,fold_2025,2025
2025-03-21,30,6,6,0.008953652940416067,0.010443650073667751,-0.0007449985666258419,1.0,0.0,2.0,-0.0007449985666258419,-0.0013449985666258418,-0.001744998566625842,-0.002744998566625842,oi_growth_20__missing,fold_2025,2025
2025-03-28,30,6,6,-0.05285900986506967,-0.042894403238588376,-0.004982303313240646,1.0,0.0,2.0,-0.004982303313240646,-0.0055823033132406455,-0.005982303313240646,-0.006982303313240646,oi_growth_20__missing,fold_2025,2025
2025-04-07,30,6,6,0.0006071785515274665,0.015950776796268846,-0.00767179912237069,1.0,0.0,2.0,-0.00767179912237069,-0.00827179912237069,-0.00867179912237069,-0.00967179912237069,oi_growth_20__missing,fold_2025,2025
2025-04-14,30,6,6,-0.00027935445437895037,0.013286368781465817,-0.006782861617922384,1.0,0.0,2.0,-0.006782861617922384,-0.0073828616179223835,-0.007782861617922384,-0.008782861617922383,oi_growth_20__missing,fold_2025,2025
2025-04-21,30,6,6,0.0040523527979588825,0.002419965293180782,0.0008161937523890504,1.0,0.0,2.0,0.0008161937523890504,0.00021619375238905042,-0.00018380624761094966,-0.0011838062476109497,oi_growth_20__missing,fold_2025,2025
2025-04-28,30,6,6,-0.00718951193955315,-0.003936962928007667,-0.0016262745057727414,1.0,0.0,2.0,-0.0016262745057727414,-0.0022262745057727413,-0.0026262745057727415,-0.0036262745057727415,oi_growth_20__missing,fold_2025,2025
2025-05-08,30,6,6,0.019815468992626633,0.0028483170635519007,0.008483575964537367,1.0,0.0,2.0,0.008483575964537367,0.007883575964537367,0.007483575964537367,0.006483575964537367,oi_growth_20__missing,fold_2025,2025
2025-05-15,30,6,6,-0.008674213807957432,0.010849661334130331,-0.00976193757104388,1.0,0.0,2.0,-0.00976193757104388,-0.01036193757104388,-0.010761937571043882,-0.01176193757104388,oi_growth_20__missing,fold_2025,2025
2025-05-22,30,6,6,-0.00954213346398895,-0.0035272785088116504,-0.003007427477588649,1.0,0.0,2.0,-0.003007427477588649,-0.003607427477588649,-0.004007427477588649,-0.005007427477588649,oi_growth_20__missing,fold_2025,2025
2025-05-29,30,6,6,-0.0005790636159993161,0.014508581917736768,-0.007543822766868042,1.0,0.0,2.0,-0.007543822766868042,-0.008143822766868042,-0.00854382276686804,-0.009543822766868042,oi_growth_20__missing,fold_2025,2025
2025-06-06,30,6,6,0.0033019887739572508,0.019711426020677814,-0.008204718623360282,1.0,0.0,2.0,-0.008204718623360282,-0.008804718623360281,-0.00920471862336028,-0.010204718623360282,oi_growth_20__missing,fold_2025,2025
2025-06-13,30,6,6,0.0173628603516897,-0.0011935753651476004,0.00927821785841865,1.0,0.0,2.0,0.00927821785841865,0.00867821785841865,0.00827821785841865,0.00727821785841865,oi_growth_20__missing,fold_2025,2025
2025-06-20,30,6,6,0.0023028730457931674,-0.008058875973531167,0.005180874509662167,1.0,0.0,2.0,0.005180874509662167,0.004580874509662167,0.004180874509662167,0.003180874509662167,oi_growth_20__missing,fold_2025,2025
2025-06-27,30,6,6,-0.00785162858114365,0.005339474566943615,-0.006595551574043632,1.0,0.0,2.0,-0.006595551574043632,-0.007195551574043632,-0.007595551574043632,-0.008595551574043632,oi_growth_20__missing,fold_2025,2025
2025-07-04,30,6,6,0.0020300883267077665,0.0042093070008472665,-0.00108960933706975,1.0,0.0,2.0,-0.00108960933706975,-0.00168960933706975,-0.00208960933706975,-0.00308960933706975,oi_growth_20__missing,fold_2025,2025
2025-07-11,30,6,6,0.007227328275879533,0.011489358573184434,-0.0021310151486524506,1.0,0.0,2.0,-0.0021310151486524506,-0.0027310151486524504,-0.0031310151486524506,-0.004131015148652451,oi_growth_20__missing,fold_2025,2025
2025-07-18,30,6,6,0.029617424693904177,-0.0029559740183212665,0.01628669935611272,1.0,0.0,2.0,0.01628669935611272,0.01568669935611272,0.01528669935611272,0.01428669935611272,oi_growth_20__missing,fold_2025,2025
2025-07-25,30,6,6,-0.027846398976976383,-0.013499312316345819,-0.007173543330315282,1.0,0.0,2.0,-0.007173543330315282,-0.007773543330315282,-0.008173543330315282,-0.009173543330315281,oi_growth_20__missing,fold_2025,2025
2025-08-01,30,6,6,0.0014243173537378667,0.0005787767275901495,0.0004227703130738586,1.0,0.0,2.0,0.0004227703130738586,-0.00017722968692614134,-0.0005772296869261415,-0.0015772296869261415,oi_growth_20__missing,fold_2025,2025
2025-08-08,30,6,6,0.0025939619157738327,-0.0022418809471628676,0.00241792143146835,1.0,0.0,2.0,0.00241792143146835,0.0018179214314683503,0.0014179214314683501,0.0004179214314683501,oi_growth_20__missing,fold_2025,2025
2025-08-15,30,6,6,0.0012950442177015996,-0.002338449687004533,0.0018167469523530664,1.0,0.0,2.0,0.0018167469523530664,0.0012167469523530665,0.0008167469523530663,-0.00018325304764693368,oi_growth_20__missing,fold_2025,2025
2025-08-22,30,6,6,-0.0019313791185518994,0.012935063055888084,-0.007433221087219992,1.0,0.0,2.0,-0.007433221087219992,-0.008033221087219992,-0.008433221087219993,-0.009433221087219992,oi_growth_20__missing,fold_2025,2025
2025-08-29,30,6,6,-0.0084443572778612,0.013571207026897333,-0.011007782152379266,1.0,0.0,2.0,-0.011007782152379266,-0.011607782152379266,-0.012007782152379267,-0.013007782152379266,oi_growth_20__missing,fold_2025,2025
2025-09-05,30,6,6,-0.0005762771760395334,0.0031450674959040497,-0.0018606723359717915,1.0,0.0,2.0,-0.0018606723359717915,-0.0024606723359717913,-0.0028606723359717915,-0.0038606723359717915,oi_growth_20__missing,fold_2025,2025
2025-09-12,30,6,6,-0.008725268600990018,-0.009176544147441233,0.00022563777322560756,1.0,0.0,2.0,0.00022563777322560756,-0.0003743622267743924,-0.0007743622267743925,-0.0017743622267743925,oi_growth_20__missing,fold_2025,2025
2025-09-19,30,6,6,-0.0011214552514313668,0.014820120683934632,-0.007970787967683,1.0,0.0,2.0,-0.007970787967683,-0.008570787967683,-0.008970787967683,-0.009970787967683,oi_growth_20__missing,fold_2025,2025
2025-09-26,30,6,6,-0.0019246635046771664,0.013588858392057748,-0.007756760948367457,1.0,0.0,2.0,-0.007756760948367457,-0.008356760948367457,-0.008756760948367456,-0.009756760948367457,oi_growth_20__missing,fold_2025,2025
2025-10-13,30,6,6,-0.009679442453695652,0.018394105626528167,-0.014036774040111909,1.0,0.0,2.0,-0.014036774040111909,-0.014636774040111909,-0.01503677404011191,-0.01603677404011191,oi_growth_20__missing,fold_2025,2025
2025-10-20,30,6,6,0.01626273490873525,-0.009894342507996185,0.013078538708365717,1.0,0.0,2.0,0.013078538708365717,0.012478538708365718,0.012078538708365717,0.011078538708365717,oi_growth_20__missing,fold_2025,2025
2025-10-27,30,6,6,-0.0036671327961840337,0.002981589654639483,-0.0033243612254117583,1.0,0.0,2.0,-0.0033243612254117583,-0.003924361225411758,-0.004324361225411758,-0.005324361225411758,oi_growth_20__missing,fold_2025,2025
2025-11-03,30,6,6,0.007028989898778916,0.0011507681810089346,0.002939110858884991,1.0,0.0,2.0,0.002939110858884991,0.002339110858884991,0.0019391108588849909,0.0009391108588849909,oi_growth_20__missing,fold_2025,2025
2025-11-10,30,6,6,0.00019128413961836654,0.0007793811584215337,-0.00029404850940158357,1.0,0.0,2.0,-0.00029404850940158357,-0.0008940485094015836,-0.0012940485094015835,-0.0022940485094015838,oi_growth_20__missing,fold_2025,2025
2025-11-17,30,6,6,-0.008360079258358266,0.0019480626612953837,-0.005154070959826825,1.0,0.0,2.0,-0.005154070959826825,-0.005754070959826825,-0.006154070959826825,-0.007154070959826825,oi_growth_20__missing,fold_2025,2025
2025-11-24,30,6,6,0.015452806013379283,0.027751933698168457,-0.006149563842394587,1.0,0.0,2.0,-0.006149563842394587,-0.0067495638423945865,-0.007149563842394587,-0.008149563842394587,oi_growth_20__missing,fold_2025,2025
2025-12-01,30,6,6,0.001069490256261501,0.0043766118249291336,-0.0016535607843338163,1.0,0.0,2.0,-0.0016535607843338163,-0.002253560784333816,-0.0026535607843338163,-0.0036535607843338164,oi_growth_20__missing,fold_2025,2025
2025-12-08,30,6,6,-0.0016668708379587492,0.018018225342415182,-0.009842548090186965,1.0,0.0,2.0,-0.009842548090186965,-0.010442548090186965,-0.010842548090186966,-0.011842548090186965,oi_growth_20__missing,fold_2025,2025
2025-12-15,30,6,6,0.010940177992106934,0.0229013241673235,-0.005980573087608283,1.0,0.0,2.0,-0.005980573087608283,-0.006580573087608283,-0.006980573087608283,-0.007980573087608283,oi_growth_20__missing,fold_2025,2025
2025-12-22,30,6,6,0.012249848924108886,0.031180981499353954,-0.009465566287622535,1.0,0.0,2.0,-0.009465566287622535,-0.010065566287622535,-0.010465566287622536,-0.011465566287622535,oi_growth_20__missing,fold_2025,2025
2025-01-02,30,6,6,-0.0066317629910118666,-0.022248678432840632,0.007808457720914383,1.0,0.0,2.0,0.007808457720914383,0.0072084577209143835,0.006808457720914383,0.005808457720914383,price_oi_interaction_20__csz,fold_2025,2025
2025-01-09,30,6,6,0.0237494363682096,0.04167239694214555,-0.008961480286967975,1.0,0.0,2.0,-0.008961480286967975,-0.009561480286967974,-0.009961480286967975,-0.010961480286967975,price_oi_interaction_20__csz,fold_2025,2025
2025-01-16,30,6,6,-0.013452655805104685,-0.0003733451756226166,-0.006539655314741035,1.0,0.0,2.0,-0.006539655314741035,-0.007139655314741034,-0.007539655314741035,-0.008539655314741035,price_oi_interaction_20__csz,fold_2025,2025
2025-01-23,30,6,6,0.023601849036338052,0.01356179088133945,0.005020029077499301,1.0,0.0,2.0,0.005020029077499301,0.004420029077499301,0.004020029077499301,0.003020029077499301,price_oi_interaction_20__csz,fold_2025,2025
2025-02-07,30,6,6,-0.0046541481062606326,0.004414015933512967,-0.0045340820198868,1.0,0.0,2.0,-0.0045340820198868,-0.0051340820198867996,-0.0055340820198868,-0.0065340820198868,price_oi_interaction_20__csz,fold_2025,2025
2025-02-14,30,6,6,0.00370960387965965,0.018953334480607213,-0.0076218653004737815,1.0,0.0,2.0,-0.0076218653004737815,-0.008221865300473781,-0.00862186530047378,-0.009621865300473782,price_oi_interaction_20__csz,fold_2025,2025
2025-02-21,30,6,6,-0.025561374010967083,-0.015093302751592734,-0.0052340356296871745,1.0,0.0,2.0,-0.0052340356296871745,-0.005834035629687174,-0.0062340356296871745,-0.007234035629687175,price_oi_interaction_20__csz,fold_2025,2025
2025-02-28,30,6,6,-0.0255848337074054,-0.0027909088005130503,-0.011396962453446175,1.0,0.0,2.0,-0.011396962453446175,-0.011996962453446175,-0.012396962453446174,-0.013396962453446175,price_oi_interaction_20__csz,fold_2025,2025
2025-03-07,30,6,6,0.015125678393393632,-0.0009765507551627835,0.008051114574278208,1.0,0.0,2.0,0.008051114574278208,0.007451114574278208,0.007051114574278208,0.006051114574278208,price_oi_interaction_20__csz,fold_2025,2025
2025-03-14,30,6,6,-0.007077924794437484,-0.0023049475886737667,-0.0023864886028818586,1.0,0.0,2.0,-0.0023864886028818586,-0.0029864886028818584,-0.0033864886028818586,-0.004386488602881858,price_oi_interaction_20__csz,fold_2025,2025
2025-03-21,30,6,6,0.016099339610556533,0.010883920255766932,0.0026077096773948006,1.0,0.0,2.0,0.0026077096773948006,0.0020077096773948007,0.0016077096773948005,0.0006077096773948005,price_oi_interaction_20__csz,fold_2025,2025
2025-03-28,30,6,6,-0.044029365636553165,-0.042326802511526006,-0.0008512815625135797,1.0,0.0,2.0,-0.0008512815625135797,-0.0014512815625135796,-0.0018512815625135797,-0.0028512815625135798,price_oi_interaction_20__csz,fold_2025,2025
2025-04-07,30,6,6,0.003941659831612967,0.013001315811027113,-0.004529827989707073,1.0,0.0,2.0,-0.004529827989707073,-0.005129827989707073,-0.005529827989707073,-0.0065298279897070734,price_oi_interaction_20__csz,fold_2025,2025
2025-04-14,30,6,6,-0.0029825119640202514,0.0084390271262375,-0.005710769545128875,1.0,0.0,2.0,-0.005710769545128875,-0.006310769545128875,-0.006710769545128875,-0.007710769545128875,price_oi_interaction_20__csz,fold_2025,2025
2025-04-21,30,6,6,0.011352240401346582,0.00129639485285245,0.005027922774247066,1.0,0.0,2.0,0.005027922774247066,0.004427922774247067,0.004027922774247066,0.0030279227742470664,price_oi_interaction_20__csz,fold_2025,2025
2025-04-28,30,6,6,-0.0056883880593533,-0.015522146611189098,0.004916879275917899,1.0,0.0,2.0,0.004916879275917899,0.004316879275917899,0.003916879275917899,0.0029168792759178986,price_oi_interaction_20__csz,fold_2025,2025
2025-05-08,30,6,6,0.00036253692120336657,0.014814068869989016,-0.0072257659743928246,1.0,0.0,2.0,-0.0072257659743928246,-0.007825765974392825,-0.008225765974392825,-0.009225765974392824,price_oi_interaction_20__csz,fold_2025,2025
2025-05-15,30,6,6,-0.013677674895693381,-0.01988290845484815,0.0031026167795773843,1.0,0.0,2.0,0.0031026167795773843,0.0025026167795773845,0.0021026167795773843,0.0011026167795773843,price_oi_interaction_20__csz,fold_2025,2025
2025-05-22,30,6,6,-0.0063908171691384325,-0.038210485316362654,0.01590983407361211,1.0,0.0,2.0,0.01590983407361211,0.01530983407361211,0.01490983407361211,0.01390983407361211,price_oi_interaction_20__csz,fold_2025,2025
2025-05-29,30,6,6,0.009025554802701351,0.016055912048522785,-0.003515178622910717,1.0,0.0,2.0,-0.003515178622910717,-0.004115178622910717,-0.004515178622910717,-0.005515178622910717,price_oi_interaction_20__csz,fold_2025,2025
2025-06-06,30,6,6,0.016824744479288768,0.0226334937288702,-0.002904374624790717,1.0,0.0,2.0,-0.002904374624790717,-0.0035043746247907168,-0.003904374624790717,-0.004904374624790717,price_oi_interaction_20__csz,fold_2025,2025
2025-06-13,30,6,6,0.01998161445491765,0.0016174034415447841,0.009182105506686434,1.0,0.0,2.0,0.009182105506686434,0.008582105506686434,0.008182105506686434,0.0071821055066864335,price_oi_interaction_20__csz,fold_2025,2025
2025-06-20,30,6,6,-0.05170114433503025,0.0019385960427147327,-0.026819870188872493,1.0,0.0,2.0,-0.026819870188872493,-0.027419870188872493,-0.027819870188872494,-0.02881987018887249,price_oi_interaction_20__csz,fold_2025,2025
2025-06-27,30,6,6,-0.00245092755923715,0.003720922819344533,-0.0030859251892908415,1.0,0.0,2.0,-0.0030859251892908415,-0.0036859251892908413,-0.0040859251892908415,-0.0050859251892908415,price_oi_interaction_20__csz,fold_2025,2025
2025-07-04,30,6,6,0.006916845232727249,0.021051996582584633,-0.007067575674928692,1.0,0.0,2.0,-0.007067575674928692,-0.007667575674928692,-0.008067575674928693,-0.009067575674928692,price_oi_interaction_20__csz,fold_2025,2025
2025-07-11,30,6,6,0.015010682517928869,0.009302950820796298,0.0028538658485662855,1.0,0.0,2.0,0.0028538658485662855,0.0022538658485662857,0.0018538658485662855,0.0008538658485662855,price_oi_interaction_20__csz,fold_2025,2025
2025-07-18,30,6,6,0.019916035258803783,0.044692206549143194,-0.012388085645169706,1.0,0.0,2.0,-0.012388085645169706,-0.012988085645169706,-0.013388085645169707,-0.014388085645169706,price_oi_interaction_20__csz,fold_2025,2025
2025-07-25,30,6,6,-0.010860332766803232,-0.0790837698073138,0.03411171852025528,1.0,0.0,2.0,0.03411171852025528,0.03351171852025528,0.03311171852025528,0.03211171852025528,price_oi_interaction_20__csz,fold_2025,2025
2025-08-01,30,6,6,-0.0211700528375475,0.020679056749151187,-0.020924554793349343,1.0,0.0,2.0,-0.020924554793349343,-0.021524554793349342,-0.021924554793349343,-0.022924554793349344,price_oi_interaction_20__csz,fold_2025,2025
2025-08-08,30,6,6,0.0015974022412235164,0.006951503647062901,-0.0026770507029196923,1.0,0.0,2.0,-0.0026770507029196923,-0.003277050702919692,-0.0036770507029196924,-0.004677050702919692,price_oi_interaction_20__csz,fold_2025,2025
2025-08-15,30,6,6,-0.010763577116643533,-0.014970187682648519,0.0021033052830024927,1.0,0.0,2.0,0.0021033052830024927,0.0015033052830024929,0.0011033052830024927,0.00010330528300249268,price_oi_interaction_20__csz,fold_2025,2025
2025-08-22,30,6,6,-0.00028599794117623267,-0.006730828037845266,0.0032224150483345167,1.0,0.0,2.0,0.0032224150483345167,0.002622415048334517,0.0022224150483345167,0.0012224150483345166,price_oi_interaction_20__csz,fold_2025,2025
2025-08-29,30,6,6,-0.007291851581211283,0.013132852743774534,-0.010212352162492909,1.0,0.0,2.0,-0.010212352162492909,-0.010812352162492909,-0.01121235216249291,-0.012212352162492909,price_oi_interaction_20__csz,fold_2025,2025
2025-09-05,30,6,6,-0.00025677735103853415,-0.0012756203125775167,0.0005094214807694913,1.0,0.0,2.0,0.0005094214807694913,-9.057851923050864e-05,-0.0004905785192305087,-0.0014905785192305086,price_oi_interaction_20__csz,fold_2025,2025
2025-09-12,30,6,6,-0.0026245126535259003,0.010093691655422317,-0.006359102154474109,1.0,0.0,2.0,-0.006359102154474109,-0.006959102154474109,-0.007359102154474109,-0.008359102154474109,price_oi_interaction_20__csz,fold_2025,2025
2025-09-19,30,6,6,0.006453571029905948,0.0010968092856278335,0.0026783808721390573,1.0,0.0,2.0,0.0026783808721390573,0.0020783808721390575,0.0016783808721390573,0.0006783808721390573,price_oi_interaction_20__csz,fold_2025,2025
2025-09-26,30,6,6,0.027794867126165534,-0.02697426010154222,0.027384563613853878,1.0,0.0,2.0,0.027384563613853878,0.02678456361385388,0.026384563613853877,0.025384563613853876,price_oi_interaction_20__csz,fold_2025,2025
2025-10-13,30,6,6,0.017512692484257283,-0.015868370340207334,0.01669053141223231,1.0,0.0,2.0,0.01669053141223231,0.01609053141223231,0.015690531412232308,0.014690531412232309,price_oi_interaction_20__csz,fold_2025,2025
2025-10-20,30,6,6,0.00031198810033902905,0.03902803616899365,-0.01935802403432731,1.0,0.0,2.0,-0.01935802403432731,-0.01995802403432731,-0.02035802403432731,-0.021358024034327308,price_oi_interaction_20__csz,fold_2025,2025
2025-10-27,30,6,6,-0.00175955730148215,-0.007931593970849566,0.003086018334683708,1.0,0.0,2.0,0.003086018334683708,0.0024860183346837083,0.002086018334683708,0.001086018334683708,price_oi_interaction_20__csz,fold_2025,2025
2025-11-03,30,6,6,-0.005684074636991234,-0.0012592682427595328,-0.0022124031971158505,1.0,0.0,2.0,-0.0022124031971158505,-0.0028124031971158503,-0.0032124031971158505,-0.0042124031971158505,price_oi_interaction_20__csz,fold_2025,2025
2025-11-10,30,6,6,-0.011995601471590768,-0.005561830951144317,-0.0032168852602232254,1.0,0.0,2.0,-0.0032168852602232254,-0.0038168852602232252,-0.004216885260223225,-0.005216885260223226,price_oi_interaction_20__csz,fold_2025,2025
2025-11-17,30,6,6,0.00151990027289895,-0.010400159111195417,0.005960029692047183,1.0,0.0,2.0,0.005960029692047183,0.005360029692047183,0.004960029692047183,0.003960029692047183,price_oi_interaction_20__csz,fold_2025,2025
2025-11-24,30,6,6,-0.0048743535234748335,0.0171533897980001,-0.011013871660737468,1.0,0.0,2.0,-0.011013871660737468,-0.011613871660737468,-0.012013871660737467,-0.013013871660737468,price_oi_interaction_20__csz,fold_2025,2025
2025-12-01,30,6,6,-0.011163024540754183,-0.008768258665909768,-0.0011973829374222079,1.0,0.0,2.0,-0.0011973829374222079,-0.0017973829374222077,-0.002197382937422208,-0.003197382937422208,price_oi_interaction_20__csz,fold_2025,2025
2025-12-08,30,6,6,0.005337958276249034,-0.0027594918943036335,0.004048725085276334,1.0,0.0,2.0,0.004048725085276334,0.0034487250852763343,0.003048725085276334,0.002048725085276334,price_oi_interaction_20__csz,fold_2025,2025
2025-12-15,30,6,6,0.0358858836278064,0.0112797767708366,0.012303053428484898,1.0,0.0,2.0,0.012303053428484898,0.011703053428484898,0.011303053428484897,0.010303053428484898,price_oi_interaction_20__csz,fold_2025,2025
2025-12-22,30,6,6,0.01305655002432,0.017626339266341152,-0.0022848946210105763,1.0,0.0,2.0,-0.0022848946210105763,-0.002884894621010576,-0.0032848946210105763,-0.004284894621010576,price_oi_interaction_20__csz,fold_2025,2025
2025-01-02,30,6,6,-0.008643717017779867,0.002678744855383467,-0.005661230936581667,1.0,0.0,2.0,-0.005661230936581667,-0.006261230936581667,-0.006661230936581667,-0.007661230936581667,price_oi_interaction_20__missing,fold_2025,2025
2025-01-09,30,6,6,0.0075445210942481486,0.018594971169530666,-0.005525225037641258,1.0,0.0,2.0,-0.005525225037641258,-0.006125225037641258,-0.006525225037641258,-0.007525225037641258,price_oi_interaction_20__missing,fold_2025,2025
2025-01-16,30,6,6,-0.010761841957401931,-0.010041264596301166,-0.0003602886805503828,1.0,0.0,2.0,-0.0003602886805503828,-0.0009602886805503828,-0.0013602886805503828,-0.002360288680550383,price_oi_interaction_20__missing,fold_2025,2025
2025-01-23,30,6,6,0.026902164920274117,0.022760400240047135,0.0020708823401134908,1.0,0.0,2.0,0.0020708823401134908,0.001470882340113491,0.0010708823401134908,7.088234011349073e-05,price_oi_interaction_20__missing,fold_2025,2025
2025-02-07,30,6,6,0.0034579360473451504,0.014863603764137085,-0.005702833858395967,1.0,0.0,2.0,-0.005702833858395967,-0.006302833858395967,-0.006702833858395967,-0.007702833858395967,price_oi_interaction_20__missing,fold_2025,2025
2025-02-14,30,6,6,-0.0019584202884222503,-0.005546947229154684,0.0017942634703662168,1.0,0.0,2.0,0.0017942634703662168,0.001194263470366217,0.0007942634703662168,-0.0002057365296337832,price_oi_interaction_20__missing,fold_2025,2025
2025-02-21,30,6,6,-0.01620415741924312,-0.01981034273051052,0.0018030926556336993,1.0,0.0,2.0,0.0018030926556336993,0.0012030926556336995,0.0008030926556336993,-0.00019690734436630074,price_oi_interaction_20__missing,fold_2025,2025
2025-02-28,30,6,6,0.0017574808783526665,0.005772026116737082,-0.002007272619192208,1.0,0.0,2.0,-0.002007272619192208,-0.002607272619192208,-0.003007272619192208,-0.004007272619192208,price_oi_interaction_20__missing,fold_2025,2025
2025-03-07,30,6,6,0.01790988762657575,0.01117074853885155,0.0033695695438620997,1.0,0.0,2.0,0.0033695695438620997,0.0027695695438621,0.0023695695438620996,0.0013695695438620996,price_oi_interaction_20__missing,fold_2025,2025
2025-03-14,30,6,6,-0.00670018249429645,-0.005378130145819351,-0.0006610261742385497,1.0,0.0,2.0,-0.0006610261742385497,-0.0012610261742385495,-0.0016610261742385497,-0.0026610261742385497,price_oi_interaction_20__missing,fold_2025,2025
2025-03-21,30,6,6,0.008953652940416067,0.010443650073667751,-0.0007449985666258419,1.0,0.0,2.0,-0.0007449985666258419,-0.0013449985666258418,-0.001744998566625842,-0.002744998566625842,price_oi_interaction_20__missing,fold_2025,2025
2025-03-28,30,6,6,-0.05285900986506967,-0.042894403238588376,-0.004982303313240646,1.0,0.0,2.0,-0.004982303313240646,-0.0055823033132406455,-0.005982303313240646,-0.006982303313240646,price_oi_interaction_20__missing,fold_2025,2025
2025-04-07,30,6,6,0.0006071785515274665,0.015950776796268846,-0.00767179912237069,1.0,0.0,2.0,-0.00767179912237069,-0.00827179912237069,-0.00867179912237069,-0.00967179912237069,price_oi_interaction_20__missing,fold_2025,2025
2025-04-14,30,6,6,-0.00027935445437895037,0.013286368781465817,-0.006782861617922384,1.0,0.0,2.0,-0.006782861617922384,-0.0073828616179223835,-0.007782861617922384,-0.008782861617922383,price_oi_interaction_20__missing,fold_2025,2025
2025-04-21,30,6,6,0.0040523527979588825,0.002419965293180782,0.0008161937523890504,1.0,0.0,2.0,0.0008161937523890504,0.00021619375238905042,-0.00018380624761094966,-0.0011838062476109497,price_oi_interaction_20__missing,fold_2025,2025
2025-04-28,30,6,6,-0.00718951193955315,-0.003936962928007667,-0.0016262745057727414,1.0,0.0,2.0,-0.0016262745057727414,-0.0022262745057727413,-0.0026262745057727415,-0.0036262745057727415,price_oi_interaction_20__missing,fold_2025,2025
2025-05-08,30,6,6,0.019815468992626633,0.0028483170635519007,0.008483575964537367,1.0,0.0,2.0,0.008483575964537367,0.007883575964537367,0.007483575964537367,0.006483575964537367,price_oi_interaction_20__missing,fold_2025,2025
2025-05-15,30,6,6,-0.008674213807957432,0.010849661334130331,-0.00976193757104388,1.0,0.0,2.0,-0.00976193757104388,-0.01036193757104388,-0.010761937571043882,-0.01176193757104388,price_oi_interaction_20__missing,fold_2025,2025
2025-05-22,30,6,6,-0.00954213346398895,-0.0035272785088116504,-0.003007427477588649,1.0,0.0,2.0,-0.003007427477588649,-0.003607427477588649,-0.004007427477588649,-0.005007427477588649,price_oi_interaction_20__missing,fold_2025,2025
2025-05-29,30,6,6,-0.0005790636159993161,0.014508581917736768,-0.007543822766868042,1.0,0.0,2.0,-0.007543822766868042,-0.008143822766868042,-0.00854382276686804,-0.009543822766868042,price_oi_interaction_20__missing,fold_2025,2025
2025-06-06,30,6,6,0.0033019887739572508,0.019711426020677814,-0.008204718623360282,1.0,0.0,2.0,-0.008204718623360282,-0.008804718623360281,-0.00920471862336028,-0.010204718623360282,price_oi_interaction_20__missing,fold_2025,2025
2025-06-13,30,6,6,0.0173628603516897,-0.0011935753651476004,0.00927821785841865,1.0,0.0,2.0,0.00927821785841865,0.00867821785841865,0.00827821785841865,0.00727821785841865,price_oi_interaction_20__missing,fold_2025,2025
2025-06-20,30,6,6,0.0023028730457931674,-0.008058875973531167,0.005180874509662167,1.0,0.0,2.0,0.005180874509662167,0.004580874509662167,0.004180874509662167,0.003180874509662167,price_oi_interaction_20__missing,fold_2025,2025
2025-06-27,30,6,6,-0.00785162858114365,0.005339474566943615,-0.006595551574043632,1.0,0.0,2.0,-0.006595551574043632,-0.007195551574043632,-0.007595551574043632,-0.008595551574043632,price_oi_interaction_20__missing,fold_2025,2025
2025-07-04,30,6,6,0.0020300883267077665,0.0042093070008472665,-0.00108960933706975,1.0,0.0,2.0,-0.00108960933706975,-0.00168960933706975,-0.00208960933706975,-0.00308960933706975,price_oi_interaction_20__missing,fold_2025,2025
2025-07-11,30,6,6,0.007227328275879533,0.011489358573184434,-0.0021310151486524506,1.0,0.0,2.0,-0.0021310151486524506,-0.0027310151486524504,-0.0031310151486524506,-0.004131015148652451,price_oi_interaction_20__missing,fold_2025,2025
2025-07-18,30,6,6,0.029617424693904177,-0.0029559740183212665,0.01628669935611272,1.0,0.0,2.0,0.01628669935611272,0.01568669935611272,0.01528669935611272,0.01428669935611272,price_oi_interaction_20__missing,fold_2025,2025
2025-07-25,30,6,6,-0.027846398976976383,-0.013499312316345819,-0.007173543330315282,1.0,0.0,2.0,-0.007173543330315282,-0.007773543330315282,-0.008173543330315282,-0.009173543330315281,price_oi_interaction_20__missing,fold_2025,2025
2025-08-01,30,6,6,0.0014243173537378667,0.0005787767275901495,0.0004227703130738586,1.0,0.0,2.0,0.0004227703130738586,-0.00017722968692614134,-0.0005772296869261415,-0.0015772296869261415,price_oi_interaction_20__missing,fold_2025,2025
2025-08-08,30,6,6,0.0025939619157738327,-0.0022418809471628676,0.00241792143146835,1.0,0.0,2.0,0.00241792143146835,0.0018179214314683503,0.0014179214314683501,0.0004179214314683501,price_oi_interaction_20__missing,fold_2025,2025
2025-08-15,30,6,6,0.0012950442177015996,-0.002338449687004533,0.0018167469523530664,1.0,0.0,2.0,0.0018167469523530664,0.0012167469523530665,0.0008167469523530663,-0.00018325304764693368,price_oi_interaction_20__missing,fold_2025,2025
2025-08-22,30,6,6,-0.0019313791185518994,0.012935063055888084,-0.007433221087219992,1.0,0.0,2.0,-0.007433221087219992,-0.008033221087219992,-0.008433221087219993,-0.009433221087219992,price_oi_interaction_20__missing,fold_2025,2025
2025-08-29,30,6,6,-0.0084443572778612,0.013571207026897333,-0.011007782152379266,1.0,0.0,2.0,-0.011007782152379266,-0.011607782152379266,-0.012007782152379267,-0.013007782152379266,price_oi_interaction_20__missing,fold_2025,2025
2025-09-05,30,6,6,-0.0005762771760395334,0.0031450674959040497,-0.0018606723359717915,1.0,0.0,2.0,-0.0018606723359717915,-0.0024606723359717913,-0.0028606723359717915,-0.0038606723359717915,price_oi_interaction_20__missing,fold_2025,2025
2025-09-12,30,6,6,-0.008725268600990018,-0.009176544147441233,0.00022563777322560756,1.0,0.0,2.0,0.00022563777322560756,-0.0003743622267743924,-0.0007743622267743925,-0.0017743622267743925,price_oi_interaction_20__missing,fold_2025,2025
2025-09-19,30,6,6,-0.0011214552514313668,0.014820120683934632,-0.007970787967683,1.0,0.0,2.0,-0.007970787967683,-0.008570787967683,-0.008970787967683,-0.009970787967683,price_oi_interaction_20__missing,fold_2025,2025
2025-09-26,30,6,6,-0.0019246635046771664,0.013588858392057748,-0.007756760948367457,1.0,0.0,2.0,-0.007756760948367457,-0.008356760948367457,-0.008756760948367456,-0.009756760948367457,price_oi_interaction_20__missing,fold_2025,2025
2025-10-13,30,6,6,-0.009679442453695652,0.018394105626528167,-0.014036774040111909,1.0,0.0,2.0,-0.014036774040111909,-0.014636774040111909,-0.01503677404011191,-0.01603677404011191,price_oi_interaction_20__missing,fold_2025,2025
2025-10-20,30,6,6,0.01626273490873525,-0.009894342507996185,0.013078538708365717,1.0,0.0,2.0,0.013078538708365717,0.012478538708365718,0.012078538708365717,0.011078538708365717,price_oi_interaction_20__missing,fold_2025,2025
2025-10-27,30,6,6,-0.0036671327961840337,0.002981589654639483,-0.0033243612254117583,1.0,0.0,2.0,-0.0033243612254117583,-0.003924361225411758,-0.004324361225411758,-0.005324361225411758,price_oi_interaction_20__missing,fold_2025,2025
2025-11-03,30,6,6,0.007028989898778916,0.0011507681810089346,0.002939110858884991,1.0,0.0,2.0,0.002939110858884991,0.002339110858884991,0.0019391108588849909,0.0009391108588849909,price_oi_interaction_20__missing,fold_2025,2025
2025-11-10,30,6,6,0.00019128413961836654,0.0007793811584215337,-0.00029404850940158357,1.0,0.0,2.0,-0.00029404850940158357,-0.0008940485094015836,-0.0012940485094015835,-0.0022940485094015838,price_oi_interaction_20__missing,fold_2025,2025
2025-11-17,30,6,6,-0.008360079258358266,0.0019480626612953837,-0.005154070959826825,1.0,0.0,2.0,-0.005154070959826825,-0.005754070959826825,-0.006154070959826825,-0.007154070959826825,price_oi_interaction_20__missing,fold_2025,2025
2025-11-24,30,6,6,0.015452806013379283,0.027751933698168457,-0.006149563842394587,1.0,0.0,2.0,-0.006149563842394587,-0.0067495638423945865,-0.007149563842394587,-0.008149563842394587,price_oi_interaction_20__missing,fold_2025,2025
2025-12-01,30,6,6,0.001069490256261501,0.0043766118249291336,-0.0016535607843338163,1.0,0.0,2.0,-0.0016535607843338163,-0.002253560784333816,-0.0026535607843338163,-0.0036535607843338164,price_oi_interaction_20__missing,fold_2025,2025
2025-12-08,30,6,6,-0.0016668708379587492,0.018018225342415182,-0.009842548090186965,1.0,0.0,2.0,-0.009842548090186965,-0.010442548090186965,-0.010842548090186966,-0.011842548090186965,price_oi_interaction_20__missing,fold_2025,2025
2025-12-15,30,6,6,0.010940177992106934,0.0229013241673235,-0.005980573087608283,1.0,0.0,2.0,-0.005980573087608283,-0.006580573087608283,-0.006980573087608283,-0.007980573087608283,price_oi_interaction_20__missing,fold_2025,2025
2025-12-22,30,6,6,0.012249848924108886,0.031180981499353954,-0.009465566287622535,1.0,0.0,2.0,-0.009465566287622535,-0.010065566287622535,-0.010465566287622536,-0.011465566287622535,price_oi_interaction_20__missing,fold_2025,2025
2025-01-02,30,6,6,0.012724208139146834,-0.031165067944831,0.021944638041988915,1.0,0.0,2.0,0.021944638041988915,0.021344638041988915,0.020944638041988914,0.019944638041988913,volume_shock_20__csz,fold_2025,2025
2025-01-09,30,6,6,0.032841250910525886,0.022291665833197884,0.005274792538664001,1.0,0.0,2.0,0.005274792538664001,0.004674792538664001,0.004274792538664001,0.003274792538664001,volume_shock_20__csz,fold_2025,2025
2025-01-16,30,6,6,0.005371351527753699,-0.0144343177934508,0.00990283466060225,1.0,0.0,2.0,0.00990283466060225,0.00930283466060225,0.008902834660602248,0.00790283466060225,volume_shock_20__csz,fold_2025,2025
2025-01-23,30,6,6,0.02800709879920422,0.01631749546345732,0.005844801667873451,1.0,0.0,2.0,0.005844801667873451,0.005244801667873451,0.004844801667873451,0.003844801667873451,volume_shock_20__csz,fold_2025,2025
2025-02-07,30,6,6,0.006104613397593117,-0.019067182899919186,0.012585898148756151,1.0,0.0,2.0,0.012585898148756151,0.011985898148756152,0.01158589814875615,0.010585898148756151,volume_shock_20__csz,fold_2025,2025
2025-02-14,30,6,6,0.011545378025681034,0.013604146701222867,-0.0010293843377709166,1.0,0.0,2.0,-0.0010293843377709166,-0.0016293843377709165,-0.0020293843377709167,-0.0030293843377709167,volume_shock_20__csz,fold_2025,2025
2025-02-21,30,6,6,-0.0004241228791962663,-0.015854059135131132,0.007714968127967433,1.0,0.0,2.0,0.007714968127967433,0.007114968127967433,0.006714968127967433,0.005714968127967433,volume_shock_20__csz,fold_2025,2025
2025-02-28,30,6,6,-0.011127640755374068,-0.0034568780237974827,-0.0038353813657882926,1.0,0.0,2.0,-0.0038353813657882926,-0.004435381365788292,-0.004835381365788293,-0.005835381365788293,volume_shock_20__csz,fold_2025,2025
2025-03-07,30,6,6,0.01434786515847535,0.028035244647961654,-0.006843689744743152,1.0,0.0,2.0,-0.006843689744743152,-0.0074436897447431516,-0.007843689744743152,-0.008843689744743151,volume_shock_20__csz,fold_2025,2025
2025-03-14,30,6,6,-0.013367665341027781,-0.011162567409925666,-0.0011025489655510576,1.0,0.0,2.0,-0.0011025489655510576,-0.0017025489655510574,-0.0021025489655510576,-0.0031025489655510576,volume_shock_20__csz,fold_2025,2025
2025-03-21,30,6,6,0.0012357481931976994,0.013591052929345085,-0.006177652368073693,1.0,0.0,2.0,-0.006177652368073693,-0.0067776523680736925,-0.007177652368073693,-0.008177652368073694,volume_shock_20__csz,fold_2025,2025
2025-03-28,30,6,6,-0.0175504305981258,-0.06265734616636749,0.022553457784120844,1.0,0.0,2.0,0.022553457784120844,0.021953457784120844,0.021553457784120843,0.020553457784120842,volume_shock_20__csz,fold_2025,2025
2025-04-07,30,6,6,0.001140261029105833,0.007487125956786401,-0.003173432463840284,1.0,0.0,2.0,-0.003173432463840284,-0.0037734324638402836,-0.004173432463840283,-0.005173432463840284,volume_shock_20__csz,fold_2025,2025
2025-04-14,30,6,6,-0.010785273781130268,0.016208987999133232,-0.013497130890131749,1.0,0.0,2.0,-0.013497130890131749,-0.014097130890131749,-0.01449713089013175,-0.01549713089013175,volume_shock_20__csz,fold_2025,2025
2025-04-21,30,6,6,0.0020716535823276667,0.007552177915585265,-0.002740262166628799,1.0,0.0,2.0,-0.002740262166628799,-0.003340262166628799,-0.003740262166628799,-0.0047402621666288,volume_shock_20__csz,fold_2025,2025
2025-04-28,30,6,6,-0.012971166718078067,-0.014710379236830698,0.0008696062593763158,1.0,0.0,2.0,0.0008696062593763158,0.0002696062593763158,-0.00013039374062368426,-0.0011303937406236843,volume_shock_20__csz,fold_2025,2025
2025-05-08,30,6,6,0.017070338842717133,0.013305755918843948,0.0018822914619365926,1.0,0.0,2.0,0.0018822914619365926,0.0012822914619365928,0.0008822914619365926,-0.00011770853806340742,volume_shock_20__csz,fold_2025,2025
2025-05-15,30,6,6,-0.00585995418367945,-0.017350456299696483,0.005745251058008516,1.0,0.0,2.0,0.005745251058008516,0.005145251058008516,0.004745251058008516,0.003745251058008516,volume_shock_20__csz,fold_2025,2025
2025-05-22,30,6,6,-0.001580118438685634,-0.029119581820204934,0.01376973169075965,1.0,0.0,2.0,0.01376973169075965,0.01316973169075965,0.01276973169075965,0.01176973169075965,volume_shock_20__csz,fold_2025,2025
2025-05-29,30,6,6,-0.0004504621018621667,0.002685174101160767,-0.0015678181015114669,1.0,0.0,2.0,-0.0015678181015114669,-0.002167818101511467,-0.002567818101511467,-0.003567818101511467,volume_shock_20__csz,fold_2025,2025
2025-06-06,30,6,6,0.040750286372871584,0.0021580764672559836,0.0192961049528078,1.0,0.0,2.0,0.0192961049528078,0.0186961049528078,0.0182961049528078,0.017296104952807798,volume_shock_20__csz,fold_2025,2025
2025-06-13,30,6,6,-0.0011081890582096835,0.028897101117370132,-0.015002645087789908,1.0,0.0,2.0,-0.015002645087789908,-0.015602645087789907,-0.016002645087789907,-0.017002645087789908,volume_shock_20__csz,fold_2025,2025
2025-06-20,30,6,6,-0.010374260315123982,-0.03304125639973602,0.011333498042306019,1.0,0.0,2.0,0.011333498042306019,0.010733498042306019,0.01033349804230602,0.009333498042306019,volume_shock_20__csz,fold_2025,2025
2025-06-27,30,6,6,-0.002379811018208533,-0.000845251104967,-0.0007672799566207666,1.0,0.0,2.0,-0.0007672799566207666,-0.0013672799566207664,-0.0017672799566207666,-0.0027672799566207666,volume_shock_20__csz,fold_2025,2025
2025-07-04,30,6,6,0.01802529253442903,-0.00048313006184474923,0.00925421129813689,1.0,0.0,2.0,0.00925421129813689,0.00865421129813689,0.008254211298136891,0.00725421129813689,volume_shock_20__csz,fold_2025,2025
2025-07-11,30,6,6,0.007343866500775083,0.013504070330443685,-0.0030801019148343008,1.0,0.0,2.0,-0.0030801019148343008,-0.0036801019148343006,-0.004080101914834301,-0.0050801019148343,volume_shock_20__csz,fold_2025,2025
2025-07-18,30,6,6,0.01450402051643205,0.07055160435286621,-0.02802379191821708,1.0,0.0,2.0,-0.02802379191821708,-0.02862379191821708,-0.029023791918217082,-0.03002379191821708,volume_shock_20__csz,fold_2025,2025
2025-07-25,30,6,6,-0.0042222261041610495,-0.0382857139325239,0.017031743914181423,1.0,0.0,2.0,0.017031743914181423,0.016431743914181424,0.016031743914181423,0.015031743914181423,volume_shock_20__csz,fold_2025,2025
2025-08-01,30,6,6,-0.00490549292666565,0.026522901088191372,-0.015714197007428512,1.0,0.0,2.0,-0.015714197007428512,-0.01631419700742851,-0.016714197007428513,-0.01771419700742851,volume_shock_20__csz,fold_2025,2025
2025-08-08,30,6,6,0.00726914585096815,-0.0011335653861583993,0.004201355618563275,1.0,0.0,2.0,0.004201355618563275,0.003601355618563275,0.0032013556185632747,0.0022013556185632747,volume_shock_20__csz,fold_2025,2025
2025-08-15,30,6,6,-0.004868821166782818,-0.009567113430568434,0.0023491461318928077,1.0,0.0,2.0,0.0023491461318928077,0.001749146131892808,0.0013491461318928077,0.0003491461318928077,volume_shock_20__csz,fold_2025,2025
2025-08-22,30,6,6,0.0004383243011553504,-0.001206146612545766,0.0008222354568505582,1.0,0.0,2.0,0.0008222354568505582,0.00022223545685055824,-0.00017776454314944183,-0.0011777645431494419,volume_shock_20__csz,fold_2025,2025
2025-08-29,30,6,6,-0.00027640177934399983,-0.006229878995168834,0.002976738607912417,1.0,0.0,2.0,0.002976738607912417,0.0023767386079124172,0.001976738607912417,0.000976738607912417,volume_shock_20__csz,fold_2025,2025
2025-09-05,30,6,6,0.0051553505888585335,-0.007749284007087534,0.006452317297973034,1.0,0.0,2.0,0.006452317297973034,0.005852317297973034,0.005452317297973034,0.004452317297973034,volume_shock_20__csz,fold_2025,2025
2025-09-12,30,6,6,0.003606874689849849,-0.0017382264452394335,0.002672550567544641,1.0,0.0,2.0,0.002672550567544641,0.0020725505675446413,0.0016725505675446411,0.0006725505675446411,volume_shock_20__csz,fold_2025,2025
2025-09-19,30,6,6,-0.0005537490145319167,0.0011724419513464007,-0.0008630954829391586,1.0,0.0,2.0,-0.0008630954829391586,-0.0014630954829391585,-0.0018630954829391587,-0.0028630954829391587,volume_shock_20__csz,fold_2025,2025
2025-09-26,30,6,6,-0.013511899256787967,0.00013040355232135417,-0.006821151404554661,1.0,0.0,2.0,-0.006821151404554661,-0.007421151404554661,-0.00782115140455466,-0.00882115140455466,volume_shock_20__csz,fold_2025,2025
2025-10-13,30,6,6,0.0153414872916853,0.0030130536926028,0.00616421679954125,1.0,0.0,2.0,0.00616421679954125,0.00556421679954125,0.00516421679954125,0.00416421679954125,volume_shock_20__csz,fold_2025,2025
2025-10-20,30,6,6,0.02020453166861055,-0.014292929673632422,0.017248730671121485,1.0,0.0,2.0,0.017248730671121485,0.016648730671121485,0.016248730671121484,0.015248730671121485,volume_shock_20__csz,fold_2025,2025
2025-10-27,30,6,6,-0.0026109792824242158,-0.006172701114818317,0.0017808609161970507,1.0,0.0,2.0,0.0017808609161970507,0.0011808609161970507,0.0007808609161970507,-0.0002191390838029493,volume_shock_20__csz,fold_2025,2025
2025-11-03,30,6,6,0.012161738398256633,-0.009611092996815366,0.010886415697536,1.0,0.0,2.0,0.010886415697536,0.010286415697536,0.009886415697536,0.008886415697536,volume_shock_20__csz,fold_2025,2025
2025-11-10,30,6,6,-0.012791068012361198,-0.008950216400560417,-0.0019204258059003906,1.0,0.0,2.0,-0.0019204258059003906,-0.0025204258059003904,-0.0029204258059003906,-0.003920425805900391,volume_shock_20__csz,fold_2025,2025
2025-11-17,30,6,6,-0.0233180192443256,-0.007016087321942067,-0.008150965961191766,1.0,0.0,2.0,-0.008150965961191766,-0.008750965961191766,-0.009150965961191766,-0.010150965961191766,volume_shock_20__csz,fold_2025,2025
2025-11-24,30,6,6,0.017880138524775383,0.008457809963339951,0.004711164280717716,1.0,0.0,2.0,0.004711164280717716,0.004111164280717716,0.003711164280717716,0.002711164280717716,volume_shock_20__csz,fold_2025,2025
2025-12-01,30,6,6,-0.009228595968895284,0.012314067176495752,-0.010771331572695518,1.0,0.0,2.0,-0.010771331572695518,-0.011371331572695518,-0.011771331572695519,-0.012771331572695518,volume_shock_20__csz,fold_2025,2025
2025-12-08,30,6,6,-0.0064194676576259,-0.01021302443307425,0.0018967783877241748,1.0,0.0,2.0,0.0018967783877241748,0.001296778387724175,0.0008967783877241748,-0.00010322161227582522,volume_shock_20__csz,fold_2025,2025
2025-12-15,30,6,6,0.01578096697754802,0.003415960487325951,0.006182503245111034,1.0,0.0,2.0,0.006182503245111034,0.005582503245111034,0.005182503245111034,0.004182503245111034,volume_shock_20__csz,fold_2025,2025
2025-12-22,30,6,6,0.020797916780392316,0.027402738130430034,-0.003302410675018859,1.0,0.0,2.0,-0.003302410675018859,-0.0039024106750188588,-0.004302410675018859,-0.005302410675018859,volume_shock_20__csz,fold_2025,2025
2025-01-02,30,6,6,-0.008643717017779867,0.002678744855383467,-0.005661230936581667,1.0,0.0,2.0,-0.005661230936581667,-0.006261230936581667,-0.006661230936581667,-0.007661230936581667,volume_shock_20__missing,fold_2025,2025
2025-01-09,30,6,6,0.0075445210942481486,0.018594971169530666,-0.005525225037641258,1.0,0.0,2.0,-0.005525225037641258,-0.006125225037641258,-0.006525225037641258,-0.007525225037641258,volume_shock_20__missing,fold_2025,2025
2025-01-16,30,6,6,-0.010761841957401931,-0.010041264596301166,-0.0003602886805503828,1.0,0.0,2.0,-0.0003602886805503828,-0.0009602886805503828,-0.0013602886805503828,-0.002360288680550383,volume_shock_20__missing,fold_2025,2025
2025-01-23,30,6,6,0.026902164920274117,0.022760400240047135,0.0020708823401134908,1.0,0.0,2.0,0.0020708823401134908,0.001470882340113491,0.0010708823401134908,7.088234011349073e-05,volume_shock_20__missing,fold_2025,2025
2025-02-07,30,6,6,0.0034579360473451504,0.014863603764137085,-0.005702833858395967,1.0,0.0,2.0,-0.005702833858395967,-0.006302833858395967,-0.006702833858395967,-0.007702833858395967,volume_shock_20__missing,fold_2025,2025
2025-02-14,30,6,6,-0.0019584202884222503,-0.005546947229154684,0.0017942634703662168,1.0,0.0,2.0,0.0017942634703662168,0.001194263470366217,0.0007942634703662168,-0.0002057365296337832,volume_shock_20__missing,fold_2025,2025
2025-02-21,30,6,6,-0.01620415741924312,-0.01981034273051052,0.0018030926556336993,1.0,0.0,2.0,0.0018030926556336993,0.0012030926556336995,0.0008030926556336993,-0.00019690734436630074,volume_shock_20__missing,fold_2025,2025
2025-02-28,30,6,6,0.0017574808783526665,0.005772026116737082,-0.002007272619192208,1.0,0.0,2.0,-0.002007272619192208,-0.002607272619192208,-0.003007272619192208,-0.004007272619192208,volume_shock_20__missing,fold_2025,2025
2025-03-07,30,6,6,0.01790988762657575,0.01117074853885155,0.0033695695438620997,1.0,0.0,2.0,0.0033695695438620997,0.0027695695438621,0.0023695695438620996,0.0013695695438620996,volume_shock_20__missing,fold_2025,2025
2025-03-14,30,6,6,-0.00670018249429645,-0.005378130145819351,-0.0006610261742385497,1.0,0.0,2.0,-0.0006610261742385497,-0.0012610261742385495,-0.0016610261742385497,-0.0026610261742385497,volume_shock_20__missing,fold_2025,2025
2025-03-21,30,6,6,0.008953652940416067,0.010443650073667751,-0.0007449985666258419,1.0,0.0,2.0,-0.0007449985666258419,-0.0013449985666258418,-0.001744998566625842,-0.002744998566625842,volume_shock_20__missing,fold_2025,2025
2025-03-28,30,6,6,-0.05285900986506967,-0.042894403238588376,-0.004982303313240646,1.0,0.0,2.0,-0.004982303313240646,-0.0055823033132406455,-0.005982303313240646,-0.006982303313240646,volume_shock_20__missing,fold_2025,2025
2025-04-07,30,6,6,0.0006071785515274665,0.015950776796268846,-0.00767179912237069,1.0,0.0,2.0,-0.00767179912237069,-0.00827179912237069,-0.00867179912237069,-0.00967179912237069,volume_shock_20__missing,fold_2025,2025
2025-04-14,30,6,6,-0.00027935445437895037,0.013286368781465817,-0.006782861617922384,1.0,0.0,2.0,-0.006782861617922384,-0.0073828616179223835,-0.007782861617922384,-0.008782861617922383,volume_shock_20__missing,fold_2025,2025
2025-04-21,30,6,6,0.0040523527979588825,0.002419965293180782,0.0008161937523890504,1.0,0.0,2.0,0.0008161937523890504,0.00021619375238905042,-0.00018380624761094966,-0.0011838062476109497,volume_shock_20__missing,fold_2025,2025
2025-04-28,30,6,6,-0.00718951193955315,-0.003936962928007667,-0.0016262745057727414,1.0,0.0,2.0,-0.0016262745057727414,-0.0022262745057727413,-0.0026262745057727415,-0.0036262745057727415,volume_shock_20__missing,fold_2025,2025
2025-05-08,30,6,6,0.019815468992626633,0.0028483170635519007,0.008483575964537367,1.0,0.0,2.0,0.008483575964537367,0.007883575964537367,0.007483575964537367,0.006483575964537367,volume_shock_20__missing,fold_2025,2025
2025-05-15,30,6,6,-0.008674213807957432,0.010849661334130331,-0.00976193757104388,1.0,0.0,2.0,-0.00976193757104388,-0.01036193757104388,-0.010761937571043882,-0.01176193757104388,volume_shock_20__missing,fold_2025,2025
2025-05-22,30,6,6,-0.00954213346398895,-0.0035272785088116504,-0.003007427477588649,1.0,0.0,2.0,-0.003007427477588649,-0.003607427477588649,-0.004007427477588649,-0.005007427477588649,volume_shock_20__missing,fold_2025,2025
2025-05-29,30,6,6,-0.0005790636159993161,0.014508581917736768,-0.007543822766868042,1.0,0.0,2.0,-0.007543822766868042,-0.008143822766868042,-0.00854382276686804,-0.009543822766868042,volume_shock_20__missing,fold_2025,2025
2025-06-06,30,6,6,0.0033019887739572508,0.019711426020677814,-0.008204718623360282,1.0,0.0,2.0,-0.008204718623360282,-0.008804718623360281,-0.00920471862336028,-0.010204718623360282,volume_shock_20__missing,fold_2025,2025
2025-06-13,30,6,6,0.0173628603516897,-0.0011935753651476004,0.00927821785841865,1.0,0.0,2.0,0.00927821785841865,0.00867821785841865,0.00827821785841865,0.00727821785841865,volume_shock_20__missing,fold_2025,2025
2025-06-20,30,6,6,0.0023028730457931674,-0.008058875973531167,0.005180874509662167,1.0,0.0,2.0,0.005180874509662167,0.004580874509662167,0.004180874509662167,0.003180874509662167,volume_shock_20__missing,fold_2025,2025
2025-06-27,30,6,6,-0.00785162858114365,0.005339474566943615,-0.006595551574043632,1.0,0.0,2.0,-0.006595551574043632,-0.007195551574043632,-0.007595551574043632,-0.008595551574043632,volume_shock_20__missing,fold_2025,2025
2025-07-04,30,6,6,0.0020300883267077665,0.0042093070008472665,-0.00108960933706975,1.0,0.0,2.0,-0.00108960933706975,-0.00168960933706975,-0.00208960933706975,-0.00308960933706975,volume_shock_20__missing,fold_2025,2025
2025-07-11,30,6,6,0.007227328275879533,0.011489358573184434,-0.0021310151486524506,1.0,0.0,2.0,-0.0021310151486524506,-0.0027310151486524504,-0.0031310151486524506,-0.004131015148652451,volume_shock_20__missing,fold_2025,2025
2025-07-18,30,6,6,0.029617424693904177,-0.0029559740183212665,0.01628669935611272,1.0,0.0,2.0,0.01628669935611272,0.01568669935611272,0.01528669935611272,0.01428669935611272,volume_shock_20__missing,fold_2025,2025
2025-07-25,30,6,6,-0.027846398976976383,-0.013499312316345819,-0.007173543330315282,1.0,0.0,2.0,-0.007173543330315282,-0.007773543330315282,-0.008173543330315282,-0.009173543330315281,volume_shock_20__missing,fold_2025,2025
2025-08-01,30,6,6,0.0014243173537378667,0.0005787767275901495,0.0004227703130738586,1.0,0.0,2.0,0.0004227703130738586,-0.00017722968692614134,-0.0005772296869261415,-0.0015772296869261415,volume_shock_20__missing,fold_2025,2025
2025-08-08,30,6,6,0.0025939619157738327,-0.0022418809471628676,0.00241792143146835,1.0,0.0,2.0,0.00241792143146835,0.0018179214314683503,0.0014179214314683501,0.0004179214314683501,volume_shock_20__missing,fold_2025,2025
2025-08-15,30,6,6,0.0012950442177015996,-0.002338449687004533,0.0018167469523530664,1.0,0.0,2.0,0.0018167469523530664,0.0012167469523530665,0.0008167469523530663,-0.00018325304764693368,volume_shock_20__missing,fold_2025,2025
2025-08-22,30,6,6,-0.0019313791185518994,0.012935063055888084,-0.007433221087219992,1.0,0.0,2.0,-0.007433221087219992,-0.008033221087219992,-0.008433221087219993,-0.009433221087219992,volume_shock_20__missing,fold_2025,2025
2025-08-29,30,6,6,-0.0084443572778612,0.013571207026897333,-0.011007782152379266,1.0,0.0,2.0,-0.011007782152379266,-0.011607782152379266,-0.012007782152379267,-0.013007782152379266,volume_shock_20__missing,fold_2025,2025
2025-09-05,30,6,6,-0.0005762771760395334,0.0031450674959040497,-0.0018606723359717915,1.0,0.0,2.0,-0.0018606723359717915,-0.0024606723359717913,-0.0028606723359717915,-0.0038606723359717915,volume_shock_20__missing,fold_2025,2025
2025-09-12,30,6,6,-0.008725268600990018,-0.009176544147441233,0.00022563777322560756,1.0,0.0,2.0,0.00022563777322560756,-0.0003743622267743924,-0.0007743622267743925,-0.0017743622267743925,volume_shock_20__missing,fold_2025,2025
2025-09-19,30,6,6,-0.0011214552514313668,0.014820120683934632,-0.007970787967683,1.0,0.0,2.0,-0.007970787967683,-0.008570787967683,-0.008970787967683,-0.009970787967683,volume_shock_20__missing,fold_2025,2025
2025-09-26,30,6,6,-0.0019246635046771664,0.013588858392057748,-0.007756760948367457,1.0,0.0,2.0,-0.007756760948367457,-0.008356760948367457,-0.008756760948367456,-0.009756760948367457,volume_shock_20__missing,fold_2025,2025
2025-10-13,30,6,6,-0.009679442453695652,0.018394105626528167,-0.014036774040111909,1.0,0.0,2.0,-0.014036774040111909,-0.014636774040111909,-0.01503677404011191,-0.01603677404011191,volume_shock_20__missing,fold_2025,2025
2025-10-20,30,6,6,0.01626273490873525,-0.009894342507996185,0.013078538708365717,1.0,0.0,2.0,0.013078538708365717,0.012478538708365718,0.012078538708365717,0.011078538708365717,volume_shock_20__missing,fold_2025,2025
2025-10-27,30,6,6,-0.0036671327961840337,0.002981589654639483,-0.0033243612254117583,1.0,0.0,2.0,-0.0033243612254117583,-0.003924361225411758,-0.004324361225411758,-0.005324361225411758,volume_shock_20__missing,fold_2025,2025
2025-11-03,30,6,6,0.007028989898778916,0.0011507681810089346,0.002939110858884991,1.0,0.0,2.0,0.002939110858884991,0.002339110858884991,0.0019391108588849909,0.0009391108588849909,volume_shock_20__missing,fold_2025,2025
2025-11-10,30,6,6,0.00019128413961836654,0.0007793811584215337,-0.00029404850940158357,1.0,0.0,2.0,-0.00029404850940158357,-0.0008940485094015836,-0.0012940485094015835,-0.0022940485094015838,volume_shock_20__missing,fold_2025,2025
2025-11-17,30,6,6,-0.008360079258358266,0.0019480626612953837,-0.005154070959826825,1.0,0.0,2.0,-0.005154070959826825,-0.005754070959826825,-0.006154070959826825,-0.007154070959826825,volume_shock_20__missing,fold_2025,2025
2025-11-24,30,6,6,0.015452806013379283,0.027751933698168457,-0.006149563842394587,1.0,0.0,2.0,-0.006149563842394587,-0.0067495638423945865,-0.007149563842394587,-0.008149563842394587,volume_shock_20__missing,fold_2025,2025
2025-12-01,30,6,6,0.001069490256261501,0.0043766118249291336,-0.0016535607843338163,1.0,0.0,2.0,-0.0016535607843338163,-0.002253560784333816,-0.0026535607843338163,-0.0036535607843338164,volume_shock_20__missing,fold_2025,2025
2025-12-08,30,6,6,-0.0016668708379587492,0.018018225342415182,-0.009842548090186965,1.0,0.0,2.0,-0.009842548090186965,-0.010442548090186965,-0.010842548090186966,-0.011842548090186965,volume_shock_20__missing,fold_2025,2025
2025-12-15,30,6,6,0.010940177992106934,0.0229013241673235,-0.005980573087608283,1.0,0.0,2.0,-0.005980573087608283,-0.006580573087608283,-0.006980573087608283,-0.007980573087608283,volume_shock_20__missing,fold_2025,2025
2025-12-22,30,6,6,0.012249848924108886,0.031180981499353954,-0.009465566287622535,1.0,0.0,2.0,-0.009465566287622535,-0.010065566287622535,-0.010465566287622536,-0.011465566287622535,volume_shock_20__missing,fold_2025,2025
2025-01-02,30,6,6,0.008814606412897483,-0.022270330757340515,0.015542468585118999,1.0,0.0,2.0,0.015542468585118999,0.014942468585118999,0.014542468585118998,0.013542468585118999,amihud_20__csz,fold_2025,2025
2025-01-09,30,6,6,0.02506907536070772,0.036610118649225185,-0.005770521644258732,1.0,0.0,2.0,-0.005770521644258732,-0.006370521644258732,-0.006770521644258732,-0.007770521644258732,amihud_20__csz,fold_2025,2025
2025-01-16,30,6,6,-0.008774213857989618,-0.012485105019728734,0.001855445580869558,1.0,0.0,2.0,0.001855445580869558,0.0012554455808695582,0.000855445580869558,-0.00014455441913044202,amihud_20__csz,fold_2025,2025
2025-01-23,30,6,6,0.02808167543865374,0.020897482796303466,0.0035920963211751363,1.0,0.0,2.0,0.0035920963211751363,0.0029920963211751365,0.0025920963211751363,0.0015920963211751363,amihud_20__csz,fold_2025,2025
2025-02-07,30,6,6,0.005275618693022882,-0.018499227933500468,0.011887423313261675,1.0,0.0,2.0,0.011887423313261675,0.011287423313261675,0.010887423313261674,0.009887423313261675,amihud_20__csz,fold_2025,2025
2025-02-14,30,6,6,0.01686518450808,0.008072511260230432,0.004396336623924784,1.0,0.0,2.0,0.004396336623924784,0.003796336623924784,0.003396336623924784,0.002396336623924784,amihud_20__csz,fold_2025,2025
2025-02-21,30,6,6,-0.021247484575020115,-0.023369690245228766,0.0010611028351043255,1.0,0.0,2.0,0.0010611028351043255,0.00046110283510432555,6.110283510432548e-05,-0.0009388971648956745,amihud_20__csz,fold_2025,2025
2025-02-28,30,6,6,0.0029726704332864334,-0.017234258890310567,0.010103464661798501,1.0,0.0,2.0,0.010103464661798501,0.009503464661798501,0.0091034646617985,0.008103464661798501,amihud_20__csz,fold_2025,2025
2025-03-07,30,6,6,0.017254868813795315,-0.004455240157104817,0.010855054485450067,1.0,0.0,2.0,0.010855054485450067,0.010255054485450067,0.009855054485450068,0.008855054485450067,amihud_20__csz,fold_2025,2025
2025-03-14,30,6,6,-0.008681577606358749,-0.0260400276733662,0.008679225033503726,1.0,0.0,2.0,0.008679225033503726,0.008079225033503726,0.007679225033503726,0.006679225033503726,amihud_20__csz,fold_2025,2025
2025-03-21,30,6,6,0.009877620693398233,0.015110969982516266,-0.0026166746445590167,1.0,0.0,2.0,-0.0026166746445590167,-0.0032166746445590165,-0.0036166746445590167,-0.004616674644559017,amihud_20__csz,fold_2025,2025
2025-03-28,30,6,6,-0.04229960564498205,-0.02493284932320285,-0.0086833781608896,1.0,0.0,2.0,-0.0086833781608896,-0.0092833781608896,-0.0096833781608896,-0.0106833781608896,amihud_20__csz,fold_2025,2025
2025-04-07,30,6,6,0.030060669909744698,0.00015454231321986655,0.014953063798262415,1.0,0.0,2.0,0.014953063798262415,0.014353063798262415,0.013953063798262416,0.012953063798262415,amihud_20__csz,fold_2025,2025
2025-04-14,30,6,6,0.008586273971676,0.0028193037469511676,0.002883485112362416,1.0,0.0,2.0,0.002883485112362416,0.0022834851123624163,0.001883485112362416,0.0008834851123624161,amihud_20__csz,fold_2025,2025
2025-04-21,30,6,6,-0.006080903892450234,0.013680834146776767,-0.0098808690196135,1.0,0.0,2.0,-0.0098808690196135,-0.0104808690196135,-0.0108808690196135,-0.0118808690196135,amihud_20__csz,fold_2025,2025
2025-04-28,30,6,6,-0.012292689905195534,-0.030213672338927595,0.00896049121686603,1.0,0.0,2.0,0.00896049121686603,0.00836049121686603,0.007960491216866029,0.0069604912168660295,amihud_20__csz,fold_2025,2025
2025-05-08,30,6,6,-0.005467900743875434,-0.0005517845210026836,-0.0024580581114363753,1.0,0.0,2.0,-0.0024580581114363753,-0.003058058111436375,-0.0034580581114363753,-0.004458058111436375,amihud_20__csz,fold_2025,2025
2025-05-15,30,6,6,0.006844890701893415,-0.006813249139364965,0.00682906992062919,1.0,0.0,2.0,0.00682906992062919,0.00622906992062919,0.00582906992062919,0.00482906992062919,amihud_20__csz,fold_2025,2025
2025-05-22,30,6,6,0.0005829828495862001,-0.017222698755787417,0.008902840802686808,1.0,0.0,2.0,0.008902840802686808,0.008302840802686808,0.007902840802686807,0.006902840802686808,amihud_20__csz,fold_2025,2025
2025-05-29,30,6,6,0.01671409334925345,-0.0046437832589761,0.010678938304114774,1.0,0.0,2.0,0.010678938304114774,0.010078938304114774,0.009678938304114773,0.008678938304114774,amihud_20__csz,fold_2025,2025
2025-06-06,30,6,6,0.003728485575288333,0.03884814277186862,-0.017559828598290143,1.0,0.0,2.0,-0.017559828598290143,-0.018159828598290143,-0.018559828598290144,-0.01955982859829014,amihud_20__csz,fold_2025,2025
2025-06-13,30,6,6,0.006221541892695133,0.016671463884915503,-0.005224960996110185,1.0,0.0,2.0,-0.005224960996110185,-0.0058249609961101845,-0.006224960996110185,-0.007224960996110185,amihud_20__csz,fold_2025,2025
2025-06-20,30,6,6,-0.010853263720402748,-0.02324181519553285,0.006194275737565051,1.0,0.0,2.0,0.006194275737565051,0.005594275737565051,0.005194275737565051,0.004194275737565051,amihud_20__csz,fold_2025,2025
2025-06-27,30,6,6,0.013406217190552135,0.0005189166816977666,0.006443650254427184,1.0,0.0,2.0,0.006443650254427184,0.005843650254427184,0.005443650254427184,0.004443650254427184,amihud_20__csz,fold_2025,2025
2025-07-04,30,6,6,0.009218018300895534,0.010112147183018167,-0.00044706444106131643,1.0,0.0,2.0,-0.00044706444106131643,-0.0010470644410613163,-0.0014470644410613165,-0.0024470644410613165,amihud_20__csz,fold_2025,2025
2025-07-11,30,6,6,0.01726971145839262,0.01377442242153945,0.0017476445184265842,1.0,0.0,2.0,0.0017476445184265842,0.0011476445184265844,0.0007476445184265842,-0.0002523554815734158,amihud_20__csz,fold_2025,2025
2025-07-18,30,6,6,0.008113609719917017,0.023921160337001948,-0.007903775308542464,1.0,0.0,2.0,-0.007903775308542464,-0.008503775308542464,-0.008903775308542465,-0.009903775308542464,amihud_20__csz,fold_2025,2025
2025-07-25,30,6,6,-0.01516795072622975,-0.018139742520690814,0.0014858958972305322,1.0,0.0,2.0,0.0014858958972305322,0.0008858958972305322,0.00048589589723053214,-0.0005141041027694679,amihud_20__csz,fold_2025,2025
2025-08-01,30,6,6,0.010042693338436116,0.0023549461823727685,0.003843873578031674,1.0,0.0,2.0,0.003843873578031674,0.003243873578031674,0.002843873578031674,0.001843873578031674,amihud_20__csz,fold_2025,2025
2025-08-08,30,6,6,0.008000114640527948,-0.0147289076878239,0.011364511164175924,1.0,0.0,2.0,0.011364511164175924,0.010764511164175924,0.010364511164175923,0.009364511164175924,amihud_20__csz,fold_2025,2025
2025-08-15,30,6,6,-0.006293348896417,-0.007680697562048984,0.0006936743328159918,1.0,0.0,2.0,0.0006936743328159918,9.367433281599186e-05,-0.0003063256671840082,-0.0013063256671840082,amihud_20__csz,fold_2025,2025
2025-08-22,30,6,6,5.624896368021671e-05,-0.005350872155419882,0.0027035605595500493,1.0,0.0,2.0,0.0027035605595500493,0.0021035605595500495,0.0017035605595500493,0.0007035605595500493,amihud_20__csz,fold_2025,2025
2025-08-29,30,6,6,0.021759851422931898,-0.0026218452982632507,0.012190848360597575,1.0,0.0,2.0,0.012190848360597575,0.011590848360597575,0.011190848360597576,0.010190848360597575,amihud_20__csz,fold_2025,2025
2025-09-05,30,6,6,-0.0006768664215097666,-0.0016406848067568001,0.0004819091926235168,1.0,0.0,2.0,0.0004819091926235168,-0.00011809080737648316,-0.0005180908073764833,-0.0015180908073764833,amihud_20__csz,fold_2025,2025
2025-09-12,30,6,6,-0.0028386908660776333,0.015388084234444717,-0.009113387550261176,1.0,0.0,2.0,-0.009113387550261176,-0.009713387550261176,-0.010113387550261175,-0.011113387550261176,amihud_20__csz,fold_2025,2025
2025-09-19,30,6,6,0.01342906562821195,-0.004399810505627849,0.0089144380669199,1.0,0.0,2.0,0.0089144380669199,0.0083144380669199,0.0079144380669199,0.0069144380669199,amihud_20__csz,fold_2025,2025
2025-09-26,30,6,6,0.03653029704305248,-0.037971012621123436,0.03725065483208796,1.0,0.0,2.0,0.03725065483208796,0.03665065483208796,0.03625065483208796,0.03525065483208796,amihud_20__csz,fold_2025,2025
2025-10-13,30,6,6,0.010056328290696066,-0.0013116552268888336,0.00568399175879245,1.0,0.0,2.0,0.00568399175879245,0.00508399175879245,0.00468399175879245,0.00368399175879245,amihud_20__csz,fold_2025,2025
2025-10-20,30,6,6,-0.016966461666324383,0.032390867823287435,-0.024678664744805907,1.0,0.0,2.0,-0.024678664744805907,-0.025278664744805907,-0.02567866474480591,-0.02667866474480591,amihud_20__csz,fold_2025,2025
2025-10-27,30,6,6,-0.012435376575371916,0.003186186572274749,-0.007810781573823333,1.0,0.0,2.0,-0.007810781573823333,-0.008410781573823333,-0.008810781573823333,-0.009810781573823334,amihud_20__csz,fold_2025,2025
2025-11-03,30,6,6,0.0095756393489844,-0.012075774975188233,0.010825707162086317,1.0,0.0,2.0,0.010825707162086317,0.010225707162086317,0.009825707162086316,0.008825707162086317,amihud_20__csz,fold_2025,2025
2025-11-10,30,6,6,0.0041600011759396335,-0.010661163541547466,0.007410582358743549,1.0,0.0,2.0,0.007410582358743549,0.0068105823587435495,0.006410582358743549,0.005410582358743549,amihud_20__csz,fold_2025,2025
2025-11-17,30,6,6,-0.0075219115811755504,-0.015636283041132668,0.004057185729978558,1.0,0.0,2.0,0.004057185729978558,0.0034571857299785583,0.003057185729978558,0.002057185729978558,amihud_20__csz,fold_2025,2025
2025-11-24,30,6,6,0.03862172914304967,-0.010711059501996167,0.02466639432252292,1.0,0.0,2.0,0.02466639432252292,0.02406639432252292,0.02366639432252292,0.022666394322522918,amihud_20__csz,fold_2025,2025
2025-12-01,30,6,6,0.010852205018882366,-0.011667529091996484,0.011259867055439425,1.0,0.0,2.0,0.011259867055439425,0.010659867055439426,0.010259867055439426,0.009259867055439425,amihud_20__csz,fold_2025,2025
2025-12-08,30,6,6,0.020241093401565068,-0.009980837088713184,0.015110965245139125,1.0,0.0,2.0,0.015110965245139125,0.014510965245139125,0.014110965245139124,0.013110965245139125,amihud_20__csz,fold_2025,2025
2025-12-15,30,6,6,0.020075980583503968,0.023333665762809135,-0.0016288425896525838,1.0,0.0,2.0,-0.0016288425896525838,-0.0022288425896525837,-0.002628842589652584,-0.003628842589652584,amihud_20__csz,fold_2025,2025
2025-12-22,30,6,6,0.03065291325894122,0.0007815137950959662,0.014935699731922627,1.0,0.0,2.0,0.014935699731922627,0.014335699731922627,0.013935699731922626,0.012935699731922627,amihud_20__csz,fold_2025,2025
2025-01-02,30,6,6,-0.008643717017779867,0.002678744855383467,-0.005661230936581667,1.0,0.0,2.0,-0.005661230936581667,-0.006261230936581667,-0.006661230936581667,-0.007661230936581667,amihud_20__missing,fold_2025,2025
2025-01-09,30,6,6,0.0075445210942481486,0.018594971169530666,-0.005525225037641258,1.0,0.0,2.0,-0.005525225037641258,-0.006125225037641258,-0.006525225037641258,-0.007525225037641258,amihud_20__missing,fold_2025,2025
2025-01-16,30,6,6,-0.010761841957401931,-0.010041264596301166,-0.0003602886805503828,1.0,0.0,2.0,-0.0003602886805503828,-0.0009602886805503828,-0.0013602886805503828,-0.002360288680550383,amihud_20__missing,fold_2025,2025
2025-01-23,30,6,6,0.026902164920274117,0.022760400240047135,0.0020708823401134908,1.0,0.0,2.0,0.0020708823401134908,0.001470882340113491,0.0010708823401134908,7.088234011349073e-05,amihud_20__missing,fold_2025,2025
2025-02-07,30,6,6,0.0034579360473451504,0.014863603764137085,-0.005702833858395967,1.0,0.0,2.0,-0.005702833858395967,-0.006302833858395967,-0.006702833858395967,-0.007702833858395967,amihud_20__missing,fold_2025,2025
2025-02-14,30,6,6,-0.0019584202884222503,-0.005546947229154684,0.0017942634703662168,1.0,0.0,2.0,0.0017942634703662168,0.001194263470366217,0.0007942634703662168,-0.0002057365296337832,amihud_20__missing,fold_2025,2025
2025-02-21,30,6,6,-0.01620415741924312,-0.01981034273051052,0.0018030926556336993,1.0,0.0,2.0,0.0018030926556336993,0.0012030926556336995,0.0008030926556336993,-0.00019690734436630074,amihud_20__missing,fold_2025,2025
2025-02-28,30,6,6,0.0017574808783526665,0.005772026116737082,-0.002007272619192208,1.0,0.0,2.0,-0.002007272619192208,-0.002607272619192208,-0.003007272619192208,-0.004007272619192208,amihud_20__missing,fold_2025,2025
2025-03-07,30,6,6,0.01790988762657575,0.01117074853885155,0.0033695695438620997,1.0,0.0,2.0,0.0033695695438620997,0.0027695695438621,0.0023695695438620996,0.0013695695438620996,amihud_20__missing,fold_2025,2025
2025-03-14,30,6,6,-0.00670018249429645,-0.005378130145819351,-0.0006610261742385497,1.0,0.0,2.0,-0.0006610261742385497,-0.0012610261742385495,-0.0016610261742385497,-0.0026610261742385497,amihud_20__missing,fold_2025,2025
2025-03-21,30,6,6,0.008953652940416067,0.010443650073667751,-0.0007449985666258419,1.0,0.0,2.0,-0.0007449985666258419,-0.0013449985666258418,-0.001744998566625842,-0.002744998566625842,amihud_20__missing,fold_2025,2025
2025-03-28,30,6,6,-0.05285900986506967,-0.042894403238588376,-0.004982303313240646,1.0,0.0,2.0,-0.004982303313240646,-0.0055823033132406455,-0.005982303313240646,-0.006982303313240646,amihud_20__missing,fold_2025,2025
2025-04-07,30,6,6,0.0006071785515274665,0.015950776796268846,-0.00767179912237069,1.0,0.0,2.0,-0.00767179912237069,-0.00827179912237069,-0.00867179912237069,-0.00967179912237069,amihud_20__missing,fold_2025,2025
2025-04-14,30,6,6,-0.00027935445437895037,0.013286368781465817,-0.006782861617922384,1.0,0.0,2.0,-0.006782861617922384,-0.0073828616179223835,-0.007782861617922384,-0.008782861617922383,amihud_20__missing,fold_2025,2025
2025-04-21,30,6,6,0.0040523527979588825,0.002419965293180782,0.0008161937523890504,1.0,0.0,2.0,0.0008161937523890504,0.00021619375238905042,-0.00018380624761094966,-0.0011838062476109497,amihud_20__missing,fold_2025,2025
2025-04-28,30,6,6,-0.00718951193955315,-0.003936962928007667,-0.0016262745057727414,1.0,0.0,2.0,-0.0016262745057727414,-0.0022262745057727413,-0.0026262745057727415,-0.0036262745057727415,amihud_20__missing,fold_2025,2025
2025-05-08,30,6,6,0.019815468992626633,0.0028483170635519007,0.008483575964537367,1.0,0.0,2.0,0.008483575964537367,0.007883575964537367,0.007483575964537367,0.006483575964537367,amihud_20__missing,fold_2025,2025
2025-05-15,30,6,6,-0.008674213807957432,0.010849661334130331,-0.00976193757104388,1.0,0.0,2.0,-0.00976193757104388,-0.01036193757104388,-0.010761937571043882,-0.01176193757104388,amihud_20__missing,fold_2025,2025
2025-05-22,30,6,6,-0.00954213346398895,-0.0035272785088116504,-0.003007427477588649,1.0,0.0,2.0,-0.003007427477588649,-0.003607427477588649,-0.004007427477588649,-0.005007427477588649,amihud_20__missing,fold_2025,2025
2025-05-29,30,6,6,-0.0005790636159993161,0.014508581917736768,-0.007543822766868042,1.0,0.0,2.0,-0.007543822766868042,-0.008143822766868042,-0.00854382276686804,-0.009543822766868042,amihud_20__missing,fold_2025,2025
2025-06-06,30,6,6,0.0033019887739572508,0.019711426020677814,-0.008204718623360282,1.0,0.0,2.0,-0.008204718623360282,-0.008804718623360281,-0.00920471862336028,-0.010204718623360282,amihud_20__missing,fold_2025,2025
2025-06-13,30,6,6,0.0173628603516897,-0.0011935753651476004,0.00927821785841865,1.0,0.0,2.0,0.00927821785841865,0.00867821785841865,0.00827821785841865,0.00727821785841865,amihud_20__missing,fold_2025,2025
2025-06-20,30,6,6,0.0023028730457931674,-0.008058875973531167,0.005180874509662167,1.0,0.0,2.0,0.005180874509662167,0.004580874509662167,0.004180874509662167,0.003180874509662167,amihud_20__missing,fold_2025,2025
2025-06-27,30,6,6,-0.00785162858114365,0.005339474566943615,-0.006595551574043632,1.0,0.0,2.0,-0.006595551574043632,-0.007195551574043632,-0.007595551574043632,-0.008595551574043632,amihud_20__missing,fold_2025,2025
2025-07-04,30,6,6,0.0020300883267077665,0.0042093070008472665,-0.00108960933706975,1.0,0.0,2.0,-0.00108960933706975,-0.00168960933706975,-0.00208960933706975,-0.00308960933706975,amihud_20__missing,fold_2025,2025
2025-07-11,30,6,6,0.007227328275879533,0.011489358573184434,-0.0021310151486524506,1.0,0.0,2.0,-0.0021310151486524506,-0.0027310151486524504,-0.0031310151486524506,-0.004131015148652451,amihud_20__missing,fold_2025,2025
2025-07-18,30,6,6,0.029617424693904177,-0.0029559740183212665,0.01628669935611272,1.0,0.0,2.0,0.01628669935611272,0.01568669935611272,0.01528669935611272,0.01428669935611272,amihud_20__missing,fold_2025,2025
2025-07-25,30,6,6,-0.027846398976976383,-0.013499312316345819,-0.007173543330315282,1.0,0.0,2.0,-0.007173543330315282,-0.007773543330315282,-0.008173543330315282,-0.009173543330315281,amihud_20__missing,fold_2025,2025
2025-08-01,30,6,6,0.0014243173537378667,0.0005787767275901495,0.0004227703130738586,1.0,0.0,2.0,0.0004227703130738586,-0.00017722968692614134,-0.0005772296869261415,-0.0015772296869261415,amihud_20__missing,fold_2025,2025
2025-08-08,30,6,6,0.0025939619157738327,-0.0022418809471628676,0.00241792143146835,1.0,0.0,2.0,0.00241792143146835,0.0018179214314683503,0.0014179214314683501,0.0004179214314683501,amihud_20__missing,fold_2025,2025
2025-08-15,30,6,6,0.0012950442177015996,-0.002338449687004533,0.0018167469523530664,1.0,0.0,2.0,0.0018167469523530664,0.0012167469523530665,0.0008167469523530663,-0.00018325304764693368,amihud_20__missing,fold_2025,2025
2025-08-22,30,6,6,-0.0019313791185518994,0.012935063055888084,-0.007433221087219992,1.0,0.0,2.0,-0.007433221087219992,-0.008033221087219992,-0.008433221087219993,-0.009433221087219992,amihud_20__missing,fold_2025,2025
2025-08-29,30,6,6,-0.0084443572778612,0.013571207026897333,-0.011007782152379266,1.0,0.0,2.0,-0.011007782152379266,-0.011607782152379266,-0.012007782152379267,-0.013007782152379266,amihud_20__missing,fold_2025,2025
2025-09-05,30,6,6,-0.0005762771760395334,0.0031450674959040497,-0.0018606723359717915,1.0,0.0,2.0,-0.0018606723359717915,-0.0024606723359717913,-0.0028606723359717915,-0.0038606723359717915,amihud_20__missing,fold_2025,2025
2025-09-12,30,6,6,-0.008725268600990018,-0.009176544147441233,0.00022563777322560756,1.0,0.0,2.0,0.00022563777322560756,-0.0003743622267743924,-0.0007743622267743925,-0.0017743622267743925,amihud_20__missing,fold_2025,2025
2025-09-19,30,6,6,-0.0011214552514313668,0.014820120683934632,-0.007970787967683,1.0,0.0,2.0,-0.007970787967683,-0.008570787967683,-0.008970787967683,-0.009970787967683,amihud_20__missing,fold_2025,2025
2025-09-26,30,6,6,-0.0019246635046771664,0.013588858392057748,-0.007756760948367457,1.0,0.0,2.0,-0.007756760948367457,-0.008356760948367457,-0.008756760948367456,-0.009756760948367457,amihud_20__missing,fold_2025,2025
2025-10-13,30,6,6,-0.009679442453695652,0.018394105626528167,-0.014036774040111909,1.0,0.0,2.0,-0.014036774040111909,-0.014636774040111909,-0.01503677404011191,-0.01603677404011191,amihud_20__missing,fold_2025,2025
2025-10-20,30,6,6,0.01626273490873525,-0.009894342507996185,0.013078538708365717,1.0,0.0,2.0,0.013078538708365717,0.012478538708365718,0.012078538708365717,0.011078538708365717,amihud_20__missing,fold_2025,2025
2025-10-27,30,6,6,-0.0036671327961840337,0.002981589654639483,-0.0033243612254117583,1.0,0.0,2.0,-0.0033243612254117583,-0.003924361225411758,-0.004324361225411758,-0.005324361225411758,amihud_20__missing,fold_2025,2025
2025-11-03,30,6,6,0.007028989898778916,0.0011507681810089346,0.002939110858884991,1.0,0.0,2.0,0.002939110858884991,0.002339110858884991,0.0019391108588849909,0.0009391108588849909,amihud_20__missing,fold_2025,2025
2025-11-10,30,6,6,0.00019128413961836654,0.0007793811584215337,-0.00029404850940158357,1.0,0.0,2.0,-0.00029404850940158357,-0.0008940485094015836,-0.0012940485094015835,-0.0022940485094015838,amihud_20__missing,fold_2025,2025
2025-11-17,30,6,6,-0.008360079258358266,0.0019480626612953837,-0.005154070959826825,1.0,0.0,2.0,-0.005154070959826825,-0.005754070959826825,-0.006154070959826825,-0.007154070959826825,amihud_20__missing,fold_2025,2025
2025-11-24,30,6,6,0.015452806013379283,0.027751933698168457,-0.006149563842394587,1.0,0.0,2.0,-0.006149563842394587,-0.0067495638423945865,-0.007149563842394587,-0.008149563842394587,amihud_20__missing,fold_2025,2025
2025-12-01,30,6,6,0.001069490256261501,0.0043766118249291336,-0.0016535607843338163,1.0,0.0,2.0,-0.0016535607843338163,-0.002253560784333816,-0.0026535607843338163,-0.0036535607843338164,amihud_20__missing,fold_2025,2025
2025-12-08,30,6,6,-0.0016668708379587492,0.018018225342415182,-0.009842548090186965,1.0,0.0,2.0,-0.009842548090186965,-0.010442548090186965,-0.010842548090186966,-0.011842548090186965,amihud_20__missing,fold_2025,2025
2025-12-15,30,6,6,0.010940177992106934,0.0229013241673235,-0.005980573087608283,1.0,0.0,2.0,-0.005980573087608283,-0.006580573087608283,-0.006980573087608283,-0.007980573087608283,amihud_20__missing,fold_2025,2025
2025-12-22,30,6,6,0.012249848924108886,0.031180981499353954,-0.009465566287622535,1.0,0.0,2.0,-0.009465566287622535,-0.010065566287622535,-0.010465566287622536,-0.011465566287622535,amihud_20__missing,fold_2025,2025
2025-01-02,30,6,6,0.011801207128445734,-0.007666160116227601,0.009733683622336668,1.0,0.0,2.0,0.009733683622336668,0.009133683622336668,0.008733683622336667,0.007733683622336668,turnover_oi__csz,fold_2025,2025
2025-01-09,30,6,6,0.02508648215945725,0.03268388999259445,-0.003798703916568601,1.0,0.0,2.0,-0.003798703916568601,-0.004398703916568601,-0.004798703916568601,-0.005798703916568601,turnover_oi__csz,fold_2025,2025
2025-01-16,30,6,6,-0.012197786835169401,0.0016151440981646166,-0.0069064654666670085,1.0,0.0,2.0,-0.0069064654666670085,-0.007506465466667008,-0.007906465466667009,-0.00890646546666701,turnover_oi__csz,fold_2025,2025
2025-01-23,30,6,6,0.029594586379700107,0.0092201344766725,0.010187225951513803,1.0,0.0,2.0,0.010187225951513803,0.009587225951513803,0.009187225951513802,0.008187225951513803,turnover_oi__csz,fold_2025,2025
2025-02-07,30,6,6,0.0017919052775813165,0.00014456147956134991,0.0008236718990099833,1.0,0.0,2.0,0.0008236718990099833,0.00022367189900998337,-0.0001763281009900167,-0.0011763281009900166,turnover_oi__csz,fold_2025,2025
2025-02-14,30,6,6,0.014212832958108483,0.005832763883475949,0.004190034537316267,1.0,0.0,2.0,0.004190034537316267,0.0035900345373162668,0.0031900345373162666,0.0021900345373162666,turnover_oi__csz,fold_2025,2025
2025-02-21,30,6,6,-0.026455263924495265,-0.010714771834014267,-0.0078702460452405,1.0,0.0,2.0,-0.0078702460452405,-0.0084702460452405,-0.0088702460452405,-0.0098702460452405,turnover_oi__csz,fold_2025,2025
2025-02-28,30,6,6,0.00365506792835648,-0.0081792547141588,0.00591716132125764,1.0,0.0,2.0,0.00591716132125764,0.00531716132125764,0.00491716132125764,0.00391716132125764,turnover_oi__csz,fold_2025,2025
2025-03-07,30,6,6,0.030146335349084202,-0.002021444872903467,0.016083890110993836,1.0,0.0,2.0,0.016083890110993836,0.015483890110993836,0.015083890110993835,0.014083890110993836,turnover_oi__csz,fold_2025,2025
2025-03-14,30,6,6,-0.0069462599418252,-0.010606966622277102,0.001830353340225951,1.0,0.0,2.0,0.001830353340225951,0.0012303533402259511,0.000830353340225951,-0.00016964665977404906,turnover_oi__csz,fold_2025,2025
2025-03-21,30,6,6,0.022912556711614216,0.00804386288195575,0.007434346914829233,1.0,0.0,2.0,0.007434346914829233,0.006834346914829233,0.006434346914829233,0.005434346914829233,turnover_oi__csz,fold_2025,2025
2025-03-28,30,6,6,-0.0824790355465826,-0.014750990723203202,-0.033864022411689704,1.0,0.0,2.0,-0.033864022411689704,-0.03446402241168971,-0.034864022411689705,-0.035864022411689706,turnover_oi__csz,fold_2025,2025
2025-04-07,30,6,6,0.025435034434466614,0.00157918396721695,0.011927925233624832,1.0,0.0,2.0,0.011927925233624832,0.011327925233624832,0.010927925233624833,0.009927925233624832,turnover_oi__csz,fold_2025,2025
2025-04-14,30,6,6,0.015271501464598049,-0.009467083559850166,0.012369292512224107,1.0,0.0,2.0,0.012369292512224107,0.011769292512224108,0.011369292512224106,0.010369292512224107,turnover_oi__csz,fold_2025,2025
2025-04-21,30,6,6,0.0023895931630592334,0.005189190447373033,-0.0013997986421569,1.0,0.0,2.0,-0.0013997986421569,-0.0019997986421569,-0.0023997986421569,-0.0033997986421569,turnover_oi__csz,fold_2025,2025
2025-04-28,30,6,6,-0.018139289274490485,-0.0164323181187112,-0.0008534855778896434,1.0,0.0,2.0,-0.0008534855778896434,-0.0014534855778896433,-0.0018534855778896435,-0.0028534855778896435,turnover_oi__csz,fold_2025,2025
2025-05-08,30,6,6,-0.004242249884572734,0.011832246465608565,-0.008037248175090649,1.0,0.0,2.0,-0.008037248175090649,-0.008637248175090649,-0.009037248175090648,-0.010037248175090649,turnover_oi__csz,fold_2025,2025
2025-05-15,30,6,6,0.003241534085307233,-0.015945689487701368,0.009593611786504301,1.0,0.0,2.0,0.009593611786504301,0.008993611786504301,0.0085936117865043,0.007593611786504301,turnover_oi__csz,fold_2025,2025
2025-05-22,30,6,6,-0.0023119825429736666,-0.0179855901200699,0.007836803788548117,1.0,0.0,2.0,0.007836803788548117,0.007236803788548117,0.006836803788548117,0.005836803788548117,turnover_oi__csz,fold_2025,2025
2025-05-29,30,6,6,0.019644120961973634,0.001132979730748767,0.009255570615612434,1.0,0.0,2.0,0.009255570615612434,0.008655570615612434,0.008255570615612433,0.007255570615612434,turnover_oi__csz,fold_2025,2025
2025-06-06,30,6,6,0.04660207508599943,0.0088416674956224,0.018880203795188514,1.0,0.0,2.0,0.018880203795188514,0.018280203795188514,0.017880203795188513,0.016880203795188516,turnover_oi__csz,fold_2025,2025
2025-06-13,30,6,6,0.031784964334626874,0.005577934338147017,0.013103514998239928,1.0,0.0,2.0,0.013103514998239928,0.012503514998239929,0.012103514998239927,0.011103514998239928,turnover_oi__csz,fold_2025,2025
2025-06-20,30,6,6,-0.02907260693065418,-0.010854343926450483,-0.00910913150210185,1.0,0.0,2.0,-0.00910913150210185,-0.009709131502101849,-0.01010913150210185,-0.01110913150210185,turnover_oi__csz,fold_2025,2025
2025-06-27,30,6,6,-0.0008452935860819335,0.0012898380408793166,-0.001067565813480625,1.0,0.0,2.0,-0.001067565813480625,-0.001667565813480625,-0.0020675658134806253,-0.0030675658134806253,turnover_oi__csz,fold_2025,2025
2025-07-04,30,6,6,0.017029795544590248,0.012434506960731699,0.0022976442919292748,1.0,0.0,2.0,0.0022976442919292748,0.001697644291929275,0.0012976442919292747,0.0002976442919292747,turnover_oi__csz,fold_2025,2025
2025-07-11,30,6,6,0.012439216428985817,0.009642768834683216,0.0013982237971513004,1.0,0.0,2.0,0.0013982237971513004,0.0007982237971513004,0.00039822379715130033,-0.0006017762028486997,turnover_oi__csz,fold_2025,2025
2025-07-18,30,6,6,0.067817746491061,0.0128959192451642,0.027460913622948398,1.0,0.0,2.0,0.027460913622948398,0.026860913622948398,0.026460913622948397,0.025460913622948396,turnover_oi__csz,fold_2025,2025
2025-07-25,30,6,6,-0.05964804602819262,-0.00955471602582795,-0.025046665001182335,1.0,0.0,2.0,-0.025046665001182335,-0.025646665001182335,-0.026046665001182336,-0.027046665001182336,turnover_oi__csz,fold_2025,2025
2025-08-01,30,6,6,0.012040151211417173,-0.0008179459457592339,0.006429048578588203,1.0,0.0,2.0,0.006429048578588203,0.005829048578588203,0.005429048578588203,0.004429048578588203,turnover_oi__csz,fold_2025,2025
2025-08-08,30,6,6,0.0014384632870617323,0.0047415369629886335,-0.0016515368379634507,1.0,0.0,2.0,-0.0016515368379634507,-0.0022515368379634505,-0.0026515368379634507,-0.0036515368379634507,turnover_oi__csz,fold_2025,2025
2025-08-15,30,6,6,-0.02044205136148125,-0.0090938800543686,-0.005674085653556325,1.0,0.0,2.0,-0.005674085653556325,-0.006274085653556325,-0.006674085653556325,-0.007674085653556325,turnover_oi__csz,fold_2025,2025
2025-08-22,30,6,6,0.008412452088047718,0.004206558717420133,0.0021029466853137923,1.0,0.0,2.0,0.0021029466853137923,0.0015029466853137925,0.0011029466853137923,0.00010294668531379229,turnover_oi__csz,fold_2025,2025
2025-08-29,30,6,6,-0.007247247943722918,-0.0005659171155456168,-0.0033406654140886506,1.0,0.0,2.0,-0.0033406654140886506,-0.003940665414088651,-0.004340665414088651,-0.00534066541408865,turnover_oi__csz,fold_2025,2025
2025-09-05,30,6,6,0.0036152538084833,-0.00046318192344373344,0.002039217865963517,1.0,0.0,2.0,0.002039217865963517,0.001439217865963517,0.0010392178659635169,3.921786596351685e-05,turnover_oi__csz,fold_2025,2025
2025-09-12,30,6,6,-0.0042180715222825335,-0.010293856160090783,0.003037892318904125,1.0,0.0,2.0,0.003037892318904125,0.002437892318904125,0.002037892318904125,0.0010378923189041248,turnover_oi__csz,fold_2025,2025
2025-09-19,30,6,6,0.016984769443819884,0.001987505380543533,0.0074986320316381755,1.0,0.0,2.0,0.0074986320316381755,0.006898632031638176,0.006498632031638175,0.005498632031638175,turnover_oi__csz,fold_2025,2025
2025-09-26,30,6,6,-0.012290081657345568,-0.011637504126929649,-0.0003262887652079596,1.0,0.0,2.0,-0.0003262887652079596,-0.0009262887652079595,-0.0013262887652079596,-0.0023262887652079596,turnover_oi__csz,fold_2025,2025
2025-10-13,30,6,6,0.0024158790802057163,0.002960070400906,-0.00027209566035014195,1.0,0.0,2.0,-0.00027209566035014195,-0.0008720956603501419,-0.001272095660350142,-0.0022720956603501418,turnover_oi__csz,fold_2025,2025
2025-10-20,30,6,6,0.015450288101546882,0.01629252275181403,-0.00042111732513357494,1.0,0.0,2.0,-0.00042111732513357494,-0.0010211173251335748,-0.001421117325133575,-0.002421117325133575,turnover_oi__csz,fold_2025,2025
2025-10-27,30,6,6,-0.0008966853663839834,-0.005277506064567133,0.002190410349091575,1.0,0.0,2.0,0.002190410349091575,0.001590410349091575,0.001190410349091575,0.0001904103490915749,turnover_oi__csz,fold_2025,2025
2025-11-03,30,6,6,0.00016676631010213225,-0.003286767743532983,0.0017267670268175577,1.0,0.0,2.0,0.0017267670268175577,0.0011267670268175576,0.0007267670268175576,-0.0002732329731824424,turnover_oi__csz,fold_2025,2025
2025-11-10,30,6,6,-0.009515839461353565,0.00038456858997251665,-0.004950204025663041,1.0,0.0,2.0,-0.004950204025663041,-0.005550204025663041,-0.005950204025663041,-0.006950204025663041,turnover_oi__csz,fold_2025,2025
2025-11-17,30,6,6,-0.015616004686107817,-0.0018502360781191003,-0.006882884303994359,1.0,0.0,2.0,-0.006882884303994359,-0.007482884303994359,-0.007882884303994359,-0.008882884303994358,turnover_oi__csz,fold_2025,2025
2025-11-24,30,6,6,0.028157320347849433,0.014154241491053732,0.00700153942839785,1.0,0.0,2.0,0.00700153942839785,0.0064015394283978505,0.00600153942839785,0.00500153942839785,turnover_oi__csz,fold_2025,2025
2025-12-01,30,6,6,0.011214928383384752,-0.004722948954794817,0.007968938669089785,1.0,0.0,2.0,0.007968938669089785,0.0073689386690897855,0.006968938669089785,0.005968938669089785,turnover_oi__csz,fold_2025,2025
2025-12-08,30,6,6,0.0033552936214298512,-0.0049649766503497995,0.004160135135889825,1.0,0.0,2.0,0.004160135135889825,0.0035601351358898253,0.003160135135889825,0.002160135135889825,turnover_oi__csz,fold_2025,2025
2025-12-15,30,6,6,0.036306191897226385,-0.0065710569746417,0.021438624435934042,1.0,0.0,2.0,0.021438624435934042,0.020838624435934042,0.02043862443593404,0.01943862443593404,turnover_oi__csz,fold_2025,2025
2025-12-22,30,6,6,0.018788397564411433,0.014583226254297385,0.002102585655057024,1.0,0.0,2.0,0.002102585655057024,0.001502585655057024,0.001102585655057024,0.0001025856550570239,turnover_oi__csz,fold_2025,2025
2025-01-02,30,6,6,-0.0347847905258252,-0.005204590968429685,-0.014790099778697757,1.0,0.0,2.0,-0.014790099778697757,-0.015390099778697756,-0.015790099778697757,-0.016790099778697755,realized_volatility_20__csz,fold_2025,2025
2025-01-09,30,6,6,0.041031101709427135,0.015874269550460066,0.012578416079483535,1.0,0.0,2.0,0.012578416079483535,0.011978416079483535,0.011578416079483535,0.010578416079483535,realized_volatility_20__csz,fold_2025,2025
2025-01-16,30,6,6,-0.005709596750076783,-0.006336253870160717,0.0003133285600419671,1.0,0.0,2.0,0.0003133285600419671,-0.00028667143995803285,-0.0006866714399580329,-0.001686671439958033,realized_volatility_20__csz,fold_2025,2025
2025-01-23,30,6,6,0.01832392764755262,0.011298656379673117,0.0035126356339397515,1.0,0.0,2.0,0.0035126356339397515,0.0029126356339397516,0.0025126356339397514,0.0015126356339397514,realized_volatility_20__csz,fold_2025,2025
2025-02-07,30,6,6,-0.010321235000272218,0.00843313756628245,-0.009377186283277335,1.0,0.0,2.0,-0.009377186283277335,-0.009977186283277335,-0.010377186283277336,-0.011377186283277335,realized_volatility_20__csz,fold_2025,2025
2025-02-14,30,6,6,0.021604841170863726,-0.0011603596730616,0.011382600421962662,1.0,0.0,2.0,0.011382600421962662,0.010782600421962663,0.010382600421962662,0.009382600421962662,realized_volatility_20__csz,fold_2025,2025
2025-02-21,30,6,6,-0.018573146252507014,-0.0047072087770373165,-0.006932968737734848,1.0,0.0,2.0,-0.006932968737734848,-0.007532968737734848,-0.007932968737734847,-0.008932968737734848,realized_volatility_20__csz,fold_2025,2025
2025-02-28,30,6,6,-0.029673708029699337,0.0016910620928217168,-0.015682385061260528,1.0,0.0,2.0,-0.015682385061260528,-0.016282385061260528,-0.01668238506126053,-0.017682385061260526,realized_volatility_20__csz,fold_2025,2025
2025-03-07,30,6,6,0.016651903081805818,0.0005800052221804664,0.008035948929812676,1.0,0.0,2.0,0.008035948929812676,0.007435948929812676,0.007035948929812676,0.006035948929812676,realized_volatility_20__csz,fold_2025,2025
2025-03-14,30,6,6,-0.02567879853811103,-0.0058594665507685495,-0.00990966599367124,1.0,0.0,2.0,-0.00990966599367124,-0.01050966599367124,-0.010909665993671241,-0.01190966599367124,realized_volatility_20__csz,fold_2025,2025
2025-03-21,30,6,6,0.007834544813287483,0.0014494975769335833,0.00319252361817695,1.0,0.0,2.0,0.00319252361817695,0.00259252361817695,0.0021925236181769498,0.0011925236181769498,realized_volatility_20__csz,fold_2025,2025
2025-03-28,30,6,6,-0.038321017381171746,-0.016295596319148013,-0.011012710531011867,1.0,0.0,2.0,-0.011012710531011867,-0.011612710531011866,-0.012012710531011866,-0.013012710531011867,realized_volatility_20__csz,fold_2025,2025
2025-04-07,30,6,6,0.01547109221094495,-0.0056851184753635335,0.010578105343154242,1.0,0.0,2.0,0.010578105343154242,0.009978105343154242,0.009578105343154241,0.008578105343154242,realized_volatility_20__csz,fold_2025,2025
2025-04-14,30,6,6,0.00996634819626955,-0.004482278570398267,0.007224313383333909,1.0,0.0,2.0,0.007224313383333909,0.0066243133833339095,0.006224313383333909,0.005224313383333909,realized_volatility_20__csz,fold_2025,2025
2025-04-21,30,6,6,0.00822875820303705,0.004811012541847784,0.0017088728305946332,1.0,0.0,2.0,0.0017088728305946332,0.0011088728305946333,0.0007088728305946332,-0.00029112716940536687,realized_volatility_20__csz,fold_2025,2025
2025-04-28,30,6,6,-0.02415847563916802,-0.013207775868096952,-0.005475349885535534,1.0,0.0,2.0,-0.005475349885535534,-0.006075349885535534,-0.006475349885535534,-0.007475349885535534,realized_volatility_20__csz,fold_2025,2025
2025-05-08,30,6,6,0.0005875231125362996,0.006107912532743367,-0.002760194710103534,1.0,0.0,2.0,-0.002760194710103534,-0.0033601947101035336,-0.003760194710103534,-0.004760194710103534,realized_volatility_20__csz,fold_2025,2025
2025-05-15,30,6,6,-0.02169860472803865,-0.008409431318695417,-0.006644586704671616,1.0,0.0,2.0,-0.006644586704671616,-0.007244586704671616,-0.007644586704671616,-0.008644586704671615,realized_volatility_20__csz,fold_2025,2025
2025-05-22,30,6,6,-0.03244027703237272,-0.0009098630871966,-0.01576520697258806,1.0,0.0,2.0,-0.01576520697258806,-0.01636520697258806,-0.01676520697258806,-0.017765206972588057,realized_volatility_20__csz,fold_2025,2025
2025-05-29,30,6,6,0.00574700913495085,0.00223892215400945,0.0017540434904707,1.0,0.0,2.0,0.0017540434904707,0.0011540434904707,0.0007540434904706999,-0.00024595650952930013,realized_volatility_20__csz,fold_2025,2025
2025-06-06,30,6,6,0.040719219576053185,0.007877482935209101,0.01642086832042204,1.0,0.0,2.0,0.01642086832042204,0.01582086832042204,0.01542086832042204,0.014420868320422041,realized_volatility_20__csz,fold_2025,2025
2025-06-13,30,6,6,0.029029161469534187,0.004140731212696983,0.012444215128418602,1.0,0.0,2.0,0.012444215128418602,0.011844215128418602,0.011444215128418603,0.010444215128418602,realized_volatility_20__csz,fold_2025,2025
2025-06-20,30,6,6,-0.025319697159210282,0.0013011777385359333,-0.013310437448873108,1.0,0.0,2.0,-0.013310437448873108,-0.013910437448873108,-0.014310437448873108,-0.015310437448873108,realized_volatility_20__csz,fold_2025,2025
2025-06-27,30,6,6,-0.005210062165416367,0.00016897253813176588,-0.0026895173517740662,1.0,0.0,2.0,-0.0026895173517740662,-0.003289517351774066,-0.0036895173517740663,-0.004689517351774066,realized_volatility_20__csz,fold_2025,2025
2025-07-04,30,6,6,0.018011986366968817,-0.00071601319391575,0.009363999780442283,1.0,0.0,2.0,0.009363999780442283,0.008763999780442283,0.008363999780442284,0.007363999780442283,realized_volatility_20__csz,fold_2025,2025
2025-07-11,30,6,6,0.014166909524163584,0.009780863113897016,0.002193023205133284,1.0,0.0,2.0,0.002193023205133284,0.0015930232051332843,0.0011930232051332841,0.00019302320513328412,realized_volatility_20__csz,fold_2025,2025
2025-07-18,30,6,6,0.11351251897910253,0.0023183754491131335,0.0555970717649947,1.0,0.0,2.0,0.0555970717649947,0.054997071764994694,0.0545970717649947,0.053597071764994696,realized_volatility_20__csz,fold_2025,2025
2025-07-25,30,6,6,-0.08304912785961593,-0.007534529564405717,-0.03775729914760511,1.0,0.0,2.0,-0.03775729914760511,-0.03835729914760511,-0.03875729914760511,-0.03975729914760511,realized_volatility_20__csz,fold_2025,2025
2025-08-01,30,6,6,0.02475903821886355,-0.0020441523136893007,0.013401595266276425,1.0,0.0,2.0,0.013401595266276425,0.012801595266276425,0.012401595266276426,0.011401595266276425,realized_volatility_20__csz,fold_2025,2025
2025-08-08,30,6,6,0.010586482835759048,0.0056484344508659174,0.0024690241924465654,1.0,0.0,2.0,0.0024690241924465654,0.0018690241924465656,0.0014690241924465654,0.00046902419244656537,realized_volatility_20__csz,fold_2025,2025
2025-08-15,30,6,6,-0.03467377452494205,-0.00407271871300775,-0.015300527905967152,1.0,0.0,2.0,-0.015300527905967152,-0.015900527905967153,-0.01630052790596715,-0.01730052790596715,realized_volatility_20__csz,fold_2025,2025
2025-08-22,30,6,6,-0.018515855531224465,0.00036275277958678346,-0.009439304155405625,1.0,0.0,2.0,-0.009439304155405625,-0.010039304155405625,-0.010439304155405626,-0.011439304155405625,realized_volatility_20__csz,fold_2025,2025
2025-08-29,30,6,6,-0.0040483630883622335,-0.002972783365855784,-0.0005377898612532247,1.0,0.0,2.0,-0.0005377898612532247,-0.0011377898612532247,-0.0015377898612532247,-0.0025377898612532245,realized_volatility_20__csz,fold_2025,2025
2025-09-05,30,6,6,-0.0006285708313057163,0.00396097916256885,-0.002294774996937283,1.0,0.0,2.0,-0.002294774996937283,-0.002894774996937283,-0.003294774996937283,-0.004294774996937283,realized_volatility_20__csz,fold_2025,2025
2025-09-12,30,6,6,0.028210266156068167,-0.010628594176334166,0.019419430166201165,1.0,0.0,2.0,0.019419430166201165,0.018819430166201166,0.018419430166201164,0.017419430166201164,realized_volatility_20__csz,fold_2025,2025
2025-09-19,30,6,6,0.007999131648691784,-0.0047518298103556,0.0063754807295236925,1.0,0.0,2.0,0.0063754807295236925,0.005775480729523693,0.0053754807295236925,0.0043754807295236925,realized_volatility_20__csz,fold_2025,2025
2025-09-26,30,6,6,-0.0273238701146525,-0.00794828075936353,-0.009687794677644485,1.0,0.0,2.0,-0.009687794677644485,-0.010287794677644485,-0.010687794677644486,-0.011687794677644485,realized_volatility_20__csz,fold_2025,2025
2025-10-13,30,6,6,0.010286160947582867,-0.0021293090915114163,0.0062077350195471415,1.0,0.0,2.0,0.0062077350195471415,0.005607735019547142,0.0052077350195471415,0.0042077350195471415,realized_volatility_20__csz,fold_2025,2025
2025-10-20,30,6,6,0.002779832735830249,0.012110941740590415,-0.004665554502380083,1.0,0.0,2.0,-0.004665554502380083,-0.005265554502380083,-0.0056655545023800834,-0.0066655545023800835,realized_volatility_20__csz,fold_2025,2025
2025-10-27,30,6,6,-0.0007457896801217502,0.0015302511683700998,-0.001138020424245925,1.0,0.0,2.0,-0.001138020424245925,-0.0017380204242459251,-0.002138020424245925,-0.003138020424245925,realized_volatility_20__csz,fold_2025,2025
2025-11-03,30,6,6,0.003931004203065634,0.0003385297295346827,0.0017962372367654755,1.0,0.0,2.0,0.0017962372367654755,0.0011962372367654754,0.0007962372367654755,-0.00020376276323452454,realized_volatility_20__csz,fold_2025,2025
2025-11-10,30,6,6,-0.01969475454374615,-0.007275716602244083,-0.006209518970751034,1.0,0.0,2.0,-0.006209518970751034,-0.006809518970751034,-0.007209518970751034,-0.008209518970751034,realized_volatility_20__csz,fold_2025,2025
2025-11-17,30,6,6,-0.0344464092788895,0.0016067449992219164,-0.018026577139055706,1.0,0.0,2.0,-0.018026577139055706,-0.018626577139055706,-0.019026577139055707,-0.020026577139055708,realized_volatility_20__csz,fold_2025,2025
2025-11-24,30,6,6,0.024899697016133985,0.007434769295791735,0.008732463860171125,1.0,0.0,2.0,0.008732463860171125,0.008132463860171125,0.007732463860171125,0.006732463860171125,realized_volatility_20__csz,fold_2025,2025
2025-12-01,30,6,6,-0.02515382689862225,0.0008849506754168494,-0.01301938878701955,1.0,0.0,2.0,-0.01301938878701955,-0.01361938878701955,-0.014019388787019551,-0.01501938878701955,realized_volatility_20__csz,fold_2025,2025
2025-12-08,30,6,6,-0.008711087933333597,-0.0030372139838131997,-0.0028369369747601987,1.0,0.0,2.0,-0.0028369369747601987,-0.0034369369747601986,-0.0038369369747601988,-0.004836936974760199,realized_volatility_20__csz,fold_2025,2025
2025-12-15,30,6,6,0.042386692627339746,0.005430081820214916,0.018478305403562417,1.0,0.0,2.0,0.018478305403562417,0.017878305403562417,0.017478305403562416,0.016478305403562418,realized_volatility_20__csz,fold_2025,2025
2025-12-22,30,6,6,0.0068066183078799,0.0154996865544235,-0.0043465341232718,1.0,0.0,2.0,-0.0043465341232718,-0.0049465341232718,-0.0053465341232718,-0.0063465341232718,realized_volatility_20__csz,fold_2025,2025
2025-01-02,30,6,6,-0.008643717017779867,0.002678744855383467,-0.005661230936581667,1.0,0.0,2.0,-0.005661230936581667,-0.006261230936581667,-0.006661230936581667,-0.007661230936581667,realized_volatility_20__missing,fold_2025,2025
2025-01-09,30,6,6,0.0075445210942481486,0.018594971169530666,-0.005525225037641258,1.0,0.0,2.0,-0.005525225037641258,-0.006125225037641258,-0.006525225037641258,-0.007525225037641258,realized_volatility_20__missing,fold_2025,2025
2025-01-16,30,6,6,-0.010761841957401931,-0.010041264596301166,-0.0003602886805503828,1.0,0.0,2.0,-0.0003602886805503828,-0.0009602886805503828,-0.0013602886805503828,-0.002360288680550383,realized_volatility_20__missing,fold_2025,2025
2025-01-23,30,6,6,0.026902164920274117,0.022760400240047135,0.0020708823401134908,1.0,0.0,2.0,0.0020708823401134908,0.001470882340113491,0.0010708823401134908,7.088234011349073e-05,realized_volatility_20__missing,fold_2025,2025
2025-02-07,30,6,6,0.0034579360473451504,0.014863603764137085,-0.005702833858395967,1.0,0.0,2.0,-0.005702833858395967,-0.006302833858395967,-0.006702833858395967,-0.007702833858395967,realized_volatility_20__missing,fold_2025,2025
2025-02-14,30,6,6,-0.0019584202884222503,-0.005546947229154684,0.0017942634703662168,1.0,0.0,2.0,0.0017942634703662168,0.001194263470366217,0.0007942634703662168,-0.0002057365296337832,realized_volatility_20__missing,fold_2025,2025
2025-02-21,30,6,6,-0.01620415741924312,-0.01981034273051052,0.0018030926556336993,1.0,0.0,2.0,0.0018030926556336993,0.0012030926556336995,0.0008030926556336993,-0.00019690734436630074,realized_volatility_20__missing,fold_2025,2025
2025-02-28,30,6,6,0.0017574808783526665,0.005772026116737082,-0.002007272619192208,1.0,0.0,2.0,-0.002007272619192208,-0.002607272619192208,-0.003007272619192208,-0.004007272619192208,realized_volatility_20__missing,fold_2025,2025
2025-03-07,30,6,6,0.01790988762657575,0.01117074853885155,0.0033695695438620997,1.0,0.0,2.0,0.0033695695438620997,0.0027695695438621,0.0023695695438620996,0.0013695695438620996,realized_volatility_20__missing,fold_2025,2025
2025-03-14,30,6,6,-0.00670018249429645,-0.005378130145819351,-0.0006610261742385497,1.0,0.0,2.0,-0.0006610261742385497,-0.0012610261742385495,-0.0016610261742385497,-0.0026610261742385497,realized_volatility_20__missing,fold_2025,2025
2025-03-21,30,6,6,0.008953652940416067,0.010443650073667751,-0.0007449985666258419,1.0,0.0,2.0,-0.0007449985666258419,-0.0013449985666258418,-0.001744998566625842,-0.002744998566625842,realized_volatility_20__missing,fold_2025,2025
2025-03-28,30,6,6,-0.05285900986506967,-0.042894403238588376,-0.004982303313240646,1.0,0.0,2.0,-0.004982303313240646,-0.0055823033132406455,-0.005982303313240646,-0.006982303313240646,realized_volatility_20__missing,fold_2025,2025
2025-04-07,30,6,6,0.0006071785515274665,0.015950776796268846,-0.00767179912237069,1.0,0.0,2.0,-0.00767179912237069,-0.00827179912237069,-0.00867179912237069,-0.00967179912237069,realized_volatility_20__missing,fold_2025,2025
2025-04-14,30,6,6,-0.00027935445437895037,0.013286368781465817,-0.006782861617922384,1.0,0.0,2.0,-0.006782861617922384,-0.0073828616179223835,-0.007782861617922384,-0.008782861617922383,realized_volatility_20__missing,fold_2025,2025
2025-04-21,30,6,6,0.0040523527979588825,0.002419965293180782,0.0008161937523890504,1.0,0.0,2.0,0.0008161937523890504,0.00021619375238905042,-0.00018380624761094966,-0.0011838062476109497,realized_volatility_20__missing,fold_2025,2025
2025-04-28,30,6,6,-0.00718951193955315,-0.003936962928007667,-0.0016262745057727414,1.0,0.0,2.0,-0.0016262745057727414,-0.0022262745057727413,-0.0026262745057727415,-0.0036262745057727415,realized_volatility_20__missing,fold_2025,2025
2025-05-08,30,6,6,0.019815468992626633,0.0028483170635519007,0.008483575964537367,1.0,0.0,2.0,0.008483575964537367,0.007883575964537367,0.007483575964537367,0.006483575964537367,realized_volatility_20__missing,fold_2025,2025
2025-05-15,30,6,6,-0.008674213807957432,0.010849661334130331,-0.00976193757104388,1.0,0.0,2.0,-0.00976193757104388,-0.01036193757104388,-0.010761937571043882,-0.01176193757104388,realized_volatility_20__missing,fold_2025,2025
2025-05-22,30,6,6,-0.00954213346398895,-0.0035272785088116504,-0.003007427477588649,1.0,0.0,2.0,-0.003007427477588649,-0.003607427477588649,-0.004007427477588649,-0.005007427477588649,realized_volatility_20__missing,fold_2025,2025
2025-05-29,30,6,6,-0.0005790636159993161,0.014508581917736768,-0.007543822766868042,1.0,0.0,2.0,-0.007543822766868042,-0.008143822766868042,-0.00854382276686804,-0.009543822766868042,realized_volatility_20__missing,fold_2025,2025
2025-06-06,30,6,6,0.0033019887739572508,0.019711426020677814,-0.008204718623360282,1.0,0.0,2.0,-0.008204718623360282,-0.008804718623360281,-0.00920471862336028,-0.010204718623360282,realized_volatility_20__missing,fold_2025,2025
2025-06-13,30,6,6,0.0173628603516897,-0.0011935753651476004,0.00927821785841865,1.0,0.0,2.0,0.00927821785841865,0.00867821785841865,0.00827821785841865,0.00727821785841865,realized_volatility_20__missing,fold_2025,2025
2025-06-20,30,6,6,0.0023028730457931674,-0.008058875973531167,0.005180874509662167,1.0,0.0,2.0,0.005180874509662167,0.004580874509662167,0.004180874509662167,0.003180874509662167,realized_volatility_20__missing,fold_2025,2025
2025-06-27,30,6,6,-0.00785162858114365,0.005339474566943615,-0.006595551574043632,1.0,0.0,2.0,-0.006595551574043632,-0.007195551574043632,-0.007595551574043632,-0.008595551574043632,realized_volatility_20__missing,fold_2025,2025
2025-07-04,30,6,6,0.0020300883267077665,0.0042093070008472665,-0.00108960933706975,1.0,0.0,2.0,-0.00108960933706975,-0.00168960933706975,-0.00208960933706975,-0.00308960933706975,realized_volatility_20__missing,fold_2025,2025
2025-07-11,30,6,6,0.007227328275879533,0.011489358573184434,-0.0021310151486524506,1.0,0.0,2.0,-0.0021310151486524506,-0.0027310151486524504,-0.0031310151486524506,-0.004131015148652451,realized_volatility_20__missing,fold_2025,2025
2025-07-18,30,6,6,0.029617424693904177,-0.0029559740183212665,0.01628669935611272,1.0,0.0,2.0,0.01628669935611272,0.01568669935611272,0.01528669935611272,0.01428669935611272,realized_volatility_20__missing,fold_2025,2025
2025-07-25,30,6,6,-0.027846398976976383,-0.013499312316345819,-0.007173543330315282,1.0,0.0,2.0,-0.007173543330315282,-0.007773543330315282,-0.008173543330315282,-0.009173543330315281,realized_volatility_20__missing,fold_2025,2025
2025-08-01,30,6,6,0.0014243173537378667,0.0005787767275901495,0.0004227703130738586,1.0,0.0,2.0,0.0004227703130738586,-0.00017722968692614134,-0.0005772296869261415,-0.0015772296869261415,realized_volatility_20__missing,fold_2025,2025
2025-08-08,30,6,6,0.0025939619157738327,-0.0022418809471628676,0.00241792143146835,1.0,0.0,2.0,0.00241792143146835,0.0018179214314683503,0.0014179214314683501,0.0004179214314683501,realized_volatility_20__missing,fold_2025,2025
2025-08-15,30,6,6,0.0012950442177015996,-0.002338449687004533,0.0018167469523530664,1.0,0.0,2.0,0.0018167469523530664,0.0012167469523530665,0.0008167469523530663,-0.00018325304764693368,realized_volatility_20__missing,fold_2025,2025
2025-08-22,30,6,6,-0.0019313791185518994,0.012935063055888084,-0.007433221087219992,1.0,0.0,2.0,-0.007433221087219992,-0.008033221087219992,-0.008433221087219993,-0.009433221087219992,realized_volatility_20__missing,fold_2025,2025
2025-08-29,30,6,6,-0.0084443572778612,0.013571207026897333,-0.011007782152379266,1.0,0.0,2.0,-0.011007782152379266,-0.011607782152379266,-0.012007782152379267,-0.013007782152379266,realized_volatility_20__missing,fold_2025,2025
2025-09-05,30,6,6,-0.0005762771760395334,0.0031450674959040497,-0.0018606723359717915,1.0,0.0,2.0,-0.0018606723359717915,-0.0024606723359717913,-0.0028606723359717915,-0.0038606723359717915,realized_volatility_20__missing,fold_2025,2025
2025-09-12,30,6,6,-0.008725268600990018,-0.009176544147441233,0.00022563777322560756,1.0,0.0,2.0,0.00022563777322560756,-0.0003743622267743924,-0.0007743622267743925,-0.0017743622267743925,realized_volatility_20__missing,fold_2025,2025
2025-09-19,30,6,6,-0.0011214552514313668,0.014820120683934632,-0.007970787967683,1.0,0.0,2.0,-0.007970787967683,-0.008570787967683,-0.008970787967683,-0.009970787967683,realized_volatility_20__missing,fold_2025,2025
2025-09-26,30,6,6,-0.0019246635046771664,0.013588858392057748,-0.007756760948367457,1.0,0.0,2.0,-0.007756760948367457,-0.008356760948367457,-0.008756760948367456,-0.009756760948367457,realized_volatility_20__missing,fold_2025,2025
2025-10-13,30,6,6,-0.009679442453695652,0.018394105626528167,-0.014036774040111909,1.0,0.0,2.0,-0.014036774040111909,-0.014636774040111909,-0.01503677404011191,-0.01603677404011191,realized_volatility_20__missing,fold_2025,2025
2025-10-20,30,6,6,0.01626273490873525,-0.009894342507996185,0.013078538708365717,1.0,0.0,2.0,0.013078538708365717,0.012478538708365718,0.012078538708365717,0.011078538708365717,realized_volatility_20__missing,fold_2025,2025
2025-10-27,30,6,6,-0.0036671327961840337,0.002981589654639483,-0.0033243612254117583,1.0,0.0,2.0,-0.0033243612254117583,-0.003924361225411758,-0.004324361225411758,-0.005324361225411758,realized_volatility_20__missing,fold_2025,2025
2025-11-03,30,6,6,0.007028989898778916,0.0011507681810089346,0.002939110858884991,1.0,0.0,2.0,0.002939110858884991,0.002339110858884991,0.0019391108588849909,0.0009391108588849909,realized_volatility_20__missing,fold_2025,2025
2025-11-10,30,6,6,0.00019128413961836654,0.0007793811584215337,-0.00029404850940158357,1.0,0.0,2.0,-0.00029404850940158357,-0.0008940485094015836,-0.0012940485094015835,-0.0022940485094015838,realized_volatility_20__missing,fold_2025,2025
2025-11-17,30,6,6,-0.008360079258358266,0.0019480626612953837,-0.005154070959826825,1.0,0.0,2.0,-0.005154070959826825,-0.005754070959826825,-0.006154070959826825,-0.007154070959826825,realized_volatility_20__missing,fold_2025,2025
2025-11-24,30,6,6,0.015452806013379283,0.027751933698168457,-0.006149563842394587,1.0,0.0,2.0,-0.006149563842394587,-0.0067495638423945865,-0.007149563842394587,-0.008149563842394587,realized_volatility_20__missing,fold_2025,2025
2025-12-01,30,6,6,0.001069490256261501,0.0043766118249291336,-0.0016535607843338163,1.0,0.0,2.0,-0.0016535607843338163,-0.002253560784333816,-0.0026535607843338163,-0.0036535607843338164,realized_volatility_20__missing,fold_2025,2025
2025-12-08,30,6,6,-0.0016668708379587492,0.018018225342415182,-0.009842548090186965,1.0,0.0,2.0,-0.009842548090186965,-0.010442548090186965,-0.010842548090186966,-0.011842548090186965,realized_volatility_20__missing,fold_2025,2025
2025-12-15,30,6,6,0.010940177992106934,0.0229013241673235,-0.005980573087608283,1.0,0.0,2.0,-0.005980573087608283,-0.006580573087608283,-0.006980573087608283,-0.007980573087608283,realized_volatility_20__missing,fold_2025,2025
2025-12-22,30,6,6,0.012249848924108886,0.031180981499353954,-0.009465566287622535,1.0,0.0,2.0,-0.009465566287622535,-0.010065566287622535,-0.010465566287622536,-0.011465566287622535,realized_volatility_20__missing,fold_2025,2025
2025-01-02,30,6,6,-0.005204590968429683,-0.0347847905258252,0.014790099778697758,1.0,0.0,2.0,0.014790099778697758,0.014190099778697758,0.01379009977869776,0.012790099778697758,low_volatility_20__csz,fold_2025,2025
2025-01-09,30,6,6,0.015874269550460066,0.041031101709427135,-0.012578416079483535,1.0,0.0,2.0,-0.012578416079483535,-0.013178416079483534,-0.013578416079483534,-0.014578416079483535,low_volatility_20__csz,fold_2025,2025
2025-01-16,30,6,6,-0.006336253870160717,-0.005709596750076783,-0.0003133285600419671,1.0,0.0,2.0,-0.0003133285600419671,-0.000913328560041967,-0.0013133285600419671,-0.002313328560041967,low_volatility_20__csz,fold_2025,2025
2025-01-23,30,6,6,0.011298656379673117,0.018323927647552616,-0.0035126356339397497,1.0,0.0,2.0,-0.0035126356339397497,-0.0041126356339397496,-0.00451263563393975,-0.00551263563393975,low_volatility_20__csz,fold_2025,2025
2025-02-07,30,6,6,0.00843313756628245,-0.01032123500027222,0.009377186283277335,1.0,0.0,2.0,0.009377186283277335,0.008777186283277335,0.008377186283277334,0.007377186283277335,low_volatility_20__csz,fold_2025,2025
2025-02-14,30,6,6,-0.0011603596730615999,0.021604841170863736,-0.011382600421962668,1.0,0.0,2.0,-0.011382600421962668,-0.011982600421962667,-0.012382600421962667,-0.013382600421962668,low_volatility_20__csz,fold_2025,2025
2025-02-21,30,6,6,-0.0047072087770373165,-0.018573146252507014,0.006932968737734848,1.0,0.0,2.0,0.006932968737734848,0.0063329687377348485,0.005932968737734848,0.004932968737734848,low_volatility_20__csz,fold_2025,2025
2025-02-28,30,6,6,0.0016910620928217166,-0.029673708029699333,0.015682385061260525,1.0,0.0,2.0,0.015682385061260525,0.015082385061260525,0.014682385061260524,0.013682385061260524,low_volatility_20__csz,fold_2025,2025
2025-03-07,30,6,6,0.0005800052221804664,0.016651903081805818,-0.008035948929812676,1.0,0.0,2.0,-0.008035948929812676,-0.008635948929812676,-0.009035948929812677,-0.010035948929812676,low_volatility_20__csz,fold_2025,2025
2025-03-14,30,6,6,-0.0058594665507685495,-0.02567879853811103,0.00990966599367124,1.0,0.0,2.0,0.00990966599367124,0.00930966599367124,0.00890966599367124,0.00790966599367124,low_volatility_20__csz,fold_2025,2025
2025-03-21,30,6,6,0.0014494975769335835,0.007834544813287483,-0.00319252361817695,1.0,0.0,2.0,-0.00319252361817695,-0.0037925236181769496,-0.00419252361817695,-0.00519252361817695,low_volatility_20__csz,fold_2025,2025
2025-03-28,30,6,6,-0.016295596319148016,-0.038321017381171746,0.011012710531011865,1.0,0.0,2.0,0.011012710531011865,0.010412710531011865,0.010012710531011864,0.009012710531011865,low_volatility_20__csz,fold_2025,2025
2025-04-07,30,6,6,-0.0056851184753635335,0.01547109221094495,-0.010578105343154242,1.0,0.0,2.0,-0.010578105343154242,-0.011178105343154242,-0.011578105343154243,-0.012578105343154242,low_volatility_20__csz,fold_2025,2025
2025-04-14,30,6,6,-0.004482278570398267,0.009966348196269549,-0.007224313383333908,1.0,0.0,2.0,-0.007224313383333908,-0.007824313383333907,-0.008224313383333907,-0.009224313383333908,low_volatility_20__csz,fold_2025,2025
2025-04-21,30,6,6,0.004811012541847784,0.008228758203037046,-0.0017088728305946314,1.0,0.0,2.0,-0.0017088728305946314,-0.0023088728305946313,-0.0027088728305946315,-0.0037088728305946315,low_volatility_20__csz,fold_2025,2025
2025-04-28,30,6,6,-0.013207775868096952,-0.02415847563916802,0.005475349885535534,1.0,0.0,2.0,0.005475349885535534,0.004875349885535534,0.004475349885535534,0.0034753498855355338,low_volatility_20__csz,fold_2025,2025
2025-05-08,30,6,6,0.006107912532743366,0.0005875231125362996,0.0027601947101035334,1.0,0.0,2.0,0.0027601947101035334,0.0021601947101035335,0.0017601947101035333,0.0007601947101035333,low_volatility_20__csz,fold_2025,2025
2025-05-15,30,6,6,-0.008409431318695417,-0.02169860472803865,0.006644586704671616,1.0,0.0,2.0,0.006644586704671616,0.006044586704671616,0.005644586704671616,0.004644586704671616,low_volatility_20__csz,fold_2025,2025
2025-05-22,30,6,6,-0.0009098630871965998,-0.03244027703237271,0.015765206972588056,1.0,0.0,2.0,0.015765206972588056,0.015165206972588056,0.014765206972588055,0.013765206972588056,low_volatility_20__csz,fold_2025,2025
2025-05-29,30,6,6,0.00223892215400945,0.00574700913495085,-0.0017540434904707,1.0,0.0,2.0,-0.0017540434904707,-0.0023540434904706998,-0.0027540434904707,-0.0037540434904707,low_volatility_20__csz,fold_2025,2025
2025-06-06,30,6,6,0.007877482935209101,0.04071921957605318,-0.016420868320422038,1.0,0.0,2.0,-0.016420868320422038,-0.017020868320422038,-0.01742086832042204,-0.018420868320422036,low_volatility_20__csz,fold_2025,2025
2025-06-13,30,6,6,0.004140731212696983,0.029029161469534187,-0.012444215128418602,1.0,0.0,2.0,-0.012444215128418602,-0.013044215128418602,-0.013444215128418601,-0.014444215128418602,low_volatility_20__csz,fold_2025,2025
2025-06-20,30,6,6,0.0013011777385359335,-0.025319697159210282,0.013310437448873108,1.0,0.0,2.0,0.013310437448873108,0.012710437448873109,0.01231043744887311,0.011310437448873108,low_volatility_20__csz,fold_2025,2025
2025-06-27,30,6,6,0.00016897253813176626,-0.005210062165416367,0.0026895173517740667,1.0,0.0,2.0,0.0026895173517740667,0.002089517351774067,0.0016895173517740667,0.0006895173517740666,low_volatility_20__csz,fold_2025,2025
2025-07-04,30,6,6,-0.00071601319391575,0.018011986366968814,-0.009363999780442282,1.0,0.0,2.0,-0.009363999780442282,-0.009963999780442281,-0.010363999780442282,-0.011363999780442282,low_volatility_20__csz,fold_2025,2025
2025-07-11,30,6,6,0.009780863113897016,0.014166909524163584,-0.002193023205133284,1.0,0.0,2.0,-0.002193023205133284,-0.002793023205133284,-0.003193023205133284,-0.004193023205133284,low_volatility_20__csz,fold_2025,2025
2025-07-18,30,6,6,0.002318375449113133,0.11351251897910253,-0.0555970717649947,1.0,0.0,2.0,-0.0555970717649947,-0.0561970717649947,-0.0565970717649947,-0.0575970717649947,low_volatility_20__csz,fold_2025,2025
2025-07-25,30,6,6,-0.007534529564405717,-0.08304912785961593,0.03775729914760511,1.0,0.0,2.0,0.03775729914760511,0.037157299147605106,0.03675729914760511,0.03575729914760511,low_volatility_20__csz,fold_2025,2025
2025-08-01,30,6,6,-0.0020441523136893003,0.024759038218863553,-0.013401595266276427,1.0,0.0,2.0,-0.013401595266276427,-0.014001595266276427,-0.014401595266276428,-0.015401595266276427,low_volatility_20__csz,fold_2025,2025
2025-08-08,30,6,6,0.0056484344508659174,0.010586482835759052,-0.002469024192446567,1.0,0.0,2.0,-0.002469024192446567,-0.003069024192446567,-0.003469024192446567,-0.004469024192446568,low_volatility_20__csz,fold_2025,2025
2025-08-15,30,6,6,-0.00407271871300775,-0.034673774524942046,0.015300527905967148,1.0,0.0,2.0,0.015300527905967148,0.014700527905967148,0.014300527905967149,0.013300527905967148,low_volatility_20__csz,fold_2025,2025
2025-08-22,30,6,6,0.0003627527795867832,-0.018515855531224465,0.009439304155405625,1.0,0.0,2.0,0.009439304155405625,0.008839304155405625,0.008439304155405624,0.007439304155405625,low_volatility_20__csz,fold_2025,2025
2025-08-29,30,6,6,-0.002972783365855783,-0.0040483630883622335,0.0005377898612532253,1.0,0.0,2.0,0.0005377898612532253,-6.221013874677464e-05,-0.0004622101387467747,-0.0014622101387467747,low_volatility_20__csz,fold_2025,2025
2025-09-05,30,6,6,0.00396097916256885,-0.0006285708313057168,0.0022947749969372835,1.0,0.0,2.0,0.0022947749969372835,0.0016947749969372836,0.0012947749969372834,0.0002947749969372834,low_volatility_20__csz,fold_2025,2025
2025-09-12,30,6,6,-0.010628594176334168,0.02821026615606816,-0.019419430166201165,1.0,0.0,2.0,-0.019419430166201165,-0.020019430166201165,-0.020419430166201166,-0.021419430166201167,low_volatility_20__csz,fold_2025,2025
2025-09-19,30,6,6,-0.0047518298103556,0.007999131648691782,-0.006375480729523691,1.0,0.0,2.0,-0.006375480729523691,-0.006975480729523691,-0.007375480729523691,-0.00837548072952369,low_volatility_20__csz,fold_2025,2025
2025-09-26,30,6,6,-0.007948280759363534,-0.027323870114652506,0.009687794677644485,1.0,0.0,2.0,0.009687794677644485,0.009087794677644485,0.008687794677644484,0.007687794677644485,low_volatility_20__csz,fold_2025,2025
2025-10-13,30,6,6,-0.0021293090915114163,0.010286160947582865,-0.006207735019547141,1.0,0.0,2.0,-0.006207735019547141,-0.0068077350195471405,-0.007207735019547141,-0.00820773501954714,low_volatility_20__csz,fold_2025,2025
2025-10-20,30,6,6,0.012110941740590415,0.002779832735830249,0.004665554502380083,1.0,0.0,2.0,0.004665554502380083,0.004065554502380084,0.0036655545023800834,0.0026655545023800834,low_volatility_20__csz,fold_2025,2025
2025-10-27,30,6,6,0.0015302511683700996,-0.0007457896801217508,0.0011380204242459253,1.0,0.0,2.0,0.0011380204242459253,0.0005380204242459253,0.00013802042424592527,-0.0008619795757540748,low_volatility_20__csz,fold_2025,2025
2025-11-03,30,6,6,0.0003385297295346831,0.003931004203065633,-0.0017962372367654749,1.0,0.0,2.0,-0.0017962372367654749,-0.0023962372367654747,-0.002796237236765475,-0.003796237236765475,low_volatility_20__csz,fold_2025,2025
2025-11-10,30,6,6,-0.007275716602244085,-0.01969475454374615,0.006209518970751032,1.0,0.0,2.0,0.006209518970751032,0.0056095189707510325,0.005209518970751032,0.004209518970751032,low_volatility_20__csz,fold_2025,2025
2025-11-17,30,6,6,0.0016067449992219164,-0.0344464092788895,0.018026577139055706,1.0,0.0,2.0,0.018026577139055706,0.017426577139055707,0.017026577139055706,0.016026577139055705,low_volatility_20__csz,fold_2025,2025
2025-11-24,30,6,6,0.007434769295791733,0.024899697016133985,-0.008732463860171126,1.0,0.0,2.0,-0.008732463860171126,-0.009332463860171126,-0.009732463860171126,-0.010732463860171126,low_volatility_20__csz,fold_2025,2025
2025-12-01,30,6,6,0.0008849506754168495,-0.02515382689862225,0.01301938878701955,1.0,0.0,2.0,0.01301938878701955,0.01241938878701955,0.012019388787019549,0.01101938878701955,low_volatility_20__csz,fold_2025,2025
2025-12-08,30,6,6,-0.0030372139838131997,-0.008711087933333599,0.0028369369747601996,1.0,0.0,2.0,0.0028369369747601996,0.0022369369747601998,0.0018369369747601996,0.0008369369747601996,low_volatility_20__csz,fold_2025,2025
2025-12-15,30,6,6,0.005430081820214917,0.04238669262733976,-0.01847830540356242,1.0,0.0,2.0,-0.01847830540356242,-0.01907830540356242,-0.01947830540356242,-0.020478305403562422,low_volatility_20__csz,fold_2025,2025
2025-12-22,30,6,6,0.015499686554423499,0.0068066183078799,0.0043465341232718,1.0,0.0,2.0,0.0043465341232718,0.0037465341232718,0.0033465341232718,0.0023465341232718,low_volatility_20__csz,fold_2025,2025
2025-01-02,30,6,6,-0.008643717017779867,0.002678744855383467,-0.005661230936581667,1.0,0.0,2.0,-0.005661230936581667,-0.006261230936581667,-0.006661230936581667,-0.007661230936581667,low_volatility_20__missing,fold_2025,2025
2025-01-09,30,6,6,0.0075445210942481486,0.018594971169530666,-0.005525225037641258,1.0,0.0,2.0,-0.005525225037641258,-0.006125225037641258,-0.006525225037641258,-0.007525225037641258,low_volatility_20__missing,fold_2025,2025
2025-01-16,30,6,6,-0.010761841957401931,-0.010041264596301166,-0.0003602886805503828,1.0,0.0,2.0,-0.0003602886805503828,-0.0009602886805503828,-0.0013602886805503828,-0.002360288680550383,low_volatility_20__missing,fold_2025,2025
2025-01-23,30,6,6,0.026902164920274117,0.022760400240047135,0.0020708823401134908,1.0,0.0,2.0,0.0020708823401134908,0.001470882340113491,0.0010708823401134908,7.088234011349073e-05,low_volatility_20__missing,fold_2025,2025
2025-02-07,30,6,6,0.0034579360473451504,0.014863603764137085,-0.005702833858395967,1.0,0.0,2.0,-0.005702833858395967,-0.006302833858395967,-0.006702833858395967,-0.007702833858395967,low_volatility_20__missing,fold_2025,2025
2025-02-14,30,6,6,-0.0019584202884222503,-0.005546947229154684,0.0017942634703662168,1.0,0.0,2.0,0.0017942634703662168,0.001194263470366217,0.0007942634703662168,-0.0002057365296337832,low_volatility_20__missing,fold_2025,2025
2025-02-21,30,6,6,-0.01620415741924312,-0.01981034273051052,0.0018030926556336993,1.0,0.0,2.0,0.0018030926556336993,0.0012030926556336995,0.0008030926556336993,-0.00019690734436630074,low_volatility_20__missing,fold_2025,2025
2025-02-28,30,6,6,0.0017574808783526665,0.005772026116737082,-0.002007272619192208,1.0,0.0,2.0,-0.002007272619192208,-0.002607272619192208,-0.003007272619192208,-0.004007272619192208,low_volatility_20__missing,fold_2025,2025
2025-03-07,30,6,6,0.01790988762657575,0.01117074853885155,0.0033695695438620997,1.0,0.0,2.0,0.0033695695438620997,0.0027695695438621,0.0023695695438620996,0.0013695695438620996,low_volatility_20__missing,fold_2025,2025
2025-03-14,30,6,6,-0.00670018249429645,-0.005378130145819351,-0.0006610261742385497,1.0,0.0,2.0,-0.0006610261742385497,-0.0012610261742385495,-0.0016610261742385497,-0.0026610261742385497,low_volatility_20__missing,fold_2025,2025
2025-03-21,30,6,6,0.008953652940416067,0.010443650073667751,-0.0007449985666258419,1.0,0.0,2.0,-0.0007449985666258419,-0.0013449985666258418,-0.001744998566625842,-0.002744998566625842,low_volatility_20__missing,fold_2025,2025
2025-03-28,30,6,6,-0.05285900986506967,-0.042894403238588376,-0.004982303313240646,1.0,0.0,2.0,-0.004982303313240646,-0.0055823033132406455,-0.005982303313240646,-0.006982303313240646,low_volatility_20__missing,fold_2025,2025
2025-04-07,30,6,6,0.0006071785515274665,0.015950776796268846,-0.00767179912237069,1.0,0.0,2.0,-0.00767179912237069,-0.00827179912237069,-0.00867179912237069,-0.00967179912237069,low_volatility_20__missing,fold_2025,2025
2025-04-14,30,6,6,-0.00027935445437895037,0.013286368781465817,-0.006782861617922384,1.0,0.0,2.0,-0.006782861617922384,-0.0073828616179223835,-0.007782861617922384,-0.008782861617922383,low_volatility_20__missing,fold_2025,2025
2025-04-21,30,6,6,0.0040523527979588825,0.002419965293180782,0.0008161937523890504,1.0,0.0,2.0,0.0008161937523890504,0.00021619375238905042,-0.00018380624761094966,-0.0011838062476109497,low_volatility_20__missing,fold_2025,2025
2025-04-28,30,6,6,-0.00718951193955315,-0.003936962928007667,-0.0016262745057727414,1.0,0.0,2.0,-0.0016262745057727414,-0.0022262745057727413,-0.0026262745057727415,-0.0036262745057727415,low_volatility_20__missing,fold_2025,2025
2025-05-08,30,6,6,0.019815468992626633,0.0028483170635519007,0.008483575964537367,1.0,0.0,2.0,0.008483575964537367,0.007883575964537367,0.007483575964537367,0.006483575964537367,low_volatility_20__missing,fold_2025,2025
2025-05-15,30,6,6,-0.008674213807957432,0.010849661334130331,-0.00976193757104388,1.0,0.0,2.0,-0.00976193757104388,-0.01036193757104388,-0.010761937571043882,-0.01176193757104388,low_volatility_20__missing,fold_2025,2025
2025-05-22,30,6,6,-0.00954213346398895,-0.0035272785088116504,-0.003007427477588649,1.0,0.0,2.0,-0.003007427477588649,-0.003607427477588649,-0.004007427477588649,-0.005007427477588649,low_volatility_20__missing,fold_2025,2025
2025-05-29,30,6,6,-0.0005790636159993161,0.014508581917736768,-0.007543822766868042,1.0,0.0,2.0,-0.007543822766868042,-0.008143822766868042,-0.00854382276686804,-0.009543822766868042,low_volatility_20__missing,fold_2025,2025
2025-06-06,30,6,6,0.0033019887739572508,0.019711426020677814,-0.008204718623360282,1.0,0.0,2.0,-0.008204718623360282,-0.008804718623360281,-0.00920471862336028,-0.010204718623360282,low_volatility_20__missing,fold_2025,2025
2025-06-13,30,6,6,0.0173628603516897,-0.0011935753651476004,0.00927821785841865,1.0,0.0,2.0,0.00927821785841865,0.00867821785841865,0.00827821785841865,0.00727821785841865,low_volatility_20__missing,fold_2025,2025
2025-06-20,30,6,6,0.0023028730457931674,-0.008058875973531167,0.005180874509662167,1.0,0.0,2.0,0.005180874509662167,0.004580874509662167,0.004180874509662167,0.003180874509662167,low_volatility_20__missing,fold_2025,2025
2025-06-27,30,6,6,-0.00785162858114365,0.005339474566943615,-0.006595551574043632,1.0,0.0,2.0,-0.006595551574043632,-0.007195551574043632,-0.007595551574043632,-0.008595551574043632,low_volatility_20__missing,fold_2025,2025
2025-07-04,30,6,6,0.0020300883267077665,0.0042093070008472665,-0.00108960933706975,1.0,0.0,2.0,-0.00108960933706975,-0.00168960933706975,-0.00208960933706975,-0.00308960933706975,low_volatility_20__missing,fold_2025,2025
2025-07-11,30,6,6,0.007227328275879533,0.011489358573184434,-0.0021310151486524506,1.0,0.0,2.0,-0.0021310151486524506,-0.0027310151486524504,-0.0031310151486524506,-0.004131015148652451,low_volatility_20__missing,fold_2025,2025
2025-07-18,30,6,6,0.029617424693904177,-0.0029559740183212665,0.01628669935611272,1.0,0.0,2.0,0.01628669935611272,0.01568669935611272,0.01528669935611272,0.01428669935611272,low_volatility_20__missing,fold_2025,2025
2025-07-25,30,6,6,-0.027846398976976383,-0.013499312316345819,-0.007173543330315282,1.0,0.0,2.0,-0.007173543330315282,-0.007773543330315282,-0.008173543330315282,-0.009173543330315281,low_volatility_20__missing,fold_2025,2025
2025-08-01,30,6,6,0.0014243173537378667,0.0005787767275901495,0.0004227703130738586,1.0,0.0,2.0,0.0004227703130738586,-0.00017722968692614134,-0.0005772296869261415,-0.0015772296869261415,low_volatility_20__missing,fold_2025,2025
2025-08-08,30,6,6,0.0025939619157738327,-0.0022418809471628676,0.00241792143146835,1.0,0.0,2.0,0.00241792143146835,0.0018179214314683503,0.0014179214314683501,0.0004179214314683501,low_volatility_20__missing,fold_2025,2025
2025-08-15,30,6,6,0.0012950442177015996,-0.002338449687004533,0.0018167469523530664,1.0,0.0,2.0,0.0018167469523530664,0.0012167469523530665,0.0008167469523530663,-0.00018325304764693368,low_volatility_20__missing,fold_2025,2025
2025-08-22,30,6,6,-0.0019313791185518994,0.012935063055888084,-0.007433221087219992,1.0,0.0,2.0,-0.007433221087219992,-0.008033221087219992,-0.008433221087219993,-0.009433221087219992,low_volatility_20__missing,fold_2025,2025
2025-08-29,30,6,6,-0.0084443572778612,0.013571207026897333,-0.011007782152379266,1.0,0.0,2.0,-0.011007782152379266,-0.011607782152379266,-0.012007782152379267,-0.013007782152379266,low_volatility_20__missing,fold_2025,2025
2025-09-05,30,6,6,-0.0005762771760395334,0.0031450674959040497,-0.0018606723359717915,1.0,0.0,2.0,-0.0018606723359717915,-0.0024606723359717913,-0.0028606723359717915,-0.0038606723359717915,low_volatility_20__missing,fold_2025,2025
2025-09-12,30,6,6,-0.008725268600990018,-0.009176544147441233,0.00022563777322560756,1.0,0.0,2.0,0.00022563777322560756,-0.0003743622267743924,-0.0007743622267743925,-0.0017743622267743925,low_volatility_20__missing,fold_2025,2025
2025-09-19,30,6,6,-0.0011214552514313668,0.014820120683934632,-0.007970787967683,1.0,0.0,2.0,-0.007970787967683,-0.008570787967683,-0.008970787967683,-0.009970787967683,low_volatility_20__missing,fold_2025,2025
2025-09-26,30,6,6,-0.0019246635046771664,0.013588858392057748,-0.007756760948367457,1.0,0.0,2.0,-0.007756760948367457,-0.008356760948367457,-0.008756760948367456,-0.009756760948367457,low_volatility_20__missing,fold_2025,2025
2025-10-13,30,6,6,-0.009679442453695652,0.018394105626528167,-0.014036774040111909,1.0,0.0,2.0,-0.014036774040111909,-0.014636774040111909,-0.01503677404011191,-0.01603677404011191,low_volatility_20__missing,fold_2025,2025
2025-10-20,30,6,6,0.01626273490873525,-0.009894342507996185,0.013078538708365717,1.0,0.0,2.0,0.013078538708365717,0.012478538708365718,0.012078538708365717,0.011078538708365717,low_volatility_20__missing,fold_2025,2025
2025-10-27,30,6,6,-0.0036671327961840337,0.002981589654639483,-0.0033243612254117583,1.0,0.0,2.0,-0.0033243612254117583,-0.003924361225411758,-0.004324361225411758,-0.005324361225411758,low_volatility_20__missing,fold_2025,2025
2025-11-03,30,6,6,0.007028989898778916,0.0011507681810089346,0.002939110858884991,1.0,0.0,2.0,0.002939110858884991,0.002339110858884991,0.0019391108588849909,0.0009391108588849909,low_volatility_20__missing,fold_2025,2025
2025-11-10,30,6,6,0.00019128413961836654,0.0007793811584215337,-0.00029404850940158357,1.0,0.0,2.0,-0.00029404850940158357,-0.0008940485094015836,-0.0012940485094015835,-0.0022940485094015838,low_volatility_20__missing,fold_2025,2025
2025-11-17,30,6,6,-0.008360079258358266,0.0019480626612953837,-0.005154070959826825,1.0,0.0,2.0,-0.005154070959826825,-0.005754070959826825,-0.006154070959826825,-0.007154070959826825,low_volatility_20__missing,fold_2025,2025
2025-11-24,30,6,6,0.015452806013379283,0.027751933698168457,-0.006149563842394587,1.0,0.0,2.0,-0.006149563842394587,-0.0067495638423945865,-0.007149563842394587,-0.008149563842394587,low_volatility_20__missing,fold_2025,2025
2025-12-01,30,6,6,0.001069490256261501,0.0043766118249291336,-0.0016535607843338163,1.0,0.0,2.0,-0.0016535607843338163,-0.002253560784333816,-0.0026535607843338163,-0.0036535607843338164,low_volatility_20__missing,fold_2025,2025
2025-12-08,30,6,6,-0.0016668708379587492,0.018018225342415182,-0.009842548090186965,1.0,0.0,2.0,-0.009842548090186965,-0.010442548090186965,-0.010842548090186966,-0.011842548090186965,low_volatility_20__missing,fold_2025,2025
2025-12-15,30,6,6,0.010940177992106934,0.0229013241673235,-0.005980573087608283,1.0,0.0,2.0,-0.005980573087608283,-0.006580573087608283,-0.006980573087608283,-0.007980573087608283,low_volatility_20__missing,fold_2025,2025
2025-12-22,30,6,6,0.012249848924108886,0.031180981499353954,-0.009465566287622535,1.0,0.0,2.0,-0.009465566287622535,-0.010065566287622535,-0.010465566287622536,-0.011465566287622535,low_volatility_20__missing,fold_2025,2025
2025-01-02,30,6,6,-0.033638450902617086,-0.0029165006355012166,-0.015360975133557934,1.0,0.0,2.0,-0.015360975133557934,-0.015960975133557934,-0.016360975133557935,-0.017360975133557936,realized_skewness_60__csz,fold_2025,2025
2025-01-09,30,6,6,0.03032235905492733,0.012295390352211283,0.009013484351358025,1.0,0.0,2.0,0.009013484351358025,0.008413484351358025,0.008013484351358024,0.007013484351358025,realized_skewness_60__csz,fold_2025,2025
2025-01-16,30,6,6,-0.0010884811348718668,-0.006859444216437467,0.0028854815407828,1.0,0.0,2.0,0.0028854815407828,0.0022854815407828003,0.0018854815407828,0.0008854815407828001,realized_skewness_60__csz,fold_2025,2025
2025-01-23,30,6,6,0.0442558565854507,0.006608960562811184,0.018823448011319757,1.0,0.0,2.0,0.018823448011319757,0.018223448011319757,0.017823448011319756,0.016823448011319755,realized_skewness_60__csz,fold_2025,2025
2025-02-07,30,6,6,-0.009697039103664984,0.005901494546206816,-0.0077992668249359,1.0,0.0,2.0,-0.0077992668249359,-0.0083992668249359,-0.008799266824935901,-0.0097992668249359,realized_skewness_60__csz,fold_2025,2025
2025-02-14,30,6,6,0.007430998204224783,0.006288556792790016,0.0005712207057173837,1.0,0.0,2.0,0.0005712207057173837,-2.8779294282616223e-05,-0.0004287792942826163,-0.0014287792942826163,realized_skewness_60__csz,fold_2025,2025
2025-02-21,30,6,6,-0.011360267374768732,-0.018138428982786663,0.0033890808040089654,1.0,0.0,2.0,0.0033890808040089654,0.0027890808040089655,0.0023890808040089653,0.0013890808040089653,realized_skewness_60__csz,fold_2025,2025
2025-02-28,30,6,6,0.006681793678535851,-0.001088515129830851,0.003885154404183351,1.0,0.0,2.0,0.003885154404183351,0.003285154404183351,0.002885154404183351,0.0018851544041833508,realized_skewness_60__csz,fold_2025,2025
2025-03-07,30,6,6,0.017129686020528518,0.017073404615809366,2.8140702359576164e-05,1.0,0.0,2.0,2.8140702359576164e-05,-0.0005718592976404238,-0.0009718592976404239,-0.001971859297640424,realized_skewness_60__csz,fold_2025,2025
2025-03-14,30,6,6,-0.0152922355032908,-0.0157682109213796,0.00023798770904439985,1.0,0.0,2.0,0.00023798770904439985,-0.0003620122909556001,-0.0007620122909556002,-0.0017620122909556002,realized_skewness_60__csz,fold_2025,2025
2025-03-21,30,6,6,0.0035815965339219993,0.019549500458130285,-0.007983951962104142,1.0,0.0,2.0,-0.007983951962104142,-0.008583951962104142,-0.008983951962104143,-0.009983951962104142,realized_skewness_60__csz,fold_2025,2025
2025-03-28,30,6,6,-0.026716076601077287,-0.05884847721229227,0.016066200305607493,1.0,0.0,2.0,0.016066200305607493,0.015466200305607494,0.015066200305607493,0.014066200305607493,realized_skewness_60__csz,fold_2025,2025
2025-04-07,30,6,6,0.02352152324707765,-0.020686926969964332,0.02210422510852099,1.0,0.0,2.0,0.02210422510852099,0.02150422510852099,0.021104225108520988,0.020104225108520987,realized_skewness_60__csz,fold_2025,2025
2025-04-14,30,6,6,0.005072932182922134,-0.003477746777246535,0.004275339480084335,1.0,0.0,2.0,0.004275339480084335,0.003675339480084335,0.0032753394800843346,0.0022753394800843346,realized_skewness_60__csz,fold_2025,2025
2025-04-21,30,6,6,0.002931309306148017,-0.002098177401614366,0.0025147433538811916,1.0,0.0,2.0,0.0025147433538811916,0.0019147433538811917,0.0015147433538811915,0.0005147433538811915,realized_skewness_60__csz,fold_2025,2025
2025-04-28,30,6,6,-0.007271920779843183,-0.030602724502111916,0.011665401861134366,1.0,0.0,2.0,0.011665401861134366,0.011065401861134366,0.010665401861134367,0.009665401861134366,realized_skewness_60__csz,fold_2025,2025
2025-05-08,30,6,6,0.00029063025686758395,0.005520877739249316,-0.002615123741190866,1.0,0.0,2.0,-0.002615123741190866,-0.003215123741190866,-0.003615123741190866,-0.004615123741190866,realized_skewness_60__csz,fold_2025,2025
2025-05-15,30,6,6,0.00716984982345835,-0.01436810787982065,0.0107689788516395,1.0,0.0,2.0,0.0107689788516395,0.0101689788516395,0.0097689788516395,0.0087689788516395,realized_skewness_60__csz,fold_2025,2025
2025-05-22,30,6,6,-0.007648450312263483,-0.02527390201499082,0.008812725851363667,1.0,0.0,2.0,0.008812725851363667,0.008212725851363668,0.007812725851363667,0.0068127258513636674,realized_skewness_60__csz,fold_2025,2025
2025-05-29,30,6,6,0.019016568108961365,0.0025158296327870834,0.00825036923808714,1.0,0.0,2.0,0.00825036923808714,0.007650369238087141,0.007250369238087141,0.006250369238087141,realized_skewness_60__csz,fold_2025,2025
2025-06-06,30,6,6,0.011996056951223565,-0.0059566478757543005,0.008976352413488932,1.0,0.0,2.0,0.008976352413488932,0.008376352413488932,0.007976352413488933,0.006976352413488932,realized_skewness_60__csz,fold_2025,2025
2025-06-13,30,6,6,0.003102436799803966,0.022354748787063866,-0.00962615599362995,1.0,0.0,2.0,-0.00962615599362995,-0.01022615599362995,-0.01062615599362995,-0.01162615599362995,realized_skewness_60__csz,fold_2025,2025
2025-06-20,30,6,6,0.0002487208992457002,0.007609682354138052,-0.0036804807274461756,1.0,0.0,2.0,-0.0036804807274461756,-0.004280480727446176,-0.004680480727446175,-0.005680480727446176,realized_skewness_60__csz,fold_2025,2025
2025-06-27,30,6,6,0.00427076355591085,0.0007683517842481507,0.0017512058858313495,1.0,0.0,2.0,0.0017512058858313495,0.0011512058858313494,0.0007512058858313495,-0.00024879411416865054,realized_skewness_60__csz,fold_2025,2025
2025-07-04,30,6,6,0.0022461825316607334,0.020224261249311648,-0.008989039358825458,1.0,0.0,2.0,-0.008989039358825458,-0.009589039358825458,-0.009989039358825457,-0.010989039358825458,realized_skewness_60__csz,fold_2025,2025
2025-07-11,30,6,6,0.019842203648844547,0.01767464615547705,0.0010837787466837483,1.0,0.0,2.0,0.0010837787466837483,0.0004837787466837484,8.377874668374832e-05,-0.0009162212533162517,realized_skewness_60__csz,fold_2025,2025
2025-07-18,30,6,6,-0.004313369135121683,0.07193991588360236,-0.03812664250936203,1.0,0.0,2.0,-0.03812664250936203,-0.03872664250936203,-0.03912664250936203,-0.04012664250936203,realized_skewness_60__csz,fold_2025,2025
2025-07-25,30,6,6,0.0030614406235090832,-0.08683429150295996,0.04494786606323452,1.0,0.0,2.0,0.04494786606323452,0.044347866063234515,0.04394786606323452,0.042947866063234516,realized_skewness_60__csz,fold_2025,2025
2025-08-01,30,6,6,0.006712330609617036,0.013634512612982083,-0.0034610910016825234,1.0,0.0,2.0,-0.0034610910016825234,-0.004061091001682523,-0.004461091001682523,-0.005461091001682523,realized_skewness_60__csz,fold_2025,2025
2025-08-08,30,6,6,-0.012114971680700548,0.0074204033329563325,-0.009767687506828441,1.0,0.0,2.0,-0.009767687506828441,-0.01036768750682844,-0.010767687506828442,-0.011767687506828441,realized_skewness_60__csz,fold_2025,2025
2025-08-15,30,6,6,-0.0098148452765706,-0.008011563048747283,-0.0009016411139116587,1.0,0.0,2.0,-0.0009016411139116587,-0.0015016411139116585,-0.0019016411139116587,-0.0029016411139116587,realized_skewness_60__csz,fold_2025,2025
2025-08-22,30,6,6,-0.004746555225325817,-0.0008983701564728332,-0.001924092534426492,1.0,0.0,2.0,-0.001924092534426492,-0.002524092534426492,-0.0029240925344264923,-0.003924092534426492,realized_skewness_60__csz,fold_2025,2025
2025-08-29,30,6,6,-0.014581899351803517,-0.00014123849807443369,-0.007220330426864542,1.0,0.0,2.0,-0.007220330426864542,-0.007820330426864542,-0.008220330426864542,-0.009220330426864543,realized_skewness_60__csz,fold_2025,2025
2025-09-05,30,6,6,0.004577502176173234,0.0008384854787084666,0.0018695083487323837,1.0,0.0,2.0,0.0018695083487323837,0.0012695083487323836,0.0008695083487323836,-0.00013049165126761638,realized_skewness_60__csz,fold_2025,2025
2025-09-12,30,6,6,-0.0018531501944016662,-0.00039120856926440004,-0.0007309708125686331,1.0,0.0,2.0,-0.0007309708125686331,-0.001330970812568633,-0.0017309708125686331,-0.002730970812568633,realized_skewness_60__csz,fold_2025,2025
2025-09-19,30,6,6,-0.00758030694503465,0.010041624517570867,-0.008810965731302758,1.0,0.0,2.0,-0.008810965731302758,-0.009410965731302758,-0.00981096573130276,-0.010810965731302758,realized_skewness_60__csz,fold_2025,2025
2025-09-26,30,6,6,-0.017260932006171053,0.006777305217609762,-0.012019118611890407,1.0,0.0,2.0,-0.012019118611890407,-0.012619118611890407,-0.013019118611890406,-0.014019118611890407,realized_skewness_60__csz,fold_2025,2025
2025-10-13,30,6,6,0.006184247138698799,0.009867061209495166,-0.0018414070353981833,1.0,0.0,2.0,-0.0018414070353981833,-0.002441407035398183,-0.0028414070353981833,-0.0038414070353981833,realized_skewness_60__csz,fold_2025,2025
2025-10-20,30,6,6,0.023051053300772312,0.018583720741559232,0.0022336662796065398,1.0,0.0,2.0,0.0022336662796065398,0.00163366627960654,0.0012336662796065398,0.00023366627960653974,realized_skewness_60__csz,fold_2025,2025
2025-10-27,30,6,6,-0.0190693503780261,-0.004382660132269317,-0.007343345122878391,1.0,0.0,2.0,-0.007343345122878391,-0.00794334512287839,-0.00834334512287839,-0.009343345122878391,realized_skewness_60__csz,fold_2025,2025
2025-11-03,30,6,6,0.0033939627686527495,-0.00414732947132605,0.0037706461199894,1.0,0.0,2.0,0.0037706461199894,0.0031706461199894,0.0027706461199894,0.0017706461199893998,realized_skewness_60__csz,fold_2025,2025
2025-11-10,30,6,6,0.0046934393183319665,-0.0106685347186805,0.007680987018506233,1.0,0.0,2.0,0.007680987018506233,0.007080987018506233,0.006680987018506233,0.005680987018506233,realized_skewness_60__csz,fold_2025,2025
2025-11-17,30,6,6,-0.008567845150024534,-0.015070343457132132,0.0032512491535537993,1.0,0.0,2.0,0.0032512491535537993,0.0026512491535537995,0.0022512491535537993,0.0012512491535537993,realized_skewness_60__csz,fold_2025,2025
2025-11-24,30,6,6,0.012711606659955984,0.0171482404351022,-0.0022183168875731076,1.0,0.0,2.0,-0.0022183168875731076,-0.0028183168875731074,-0.0032183168875731076,-0.004218316887573108,realized_skewness_60__csz,fold_2025,2025
2025-12-01,30,6,6,-0.009501638196957618,0.008543613210581549,-0.009022625703769584,1.0,0.0,2.0,-0.009022625703769584,-0.009622625703769584,-0.010022625703769585,-0.011022625703769584,realized_skewness_60__csz,fold_2025,2025
2025-12-08,30,6,6,0.017070373403214153,-0.0006831868612835497,0.008876780132248852,1.0,0.0,2.0,0.008876780132248852,0.008276780132248852,0.00787678013224885,0.0068767801322488515,realized_skewness_60__csz,fold_2025,2025
2025-12-15,30,6,6,0.0020932461812306832,0.009579873152246635,-0.0037433134855079757,1.0,0.0,2.0,-0.0037433134855079757,-0.0043433134855079755,-0.004743313485507976,-0.005743313485507976,realized_skewness_60__csz,fold_2025,2025
2025-12-22,30,6,6,0.015278917841598134,0.014422260188930518,0.0004283288263338082,1.0,0.0,2.0,0.0004283288263338082,-0.00017167117366619176,-0.0005716711736661918,-0.0015716711736661918,realized_skewness_60__csz,fold_2025,2025
2025-01-02,30,6,6,-0.008643717017779867,0.002678744855383467,-0.005661230936581667,1.0,0.0,2.0,-0.005661230936581667,-0.006261230936581667,-0.006661230936581667,-0.007661230936581667,realized_skewness_60__missing,fold_2025,2025
2025-01-09,30,6,6,0.0075445210942481486,0.018594971169530666,-0.005525225037641258,1.0,0.0,2.0,-0.005525225037641258,-0.006125225037641258,-0.006525225037641258,-0.007525225037641258,realized_skewness_60__missing,fold_2025,2025
2025-01-16,30,6,6,-0.010761841957401931,-0.010041264596301166,-0.0003602886805503828,1.0,0.0,2.0,-0.0003602886805503828,-0.0009602886805503828,-0.0013602886805503828,-0.002360288680550383,realized_skewness_60__missing,fold_2025,2025
2025-01-23,30,6,6,0.026902164920274117,0.022760400240047135,0.0020708823401134908,1.0,0.0,2.0,0.0020708823401134908,0.001470882340113491,0.0010708823401134908,7.088234011349073e-05,realized_skewness_60__missing,fold_2025,2025
2025-02-07,30,6,6,0.0034579360473451504,0.014863603764137085,-0.005702833858395967,1.0,0.0,2.0,-0.005702833858395967,-0.006302833858395967,-0.006702833858395967,-0.007702833858395967,realized_skewness_60__missing,fold_2025,2025
2025-02-14,30,6,6,-0.0019584202884222503,-0.005546947229154684,0.0017942634703662168,1.0,0.0,2.0,0.0017942634703662168,0.001194263470366217,0.0007942634703662168,-0.0002057365296337832,realized_skewness_60__missing,fold_2025,2025
2025-02-21,30,6,6,-0.01620415741924312,-0.01981034273051052,0.0018030926556336993,1.0,0.0,2.0,0.0018030926556336993,0.0012030926556336995,0.0008030926556336993,-0.00019690734436630074,realized_skewness_60__missing,fold_2025,2025
2025-02-28,30,6,6,0.0017574808783526665,0.005772026116737082,-0.002007272619192208,1.0,0.0,2.0,-0.002007272619192208,-0.002607272619192208,-0.003007272619192208,-0.004007272619192208,realized_skewness_60__missing,fold_2025,2025
2025-03-07,30,6,6,0.01790988762657575,0.01117074853885155,0.0033695695438620997,1.0,0.0,2.0,0.0033695695438620997,0.0027695695438621,0.0023695695438620996,0.0013695695438620996,realized_skewness_60__missing,fold_2025,2025
2025-03-14,30,6,6,-0.00670018249429645,-0.005378130145819351,-0.0006610261742385497,1.0,0.0,2.0,-0.0006610261742385497,-0.0012610261742385495,-0.0016610261742385497,-0.0026610261742385497,realized_skewness_60__missing,fold_2025,2025
2025-03-21,30,6,6,0.008953652940416067,0.010443650073667751,-0.0007449985666258419,1.0,0.0,2.0,-0.0007449985666258419,-0.0013449985666258418,-0.001744998566625842,-0.002744998566625842,realized_skewness_60__missing,fold_2025,2025
2025-03-28,30,6,6,-0.05285900986506967,-0.042894403238588376,-0.004982303313240646,1.0,0.0,2.0,-0.004982303313240646,-0.0055823033132406455,-0.005982303313240646,-0.006982303313240646,realized_skewness_60__missing,fold_2025,2025
2025-04-07,30,6,6,0.0006071785515274665,0.015950776796268846,-0.00767179912237069,1.0,0.0,2.0,-0.00767179912237069,-0.00827179912237069,-0.00867179912237069,-0.00967179912237069,realized_skewness_60__missing,fold_2025,2025
2025-04-14,30,6,6,-0.00027935445437895037,0.013286368781465817,-0.006782861617922384,1.0,0.0,2.0,-0.006782861617922384,-0.0073828616179223835,-0.007782861617922384,-0.008782861617922383,realized_skewness_60__missing,fold_2025,2025
2025-04-21,30,6,6,0.0040523527979588825,0.002419965293180782,0.0008161937523890504,1.0,0.0,2.0,0.0008161937523890504,0.00021619375238905042,-0.00018380624761094966,-0.0011838062476109497,realized_skewness_60__missing,fold_2025,2025
2025-04-28,30,6,6,-0.00718951193955315,-0.003936962928007667,-0.0016262745057727414,1.0,0.0,2.0,-0.0016262745057727414,-0.0022262745057727413,-0.0026262745057727415,-0.0036262745057727415,realized_skewness_60__missing,fold_2025,2025
2025-05-08,30,6,6,0.019815468992626633,0.0028483170635519007,0.008483575964537367,1.0,0.0,2.0,0.008483575964537367,0.007883575964537367,0.007483575964537367,0.006483575964537367,realized_skewness_60__missing,fold_2025,2025
2025-05-15,30,6,6,-0.008674213807957432,0.010849661334130331,-0.00976193757104388,1.0,0.0,2.0,-0.00976193757104388,-0.01036193757104388,-0.010761937571043882,-0.01176193757104388,realized_skewness_60__missing,fold_2025,2025
2025-05-22,30,6,6,-0.00954213346398895,-0.0035272785088116504,-0.003007427477588649,1.0,0.0,2.0,-0.003007427477588649,-0.003607427477588649,-0.004007427477588649,-0.005007427477588649,realized_skewness_60__missing,fold_2025,2025
2025-05-29,30,6,6,-0.0005790636159993161,0.014508581917736768,-0.007543822766868042,1.0,0.0,2.0,-0.007543822766868042,-0.008143822766868042,-0.00854382276686804,-0.009543822766868042,realized_skewness_60__missing,fold_2025,2025
2025-06-06,30,6,6,0.0033019887739572508,0.019711426020677814,-0.008204718623360282,1.0,0.0,2.0,-0.008204718623360282,-0.008804718623360281,-0.00920471862336028,-0.010204718623360282,realized_skewness_60__missing,fold_2025,2025
2025-06-13,30,6,6,0.0173628603516897,-0.0011935753651476004,0.00927821785841865,1.0,0.0,2.0,0.00927821785841865,0.00867821785841865,0.00827821785841865,0.00727821785841865,realized_skewness_60__missing,fold_2025,2025
2025-06-20,30,6,6,0.0023028730457931674,-0.008058875973531167,0.005180874509662167,1.0,0.0,2.0,0.005180874509662167,0.004580874509662167,0.004180874509662167,0.003180874509662167,realized_skewness_60__missing,fold_2025,2025
2025-06-27,30,6,6,-0.00785162858114365,0.005339474566943615,-0.006595551574043632,1.0,0.0,2.0,-0.006595551574043632,-0.007195551574043632,-0.007595551574043632,-0.008595551574043632,realized_skewness_60__missing,fold_2025,2025
2025-07-04,30,6,6,0.0020300883267077665,0.0042093070008472665,-0.00108960933706975,1.0,0.0,2.0,-0.00108960933706975,-0.00168960933706975,-0.00208960933706975,-0.00308960933706975,realized_skewness_60__missing,fold_2025,2025
2025-07-11,30,6,6,0.007227328275879533,0.011489358573184434,-0.0021310151486524506,1.0,0.0,2.0,-0.0021310151486524506,-0.0027310151486524504,-0.0031310151486524506,-0.004131015148652451,realized_skewness_60__missing,fold_2025,2025
2025-07-18,30,6,6,0.029617424693904177,-0.0029559740183212665,0.01628669935611272,1.0,0.0,2.0,0.01628669935611272,0.01568669935611272,0.01528669935611272,0.01428669935611272,realized_skewness_60__missing,fold_2025,2025
2025-07-25,30,6,6,-0.027846398976976383,-0.013499312316345819,-0.007173543330315282,1.0,0.0,2.0,-0.007173543330315282,-0.007773543330315282,-0.008173543330315282,-0.009173543330315281,realized_skewness_60__missing,fold_2025,2025
2025-08-01,30,6,6,0.0014243173537378667,0.0005787767275901495,0.0004227703130738586,1.0,0.0,2.0,0.0004227703130738586,-0.00017722968692614134,-0.0005772296869261415,-0.0015772296869261415,realized_skewness_60__missing,fold_2025,2025
2025-08-08,30,6,6,0.0025939619157738327,-0.0022418809471628676,0.00241792143146835,1.0,0.0,2.0,0.00241792143146835,0.0018179214314683503,0.0014179214314683501,0.0004179214314683501,realized_skewness_60__missing,fold_2025,2025
2025-08-15,30,6,6,0.0012950442177015996,-0.002338449687004533,0.0018167469523530664,1.0,0.0,2.0,0.0018167469523530664,0.0012167469523530665,0.0008167469523530663,-0.00018325304764693368,realized_skewness_60__missing,fold_2025,2025
2025-08-22,30,6,6,-0.0019313791185518994,0.012935063055888084,-0.007433221087219992,1.0,0.0,2.0,-0.007433221087219992,-0.008033221087219992,-0.008433221087219993,-0.009433221087219992,realized_skewness_60__missing,fold_2025,2025
2025-08-29,30,6,6,-0.0084443572778612,0.013571207026897333,-0.011007782152379266,1.0,0.0,2.0,-0.011007782152379266,-0.011607782152379266,-0.012007782152379267,-0.013007782152379266,realized_skewness_60__missing,fold_2025,2025
2025-09-05,30,6,6,-0.0005762771760395334,0.0031450674959040497,-0.0018606723359717915,1.0,0.0,2.0,-0.0018606723359717915,-0.0024606723359717913,-0.0028606723359717915,-0.0038606723359717915,realized_skewness_60__missing,fold_2025,2025
2025-09-12,30,6,6,-0.008725268600990018,-0.009176544147441233,0.00022563777322560756,1.0,0.0,2.0,0.00022563777322560756,-0.0003743622267743924,-0.0007743622267743925,-0.0017743622267743925,realized_skewness_60__missing,fold_2025,2025
2025-09-19,30,6,6,-0.0011214552514313668,0.014820120683934632,-0.007970787967683,1.0,0.0,2.0,-0.007970787967683,-0.008570787967683,-0.008970787967683,-0.009970787967683,realized_skewness_60__missing,fold_2025,2025
2025-09-26,30,6,6,-0.0019246635046771664,0.013588858392057748,-0.007756760948367457,1.0,0.0,2.0,-0.007756760948367457,-0.008356760948367457,-0.008756760948367456,-0.009756760948367457,realized_skewness_60__missing,fold_2025,2025
2025-10-13,30,6,6,-0.009679442453695652,0.018394105626528167,-0.014036774040111909,1.0,0.0,2.0,-0.014036774040111909,-0.014636774040111909,-0.01503677404011191,-0.01603677404011191,realized_skewness_60__missing,fold_2025,2025
2025-10-20,30,6,6,0.01626273490873525,-0.009894342507996185,0.013078538708365717,1.0,0.0,2.0,0.013078538708365717,0.012478538708365718,0.012078538708365717,0.011078538708365717,realized_skewness_60__missing,fold_2025,2025
2025-10-27,30,6,6,-0.0036671327961840337,0.002981589654639483,-0.0033243612254117583,1.0,0.0,2.0,-0.0033243612254117583,-0.003924361225411758,-0.004324361225411758,-0.005324361225411758,realized_skewness_60__missing,fold_2025,2025
2025-11-03,30,6,6,0.007028989898778916,0.0011507681810089346,0.002939110858884991,1.0,0.0,2.0,0.002939110858884991,0.002339110858884991,0.0019391108588849909,0.0009391108588849909,realized_skewness_60__missing,fold_2025,2025
2025-11-10,30,6,6,0.00019128413961836654,0.0007793811584215337,-0.00029404850940158357,1.0,0.0,2.0,-0.00029404850940158357,-0.0008940485094015836,-0.0012940485094015835,-0.0022940485094015838,realized_skewness_60__missing,fold_2025,2025
2025-11-17,30,6,6,-0.008360079258358266,0.0019480626612953837,-0.005154070959826825,1.0,0.0,2.0,-0.005154070959826825,-0.005754070959826825,-0.006154070959826825,-0.007154070959826825,realized_skewness_60__missing,fold_2025,2025
2025-11-24,30,6,6,0.015452806013379283,0.027751933698168457,-0.006149563842394587,1.0,0.0,2.0,-0.006149563842394587,-0.0067495638423945865,-0.007149563842394587,-0.008149563842394587,realized_skewness_60__missing,fold_2025,2025
2025-12-01,30,6,6,0.001069490256261501,0.0043766118249291336,-0.0016535607843338163,1.0,0.0,2.0,-0.0016535607843338163,-0.002253560784333816,-0.0026535607843338163,-0.0036535607843338164,realized_skewness_60__missing,fold_2025,2025
2025-12-08,30,6,6,-0.0016668708379587492,0.018018225342415182,-0.009842548090186965,1.0,0.0,2.0,-0.009842548090186965,-0.010442548090186965,-0.010842548090186966,-0.011842548090186965,realized_skewness_60__missing,fold_2025,2025
2025-12-15,30,6,6,0.010940177992106934,0.0229013241673235,-0.005980573087608283,1.0,0.0,2.0,-0.005980573087608283,-0.006580573087608283,-0.006980573087608283,-0.007980573087608283,realized_skewness_60__missing,fold_2025,2025
2025-12-22,30,6,6,0.012249848924108886,0.031180981499353954,-0.009465566287622535,1.0,0.0,2.0,-0.009465566287622535,-0.010065566287622535,-0.010465566287622536,-0.011465566287622535,realized_skewness_60__missing,fold_2025,2025
2025-01-02,30,6,6,-0.009083178053249631,-0.0060929507758479,-0.0014951136387008658,1.0,0.0,2.0,-0.0014951136387008658,-0.0020951136387008656,-0.002495113638700866,-0.003495113638700866,seasonality_3y__csz,fold_2025,2025
2025-01-09,30,6,6,0.041343819397368135,0.03776192776299627,0.0017909458171859322,1.0,0.0,2.0,0.0017909458171859322,0.0011909458171859323,0.0007909458171859321,-0.0002090541828140679,seasonality_3y__csz,fold_2025,2025
2025-01-16,30,6,6,-0.006974101557566718,-0.011253287668267983,0.0021395930553506325,1.0,0.0,2.0,0.0021395930553506325,0.0015395930553506326,0.0011395930553506324,0.00013959305535063242,seasonality_3y__csz,fold_2025,2025
2025-01-23,30,6,6,0.013723597552994434,0.017393400225540683,-0.0018349013362731247,1.0,0.0,2.0,-0.0018349013362731247,-0.0024349013362731245,-0.0028349013362731247,-0.0038349013362731247,seasonality_3y__csz,fold_2025,2025
2025-02-07,30,6,6,0.0007012417236156339,0.006749758274115867,-0.0030242582752501167,1.0,0.0,2.0,-0.0030242582752501167,-0.0036242582752501165,-0.004024258275250117,-0.005024258275250116,seasonality_3y__csz,fold_2025,2025
2025-02-14,30,6,6,0.0123758884598191,0.0055861628817304,0.0033948627890443496,1.0,0.0,2.0,0.0033948627890443496,0.0027948627890443498,0.0023948627890443496,0.0013948627890443496,seasonality_3y__csz,fold_2025,2025
2025-02-21,30,6,6,-0.022331776280807816,0.0024339571305569173,-0.012382866705682366,1.0,0.0,2.0,-0.012382866705682366,-0.012982866705682366,-0.013382866705682367,-0.014382866705682366,seasonality_3y__csz,fold_2025,2025
2025-02-28,30,6,6,-0.011262171141899632,-0.007368247697811835,-0.0019469617220438987,1.0,0.0,2.0,-0.0019469617220438987,-0.0025469617220438986,-0.0029469617220438987,-0.003946961722043899,seasonality_3y__csz,fold_2025,2025
2025-03-07,30,6,6,0.011772446390191184,0.024567718870063333,-0.006397636239936074,1.0,0.0,2.0,-0.006397636239936074,-0.006997636239936074,-0.0073976362399360744,-0.008397636239936074,seasonality_3y__csz,fold_2025,2025
2025-03-14,30,6,6,-0.0120990028981251,-0.011944609258719966,-7.719681970256697e-05,1.0,0.0,2.0,-7.719681970256697e-05,-0.0006771968197025669,-0.001077196819702567,-0.002077196819702567,seasonality_3y__csz,fold_2025,2025
2025-03-21,30,6,6,0.0016149973624517327,0.0031689335162732014,-0.0007769680769107344,1.0,0.0,2.0,-0.0007769680769107344,-0.0013769680769107344,-0.0017769680769107344,-0.002776968076910734,seasonality_3y__csz,fold_2025,2025
2025-03-28,30,6,6,-0.043103419113451134,-0.031135377499185216,-0.005984020807132959,1.0,0.0,2.0,-0.005984020807132959,-0.006584020807132959,-0.006984020807132959,-0.007984020807132959,seasonality_3y__csz,fold_2025,2025
2025-04-07,30,6,6,0.006170232217665467,0.003292396398854317,0.0014389179094055748,1.0,0.0,2.0,0.0014389179094055748,0.0008389179094055748,0.00043891790940557476,-0.0005610820905944253,seasonality_3y__csz,fold_2025,2025
2025-04-14,30,6,6,0.0094410519456819,0.005486500837421683,0.0019772755541301082,1.0,0.0,2.0,0.0019772755541301082,0.0013772755541301084,0.0009772755541301082,-2.2724445869891797e-05,seasonality_3y__csz,fold_2025,2025
2025-04-21,30,6,6,0.01548877471089413,0.005502181836072966,0.004993296437410582,1.0,0.0,2.0,0.004993296437410582,0.004393296437410582,0.003993296437410582,0.002993296437410582,seasonality_3y__csz,fold_2025,2025
2025-04-28,30,6,6,-0.011160600233880135,-0.0322083193481259,0.010523859557122883,1.0,0.0,2.0,0.010523859557122883,0.009923859557122883,0.009523859557122882,0.008523859557122882,seasonality_3y__csz,fold_2025,2025
2025-05-08,30,6,6,0.012714834738285783,0.017654206114681267,-0.002469685688197742,1.0,0.0,2.0,-0.002469685688197742,-0.003069685688197742,-0.003469685688197742,-0.004469685688197742,seasonality_3y__csz,fold_2025,2025
2025-05-15,30,6,6,-0.023411371439450063,-0.011365246773985982,-0.006023062332732041,1.0,0.0,2.0,-0.006023062332732041,-0.006623062332732041,-0.007023062332732041,-0.00802306233273204,seasonality_3y__csz,fold_2025,2025
2025-05-22,30,6,6,-0.018671783774815234,-0.013643468772151399,-0.0025141575013319173,1.0,0.0,2.0,-0.0025141575013319173,-0.003114157501331917,-0.0035141575013319173,-0.004514157501331917,seasonality_3y__csz,fold_2025,2025
2025-05-29,30,6,6,0.018123193612249785,0.0011868578501031668,0.008468167881073308,1.0,0.0,2.0,0.008468167881073308,0.007868167881073309,0.0074681678810733084,0.006468167881073308,seasonality_3y__csz,fold_2025,2025
2025-06-06,30,6,6,-0.00629510757087585,0.058414103405681796,-0.03235460548827882,1.0,0.0,2.0,-0.03235460548827882,-0.032954605488278825,-0.03335460548827882,-0.034354605488278823,seasonality_3y__csz,fold_2025,2025
2025-06-13,30,6,6,0.026369564329471268,0.020165589628460833,0.0031019873505052174,1.0,0.0,2.0,0.0031019873505052174,0.0025019873505052175,0.0021019873505052173,0.0011019873505052173,seasonality_3y__csz,fold_2025,2025
2025-06-20,30,6,6,-0.013196901675106884,0.02925995111104651,-0.021228426393076698,1.0,0.0,2.0,-0.021228426393076698,-0.021828426393076698,-0.0222284263930767,-0.0232284263930767,seasonality_3y__csz,fold_2025,2025
2025-06-27,30,6,6,-0.00434486888154555,0.007075421053750049,-0.005710144967647799,1.0,0.0,2.0,-0.005710144967647799,-0.006310144967647799,-0.006710144967647799,-0.007710144967647799,seasonality_3y__csz,fold_2025,2025
2025-07-04,30,6,6,0.019337546342974746,0.03284294954719408,-0.006752701602109666,1.0,0.0,2.0,-0.006752701602109666,-0.007352701602109666,-0.007752701602109666,-0.008752701602109666,seasonality_3y__csz,fold_2025,2025
2025-07-11,30,6,6,0.016529555359350214,0.004972376904450734,0.00577858922744974,1.0,0.0,2.0,0.00577858922744974,0.00517858922744974,0.00477858922744974,0.00377858922744974,seasonality_3y__csz,fold_2025,2025
2025-07-18,30,6,6,0.11483340501118126,-0.003177453246662017,0.05900542912892164,1.0,0.0,2.0,0.05900542912892164,0.05840542912892164,0.05800542912892164,0.05700542912892164,seasonality_3y__csz,fold_2025,2025
2025-07-25,30,6,6,-0.0023931486583256005,-0.0830228431150598,0.0403148472283671,1.0,0.0,2.0,0.0403148472283671,0.039714847228367094,0.039314847228367096,0.038314847228367095,seasonality_3y__csz,fold_2025,2025
2025-08-01,30,6,6,0.004079555910396449,0.028809154526256587,-0.01236479930793007,1.0,0.0,2.0,-0.01236479930793007,-0.01296479930793007,-0.01336479930793007,-0.01436479930793007,seasonality_3y__csz,fold_2025,2025
2025-08-08,30,6,6,0.011738276313639433,0.00019651767214188347,0.005770879320748774,1.0,0.0,2.0,0.005770879320748774,0.0051708793207487745,0.004770879320748774,0.0037708793207487743,seasonality_3y__csz,fold_2025,2025
2025-08-15,30,6,6,-0.0062621296411565,-0.011832493750778153,0.002785182054810826,1.0,0.0,2.0,0.002785182054810826,0.0021851820548108264,0.0017851820548108262,0.0007851820548108262,seasonality_3y__csz,fold_2025,2025
2025-08-22,30,6,6,0.005249387344736533,0.005762457935899516,-0.0002565352955814916,1.0,0.0,2.0,-0.0002565352955814916,-0.0008565352955814915,-0.0012565352955814916,-0.0022565352955814916,seasonality_3y__csz,fold_2025,2025
2025-08-29,30,6,6,-0.004363315991219667,0.0052999283887576335,-0.0048316221899886505,1.0,0.0,2.0,-0.0048316221899886505,-0.00543162218998865,-0.0058316221899886505,-0.0068316221899886505,seasonality_3y__csz,fold_2025,2025
2025-09-05,30,6,6,-0.0004648712045167835,0.0026330645405642,-0.0015489678725404917,1.0,0.0,2.0,-0.0015489678725404917,-0.0021489678725404916,-0.0025489678725404918,-0.0035489678725404918,seasonality_3y__csz,fold_2025,2025
2025-09-12,30,6,6,0.02648566711760586,-0.002033393976802868,0.014259530547204365,1.0,0.0,2.0,0.014259530547204365,0.013659530547204365,0.013259530547204364,0.012259530547204365,seasonality_3y__csz,fold_2025,2025
2025-09-19,30,6,6,-0.02132403933331467,-0.008135960815630732,-0.006594039258841969,1.0,0.0,2.0,-0.006594039258841969,-0.007194039258841969,-0.007594039258841969,-0.00859403925884197,seasonality_3y__csz,fold_2025,2025
2025-09-26,30,6,6,0.012554757521560883,-0.0373276395623,0.024941198541930443,1.0,0.0,2.0,0.024941198541930443,0.024341198541930443,0.023941198541930442,0.02294119854193044,seasonality_3y__csz,fold_2025,2025
2025-10-13,30,6,6,-0.0029775631892992663,0.013534626034964881,-0.008256094612132073,1.0,0.0,2.0,-0.008256094612132073,-0.008856094612132073,-0.009256094612132074,-0.010256094612132073,seasonality_3y__csz,fold_2025,2025
2025-10-20,30,6,6,0.028751129631378883,0.013015618500039702,0.007867755565669592,1.0,0.0,2.0,0.007867755565669592,0.007267755565669592,0.006867755565669592,0.005867755565669592,seasonality_3y__csz,fold_2025,2025
2025-10-27,30,6,6,-0.017899041849294767,-0.020644176954109115,0.0013725675524071737,1.0,0.0,2.0,0.0013725675524071737,0.0007725675524071738,0.0003725675524071737,-0.0006274324475928263,seasonality_3y__csz,fold_2025,2025
2025-11-03,30,6,6,0.007954761500738266,-0.009211968140976667,0.008583364820857467,1.0,0.0,2.0,0.008583364820857467,0.007983364820857467,0.007583364820857467,0.006583364820857467,seasonality_3y__csz,fold_2025,2025
2025-11-10,30,6,6,-0.013342429222189667,-0.011081687537307832,-0.0011303708424409177,1.0,0.0,2.0,-0.0011303708424409177,-0.0017303708424409175,-0.0021303708424409177,-0.0031303708424409177,seasonality_3y__csz,fold_2025,2025
2025-11-17,30,6,6,-0.008436057198542117,0.002640669567099,-0.005538363382820558,1.0,0.0,2.0,-0.005538363382820558,-0.006138363382820558,-0.006538363382820558,-0.007538363382820558,seasonality_3y__csz,fold_2025,2025
2025-11-24,30,6,6,0.008871416548642916,0.008489433043864852,0.00019099175238903188,1.0,0.0,2.0,0.00019099175238903188,-0.00040900824761096806,-0.0008090082476109681,-0.0018090082476109682,seasonality_3y__csz,fold_2025,2025
2025-12-01,30,6,6,-0.003958950925381549,-0.013714310064203948,0.0048776795694112,1.0,0.0,2.0,0.0048776795694112,0.0042776795694112,0.0038776795694112,0.0028776795694112,seasonality_3y__csz,fold_2025,2025
2025-12-08,30,6,6,-0.0076801040018869005,-0.02090133264472192,0.00661061432141751,1.0,0.0,2.0,0.00661061432141751,0.00601061432141751,0.00561061432141751,0.00461061432141751,seasonality_3y__csz,fold_2025,2025
2025-12-15,30,6,6,0.01779895218710637,0.0005503709597236669,0.008624290613691351,1.0,0.0,2.0,0.008624290613691351,0.008024290613691351,0.007624290613691351,0.006624290613691351,seasonality_3y__csz,fold_2025,2025
2025-12-22,30,6,6,0.02646801532234962,0.012804989740008668,0.006831512791170476,1.0,0.0,2.0,0.006831512791170476,0.006231512791170476,0.005831512791170476,0.004831512791170476,seasonality_3y__csz,fold_2025,2025
2025-01-02,30,6,6,-0.008643717017779867,0.002678744855383467,-0.005661230936581667,1.0,0.0,2.0,-0.005661230936581667,-0.006261230936581667,-0.006661230936581667,-0.007661230936581667,seasonality_3y__missing,fold_2025,2025
2025-01-09,30,6,6,0.0075445210942481486,0.018594971169530666,-0.005525225037641258,1.0,0.0,2.0,-0.005525225037641258,-0.006125225037641258,-0.006525225037641258,-0.007525225037641258,seasonality_3y__missing,fold_2025,2025
2025-01-16,30,6,6,-0.010761841957401931,-0.010041264596301166,-0.0003602886805503828,1.0,0.0,2.0,-0.0003602886805503828,-0.0009602886805503828,-0.0013602886805503828,-0.002360288680550383,seasonality_3y__missing,fold_2025,2025
2025-01-23,30,6,6,0.026902164920274117,0.022760400240047135,0.0020708823401134908,1.0,0.0,2.0,0.0020708823401134908,0.001470882340113491,0.0010708823401134908,7.088234011349073e-05,seasonality_3y__missing,fold_2025,2025
2025-02-07,30,6,6,0.0034579360473451504,0.014863603764137085,-0.005702833858395967,1.0,0.0,2.0,-0.005702833858395967,-0.006302833858395967,-0.006702833858395967,-0.007702833858395967,seasonality_3y__missing,fold_2025,2025
2025-02-14,30,6,6,-0.0019584202884222503,-0.005546947229154684,0.0017942634703662168,1.0,0.0,2.0,0.0017942634703662168,0.001194263470366217,0.0007942634703662168,-0.0002057365296337832,seasonality_3y__missing,fold_2025,2025
2025-02-21,30,6,6,-0.01620415741924312,-0.01981034273051052,0.0018030926556336993,1.0,0.0,2.0,0.0018030926556336993,0.0012030926556336995,0.0008030926556336993,-0.00019690734436630074,seasonality_3y__missing,fold_2025,2025
2025-02-28,30,6,6,0.0017574808783526665,0.005772026116737082,-0.002007272619192208,1.0,0.0,2.0,-0.002007272619192208,-0.002607272619192208,-0.003007272619192208,-0.004007272619192208,seasonality_3y__missing,fold_2025,2025
2025-03-07,30,6,6,0.01790988762657575,0.01117074853885155,0.0033695695438620997,1.0,0.0,2.0,0.0033695695438620997,0.0027695695438621,0.0023695695438620996,0.0013695695438620996,seasonality_3y__missing,fold_2025,2025
2025-03-14,30,6,6,-0.00670018249429645,-0.005378130145819351,-0.0006610261742385497,1.0,0.0,2.0,-0.0006610261742385497,-0.0012610261742385495,-0.0016610261742385497,-0.0026610261742385497,seasonality_3y__missing,fold_2025,2025
2025-03-21,30,6,6,0.008953652940416067,0.010443650073667751,-0.0007449985666258419,1.0,0.0,2.0,-0.0007449985666258419,-0.0013449985666258418,-0.001744998566625842,-0.002744998566625842,seasonality_3y__missing,fold_2025,2025
2025-03-28,30,6,6,-0.05285900986506967,-0.042894403238588376,-0.004982303313240646,1.0,0.0,2.0,-0.004982303313240646,-0.0055823033132406455,-0.005982303313240646,-0.006982303313240646,seasonality_3y__missing,fold_2025,2025
2025-04-07,30,6,6,0.0006071785515274665,0.015950776796268846,-0.00767179912237069,1.0,0.0,2.0,-0.00767179912237069,-0.00827179912237069,-0.00867179912237069,-0.00967179912237069,seasonality_3y__missing,fold_2025,2025
2025-04-14,30,6,6,-0.00027935445437895037,0.013286368781465817,-0.006782861617922384,1.0,0.0,2.0,-0.006782861617922384,-0.0073828616179223835,-0.007782861617922384,-0.008782861617922383,seasonality_3y__missing,fold_2025,2025
2025-04-21,30,6,6,0.0040523527979588825,0.002419965293180782,0.0008161937523890504,1.0,0.0,2.0,0.0008161937523890504,0.00021619375238905042,-0.00018380624761094966,-0.0011838062476109497,seasonality_3y__missing,fold_2025,2025
2025-04-28,30,6,6,-0.00718951193955315,-0.003936962928007667,-0.0016262745057727414,1.0,0.0,2.0,-0.0016262745057727414,-0.0022262745057727413,-0.0026262745057727415,-0.0036262745057727415,seasonality_3y__missing,fold_2025,2025
2025-05-08,30,6,6,0.019815468992626633,0.0028483170635519007,0.008483575964537367,1.0,0.0,2.0,0.008483575964537367,0.007883575964537367,0.007483575964537367,0.006483575964537367,seasonality_3y__missing,fold_2025,2025
2025-05-15,30,6,6,-0.008674213807957432,0.010849661334130331,-0.00976193757104388,1.0,0.0,2.0,-0.00976193757104388,-0.01036193757104388,-0.010761937571043882,-0.01176193757104388,seasonality_3y__missing,fold_2025,2025
2025-05-22,30,6,6,-0.00954213346398895,-0.0035272785088116504,-0.003007427477588649,1.0,0.0,2.0,-0.003007427477588649,-0.003607427477588649,-0.004007427477588649,-0.005007427477588649,seasonality_3y__missing,fold_2025,2025
2025-05-29,30,6,6,-0.0005790636159993161,0.014508581917736768,-0.007543822766868042,1.0,0.0,2.0,-0.007543822766868042,-0.008143822766868042,-0.00854382276686804,-0.009543822766868042,seasonality_3y__missing,fold_2025,2025
2025-06-06,30,6,6,0.0033019887739572508,0.019711426020677814,-0.008204718623360282,1.0,0.0,2.0,-0.008204718623360282,-0.008804718623360281,-0.00920471862336028,-0.010204718623360282,seasonality_3y__missing,fold_2025,2025
2025-06-13,30,6,6,0.0173628603516897,-0.0011935753651476004,0.00927821785841865,1.0,0.0,2.0,0.00927821785841865,0.00867821785841865,0.00827821785841865,0.00727821785841865,seasonality_3y__missing,fold_2025,2025
2025-06-20,30,6,6,0.0023028730457931674,-0.008058875973531167,0.005180874509662167,1.0,0.0,2.0,0.005180874509662167,0.004580874509662167,0.004180874509662167,0.003180874509662167,seasonality_3y__missing,fold_2025,2025
2025-06-27,30,6,6,-0.00785162858114365,0.005339474566943615,-0.006595551574043632,1.0,0.0,2.0,-0.006595551574043632,-0.007195551574043632,-0.007595551574043632,-0.008595551574043632,seasonality_3y__missing,fold_2025,2025
2025-07-04,30,6,6,0.0020300883267077665,0.0042093070008472665,-0.00108960933706975,1.0,0.0,2.0,-0.00108960933706975,-0.00168960933706975,-0.00208960933706975,-0.00308960933706975,seasonality_3y__missing,fold_2025,2025
2025-07-11,30,6,6,0.007227328275879533,0.011489358573184434,-0.0021310151486524506,1.0,0.0,2.0,-0.0021310151486524506,-0.0027310151486524504,-0.0031310151486524506,-0.004131015148652451,seasonality_3y__missing,fold_2025,2025
2025-07-18,30,6,6,0.029617424693904177,-0.0029559740183212665,0.01628669935611272,1.0,0.0,2.0,0.01628669935611272,0.01568669935611272,0.01528669935611272,0.01428669935611272,seasonality_3y__missing,fold_2025,2025
2025-07-25,30,6,6,-0.027846398976976383,-0.013499312316345819,-0.007173543330315282,1.0,0.0,2.0,-0.007173543330315282,-0.007773543330315282,-0.008173543330315282,-0.009173543330315281,seasonality_3y__missing,fold_2025,2025
2025-08-01,30,6,6,0.0014243173537378667,0.0005787767275901495,0.0004227703130738586,1.0,0.0,2.0,0.0004227703130738586,-0.00017722968692614134,-0.0005772296869261415,-0.0015772296869261415,seasonality_3y__missing,fold_2025,2025
2025-08-08,30,6,6,0.0025939619157738327,-0.0022418809471628676,0.00241792143146835,1.0,0.0,2.0,0.00241792143146835,0.0018179214314683503,0.0014179214314683501,0.0004179214314683501,seasonality_3y__missing,fold_2025,2025
2025-08-15,30,6,6,0.0012950442177015996,-0.002338449687004533,0.0018167469523530664,1.0,0.0,2.0,0.0018167469523530664,0.0012167469523530665,0.0008167469523530663,-0.00018325304764693368,seasonality_3y__missing,fold_2025,2025
2025-08-22,30,6,6,-0.0019313791185518994,0.012935063055888084,-0.007433221087219992,1.0,0.0,2.0,-0.007433221087219992,-0.008033221087219992,-0.008433221087219993,-0.009433221087219992,seasonality_3y__missing,fold_2025,2025
2025-08-29,30,6,6,-0.0084443572778612,0.013571207026897333,-0.011007782152379266,1.0,0.0,2.0,-0.011007782152379266,-0.011607782152379266,-0.012007782152379267,-0.013007782152379266,seasonality_3y__missing,fold_2025,2025
2025-09-05,30,6,6,-0.0005762771760395334,0.0031450674959040497,-0.0018606723359717915,1.0,0.0,2.0,-0.0018606723359717915,-0.0024606723359717913,-0.0028606723359717915,-0.0038606723359717915,seasonality_3y__missing,fold_2025,2025
2025-09-12,30,6,6,-0.008725268600990018,-0.009176544147441233,0.00022563777322560756,1.0,0.0,2.0,0.00022563777322560756,-0.0003743622267743924,-0.0007743622267743925,-0.0017743622267743925,seasonality_3y__missing,fold_2025,2025
2025-09-19,30,6,6,-0.0011214552514313668,0.014820120683934632,-0.007970787967683,1.0,0.0,2.0,-0.007970787967683,-0.008570787967683,-0.008970787967683,-0.009970787967683,seasonality_3y__missing,fold_2025,2025
2025-09-26,30,6,6,-0.0019246635046771664,0.013588858392057748,-0.007756760948367457,1.0,0.0,2.0,-0.007756760948367457,-0.008356760948367457,-0.008756760948367456,-0.009756760948367457,seasonality_3y__missing,fold_2025,2025
2025-10-13,30,6,6,-0.009679442453695652,0.018394105626528167,-0.014036774040111909,1.0,0.0,2.0,-0.014036774040111909,-0.014636774040111909,-0.01503677404011191,-0.01603677404011191,seasonality_3y__missing,fold_2025,2025
2025-10-20,30,6,6,0.01626273490873525,-0.009894342507996185,0.013078538708365717,1.0,0.0,2.0,0.013078538708365717,0.012478538708365718,0.012078538708365717,0.011078538708365717,seasonality_3y__missing,fold_2025,2025
2025-10-27,30,6,6,-0.0036671327961840337,0.002981589654639483,-0.0033243612254117583,1.0,0.0,2.0,-0.0033243612254117583,-0.003924361225411758,-0.004324361225411758,-0.005324361225411758,seasonality_3y__missing,fold_2025,2025
2025-11-03,30,6,6,0.007028989898778916,0.0011507681810089346,0.002939110858884991,1.0,0.0,2.0,0.002939110858884991,0.002339110858884991,0.0019391108588849909,0.0009391108588849909,seasonality_3y__missing,fold_2025,2025
2025-11-10,30,6,6,0.00019128413961836654,0.0007793811584215337,-0.00029404850940158357,1.0,0.0,2.0,-0.00029404850940158357,-0.0008940485094015836,-0.0012940485094015835,-0.0022940485094015838,seasonality_3y__missing,fold_2025,2025
2025-11-17,30,6,6,-0.008360079258358266,0.0019480626612953837,-0.005154070959826825,1.0,0.0,2.0,-0.005154070959826825,-0.005754070959826825,-0.006154070959826825,-0.007154070959826825,seasonality_3y__missing,fold_2025,2025
2025-11-24,30,6,6,0.015452806013379283,0.027751933698168457,-0.006149563842394587,1.0,0.0,2.0,-0.006149563842394587,-0.0067495638423945865,-0.007149563842394587,-0.008149563842394587,seasonality_3y__missing,fold_2025,2025
2025-12-01,30,6,6,0.001069490256261501,0.0043766118249291336,-0.0016535607843338163,1.0,0.0,2.0,-0.0016535607843338163,-0.002253560784333816,-0.0026535607843338163,-0.0036535607843338164,seasonality_3y__missing,fold_2025,2025
2025-12-08,30,6,6,-0.0016668708379587492,0.018018225342415182,-0.009842548090186965,1.0,0.0,2.0,-0.009842548090186965,-0.010442548090186965,-0.010842548090186966,-0.011842548090186965,seasonality_3y__missing,fold_2025,2025
2025-12-15,30,6,6,0.010940177992106934,0.0229013241673235,-0.005980573087608283,1.0,0.0,2.0,-0.005980573087608283,-0.006580573087608283,-0.006980573087608283,-0.007980573087608283,seasonality_3y__missing,fold_2025,2025
2025-12-22,30,6,6,0.012249848924108886,0.031180981499353954,-0.009465566287622535,1.0,0.0,2.0,-0.009465566287622535,-0.010065566287622535,-0.010465566287622536,-0.011465566287622535,seasonality_3y__missing,fold_2025,2025
2025-01-02,30,6,6,-0.013591962125243233,-0.036445938650033954,0.011426988262395361,1.0,0.0,2.0,0.011426988262395361,0.010826988262395362,0.01042698826239536,0.009426988262395361,sector_relative_value_60__csz,fold_2025,2025
2025-01-09,30,6,6,0.007966730122616384,0.05273848094726848,-0.022385875412326048,1.0,0.0,2.0,-0.022385875412326048,-0.022985875412326048,-0.02338587541232605,-0.02438587541232605,sector_relative_value_60__csz,fold_2025,2025
2025-01-16,30,6,6,-0.016863013469108016,-0.014351539310933033,-0.0012557370790874916,1.0,0.0,2.0,-0.0012557370790874916,-0.0018557370790874914,-0.0022557370790874916,-0.0032557370790874916,sector_relative_value_60__csz,fold_2025,2025
2025-01-23,30,6,6,0.018233822996702436,0.018837674867502534,-0.00030192593540004885,1.0,0.0,2.0,-0.00030192593540004885,-0.0009019259354000488,-0.0013019259354000489,-0.002301925935400049,sector_relative_value_60__csz,fold_2025,2025
2025-02-07,30,6,6,-0.0046135758010711,-0.021374035315559748,0.008380229757244324,1.0,0.0,2.0,0.008380229757244324,0.007780229757244324,0.007380229757244324,0.006380229757244324,sector_relative_value_60__csz,fold_2025,2025
2025-02-14,30,6,6,-0.0020826097675579833,0.026160417005400397,-0.014121513386479191,1.0,0.0,2.0,-0.014121513386479191,-0.014721513386479191,-0.015121513386479192,-0.016121513386479193,sector_relative_value_60__csz,fold_2025,2025
2025-02-21,30,6,6,-0.029810865809958897,-0.0203348244346619,-0.004738020687648498,1.0,0.0,2.0,-0.004738020687648498,-0.005338020687648498,-0.005738020687648498,-0.006738020687648498,sector_relative_value_60__csz,fold_2025,2025
2025-02-28,30,6,6,0.0041853897066326,-0.009390618553939467,0.006788004130286034,1.0,0.0,2.0,0.006788004130286034,0.006188004130286034,0.005788004130286034,0.004788004130286034,sector_relative_value_60__csz,fold_2025,2025
2025-03-07,30,6,6,0.04304524306595509,0.0006687229557403333,0.02118826005510738,1.0,0.0,2.0,0.02118826005510738,0.02058826005510738,0.02018826005510738,0.019188260055107383,sector_relative_value_60__csz,fold_2025,2025
2025-03-14,30,6,6,-0.0163927627912615,-0.023159739481837537,0.003383488345288019,1.0,0.0,2.0,0.003383488345288019,0.0027834883452880193,0.002383488345288019,0.001383488345288019,sector_relative_value_60__csz,fold_2025,2025
2025-03-21,30,6,6,0.017636953437788015,0.010049497833227951,0.0037937278022800317,1.0,0.0,2.0,0.0037937278022800317,0.003193727802280032,0.0027937278022800317,0.0017937278022800316,sector_relative_value_60__csz,fold_2025,2025
2025-03-28,30,6,6,-0.06192879273319999,-0.032408255193527254,-0.014760268769836368,1.0,0.0,2.0,-0.014760268769836368,-0.015360268769836368,-0.01576026876983637,-0.01676026876983637,sector_relative_value_60__csz,fold_2025,2025
2025-04-07,30,6,6,0.028862246085827905,-0.019105303952667414,0.023983775019247658,1.0,0.0,2.0,0.023983775019247658,0.023383775019247658,0.022983775019247657,0.021983775019247656,sector_relative_value_60__csz,fold_2025,2025
2025-04-14,30,6,6,0.003692475480816748,-0.011430652388964166,0.007561563934890457,1.0,0.0,2.0,0.007561563934890457,0.006961563934890457,0.006561563934890457,0.005561563934890457,sector_relative_value_60__csz,fold_2025,2025
2025-04-21,30,6,6,-0.009159047482060633,0.0007447375169602326,-0.004951892499510432,1.0,0.0,2.0,-0.004951892499510432,-0.005551892499510432,-0.0059518924995104324,-0.0069518924995104325,sector_relative_value_60__csz,fold_2025,2025
2025-04-28,30,6,6,-0.007336620557475067,-0.023927760556878352,0.008295569999701642,1.0,0.0,2.0,0.008295569999701642,0.007695569999701642,0.007295569999701642,0.006295569999701642,sector_relative_value_60__csz,fold_2025,2025
2025-05-08,30,6,6,-0.0076361315601924835,0.02075396873779545,-0.014195050148993967,1.0,0.0,2.0,-0.014195050148993967,-0.014795050148993967,-0.015195050148993968,-0.016195050148993965,sector_relative_value_60__csz,fold_2025,2025
2025-05-15,30,6,6,0.0028067899452767337,-0.031332353846079485,0.01706957189567811,1.0,0.0,2.0,0.01706957189567811,0.01646957189567811,0.01606957189567811,0.01506957189567811,sector_relative_value_60__csz,fold_2025,2025
2025-05-22,30,6,6,-0.00864843440824485,-0.03288536334911637,0.012118464470435759,1.0,0.0,2.0,0.012118464470435759,0.011518464470435759,0.011118464470435758,0.010118464470435759,sector_relative_value_60__csz,fold_2025,2025
2025-05-29,30,6,6,0.01545525586035195,0.007355361670216551,0.0040499470950677,1.0,0.0,2.0,0.0040499470950677,0.0034499470950677003,0.0030499470950677,0.0020499470950677,sector_relative_value_60__csz,fold_2025,2025
2025-06-06,30,6,6,0.011943865014191951,0.0191269084115045,-0.0035915216986562738,1.0,0.0,2.0,-0.0035915216986562738,-0.004191521698656274,-0.004591521698656274,-0.005591521698656274,sector_relative_value_60__csz,fold_2025,2025
2025-06-13,30,6,6,0.00399986713894615,0.02344754769514715,-0.0097238402781005,1.0,0.0,2.0,-0.0097238402781005,-0.0103238402781005,-0.0107238402781005,-0.0117238402781005,sector_relative_value_60__csz,fold_2025,2025
2025-06-20,30,6,6,-0.018393247163844165,0.028149326316211185,-0.023271286740027673,1.0,0.0,2.0,-0.023271286740027673,-0.023871286740027673,-0.024271286740027674,-0.025271286740027675,sector_relative_value_60__csz,fold_2025,2025
2025-06-27,30,6,6,0.006718533059301199,0.0035577596808027997,0.0015803866892491996,1.0,0.0,2.0,0.0015803866892491996,0.0009803866892491996,0.0005803866892491996,-0.0004196133107508004,sector_relative_value_60__csz,fold_2025,2025
2025-07-04,30,6,6,-0.0008357083194877168,0.03711193855448583,-0.018973823436986774,1.0,0.0,2.0,-0.018973823436986774,-0.019573823436986774,-0.019973823436986775,-0.020973823436986776,sector_relative_value_60__csz,fold_2025,2025
2025-07-11,30,6,6,0.020224906966793996,0.02290942211210788,-0.0013422575726569422,1.0,0.0,2.0,-0.0013422575726569422,-0.001942257572656942,-0.002342257572656942,-0.0033422575726569422,sector_relative_value_60__csz,fold_2025,2025
2025-07-18,30,6,6,0.019541228295443868,0.030783164709874095,-0.005620968207215114,1.0,0.0,2.0,-0.005620968207215114,-0.0062209682072151135,-0.006620968207215114,-0.007620968207215114,sector_relative_value_60__csz,fold_2025,2025
2025-07-25,30,6,6,-0.06911101101337637,-0.006564206454942201,-0.031273402279217086,1.0,0.0,2.0,-0.031273402279217086,-0.03187340227921709,-0.03227340227921709,-0.03327340227921709,sector_relative_value_60__csz,fold_2025,2025
2025-08-01,30,6,6,0.01321254173284195,-0.010578797385195883,0.011895669559018916,1.0,0.0,2.0,0.011895669559018916,0.011295669559018916,0.010895669559018915,0.009895669559018916,sector_relative_value_60__csz,fold_2025,2025
2025-08-08,30,6,6,0.002297921418570983,0.0036070261533319658,-0.0006545523673804913,1.0,0.0,2.0,-0.0006545523673804913,-0.0012545523673804914,-0.0016545523673804914,-0.0026545523673804916,sector_relative_value_60__csz,fold_2025,2025
2025-08-15,30,6,6,-0.014546971232995748,-0.0009662153537692997,-0.006790377939613224,1.0,0.0,2.0,-0.006790377939613224,-0.007390377939613224,-0.007790377939613224,-0.008790377939613224,sector_relative_value_60__csz,fold_2025,2025
2025-08-22,30,6,6,-0.01125405440705485,0.012131021901049484,-0.011692538154052166,1.0,0.0,2.0,-0.011692538154052166,-0.012292538154052166,-0.012692538154052167,-0.013692538154052166,sector_relative_value_60__csz,fold_2025,2025
2025-08-29,30,6,6,0.004349170988315,0.012258039046316067,-0.003954434029000534,1.0,0.0,2.0,-0.003954434029000534,-0.004554434029000534,-0.004954434029000534,-0.005954434029000534,sector_relative_value_60__csz,fold_2025,2025
2025-09-05,30,6,6,-0.007545816358775899,0.0037650330927800333,-0.005655424725777966,1.0,0.0,2.0,-0.005655424725777966,-0.006255424725777966,-0.0066554247257779664,-0.0076554247257779665,sector_relative_value_60__csz,fold_2025,2025
2025-09-12,30,6,6,0.017536732168097282,0.004274566280755499,0.006631082943670891,1.0,0.0,2.0,0.006631082943670891,0.0060310829436708915,0.005631082943670891,0.004631082943670891,sector_relative_value_60__csz,fold_2025,2025
2025-09-19,30,6,6,-0.008160773952443483,0.008018868686960466,-0.008089821319701974,1.0,0.0,2.0,-0.008089821319701974,-0.008689821319701974,-0.009089821319701975,-0.010089821319701974,sector_relative_value_60__csz,fold_2025,2025
2025-09-26,30,6,6,0.003264365488676766,0.0015078800071393675,0.0008782427407686993,1.0,0.0,2.0,0.0008782427407686993,0.00027824274076869936,-0.00012175725923130071,-0.0011217572592313006,sector_relative_value_60__csz,fold_2025,2025
2025-10-13,30,6,6,0.024738478598045482,-0.0073198329026439,0.016029155750344692,1.0,0.0,2.0,0.016029155750344692,0.015429155750344693,0.015029155750344692,0.014029155750344692,sector_relative_value_60__csz,fold_2025,2025
2025-10-20,30,6,6,-0.0071059145367364344,0.0170690595459866,-0.012087487041361518,1.0,0.0,2.0,-0.012087487041361518,-0.012687487041361517,-0.013087487041361517,-0.014087487041361518,sector_relative_value_60__csz,fold_2025,2025
2025-10-27,30,6,6,-0.014887922499904267,0.004407810592688434,-0.00964786654629635,1.0,0.0,2.0,-0.00964786654629635,-0.01024786654629635,-0.01064786654629635,-0.01164786654629635,sector_relative_value_60__csz,fold_2025,2025
2025-11-03,30,6,6,0.00371930324959925,-0.0109576101777297,0.007338456713664475,1.0,0.0,2.0,0.007338456713664475,0.006738456713664475,0.006338456713664475,0.005338456713664475,sector_relative_value_60__csz,fold_2025,2025
2025-11-10,30,6,6,-0.0025356335182788493,-0.00046760030260626674,-0.0010340166078362913,1.0,0.0,2.0,-0.0010340166078362913,-0.0016340166078362911,-0.0020340166078362913,-0.0030340166078362913,sector_relative_value_60__csz,fold_2025,2025
2025-11-17,30,6,6,-0.007555153865008949,-0.015062813923457466,0.0037538300292242585,1.0,0.0,2.0,0.0037538300292242585,0.0031538300292242587,0.0027538300292242585,0.0017538300292242585,sector_relative_value_60__csz,fold_2025,2025
2025-11-24,30,6,6,0.04036841820109875,0.0037972936720522496,0.018285562264523252,1.0,0.0,2.0,0.018285562264523252,0.017685562264523252,0.01728556226452325,0.016285562264523254,sector_relative_value_60__csz,fold_2025,2025
2025-12-01,30,6,6,0.0153911280490084,-0.02215820928474078,0.01877466866687459,1.0,0.0,2.0,0.01877466866687459,0.01817466866687459,0.01777466866687459,0.01677466866687459,sector_relative_value_60__csz,fold_2025,2025
2025-12-08,30,6,6,0.021208480398239218,-0.017432314708291066,0.01932039755326514,1.0,0.0,2.0,0.01932039755326514,0.018720397553265142,0.01832039755326514,0.017320397553265143,sector_relative_value_60__csz,fold_2025,2025
2025-12-15,30,6,6,0.03679409481853412,0.040178851178682924,-0.0016923781800744012,1.0,0.0,2.0,-0.0016923781800744012,-0.002292378180074401,-0.002692378180074401,-0.003692378180074401,sector_relative_value_60__csz,fold_2025,2025
2025-12-22,30,6,6,0.029366233201473052,-0.005393250615407549,0.0173797419084403,1.0,0.0,2.0,0.0173797419084403,0.0167797419084403,0.0163797419084403,0.0153797419084403,sector_relative_value_60__csz,fold_2025,2025
2025-01-02,30,6,6,-0.008643717017779867,0.002678744855383467,-0.005661230936581667,1.0,0.0,2.0,-0.005661230936581667,-0.006261230936581667,-0.006661230936581667,-0.007661230936581667,sector_relative_value_60__missing,fold_2025,2025
2025-01-09,30,6,6,0.0075445210942481486,0.018594971169530666,-0.005525225037641258,1.0,0.0,2.0,-0.005525225037641258,-0.006125225037641258,-0.006525225037641258,-0.007525225037641258,sector_relative_value_60__missing,fold_2025,2025
2025-01-16,30,6,6,-0.010761841957401931,-0.010041264596301166,-0.0003602886805503828,1.0,0.0,2.0,-0.0003602886805503828,-0.0009602886805503828,-0.0013602886805503828,-0.002360288680550383,sector_relative_value_60__missing,fold_2025,2025
2025-01-23,30,6,6,0.026902164920274117,0.022760400240047135,0.0020708823401134908,1.0,0.0,2.0,0.0020708823401134908,0.001470882340113491,0.0010708823401134908,7.088234011349073e-05,sector_relative_value_60__missing,fold_2025,2025
2025-02-07,30,6,6,0.0034579360473451504,0.014863603764137085,-0.005702833858395967,1.0,0.0,2.0,-0.005702833858395967,-0.006302833858395967,-0.006702833858395967,-0.007702833858395967,sector_relative_value_60__missing,fold_2025,2025
2025-02-14,30,6,6,-0.0019584202884222503,-0.005546947229154684,0.0017942634703662168,1.0,0.0,2.0,0.0017942634703662168,0.001194263470366217,0.0007942634703662168,-0.0002057365296337832,sector_relative_value_60__missing,fold_2025,2025
2025-02-21,30,6,6,-0.01620415741924312,-0.01981034273051052,0.0018030926556336993,1.0,0.0,2.0,0.0018030926556336993,0.0012030926556336995,0.0008030926556336993,-0.00019690734436630074,sector_relative_value_60__missing,fold_2025,2025
2025-02-28,30,6,6,0.0017574808783526665,0.005772026116737082,-0.002007272619192208,1.0,0.0,2.0,-0.002007272619192208,-0.002607272619192208,-0.003007272619192208,-0.004007272619192208,sector_relative_value_60__missing,fold_2025,2025
2025-03-07,30,6,6,0.01790988762657575,0.01117074853885155,0.0033695695438620997,1.0,0.0,2.0,0.0033695695438620997,0.0027695695438621,0.0023695695438620996,0.0013695695438620996,sector_relative_value_60__missing,fold_2025,2025
2025-03-14,30,6,6,-0.00670018249429645,-0.005378130145819351,-0.0006610261742385497,1.0,0.0,2.0,-0.0006610261742385497,-0.0012610261742385495,-0.0016610261742385497,-0.0026610261742385497,sector_relative_value_60__missing,fold_2025,2025
2025-03-21,30,6,6,0.008953652940416067,0.010443650073667751,-0.0007449985666258419,1.0,0.0,2.0,-0.0007449985666258419,-0.0013449985666258418,-0.001744998566625842,-0.002744998566625842,sector_relative_value_60__missing,fold_2025,2025
2025-03-28,30,6,6,-0.05285900986506967,-0.042894403238588376,-0.004982303313240646,1.0,0.0,2.0,-0.004982303313240646,-0.0055823033132406455,-0.005982303313240646,-0.006982303313240646,sector_relative_value_60__missing,fold_2025,2025
2025-04-07,30,6,6,0.0006071785515274665,0.015950776796268846,-0.00767179912237069,1.0,0.0,2.0,-0.00767179912237069,-0.00827179912237069,-0.00867179912237069,-0.00967179912237069,sector_relative_value_60__missing,fold_2025,2025
2025-04-14,30,6,6,-0.00027935445437895037,0.013286368781465817,-0.006782861617922384,1.0,0.0,2.0,-0.006782861617922384,-0.0073828616179223835,-0.007782861617922384,-0.008782861617922383,sector_relative_value_60__missing,fold_2025,2025
2025-04-21,30,6,6,0.0040523527979588825,0.002419965293180782,0.0008161937523890504,1.0,0.0,2.0,0.0008161937523890504,0.00021619375238905042,-0.00018380624761094966,-0.0011838062476109497,sector_relative_value_60__missing,fold_2025,2025
2025-04-28,30,6,6,-0.00718951193955315,-0.003936962928007667,-0.0016262745057727414,1.0,0.0,2.0,-0.0016262745057727414,-0.0022262745057727413,-0.0026262745057727415,-0.0036262745057727415,sector_relative_value_60__missing,fold_2025,2025
2025-05-08,30,6,6,0.019815468992626633,0.0028483170635519007,0.008483575964537367,1.0,0.0,2.0,0.008483575964537367,0.007883575964537367,0.007483575964537367,0.006483575964537367,sector_relative_value_60__missing,fold_2025,2025
2025-05-15,30,6,6,-0.008674213807957432,0.010849661334130331,-0.00976193757104388,1.0,0.0,2.0,-0.00976193757104388,-0.01036193757104388,-0.010761937571043882,-0.01176193757104388,sector_relative_value_60__missing,fold_2025,2025
2025-05-22,30,6,6,-0.00954213346398895,-0.0035272785088116504,-0.003007427477588649,1.0,0.0,2.0,-0.003007427477588649,-0.003607427477588649,-0.004007427477588649,-0.005007427477588649,sector_relative_value_60__missing,fold_2025,2025
2025-05-29,30,6,6,-0.0005790636159993161,0.014508581917736768,-0.007543822766868042,1.0,0.0,2.0,-0.007543822766868042,-0.008143822766868042,-0.00854382276686804,-0.009543822766868042,sector_relative_value_60__missing,fold_2025,2025
2025-06-06,30,6,6,0.0033019887739572508,0.019711426020677814,-0.008204718623360282,1.0,0.0,2.0,-0.008204718623360282,-0.008804718623360281,-0.00920471862336028,-0.010204718623360282,sector_relative_value_60__missing,fold_2025,2025
2025-06-13,30,6,6,0.0173628603516897,-0.0011935753651476004,0.00927821785841865,1.0,0.0,2.0,0.00927821785841865,0.00867821785841865,0.00827821785841865,0.00727821785841865,sector_relative_value_60__missing,fold_2025,2025
2025-06-20,30,6,6,0.0023028730457931674,-0.008058875973531167,0.005180874509662167,1.0,0.0,2.0,0.005180874509662167,0.004580874509662167,0.004180874509662167,0.003180874509662167,sector_relative_value_60__missing,fold_2025,2025
2025-06-27,30,6,6,-0.00785162858114365,0.005339474566943615,-0.006595551574043632,1.0,0.0,2.0,-0.006595551574043632,-0.007195551574043632,-0.007595551574043632,-0.008595551574043632,sector_relative_value_60__missing,fold_2025,2025
2025-07-04,30,6,6,0.0020300883267077665,0.0042093070008472665,-0.00108960933706975,1.0,0.0,2.0,-0.00108960933706975,-0.00168960933706975,-0.00208960933706975,-0.00308960933706975,sector_relative_value_60__missing,fold_2025,2025
2025-07-11,30,6,6,0.007227328275879533,0.011489358573184434,-0.0021310151486524506,1.0,0.0,2.0,-0.0021310151486524506,-0.0027310151486524504,-0.0031310151486524506,-0.004131015148652451,sector_relative_value_60__missing,fold_2025,2025
2025-07-18,30,6,6,0.029617424693904177,-0.0029559740183212665,0.01628669935611272,1.0,0.0,2.0,0.01628669935611272,0.01568669935611272,0.01528669935611272,0.01428669935611272,sector_relative_value_60__missing,fold_2025,2025
2025-07-25,30,6,6,-0.027846398976976383,-0.013499312316345819,-0.007173543330315282,1.0,0.0,2.0,-0.007173543330315282,-0.007773543330315282,-0.008173543330315282,-0.009173543330315281,sector_relative_value_60__missing,fold_2025,2025
2025-08-01,30,6,6,0.0014243173537378667,0.0005787767275901495,0.0004227703130738586,1.0,0.0,2.0,0.0004227703130738586,-0.00017722968692614134,-0.0005772296869261415,-0.0015772296869261415,sector_relative_value_60__missing,fold_2025,2025
2025-08-08,30,6,6,0.0025939619157738327,-0.0022418809471628676,0.00241792143146835,1.0,0.0,2.0,0.00241792143146835,0.0018179214314683503,0.0014179214314683501,0.0004179214314683501,sector_relative_value_60__missing,fold_2025,2025
2025-08-15,30,6,6,0.0012950442177015996,-0.002338449687004533,0.0018167469523530664,1.0,0.0,2.0,0.0018167469523530664,0.0012167469523530665,0.0008167469523530663,-0.00018325304764693368,sector_relative_value_60__missing,fold_2025,2025
2025-08-22,30,6,6,-0.0019313791185518994,0.012935063055888084,-0.007433221087219992,1.0,0.0,2.0,-0.007433221087219992,-0.008033221087219992,-0.008433221087219993,-0.009433221087219992,sector_relative_value_60__missing,fold_2025,2025
2025-08-29,30,6,6,-0.0084443572778612,0.013571207026897333,-0.011007782152379266,1.0,0.0,2.0,-0.011007782152379266,-0.011607782152379266,-0.012007782152379267,-0.013007782152379266,sector_relative_value_60__missing,fold_2025,2025
2025-09-05,30,6,6,-0.0005762771760395334,0.0031450674959040497,-0.0018606723359717915,1.0,0.0,2.0,-0.0018606723359717915,-0.0024606723359717913,-0.0028606723359717915,-0.0038606723359717915,sector_relative_value_60__missing,fold_2025,2025
2025-09-12,30,6,6,-0.008725268600990018,-0.009176544147441233,0.00022563777322560756,1.0,0.0,2.0,0.00022563777322560756,-0.0003743622267743924,-0.0007743622267743925,-0.0017743622267743925,sector_relative_value_60__missing,fold_2025,2025
2025-09-19,30,6,6,-0.0011214552514313668,0.014820120683934632,-0.007970787967683,1.0,0.0,2.0,-0.007970787967683,-0.008570787967683,-0.008970787967683,-0.009970787967683,sector_relative_value_60__missing,fold_2025,2025
2025-09-26,30,6,6,-0.0019246635046771664,0.013588858392057748,-0.007756760948367457,1.0,0.0,2.0,-0.007756760948367457,-0.008356760948367457,-0.008756760948367456,-0.009756760948367457,sector_relative_value_60__missing,fold_2025,2025
2025-10-13,30,6,6,-0.009679442453695652,0.018394105626528167,-0.014036774040111909,1.0,0.0,2.0,-0.014036774040111909,-0.014636774040111909,-0.01503677404011191,-0.01603677404011191,sector_relative_value_60__missing,fold_2025,2025
2025-10-20,30,6,6,0.01626273490873525,-0.009894342507996185,0.013078538708365717,1.0,0.0,2.0,0.013078538708365717,0.012478538708365718,0.012078538708365717,0.011078538708365717,sector_relative_value_60__missing,fold_2025,2025
2025-10-27,30,6,6,-0.0036671327961840337,0.002981589654639483,-0.0033243612254117583,1.0,0.0,2.0,-0.0033243612254117583,-0.003924361225411758,-0.004324361225411758,-0.005324361225411758,sector_relative_value_60__missing,fold_2025,2025
2025-11-03,30,6,6,0.007028989898778916,0.0011507681810089346,0.002939110858884991,1.0,0.0,2.0,0.002939110858884991,0.002339110858884991,0.0019391108588849909,0.0009391108588849909,sector_relative_value_60__missing,fold_2025,2025
2025-11-10,30,6,6,0.00019128413961836654,0.0007793811584215337,-0.00029404850940158357,1.0,0.0,2.0,-0.00029404850940158357,-0.0008940485094015836,-0.0012940485094015835,-0.0022940485094015838,sector_relative_value_60__missing,fold_2025,2025
2025-11-17,30,6,6,-0.008360079258358266,0.0019480626612953837,-0.005154070959826825,1.0,0.0,2.0,-0.005154070959826825,-0.005754070959826825,-0.006154070959826825,-0.007154070959826825,sector_relative_value_60__missing,fold_2025,2025
2025-11-24,30,6,6,0.015452806013379283,0.027751933698168457,-0.006149563842394587,1.0,0.0,2.0,-0.006149563842394587,-0.0067495638423945865,-0.007149563842394587,-0.008149563842394587,sector_relative_value_60__missing,fold_2025,2025
2025-12-01,30,6,6,0.001069490256261501,0.0043766118249291336,-0.0016535607843338163,1.0,0.0,2.0,-0.0016535607843338163,-0.002253560784333816,-0.0026535607843338163,-0.0036535607843338164,sector_relative_value_60__missing,fold_2025,2025
2025-12-08,30,6,6,-0.0016668708379587492,0.018018225342415182,-0.009842548090186965,1.0,0.0,2.0,-0.009842548090186965,-0.010442548090186965,-0.010842548090186966,-0.011842548090186965,sector_relative_value_60__missing,fold_2025,2025
2025-12-15,30,6,6,0.010940177992106934,0.0229013241673235,-0.005980573087608283,1.0,0.0,2.0,-0.005980573087608283,-0.006580573087608283,-0.006980573087608283,-0.007980573087608283,sector_relative_value_60__missing,fold_2025,2025
2025-12-22,30,6,6,0.012249848924108886,0.031180981499353954,-0.009465566287622535,1.0,0.0,2.0,-0.009465566287622535,-0.010065566287622535,-0.010465566287622536,-0.011465566287622535,sector_relative_value_60__missing,fold_2025,2025
2025-01-02,30,6,6,-0.008643717017779867,0.002678744855383467,-0.005661230936581667,1.0,0.0,2.0,-0.005661230936581667,-0.006261230936581667,-0.006661230936581667,-0.007661230936581667,factor_momentum__tsz,fold_2025,2025
2025-01-09,30,6,6,0.0075445210942481486,0.018594971169530666,-0.005525225037641258,1.0,0.0,2.0,-0.005525225037641258,-0.006125225037641258,-0.006525225037641258,-0.007525225037641258,factor_momentum__tsz,fold_2025,2025
2025-01-16,30,6,6,-0.010761841957401931,-0.010041264596301166,-0.0003602886805503828,1.0,0.0,2.0,-0.0003602886805503828,-0.0009602886805503828,-0.0013602886805503828,-0.002360288680550383,factor_momentum__tsz,fold_2025,2025
2025-01-23,30,6,6,0.026902164920274117,0.022760400240047135,0.0020708823401134908,1.0,0.0,2.0,0.0020708823401134908,0.001470882340113491,0.0010708823401134908,7.088234011349073e-05,factor_momentum__tsz,fold_2025,2025
2025-02-07,30,6,6,0.0034579360473451504,0.014863603764137085,-0.005702833858395967,1.0,0.0,2.0,-0.005702833858395967,-0.006302833858395967,-0.006702833858395967,-0.007702833858395967,factor_momentum__tsz,fold_2025,2025
2025-02-14,30,6,6,-0.0019584202884222503,-0.005546947229154684,0.0017942634703662168,1.0,0.0,2.0,0.0017942634703662168,0.001194263470366217,0.0007942634703662168,-0.0002057365296337832,factor_momentum__tsz,fold_2025,2025
2025-02-21,30,6,6,-0.01620415741924312,-0.01981034273051052,0.0018030926556336993,1.0,0.0,2.0,0.0018030926556336993,0.0012030926556336995,0.0008030926556336993,-0.00019690734436630074,factor_momentum__tsz,fold_2025,2025
2025-02-28,30,6,6,0.0017574808783526665,0.005772026116737082,-0.002007272619192208,1.0,0.0,2.0,-0.002007272619192208,-0.002607272619192208,-0.003007272619192208,-0.004007272619192208,factor_momentum__tsz,fold_2025,2025
2025-03-07,30,6,6,0.01790988762657575,0.01117074853885155,0.0033695695438620997,1.0,0.0,2.0,0.0033695695438620997,0.0027695695438621,0.0023695695438620996,0.0013695695438620996,factor_momentum__tsz,fold_2025,2025
2025-03-14,30,6,6,-0.00670018249429645,-0.005378130145819351,-0.0006610261742385497,1.0,0.0,2.0,-0.0006610261742385497,-0.0012610261742385495,-0.0016610261742385497,-0.0026610261742385497,factor_momentum__tsz,fold_2025,2025
2025-03-21,30,6,6,0.008953652940416067,0.010443650073667751,-0.0007449985666258419,1.0,0.0,2.0,-0.0007449985666258419,-0.0013449985666258418,-0.001744998566625842,-0.002744998566625842,factor_momentum__tsz,fold_2025,2025
2025-03-28,30,6,6,-0.05285900986506967,-0.042894403238588376,-0.004982303313240646,1.0,0.0,2.0,-0.004982303313240646,-0.0055823033132406455,-0.005982303313240646,-0.006982303313240646,factor_momentum__tsz,fold_2025,2025
2025-04-07,30,6,6,0.0006071785515274665,0.015950776796268846,-0.00767179912237069,1.0,0.0,2.0,-0.00767179912237069,-0.00827179912237069,-0.00867179912237069,-0.00967179912237069,factor_momentum__tsz,fold_2025,2025
2025-04-14,30,6,6,-0.00027935445437895037,0.013286368781465817,-0.006782861617922384,1.0,0.0,2.0,-0.006782861617922384,-0.0073828616179223835,-0.007782861617922384,-0.008782861617922383,factor_momentum__tsz,fold_2025,2025
2025-04-21,30,6,6,0.0040523527979588825,0.002419965293180782,0.0008161937523890504,1.0,0.0,2.0,0.0008161937523890504,0.00021619375238905042,-0.00018380624761094966,-0.0011838062476109497,factor_momentum__tsz,fold_2025,2025
2025-04-28,30,6,6,-0.00718951193955315,-0.003936962928007667,-0.0016262745057727414,1.0,0.0,2.0,-0.0016262745057727414,-0.0022262745057727413,-0.0026262745057727415,-0.0036262745057727415,factor_momentum__tsz,fold_2025,2025
2025-05-08,30,6,6,0.019815468992626633,0.0028483170635519007,0.008483575964537367,1.0,0.0,2.0,0.008483575964537367,0.007883575964537367,0.007483575964537367,0.006483575964537367,factor_momentum__tsz,fold_2025,2025
2025-05-15,30,6,6,-0.008674213807957432,0.010849661334130331,-0.00976193757104388,1.0,0.0,2.0,-0.00976193757104388,-0.01036193757104388,-0.010761937571043882,-0.01176193757104388,factor_momentum__tsz,fold_2025,2025
2025-05-22,30,6,6,-0.00954213346398895,-0.0035272785088116504,-0.003007427477588649,1.0,0.0,2.0,-0.003007427477588649,-0.003607427477588649,-0.004007427477588649,-0.005007427477588649,factor_momentum__tsz,fold_2025,2025
2025-05-29,30,6,6,-0.0005790636159993161,0.014508581917736768,-0.007543822766868042,1.0,0.0,2.0,-0.007543822766868042,-0.008143822766868042,-0.00854382276686804,-0.009543822766868042,factor_momentum__tsz,fold_2025,2025
2025-06-06,30,6,6,0.0033019887739572508,0.019711426020677814,-0.008204718623360282,1.0,0.0,2.0,-0.008204718623360282,-0.008804718623360281,-0.00920471862336028,-0.010204718623360282,factor_momentum__tsz,fold_2025,2025
2025-06-13,30,6,6,0.0173628603516897,-0.0011935753651476004,0.00927821785841865,1.0,0.0,2.0,0.00927821785841865,0.00867821785841865,0.00827821785841865,0.00727821785841865,factor_momentum__tsz,fold_2025,2025
2025-06-20,30,6,6,0.0023028730457931674,-0.008058875973531167,0.005180874509662167,1.0,0.0,2.0,0.005180874509662167,0.004580874509662167,0.004180874509662167,0.003180874509662167,factor_momentum__tsz,fold_2025,2025
2025-06-27,30,6,6,-0.00785162858114365,0.005339474566943615,-0.006595551574043632,1.0,0.0,2.0,-0.006595551574043632,-0.007195551574043632,-0.007595551574043632,-0.008595551574043632,factor_momentum__tsz,fold_2025,2025
2025-07-04,30,6,6,0.0020300883267077665,0.0042093070008472665,-0.00108960933706975,1.0,0.0,2.0,-0.00108960933706975,-0.00168960933706975,-0.00208960933706975,-0.00308960933706975,factor_momentum__tsz,fold_2025,2025
2025-07-11,30,6,6,0.007227328275879533,0.011489358573184434,-0.0021310151486524506,1.0,0.0,2.0,-0.0021310151486524506,-0.0027310151486524504,-0.0031310151486524506,-0.004131015148652451,factor_momentum__tsz,fold_2025,2025
2025-07-18,30,6,6,0.029617424693904177,-0.0029559740183212665,0.01628669935611272,1.0,0.0,2.0,0.01628669935611272,0.01568669935611272,0.01528669935611272,0.01428669935611272,factor_momentum__tsz,fold_2025,2025
2025-07-25,30,6,6,-0.027846398976976383,-0.013499312316345819,-0.007173543330315282,1.0,0.0,2.0,-0.007173543330315282,-0.007773543330315282,-0.008173543330315282,-0.009173543330315281,factor_momentum__tsz,fold_2025,2025
2025-08-01,30,6,6,0.0014243173537378667,0.0005787767275901495,0.0004227703130738586,1.0,0.0,2.0,0.0004227703130738586,-0.00017722968692614134,-0.0005772296869261415,-0.0015772296869261415,factor_momentum__tsz,fold_2025,2025
2025-08-08,30,6,6,0.0025939619157738327,-0.0022418809471628676,0.00241792143146835,1.0,0.0,2.0,0.00241792143146835,0.0018179214314683503,0.0014179214314683501,0.0004179214314683501,factor_momentum__tsz,fold_2025,2025
2025-08-15,30,6,6,0.0012950442177015996,-0.002338449687004533,0.0018167469523530664,1.0,0.0,2.0,0.0018167469523530664,0.0012167469523530665,0.0008167469523530663,-0.00018325304764693368,factor_momentum__tsz,fold_2025,2025
2025-08-22,30,6,6,-0.0019313791185518994,0.012935063055888084,-0.007433221087219992,1.0,0.0,2.0,-0.007433221087219992,-0.008033221087219992,-0.008433221087219993,-0.009433221087219992,factor_momentum__tsz,fold_2025,2025
2025-08-29,30,6,6,-0.0084443572778612,0.013571207026897333,-0.011007782152379266,1.0,0.0,2.0,-0.011007782152379266,-0.011607782152379266,-0.012007782152379267,-0.013007782152379266,factor_momentum__tsz,fold_2025,2025
2025-09-05,30,6,6,-0.0005762771760395334,0.0031450674959040497,-0.0018606723359717915,1.0,0.0,2.0,-0.0018606723359717915,-0.0024606723359717913,-0.0028606723359717915,-0.0038606723359717915,factor_momentum__tsz,fold_2025,2025
2025-09-12,30,6,6,-0.008725268600990018,-0.009176544147441233,0.00022563777322560756,1.0,0.0,2.0,0.00022563777322560756,-0.0003743622267743924,-0.0007743622267743925,-0.0017743622267743925,factor_momentum__tsz,fold_2025,2025
2025-09-19,30,6,6,-0.0011214552514313668,0.014820120683934632,-0.007970787967683,1.0,0.0,2.0,-0.007970787967683,-0.008570787967683,-0.008970787967683,-0.009970787967683,factor_momentum__tsz,fold_2025,2025
2025-09-26,30,6,6,-0.0019246635046771664,0.013588858392057748,-0.007756760948367457,1.0,0.0,2.0,-0.007756760948367457,-0.008356760948367457,-0.008756760948367456,-0.009756760948367457,factor_momentum__tsz,fold_2025,2025
2025-10-13,30,6,6,-0.009679442453695652,0.018394105626528167,-0.014036774040111909,1.0,0.0,2.0,-0.014036774040111909,-0.014636774040111909,-0.01503677404011191,-0.01603677404011191,factor_momentum__tsz,fold_2025,2025
2025-10-20,30,6,6,0.01626273490873525,-0.009894342507996185,0.013078538708365717,1.0,0.0,2.0,0.013078538708365717,0.012478538708365718,0.012078538708365717,0.011078538708365717,factor_momentum__tsz,fold_2025,2025
2025-10-27,30,6,6,-0.0036671327961840337,0.002981589654639483,-0.0033243612254117583,1.0,0.0,2.0,-0.0033243612254117583,-0.003924361225411758,-0.004324361225411758,-0.005324361225411758,factor_momentum__tsz,fold_2025,2025
2025-11-03,30,6,6,0.007028989898778916,0.0011507681810089346,0.002939110858884991,1.0,0.0,2.0,0.002939110858884991,0.002339110858884991,0.0019391108588849909,0.0009391108588849909,factor_momentum__tsz,fold_2025,2025
2025-11-10,30,6,6,0.00019128413961836654,0.0007793811584215337,-0.00029404850940158357,1.0,0.0,2.0,-0.00029404850940158357,-0.0008940485094015836,-0.0012940485094015835,-0.0022940485094015838,factor_momentum__tsz,fold_2025,2025
2025-11-17,30,6,6,-0.008360079258358266,0.0019480626612953837,-0.005154070959826825,1.0,0.0,2.0,-0.005154070959826825,-0.005754070959826825,-0.006154070959826825,-0.007154070959826825,factor_momentum__tsz,fold_2025,2025
2025-11-24,30,6,6,0.015452806013379283,0.027751933698168457,-0.006149563842394587,1.0,0.0,2.0,-0.006149563842394587,-0.0067495638423945865,-0.007149563842394587,-0.008149563842394587,factor_momentum__tsz,fold_2025,2025
2025-12-01,30,6,6,0.001069490256261501,0.0043766118249291336,-0.0016535607843338163,1.0,0.0,2.0,-0.0016535607843338163,-0.002253560784333816,-0.0026535607843338163,-0.0036535607843338164,factor_momentum__tsz,fold_2025,2025
2025-12-08,30,6,6,-0.0016668708379587492,0.018018225342415182,-0.009842548090186965,1.0,0.0,2.0,-0.009842548090186965,-0.010442548090186965,-0.010842548090186966,-0.011842548090186965,factor_momentum__tsz,fold_2025,2025
2025-12-15,30,6,6,0.010940177992106934,0.0229013241673235,-0.005980573087608283,1.0,0.0,2.0,-0.005980573087608283,-0.006580573087608283,-0.006980573087608283,-0.007980573087608283,factor_momentum__tsz,fold_2025,2025
2025-12-22,30,6,6,0.012249848924108886,0.031180981499353954,-0.009465566287622535,1.0,0.0,2.0,-0.009465566287622535,-0.010065566287622535,-0.010465566287622536,-0.011465566287622535,factor_momentum__tsz,fold_2025,2025
2025-01-02,30,6,6,-0.008643717017779867,0.002678744855383467,-0.005661230936581667,1.0,0.0,2.0,-0.005661230936581667,-0.006261230936581667,-0.006661230936581667,-0.007661230936581667,factor_momentum__missing,fold_2025,2025
2025-01-09,30,6,6,0.0075445210942481486,0.018594971169530666,-0.005525225037641258,1.0,0.0,2.0,-0.005525225037641258,-0.006125225037641258,-0.006525225037641258,-0.007525225037641258,factor_momentum__missing,fold_2025,2025
2025-01-16,30,6,6,-0.010761841957401931,-0.010041264596301166,-0.0003602886805503828,1.0,0.0,2.0,-0.0003602886805503828,-0.0009602886805503828,-0.0013602886805503828,-0.002360288680550383,factor_momentum__missing,fold_2025,2025
2025-01-23,30,6,6,0.026902164920274117,0.022760400240047135,0.0020708823401134908,1.0,0.0,2.0,0.0020708823401134908,0.001470882340113491,0.0010708823401134908,7.088234011349073e-05,factor_momentum__missing,fold_2025,2025
2025-02-07,30,6,6,0.0034579360473451504,0.014863603764137085,-0.005702833858395967,1.0,0.0,2.0,-0.005702833858395967,-0.006302833858395967,-0.006702833858395967,-0.007702833858395967,factor_momentum__missing,fold_2025,2025
2025-02-14,30,6,6,-0.0019584202884222503,-0.005546947229154684,0.0017942634703662168,1.0,0.0,2.0,0.0017942634703662168,0.001194263470366217,0.0007942634703662168,-0.0002057365296337832,factor_momentum__missing,fold_2025,2025
2025-02-21,30,6,6,-0.01620415741924312,-0.01981034273051052,0.0018030926556336993,1.0,0.0,2.0,0.0018030926556336993,0.0012030926556336995,0.0008030926556336993,-0.00019690734436630074,factor_momentum__missing,fold_2025,2025
2025-02-28,30,6,6,0.0017574808783526665,0.005772026116737082,-0.002007272619192208,1.0,0.0,2.0,-0.002007272619192208,-0.002607272619192208,-0.003007272619192208,-0.004007272619192208,factor_momentum__missing,fold_2025,2025
2025-03-07,30,6,6,0.01790988762657575,0.01117074853885155,0.0033695695438620997,1.0,0.0,2.0,0.0033695695438620997,0.0027695695438621,0.0023695695438620996,0.0013695695438620996,factor_momentum__missing,fold_2025,2025
2025-03-14,30,6,6,-0.00670018249429645,-0.005378130145819351,-0.0006610261742385497,1.0,0.0,2.0,-0.0006610261742385497,-0.0012610261742385495,-0.0016610261742385497,-0.0026610261742385497,factor_momentum__missing,fold_2025,2025
2025-03-21,30,6,6,0.008953652940416067,0.010443650073667751,-0.0007449985666258419,1.0,0.0,2.0,-0.0007449985666258419,-0.0013449985666258418,-0.001744998566625842,-0.002744998566625842,factor_momentum__missing,fold_2025,2025
2025-03-28,30,6,6,-0.05285900986506967,-0.042894403238588376,-0.004982303313240646,1.0,0.0,2.0,-0.004982303313240646,-0.0055823033132406455,-0.005982303313240646,-0.006982303313240646,factor_momentum__missing,fold_2025,2025
2025-04-07,30,6,6,0.0006071785515274665,0.015950776796268846,-0.00767179912237069,1.0,0.0,2.0,-0.00767179912237069,-0.00827179912237069,-0.00867179912237069,-0.00967179912237069,factor_momentum__missing,fold_2025,2025
2025-04-14,30,6,6,-0.00027935445437895037,0.013286368781465817,-0.006782861617922384,1.0,0.0,2.0,-0.006782861617922384,-0.0073828616179223835,-0.007782861617922384,-0.008782861617922383,factor_momentum__missing,fold_2025,2025
2025-04-21,30,6,6,0.0040523527979588825,0.002419965293180782,0.0008161937523890504,1.0,0.0,2.0,0.0008161937523890504,0.00021619375238905042,-0.00018380624761094966,-0.0011838062476109497,factor_momentum__missing,fold_2025,2025
2025-04-28,30,6,6,-0.00718951193955315,-0.003936962928007667,-0.0016262745057727414,1.0,0.0,2.0,-0.0016262745057727414,-0.0022262745057727413,-0.0026262745057727415,-0.0036262745057727415,factor_momentum__missing,fold_2025,2025
2025-05-08,30,6,6,0.019815468992626633,0.0028483170635519007,0.008483575964537367,1.0,0.0,2.0,0.008483575964537367,0.007883575964537367,0.007483575964537367,0.006483575964537367,factor_momentum__missing,fold_2025,2025
2025-05-15,30,6,6,-0.008674213807957432,0.010849661334130331,-0.00976193757104388,1.0,0.0,2.0,-0.00976193757104388,-0.01036193757104388,-0.010761937571043882,-0.01176193757104388,factor_momentum__missing,fold_2025,2025
2025-05-22,30,6,6,-0.00954213346398895,-0.0035272785088116504,-0.003007427477588649,1.0,0.0,2.0,-0.003007427477588649,-0.003607427477588649,-0.004007427477588649,-0.005007427477588649,factor_momentum__missing,fold_2025,2025
2025-05-29,30,6,6,-0.0005790636159993161,0.014508581917736768,-0.007543822766868042,1.0,0.0,2.0,-0.007543822766868042,-0.008143822766868042,-0.00854382276686804,-0.009543822766868042,factor_momentum__missing,fold_2025,2025
2025-06-06,30,6,6,0.0033019887739572508,0.019711426020677814,-0.008204718623360282,1.0,0.0,2.0,-0.008204718623360282,-0.008804718623360281,-0.00920471862336028,-0.010204718623360282,factor_momentum__missing,fold_2025,2025
2025-06-13,30,6,6,0.0173628603516897,-0.0011935753651476004,0.00927821785841865,1.0,0.0,2.0,0.00927821785841865,0.00867821785841865,0.00827821785841865,0.00727821785841865,factor_momentum__missing,fold_2025,2025
2025-06-20,30,6,6,0.0023028730457931674,-0.008058875973531167,0.005180874509662167,1.0,0.0,2.0,0.005180874509662167,0.004580874509662167,0.004180874509662167,0.003180874509662167,factor_momentum__missing,fold_2025,2025
2025-06-27,30,6,6,-0.00785162858114365,0.005339474566943615,-0.006595551574043632,1.0,0.0,2.0,-0.006595551574043632,-0.007195551574043632,-0.007595551574043632,-0.008595551574043632,factor_momentum__missing,fold_2025,2025
2025-07-04,30,6,6,0.0020300883267077665,0.0042093070008472665,-0.00108960933706975,1.0,0.0,2.0,-0.00108960933706975,-0.00168960933706975,-0.00208960933706975,-0.00308960933706975,factor_momentum__missing,fold_2025,2025
2025-07-11,30,6,6,0.007227328275879533,0.011489358573184434,-0.0021310151486524506,1.0,0.0,2.0,-0.0021310151486524506,-0.0027310151486524504,-0.0031310151486524506,-0.004131015148652451,factor_momentum__missing,fold_2025,2025
2025-07-18,30,6,6,0.029617424693904177,-0.0029559740183212665,0.01628669935611272,1.0,0.0,2.0,0.01628669935611272,0.01568669935611272,0.01528669935611272,0.01428669935611272,factor_momentum__missing,fold_2025,2025
2025-07-25,30,6,6,-0.027846398976976383,-0.013499312316345819,-0.007173543330315282,1.0,0.0,2.0,-0.007173543330315282,-0.007773543330315282,-0.008173543330315282,-0.009173543330315281,factor_momentum__missing,fold_2025,2025
2025-08-01,30,6,6,0.0014243173537378667,0.0005787767275901495,0.0004227703130738586,1.0,0.0,2.0,0.0004227703130738586,-0.00017722968692614134,-0.0005772296869261415,-0.0015772296869261415,factor_momentum__missing,fold_2025,2025
2025-08-08,30,6,6,0.0025939619157738327,-0.0022418809471628676,0.00241792143146835,1.0,0.0,2.0,0.00241792143146835,0.0018179214314683503,0.0014179214314683501,0.0004179214314683501,factor_momentum__missing,fold_2025,2025
2025-08-15,30,6,6,0.0012950442177015996,-0.002338449687004533,0.0018167469523530664,1.0,0.0,2.0,0.0018167469523530664,0.0012167469523530665,0.0008167469523530663,-0.00018325304764693368,factor_momentum__missing,fold_2025,2025
2025-08-22,30,6,6,-0.0019313791185518994,0.012935063055888084,-0.007433221087219992,1.0,0.0,2.0,-0.007433221087219992,-0.008033221087219992,-0.008433221087219993,-0.009433221087219992,factor_momentum__missing,fold_2025,2025
2025-08-29,30,6,6,-0.0084443572778612,0.013571207026897333,-0.011007782152379266,1.0,0.0,2.0,-0.011007782152379266,-0.011607782152379266,-0.012007782152379267,-0.013007782152379266,factor_momentum__missing,fold_2025,2025
2025-09-05,30,6,6,-0.0005762771760395334,0.0031450674959040497,-0.0018606723359717915,1.0,0.0,2.0,-0.0018606723359717915,-0.0024606723359717913,-0.0028606723359717915,-0.0038606723359717915,factor_momentum__missing,fold_2025,2025
2025-09-12,30,6,6,-0.008725268600990018,-0.009176544147441233,0.00022563777322560756,1.0,0.0,2.0,0.00022563777322560756,-0.0003743622267743924,-0.0007743622267743925,-0.0017743622267743925,factor_momentum__missing,fold_2025,2025
2025-09-19,30,6,6,-0.0011214552514313668,0.014820120683934632,-0.007970787967683,1.0,0.0,2.0,-0.007970787967683,-0.008570787967683,-0.008970787967683,-0.009970787967683,factor_momentum__missing,fold_2025,2025
2025-09-26,30,6,6,-0.0019246635046771664,0.013588858392057748,-0.007756760948367457,1.0,0.0,2.0,-0.007756760948367457,-0.008356760948367457,-0.008756760948367456,-0.009756760948367457,factor_momentum__missing,fold_2025,2025
2025-10-13,30,6,6,-0.009679442453695652,0.018394105626528167,-0.014036774040111909,1.0,0.0,2.0,-0.014036774040111909,-0.014636774040111909,-0.01503677404011191,-0.01603677404011191,factor_momentum__missing,fold_2025,2025
2025-10-20,30,6,6,0.01626273490873525,-0.009894342507996185,0.013078538708365717,1.0,0.0,2.0,0.013078538708365717,0.012478538708365718,0.012078538708365717,0.011078538708365717,factor_momentum__missing,fold_2025,2025
2025-10-27,30,6,6,-0.0036671327961840337,0.002981589654639483,-0.0033243612254117583,1.0,0.0,2.0,-0.0033243612254117583,-0.003924361225411758,-0.004324361225411758,-0.005324361225411758,factor_momentum__missing,fold_2025,2025
2025-11-03,30,6,6,0.007028989898778916,0.0011507681810089346,0.002939110858884991,1.0,0.0,2.0,0.002939110858884991,0.002339110858884991,0.0019391108588849909,0.0009391108588849909,factor_momentum__missing,fold_2025,2025
2025-11-10,30,6,6,0.00019128413961836654,0.0007793811584215337,-0.00029404850940158357,1.0,0.0,2.0,-0.00029404850940158357,-0.0008940485094015836,-0.0012940485094015835,-0.0022940485094015838,factor_momentum__missing,fold_2025,2025
2025-11-17,30,6,6,-0.008360079258358266,0.0019480626612953837,-0.005154070959826825,1.0,0.0,2.0,-0.005154070959826825,-0.005754070959826825,-0.006154070959826825,-0.007154070959826825,factor_momentum__missing,fold_2025,2025
2025-11-24,30,6,6,0.015452806013379283,0.027751933698168457,-0.006149563842394587,1.0,0.0,2.0,-0.006149563842394587,-0.0067495638423945865,-0.007149563842394587,-0.008149563842394587,factor_momentum__missing,fold_2025,2025
2025-12-01,30,6,6,0.001069490256261501,0.0043766118249291336,-0.0016535607843338163,1.0,0.0,2.0,-0.0016535607843338163,-0.002253560784333816,-0.0026535607843338163,-0.0036535607843338164,factor_momentum__missing,fold_2025,2025
2025-12-08,30,6,6,-0.0016668708379587492,0.018018225342415182,-0.009842548090186965,1.0,0.0,2.0,-0.009842548090186965,-0.010442548090186965,-0.010842548090186966,-0.011842548090186965,factor_momentum__missing,fold_2025,2025
2025-12-15,30,6,6,0.010940177992106934,0.0229013241673235,-0.005980573087608283,1.0,0.0,2.0,-0.005980573087608283,-0.006580573087608283,-0.006980573087608283,-0.007980573087608283,factor_momentum__missing,fold_2025,2025
2025-12-22,30,6,6,0.012249848924108886,0.031180981499353954,-0.009465566287622535,1.0,0.0,2.0,-0.009465566287622535,-0.010065566287622535,-0.010465566287622536,-0.011465566287622535,factor_momentum__missing,fold_2025,2025
2025-01-02,30,6,6,-0.008643717017779867,0.002678744855383467,-0.005661230936581667,1.0,0.0,2.0,-0.005661230936581667,-0.006261230936581667,-0.006661230936581667,-0.007661230936581667,fundamental_composite_news__csz,fold_2025,2025
2025-01-09,30,6,6,0.0075445210942481486,0.018594971169530666,-0.005525225037641258,1.0,0.0,2.0,-0.005525225037641258,-0.006125225037641258,-0.006525225037641258,-0.007525225037641258,fundamental_composite_news__csz,fold_2025,2025
2025-01-16,30,6,6,-0.010761841957401931,-0.010041264596301166,-0.0003602886805503828,1.0,0.0,2.0,-0.0003602886805503828,-0.0009602886805503828,-0.0013602886805503828,-0.002360288680550383,fundamental_composite_news__csz,fold_2025,2025
2025-01-23,30,6,6,0.026902164920274117,0.022760400240047135,0.0020708823401134908,1.0,0.0,2.0,0.0020708823401134908,0.001470882340113491,0.0010708823401134908,7.088234011349073e-05,fundamental_composite_news__csz,fold_2025,2025
2025-02-07,30,6,6,0.0034579360473451504,0.014863603764137085,-0.005702833858395967,1.0,0.0,2.0,-0.005702833858395967,-0.006302833858395967,-0.006702833858395967,-0.007702833858395967,fundamental_composite_news__csz,fold_2025,2025
2025-02-14,30,6,6,-0.0019584202884222503,-0.005546947229154684,0.0017942634703662168,1.0,0.0,2.0,0.0017942634703662168,0.001194263470366217,0.0007942634703662168,-0.0002057365296337832,fundamental_composite_news__csz,fold_2025,2025
2025-02-21,30,6,6,-0.01620415741924312,-0.01981034273051052,0.0018030926556336993,1.0,0.0,2.0,0.0018030926556336993,0.0012030926556336995,0.0008030926556336993,-0.00019690734436630074,fundamental_composite_news__csz,fold_2025,2025
2025-02-28,30,6,6,0.0017574808783526665,0.005772026116737082,-0.002007272619192208,1.0,0.0,2.0,-0.002007272619192208,-0.002607272619192208,-0.003007272619192208,-0.004007272619192208,fundamental_composite_news__csz,fold_2025,2025
2025-03-07,30,6,6,0.01790988762657575,0.01117074853885155,0.0033695695438620997,1.0,0.0,2.0,0.0033695695438620997,0.0027695695438621,0.0023695695438620996,0.0013695695438620996,fundamental_composite_news__csz,fold_2025,2025
2025-03-14,30,6,6,-0.00670018249429645,-0.005378130145819351,-0.0006610261742385497,1.0,0.0,2.0,-0.0006610261742385497,-0.0012610261742385495,-0.0016610261742385497,-0.0026610261742385497,fundamental_composite_news__csz,fold_2025,2025
2025-03-21,30,6,6,0.008953652940416067,0.010443650073667751,-0.0007449985666258419,1.0,0.0,2.0,-0.0007449985666258419,-0.0013449985666258418,-0.001744998566625842,-0.002744998566625842,fundamental_composite_news__csz,fold_2025,2025
2025-03-28,30,6,6,-0.05285900986506967,-0.042894403238588376,-0.004982303313240646,1.0,0.0,2.0,-0.004982303313240646,-0.0055823033132406455,-0.005982303313240646,-0.006982303313240646,fundamental_composite_news__csz,fold_2025,2025
2025-04-07,30,6,6,0.012250217755199133,0.0032947009791264997,0.004477758388036317,1.0,0.0,2.0,0.004477758388036317,0.003877758388036317,0.0034777583880363167,0.0024777583880363167,fundamental_composite_news__csz,fold_2025,2025
2025-04-14,30,6,6,0.00901962346419005,0.002125786924338484,0.0034469182699257833,1.0,0.0,2.0,0.0034469182699257833,0.0028469182699257835,0.0024469182699257833,0.0014469182699257833,fundamental_composite_news__csz,fold_2025,2025
2025-04-21,30,6,6,0.005406667298735633,0.005606434160978435,-9.9883431121401e-05,1.0,0.0,2.0,-9.9883431121401e-05,-0.0006998834311214009,-0.001099883431121401,-0.002099883431121401,fundamental_composite_news__csz,fold_2025,2025
2025-04-28,30,6,6,-0.009302311687701533,-0.005876380565175566,-0.001712965561262984,1.0,0.0,2.0,-0.001712965561262984,-0.0023129655612629837,-0.002712965561262984,-0.003712965561262984,fundamental_composite_news__csz,fold_2025,2025
2025-05-08,30,6,6,0.019815468992626633,0.0028483170635519007,0.008483575964537367,1.0,0.0,2.0,0.008483575964537367,0.007883575964537367,0.007483575964537367,0.006483575964537367,fundamental_composite_news__csz,fold_2025,2025
2025-05-15,30,6,6,-0.008674213807957432,0.010849661334130331,-0.00976193757104388,1.0,0.0,2.0,-0.00976193757104388,-0.01036193757104388,-0.010761937571043882,-0.01176193757104388,fundamental_composite_news__csz,fold_2025,2025
2025-05-22,30,6,6,-0.00954213346398895,-0.0035272785088116504,-0.003007427477588649,1.0,0.0,2.0,-0.003007427477588649,-0.003607427477588649,-0.004007427477588649,-0.005007427477588649,fundamental_composite_news__csz,fold_2025,2025
2025-05-29,30,6,6,-0.0005790636159993161,0.014508581917736768,-0.007543822766868042,1.0,0.0,2.0,-0.007543822766868042,-0.008143822766868042,-0.00854382276686804,-0.009543822766868042,fundamental_composite_news__csz,fold_2025,2025
2025-06-06,30,6,6,0.0033019887739572508,0.019711426020677814,-0.008204718623360282,1.0,0.0,2.0,-0.008204718623360282,-0.008804718623360281,-0.00920471862336028,-0.010204718623360282,fundamental_composite_news__csz,fold_2025,2025
2025-06-13,30,6,6,0.0173628603516897,-0.0011935753651476004,0.00927821785841865,1.0,0.0,2.0,0.00927821785841865,0.00867821785841865,0.00827821785841865,0.00727821785841865,fundamental_composite_news__csz,fold_2025,2025
2025-06-20,30,6,6,0.0023028730457931674,-0.008058875973531167,0.005180874509662167,1.0,0.0,2.0,0.005180874509662167,0.004580874509662167,0.004180874509662167,0.003180874509662167,fundamental_composite_news__csz,fold_2025,2025
2025-06-27,30,6,6,-0.00785162858114365,0.005339474566943615,-0.006595551574043632,1.0,0.0,2.0,-0.006595551574043632,-0.007195551574043632,-0.007595551574043632,-0.008595551574043632,fundamental_composite_news__csz,fold_2025,2025
2025-07-04,30,6,6,0.0020300883267077665,0.0042093070008472665,-0.00108960933706975,1.0,0.0,2.0,-0.00108960933706975,-0.00168960933706975,-0.00208960933706975,-0.00308960933706975,fundamental_composite_news__csz,fold_2025,2025
2025-07-11,30,6,6,0.007227328275879533,0.011489358573184434,-0.0021310151486524506,1.0,0.0,2.0,-0.0021310151486524506,-0.0027310151486524504,-0.0031310151486524506,-0.004131015148652451,fundamental_composite_news__csz,fold_2025,2025
2025-07-18,30,6,6,0.029617424693904177,-0.0029559740183212665,0.01628669935611272,1.0,0.0,2.0,0.01628669935611272,0.01568669935611272,0.01528669935611272,0.01428669935611272,fundamental_composite_news__csz,fold_2025,2025
2025-07-25,30,6,6,-0.027846398976976383,-0.013499312316345819,-0.007173543330315282,1.0,0.0,2.0,-0.007173543330315282,-0.007773543330315282,-0.008173543330315282,-0.009173543330315281,fundamental_composite_news__csz,fold_2025,2025
2025-08-01,30,6,6,0.0014243173537378667,0.0005787767275901495,0.0004227703130738586,1.0,0.0,2.0,0.0004227703130738586,-0.00017722968692614134,-0.0005772296869261415,-0.0015772296869261415,fundamental_composite_news__csz,fold_2025,2025
2025-08-08,30,6,6,0.0025939619157738327,-0.0022418809471628676,0.00241792143146835,1.0,0.0,2.0,0.00241792143146835,0.0018179214314683503,0.0014179214314683501,0.0004179214314683501,fundamental_composite_news__csz,fold_2025,2025
2025-08-15,30,6,6,0.0012950442177015996,-0.002338449687004533,0.0018167469523530664,1.0,0.0,2.0,0.0018167469523530664,0.0012167469523530665,0.0008167469523530663,-0.00018325304764693368,fundamental_composite_news__csz,fold_2025,2025
2025-08-22,30,6,6,-0.0019313791185518994,0.012935063055888084,-0.007433221087219992,1.0,0.0,2.0,-0.007433221087219992,-0.008033221087219992,-0.008433221087219993,-0.009433221087219992,fundamental_composite_news__csz,fold_2025,2025
2025-08-29,30,6,6,-0.0084443572778612,0.013571207026897333,-0.011007782152379266,1.0,0.0,2.0,-0.011007782152379266,-0.011607782152379266,-0.012007782152379267,-0.013007782152379266,fundamental_composite_news__csz,fold_2025,2025
2025-09-05,30,6,6,-0.0005762771760395334,0.0031450674959040497,-0.0018606723359717915,1.0,0.0,2.0,-0.0018606723359717915,-0.0024606723359717913,-0.0028606723359717915,-0.0038606723359717915,fundamental_composite_news__csz,fold_2025,2025
2025-09-12,30,6,6,-0.008725268600990018,-0.009176544147441233,0.00022563777322560756,1.0,0.0,2.0,0.00022563777322560756,-0.0003743622267743924,-0.0007743622267743925,-0.0017743622267743925,fundamental_composite_news__csz,fold_2025,2025
2025-09-19,30,6,6,-0.0011214552514313668,0.014820120683934632,-0.007970787967683,1.0,0.0,2.0,-0.007970787967683,-0.008570787967683,-0.008970787967683,-0.009970787967683,fundamental_composite_news__csz,fold_2025,2025
2025-09-26,30,6,6,-0.0019246635046771664,0.013588858392057748,-0.007756760948367457,1.0,0.0,2.0,-0.007756760948367457,-0.008356760948367457,-0.008756760948367456,-0.009756760948367457,fundamental_composite_news__csz,fold_2025,2025
2025-10-13,30,6,6,-0.013018994377446047,0.004578507658818634,-0.00879875101813234,1.0,0.0,2.0,-0.00879875101813234,-0.00939875101813234,-0.00979875101813234,-0.01079875101813234,fundamental_composite_news__csz,fold_2025,2025
2025-10-20,30,6,6,0.03321952945615045,-1.873576160658456e-05,0.016619132608878515,1.0,0.0,2.0,0.016619132608878515,0.016019132608878515,0.015619132608878514,0.014619132608878515,fundamental_composite_news__csz,fold_2025,2025
2025-10-27,30,6,6,-0.014591218338684401,0.0038585491771337328,-0.009224883757909067,1.0,0.0,2.0,-0.009224883757909067,-0.009824883757909067,-0.010224883757909066,-0.011224883757909067,fundamental_composite_news__csz,fold_2025,2025
2025-11-03,30,6,6,-0.0030037161725262156,0.00567521572518965,-0.004339465948857932,1.0,0.0,2.0,-0.004339465948857932,-0.004939465948857932,-0.005339465948857932,-0.006339465948857932,fundamental_composite_news__csz,fold_2025,2025
2025-11-10,30,6,6,0.004150736925670666,-0.006794609282420851,0.005472673104045759,1.0,0.0,2.0,0.005472673104045759,0.004872673104045759,0.004472673104045759,0.003472673104045759,fundamental_composite_news__csz,fold_2025,2025
2025-11-17,30,6,6,-0.01666525073469865,0.0019421903718013168,-0.009303720553249982,1.0,0.0,2.0,-0.009303720553249982,-0.009903720553249982,-0.010303720553249983,-0.011303720553249982,fundamental_composite_news__csz,fold_2025,2025
2025-11-24,30,6,6,0.005353942671283367,0.03475902492014348,-0.014702541124430058,1.0,0.0,2.0,-0.014702541124430058,-0.015302541124430058,-0.015702541124430057,-0.016702541124430058,fundamental_composite_news__csz,fold_2025,2025
2025-12-01,30,6,6,-0.0028040791057432333,0.005731329528916018,-0.004267704317329626,1.0,0.0,2.0,-0.004267704317329626,-0.004867704317329626,-0.005267704317329626,-0.006267704317329626,fundamental_composite_news__csz,fold_2025,2025
2025-12-08,30,6,6,-0.0034296768153612343,0.013067288399545435,-0.008248482607453334,1.0,0.0,2.0,-0.008248482607453334,-0.008848482607453334,-0.009248482607453333,-0.010248482607453334,fundamental_composite_news__csz,fold_2025,2025
2025-12-15,30,6,6,0.012580257358553268,0.032214520594276395,-0.009817131617861564,1.0,0.0,2.0,-0.009817131617861564,-0.010417131617861564,-0.010817131617861565,-0.011817131617861564,fundamental_composite_news__csz,fold_2025,2025
2025-12-22,30,6,6,0.0165789095063423,0.030676708305206513,-0.007048899399432106,1.0,0.0,2.0,-0.007048899399432106,-0.007648899399432106,-0.008048899399432107,-0.009048899399432106,fundamental_composite_news__csz,fold_2025,2025
2025-01-02,30,6,6,-0.008643717017779867,0.002678744855383467,-0.005661230936581667,1.0,0.0,2.0,-0.005661230936581667,-0.006261230936581667,-0.006661230936581667,-0.007661230936581667,fundamental_composite_news__missing,fold_2025,2025
2025-01-09,30,6,6,0.0075445210942481486,0.018594971169530666,-0.005525225037641258,1.0,0.0,2.0,-0.005525225037641258,-0.006125225037641258,-0.006525225037641258,-0.007525225037641258,fundamental_composite_news__missing,fold_2025,2025
2025-01-16,30,6,6,-0.010761841957401931,-0.010041264596301166,-0.0003602886805503828,1.0,0.0,2.0,-0.0003602886805503828,-0.0009602886805503828,-0.0013602886805503828,-0.002360288680550383,fundamental_composite_news__missing,fold_2025,2025
2025-01-23,30,6,6,0.026902164920274117,0.022760400240047135,0.0020708823401134908,1.0,0.0,2.0,0.0020708823401134908,0.001470882340113491,0.0010708823401134908,7.088234011349073e-05,fundamental_composite_news__missing,fold_2025,2025
2025-02-07,30,6,6,0.0034579360473451504,0.014863603764137085,-0.005702833858395967,1.0,0.0,2.0,-0.005702833858395967,-0.006302833858395967,-0.006702833858395967,-0.007702833858395967,fundamental_composite_news__missing,fold_2025,2025
2025-02-14,30,6,6,-0.0019584202884222503,-0.005546947229154684,0.0017942634703662168,1.0,0.0,2.0,0.0017942634703662168,0.001194263470366217,0.0007942634703662168,-0.0002057365296337832,fundamental_composite_news__missing,fold_2025,2025
2025-02-21,30,6,6,-0.01620415741924312,-0.01981034273051052,0.0018030926556336993,1.0,0.0,2.0,0.0018030926556336993,0.0012030926556336995,0.0008030926556336993,-0.00019690734436630074,fundamental_composite_news__missing,fold_2025,2025
2025-02-28,30,6,6,0.0017574808783526665,0.005772026116737082,-0.002007272619192208,1.0,0.0,2.0,-0.002007272619192208,-0.002607272619192208,-0.003007272619192208,-0.004007272619192208,fundamental_composite_news__missing,fold_2025,2025
2025-03-07,30,6,6,0.01790988762657575,0.01117074853885155,0.0033695695438620997,1.0,0.0,2.0,0.0033695695438620997,0.0027695695438621,0.0023695695438620996,0.0013695695438620996,fundamental_composite_news__missing,fold_2025,2025
2025-03-14,30,6,6,-0.00670018249429645,-0.005378130145819351,-0.0006610261742385497,1.0,0.0,2.0,-0.0006610261742385497,-0.0012610261742385495,-0.0016610261742385497,-0.0026610261742385497,fundamental_composite_news__missing,fold_2025,2025
2025-03-21,30,6,6,0.008953652940416067,0.010443650073667751,-0.0007449985666258419,1.0,0.0,2.0,-0.0007449985666258419,-0.0013449985666258418,-0.001744998566625842,-0.002744998566625842,fundamental_composite_news__missing,fold_2025,2025
2025-03-28,30,6,6,-0.05285900986506967,-0.042894403238588376,-0.004982303313240646,1.0,0.0,2.0,-0.004982303313240646,-0.0055823033132406455,-0.005982303313240646,-0.006982303313240646,fundamental_composite_news__missing,fold_2025,2025
2025-04-07,30,6,6,-0.00041319109867696675,0.011898653647037133,-0.006155922372857049,1.0,0.0,2.0,-0.006155922372857049,-0.006755922372857049,-0.007155922372857049,-0.00815592237285705,fundamental_composite_news__missing,fold_2025,2025
2025-04-14,30,6,6,0.0005168816161656162,0.004834571666816033,-0.0021588450253252085,1.0,0.0,2.0,-0.0021588450253252085,-0.0027588450253252083,-0.0031588450253252085,-0.0041588450253252085,fundamental_composite_news__missing,fold_2025,2025
2025-04-21,30,6,6,0.004669681219876716,0.009801090820783634,-0.002565704800453459,1.0,0.0,2.0,-0.002565704800453459,-0.003165704800453459,-0.003565704800453459,-0.004565704800453459,fundamental_composite_news__missing,fold_2025,2025
2025-04-28,30,6,6,-0.019749569182245068,-0.01565978699670575,-0.0020448910927696583,1.0,0.0,2.0,-0.0020448910927696583,-0.002644891092769658,-0.0030448910927696584,-0.004044891092769658,fundamental_composite_news__missing,fold_2025,2025
2025-05-08,30,6,6,0.019815468992626633,0.0028483170635519007,0.008483575964537367,1.0,0.0,2.0,0.008483575964537367,0.007883575964537367,0.007483575964537367,0.006483575964537367,fundamental_composite_news__missing,fold_2025,2025
2025-05-15,30,6,6,-0.008674213807957432,0.010849661334130331,-0.00976193757104388,1.0,0.0,2.0,-0.00976193757104388,-0.01036193757104388,-0.010761937571043882,-0.01176193757104388,fundamental_composite_news__missing,fold_2025,2025
2025-05-22,30,6,6,-0.00954213346398895,-0.0035272785088116504,-0.003007427477588649,1.0,0.0,2.0,-0.003007427477588649,-0.003607427477588649,-0.004007427477588649,-0.005007427477588649,fundamental_composite_news__missing,fold_2025,2025
2025-05-29,30,6,6,-0.0005790636159993161,0.014508581917736768,-0.007543822766868042,1.0,0.0,2.0,-0.007543822766868042,-0.008143822766868042,-0.00854382276686804,-0.009543822766868042,fundamental_composite_news__missing,fold_2025,2025
2025-06-06,30,6,6,0.0033019887739572508,0.019711426020677814,-0.008204718623360282,1.0,0.0,2.0,-0.008204718623360282,-0.008804718623360281,-0.00920471862336028,-0.010204718623360282,fundamental_composite_news__missing,fold_2025,2025
2025-06-13,30,6,6,0.0173628603516897,-0.0011935753651476004,0.00927821785841865,1.0,0.0,2.0,0.00927821785841865,0.00867821785841865,0.00827821785841865,0.00727821785841865,fundamental_composite_news__missing,fold_2025,2025
2025-06-20,30,6,6,0.0023028730457931674,-0.008058875973531167,0.005180874509662167,1.0,0.0,2.0,0.005180874509662167,0.004580874509662167,0.004180874509662167,0.003180874509662167,fundamental_composite_news__missing,fold_2025,2025
2025-06-27,30,6,6,-0.00785162858114365,0.005339474566943615,-0.006595551574043632,1.0,0.0,2.0,-0.006595551574043632,-0.007195551574043632,-0.007595551574043632,-0.008595551574043632,fundamental_composite_news__missing,fold_2025,2025
2025-07-04,30,6,6,0.0020300883267077665,0.0042093070008472665,-0.00108960933706975,1.0,0.0,2.0,-0.00108960933706975,-0.00168960933706975,-0.00208960933706975,-0.00308960933706975,fundamental_composite_news__missing,fold_2025,2025
2025-07-11,30,6,6,0.007227328275879533,0.011489358573184434,-0.0021310151486524506,1.0,0.0,2.0,-0.0021310151486524506,-0.0027310151486524504,-0.0031310151486524506,-0.004131015148652451,fundamental_composite_news__missing,fold_2025,2025
2025-07-18,30,6,6,0.029617424693904177,-0.0029559740183212665,0.01628669935611272,1.0,0.0,2.0,0.01628669935611272,0.01568669935611272,0.01528669935611272,0.01428669935611272,fundamental_composite_news__missing,fold_2025,2025
2025-07-25,30,6,6,-0.027846398976976383,-0.013499312316345819,-0.007173543330315282,1.0,0.0,2.0,-0.007173543330315282,-0.007773543330315282,-0.008173543330315282,-0.009173543330315281,fundamental_composite_news__missing,fold_2025,2025
2025-08-01,30,6,6,0.0014243173537378667,0.0005787767275901495,0.0004227703130738586,1.0,0.0,2.0,0.0004227703130738586,-0.00017722968692614134,-0.0005772296869261415,-0.0015772296869261415,fundamental_composite_news__missing,fold_2025,2025
2025-08-08,30,6,6,0.0025939619157738327,-0.0022418809471628676,0.00241792143146835,1.0,0.0,2.0,0.00241792143146835,0.0018179214314683503,0.0014179214314683501,0.0004179214314683501,fundamental_composite_news__missing,fold_2025,2025
2025-08-15,30,6,6,0.0012950442177015996,-0.002338449687004533,0.0018167469523530664,1.0,0.0,2.0,0.0018167469523530664,0.0012167469523530665,0.0008167469523530663,-0.00018325304764693368,fundamental_composite_news__missing,fold_2025,2025
2025-08-22,30,6,6,-0.0019313791185518994,0.012935063055888084,-0.007433221087219992,1.0,0.0,2.0,-0.007433221087219992,-0.008033221087219992,-0.008433221087219993,-0.009433221087219992,fundamental_composite_news__missing,fold_2025,2025
2025-08-29,30,6,6,-0.0084443572778612,0.013571207026897333,-0.011007782152379266,1.0,0.0,2.0,-0.011007782152379266,-0.011607782152379266,-0.012007782152379267,-0.013007782152379266,fundamental_composite_news__missing,fold_2025,2025
2025-09-05,30,6,6,-0.0005762771760395334,0.0031450674959040497,-0.0018606723359717915,1.0,0.0,2.0,-0.0018606723359717915,-0.0024606723359717913,-0.0028606723359717915,-0.0038606723359717915,fundamental_composite_news__missing,fold_2025,2025
2025-09-12,30,6,6,-0.008725268600990018,-0.009176544147441233,0.00022563777322560756,1.0,0.0,2.0,0.00022563777322560756,-0.0003743622267743924,-0.0007743622267743925,-0.0017743622267743925,fundamental_composite_news__missing,fold_2025,2025
2025-09-19,30,6,6,-0.0011214552514313668,0.014820120683934632,-0.007970787967683,1.0,0.0,2.0,-0.007970787967683,-0.008570787967683,-0.008970787967683,-0.009970787967683,fundamental_composite_news__missing,fold_2025,2025
2025-09-26,30,6,6,-0.0019246635046771664,0.013588858392057748,-0.007756760948367457,1.0,0.0,2.0,-0.007756760948367457,-0.008356760948367457,-0.008756760948367456,-0.009756760948367457,fundamental_composite_news__missing,fold_2025,2025
2025-10-13,30,6,6,-0.009049821554156418,-0.013047185351136968,0.001998681898490275,1.0,0.0,2.0,0.001998681898490275,0.001398681898490275,0.0009986818984902748,-1.3181015097252571e-06,fundamental_composite_news__missing,fold_2025,2025
2025-10-20,30,6,6,0.024602290595632983,0.03715237495727228,-0.006275042180819647,1.0,0.0,2.0,-0.006275042180819647,-0.006875042180819647,-0.007275042180819647,-0.008275042180819647,fundamental_composite_news__missing,fold_2025,2025
2025-10-27,30,6,6,-0.006596913571904333,-0.006051167979061567,-0.00027287279642138323,1.0,0.0,2.0,-0.00027287279642138323,-0.0008728727964213832,-0.0012728727964213832,-0.0022728727964213833,fundamental_composite_news__missing,fold_2025,2025
2025-11-03,30,6,6,0.00473875396290235,-0.013169619259082735,0.008954186610992542,1.0,0.0,2.0,0.008954186610992542,0.008354186610992543,0.007954186610992543,0.006954186610992542,fundamental_composite_news__missing,fold_2025,2025
2025-11-10,30,6,6,0.00021755003889659986,-0.004451106872792383,0.0023343284558444916,1.0,0.0,2.0,0.0023343284558444916,0.0017343284558444918,0.0013343284558444916,0.00033432845584449155,fundamental_composite_news__missing,fold_2025,2025
2025-11-17,30,6,6,-0.01904734855250675,-0.006984650901492533,-0.0060313488255071095,1.0,0.0,2.0,-0.0060313488255071095,-0.006631348825507109,-0.0070313488255071095,-0.00803134882550711,fundamental_composite_news__missing,fold_2025,2025
2025-11-24,30,6,6,0.008908036345945352,0.010192863262563284,-0.000642413458308966,1.0,0.0,2.0,-0.000642413458308966,-0.0012424134583089658,-0.001642413458308966,-0.002642413458308966,fundamental_composite_news__missing,fold_2025,2025
2025-12-01,30,6,6,-0.011694554546885763,0.01779557006164678,-0.014745062304266272,1.0,0.0,2.0,-0.014745062304266272,-0.015345062304266271,-0.015745062304266273,-0.01674506230426627,fundamental_composite_news__missing,fold_2025,2025
2025-12-08,30,6,6,-0.011080364565625231,-0.0006400528527293997,-0.005220155856447916,1.0,0.0,2.0,-0.005220155856447916,-0.005820155856447916,-0.006220155856447916,-0.007220155856447916,fundamental_composite_news__missing,fold_2025,2025
2025-12-15,30,6,6,0.013895134393222533,0.0129677925532989,0.00046367091996181616,1.0,0.0,2.0,0.00046367091996181616,-0.0001363290800381838,-0.0005363290800381839,-0.0015363290800381839,fundamental_composite_news__missing,fold_2025,2025
2025-12-22,30,6,6,0.013694749920318,0.00683832274795385,0.003428213586182075,1.0,0.0,2.0,0.003428213586182075,0.002828213586182075,0.002428213586182075,0.001428213586182075,fundamental_composite_news__missing,fold_2025,2025
2025-01-02,30,6,6,-0.008643717017779867,0.002678744855383467,-0.005661230936581667,1.0,0.0,2.0,-0.005661230936581667,-0.006261230936581667,-0.006661230936581667,-0.007661230936581667,fundamental_underreaction__csz,fold_2025,2025
2025-01-09,30,6,6,0.0075445210942481486,0.018594971169530666,-0.005525225037641258,1.0,0.0,2.0,-0.005525225037641258,-0.006125225037641258,-0.006525225037641258,-0.007525225037641258,fundamental_underreaction__csz,fold_2025,2025
2025-01-16,30,6,6,-0.010761841957401931,-0.010041264596301166,-0.0003602886805503828,1.0,0.0,2.0,-0.0003602886805503828,-0.0009602886805503828,-0.0013602886805503828,-0.002360288680550383,fundamental_underreaction__csz,fold_2025,2025
2025-01-23,30,6,6,0.026902164920274117,0.022760400240047135,0.0020708823401134908,1.0,0.0,2.0,0.0020708823401134908,0.001470882340113491,0.0010708823401134908,7.088234011349073e-05,fundamental_underreaction__csz,fold_2025,2025
2025-02-07,30,6,6,0.0034579360473451504,0.014863603764137085,-0.005702833858395967,1.0,0.0,2.0,-0.005702833858395967,-0.006302833858395967,-0.006702833858395967,-0.007702833858395967,fundamental_underreaction__csz,fold_2025,2025
2025-02-14,30,6,6,-0.0019584202884222503,-0.005546947229154684,0.0017942634703662168,1.0,0.0,2.0,0.0017942634703662168,0.001194263470366217,0.0007942634703662168,-0.0002057365296337832,fundamental_underreaction__csz,fold_2025,2025
2025-02-21,30,6,6,-0.01620415741924312,-0.01981034273051052,0.0018030926556336993,1.0,0.0,2.0,0.0018030926556336993,0.0012030926556336995,0.0008030926556336993,-0.00019690734436630074,fundamental_underreaction__csz,fold_2025,2025
2025-02-28,30,6,6,0.0017574808783526665,0.005772026116737082,-0.002007272619192208,1.0,0.0,2.0,-0.002007272619192208,-0.002607272619192208,-0.003007272619192208,-0.004007272619192208,fundamental_underreaction__csz,fold_2025,2025
2025-03-07,30,6,6,0.01790988762657575,0.01117074853885155,0.0033695695438620997,1.0,0.0,2.0,0.0033695695438620997,0.0027695695438621,0.0023695695438620996,0.0013695695438620996,fundamental_underreaction__csz,fold_2025,2025
2025-03-14,30,6,6,-0.00670018249429645,-0.005378130145819351,-0.0006610261742385497,1.0,0.0,2.0,-0.0006610261742385497,-0.0012610261742385495,-0.0016610261742385497,-0.0026610261742385497,fundamental_underreaction__csz,fold_2025,2025
2025-03-21,30,6,6,0.008953652940416067,0.010443650073667751,-0.0007449985666258419,1.0,0.0,2.0,-0.0007449985666258419,-0.0013449985666258418,-0.001744998566625842,-0.002744998566625842,fundamental_underreaction__csz,fold_2025,2025
2025-03-28,30,6,6,-0.05285900986506967,-0.042894403238588376,-0.004982303313240646,1.0,0.0,2.0,-0.004982303313240646,-0.0055823033132406455,-0.005982303313240646,-0.006982303313240646,fundamental_underreaction__csz,fold_2025,2025
2025-04-07,30,6,6,0.020510209604294918,0.0036403715602280826,0.008434919022033418,1.0,0.0,2.0,0.008434919022033418,0.007834919022033418,0.0074349190220334175,0.0064349190220334175,fundamental_underreaction__csz,fold_2025,2025
2025-04-14,30,6,6,0.0014432768755695494,-0.0008353779133892502,0.0011393273944793998,1.0,0.0,2.0,0.0011393273944793998,0.0005393273944793998,0.00013932739447939974,-0.0008606726055206003,fundamental_underreaction__csz,fold_2025,2025
2025-04-21,30,6,6,0.010320023435531582,0.0036422353818150502,0.003338894026858266,1.0,0.0,2.0,0.003338894026858266,0.002738894026858266,0.002338894026858266,0.0013388940268582658,fundamental_underreaction__csz,fold_2025,2025
2025-04-28,30,6,6,-0.011626495644351033,-0.005876380565175566,-0.0028750575395877337,1.0,0.0,2.0,-0.0028750575395877337,-0.0034750575395877336,-0.0038750575395877338,-0.004875057539587734,fundamental_underreaction__csz,fold_2025,2025
2025-05-08,30,6,6,0.019815468992626633,0.0028483170635519007,0.008483575964537367,1.0,0.0,2.0,0.008483575964537367,0.007883575964537367,0.007483575964537367,0.006483575964537367,fundamental_underreaction__csz,fold_2025,2025
2025-05-15,30,6,6,-0.008674213807957432,0.010849661334130331,-0.00976193757104388,1.0,0.0,2.0,-0.00976193757104388,-0.01036193757104388,-0.010761937571043882,-0.01176193757104388,fundamental_underreaction__csz,fold_2025,2025
2025-05-22,30,6,6,-0.00954213346398895,-0.0035272785088116504,-0.003007427477588649,1.0,0.0,2.0,-0.003007427477588649,-0.003607427477588649,-0.004007427477588649,-0.005007427477588649,fundamental_underreaction__csz,fold_2025,2025
2025-05-29,30,6,6,-0.0005790636159993161,0.014508581917736768,-0.007543822766868042,1.0,0.0,2.0,-0.007543822766868042,-0.008143822766868042,-0.00854382276686804,-0.009543822766868042,fundamental_underreaction__csz,fold_2025,2025
2025-06-06,30,6,6,0.0033019887739572508,0.019711426020677814,-0.008204718623360282,1.0,0.0,2.0,-0.008204718623360282,-0.008804718623360281,-0.00920471862336028,-0.010204718623360282,fundamental_underreaction__csz,fold_2025,2025
2025-06-13,30,6,6,0.0173628603516897,-0.0011935753651476004,0.00927821785841865,1.0,0.0,2.0,0.00927821785841865,0.00867821785841865,0.00827821785841865,0.00727821785841865,fundamental_underreaction__csz,fold_2025,2025
2025-06-20,30,6,6,0.0023028730457931674,-0.008058875973531167,0.005180874509662167,1.0,0.0,2.0,0.005180874509662167,0.004580874509662167,0.004180874509662167,0.003180874509662167,fundamental_underreaction__csz,fold_2025,2025
2025-06-27,30,6,6,-0.00785162858114365,0.005339474566943615,-0.006595551574043632,1.0,0.0,2.0,-0.006595551574043632,-0.007195551574043632,-0.007595551574043632,-0.008595551574043632,fundamental_underreaction__csz,fold_2025,2025
2025-07-04,30,6,6,0.0020300883267077665,0.0042093070008472665,-0.00108960933706975,1.0,0.0,2.0,-0.00108960933706975,-0.00168960933706975,-0.00208960933706975,-0.00308960933706975,fundamental_underreaction__csz,fold_2025,2025
2025-07-11,30,6,6,0.007227328275879533,0.011489358573184434,-0.0021310151486524506,1.0,0.0,2.0,-0.0021310151486524506,-0.0027310151486524504,-0.0031310151486524506,-0.004131015148652451,fundamental_underreaction__csz,fold_2025,2025
2025-07-18,30,6,6,0.029617424693904177,-0.0029559740183212665,0.01628669935611272,1.0,0.0,2.0,0.01628669935611272,0.01568669935611272,0.01528669935611272,0.01428669935611272,fundamental_underreaction__csz,fold_2025,2025
2025-07-25,30,6,6,-0.027846398976976383,-0.013499312316345819,-0.007173543330315282,1.0,0.0,2.0,-0.007173543330315282,-0.007773543330315282,-0.008173543330315282,-0.009173543330315281,fundamental_underreaction__csz,fold_2025,2025
2025-08-01,30,6,6,0.0014243173537378667,0.0005787767275901495,0.0004227703130738586,1.0,0.0,2.0,0.0004227703130738586,-0.00017722968692614134,-0.0005772296869261415,-0.0015772296869261415,fundamental_underreaction__csz,fold_2025,2025
2025-08-08,30,6,6,0.0025939619157738327,-0.0022418809471628676,0.00241792143146835,1.0,0.0,2.0,0.00241792143146835,0.0018179214314683503,0.0014179214314683501,0.0004179214314683501,fundamental_underreaction__csz,fold_2025,2025
2025-08-15,30,6,6,0.0012950442177015996,-0.002338449687004533,0.0018167469523530664,1.0,0.0,2.0,0.0018167469523530664,0.0012167469523530665,0.0008167469523530663,-0.00018325304764693368,fundamental_underreaction__csz,fold_2025,2025
2025-08-22,30,6,6,-0.0019313791185518994,0.012935063055888084,-0.007433221087219992,1.0,0.0,2.0,-0.007433221087219992,-0.008033221087219992,-0.008433221087219993,-0.009433221087219992,fundamental_underreaction__csz,fold_2025,2025
2025-08-29,30,6,6,-0.0084443572778612,0.013571207026897333,-0.011007782152379266,1.0,0.0,2.0,-0.011007782152379266,-0.011607782152379266,-0.012007782152379267,-0.013007782152379266,fundamental_underreaction__csz,fold_2025,2025
2025-09-05,30,6,6,-0.0005762771760395334,0.0031450674959040497,-0.0018606723359717915,1.0,0.0,2.0,-0.0018606723359717915,-0.0024606723359717913,-0.0028606723359717915,-0.0038606723359717915,fundamental_underreaction__csz,fold_2025,2025
2025-09-12,30,6,6,-0.008725268600990018,-0.009176544147441233,0.00022563777322560756,1.0,0.0,2.0,0.00022563777322560756,-0.0003743622267743924,-0.0007743622267743925,-0.0017743622267743925,fundamental_underreaction__csz,fold_2025,2025
2025-09-19,30,6,6,-0.0011214552514313668,0.014820120683934632,-0.007970787967683,1.0,0.0,2.0,-0.007970787967683,-0.008570787967683,-0.008970787967683,-0.009970787967683,fundamental_underreaction__csz,fold_2025,2025
2025-09-26,30,6,6,-0.0019246635046771664,0.013588858392057748,-0.007756760948367457,1.0,0.0,2.0,-0.007756760948367457,-0.008356760948367457,-0.008756760948367456,-0.009756760948367457,fundamental_underreaction__csz,fold_2025,2025
2025-10-13,30,6,6,-0.013018994377446047,0.004578507658818634,-0.00879875101813234,1.0,0.0,2.0,-0.00879875101813234,-0.00939875101813234,-0.00979875101813234,-0.01079875101813234,fundamental_underreaction__csz,fold_2025,2025
2025-10-20,30,6,6,0.03321952945615045,-1.873576160658456e-05,0.016619132608878515,1.0,0.0,2.0,0.016619132608878515,0.016019132608878515,0.015619132608878514,0.014619132608878515,fundamental_underreaction__csz,fold_2025,2025
2025-10-27,30,6,6,-0.014591218338684401,0.0038585491771337328,-0.009224883757909067,1.0,0.0,2.0,-0.009224883757909067,-0.009824883757909067,-0.010224883757909066,-0.011224883757909067,fundamental_underreaction__csz,fold_2025,2025
2025-11-03,30,6,6,-0.0030037161725262156,0.00567521572518965,-0.004339465948857932,1.0,0.0,2.0,-0.004339465948857932,-0.004939465948857932,-0.005339465948857932,-0.006339465948857932,fundamental_underreaction__csz,fold_2025,2025
2025-11-10,30,6,6,-0.0048660365730786165,-0.00258937725675765,-0.0011383296581604831,1.0,0.0,2.0,-0.0011383296581604831,-0.001738329658160483,-0.002138329658160483,-0.003138329658160483,fundamental_underreaction__csz,fold_2025,2025
2025-11-17,30,6,6,-0.013603787078337199,0.0020737448628239505,-0.007838765970580575,1.0,0.0,2.0,-0.007838765970580575,-0.008438765970580575,-0.008838765970580576,-0.009838765970580575,fundamental_underreaction__csz,fold_2025,2025
2025-11-24,30,6,6,0.011898413306339832,0.014885516543817897,-0.0014935516187390323,1.0,0.0,2.0,-0.0014935516187390323,-0.002093551618739032,-0.0024935516187390323,-0.0034935516187390324,fundamental_underreaction__csz,fold_2025,2025
2025-12-01,30,6,6,-0.0047384224118656995,0.0174201308956248,-0.01107927665374525,1.0,0.0,2.0,-0.01107927665374525,-0.01167927665374525,-0.012079276653745249,-0.01307927665374525,fundamental_underreaction__csz,fold_2025,2025
2025-12-08,30,6,6,-0.0034296768153612343,0.010078063354110536,-0.006753870084735885,1.0,0.0,2.0,-0.006753870084735885,-0.007353870084735885,-0.007753870084735885,-0.008753870084735885,fundamental_underreaction__csz,fold_2025,2025
2025-12-15,30,6,6,0.00984006073139985,0.032214520594276395,-0.011187229931438274,1.0,0.0,2.0,-0.011187229931438274,-0.011787229931438273,-0.012187229931438275,-0.013187229931438274,fundamental_underreaction__csz,fold_2025,2025
2025-12-22,30,6,6,0.018752289275649748,0.016205073156754415,0.0012736080594476663,1.0,0.0,2.0,0.0012736080594476663,0.0006736080594476663,0.00027360805944766625,-0.0007263919405523338,fundamental_underreaction__csz,fold_2025,2025
2025-01-02,30,6,6,-0.008643717017779867,0.002678744855383467,-0.005661230936581667,1.0,0.0,2.0,-0.005661230936581667,-0.006261230936581667,-0.006661230936581667,-0.007661230936581667,fundamental_underreaction__missing,fold_2025,2025
2025-01-09,30,6,6,0.0075445210942481486,0.018594971169530666,-0.005525225037641258,1.0,0.0,2.0,-0.005525225037641258,-0.006125225037641258,-0.006525225037641258,-0.007525225037641258,fundamental_underreaction__missing,fold_2025,2025
2025-01-16,30,6,6,-0.010761841957401931,-0.010041264596301166,-0.0003602886805503828,1.0,0.0,2.0,-0.0003602886805503828,-0.0009602886805503828,-0.0013602886805503828,-0.002360288680550383,fundamental_underreaction__missing,fold_2025,2025
2025-01-23,30,6,6,0.026902164920274117,0.022760400240047135,0.0020708823401134908,1.0,0.0,2.0,0.0020708823401134908,0.001470882340113491,0.0010708823401134908,7.088234011349073e-05,fundamental_underreaction__missing,fold_2025,2025
2025-02-07,30,6,6,0.0034579360473451504,0.014863603764137085,-0.005702833858395967,1.0,0.0,2.0,-0.005702833858395967,-0.006302833858395967,-0.006702833858395967,-0.007702833858395967,fundamental_underreaction__missing,fold_2025,2025
2025-02-14,30,6,6,-0.0019584202884222503,-0.005546947229154684,0.0017942634703662168,1.0,0.0,2.0,0.0017942634703662168,0.001194263470366217,0.0007942634703662168,-0.0002057365296337832,fundamental_underreaction__missing,fold_2025,2025
2025-02-21,30,6,6,-0.01620415741924312,-0.01981034273051052,0.0018030926556336993,1.0,0.0,2.0,0.0018030926556336993,0.0012030926556336995,0.0008030926556336993,-0.00019690734436630074,fundamental_underreaction__missing,fold_2025,2025
2025-02-28,30,6,6,0.0017574808783526665,0.005772026116737082,-0.002007272619192208,1.0,0.0,2.0,-0.002007272619192208,-0.002607272619192208,-0.003007272619192208,-0.004007272619192208,fundamental_underreaction__missing,fold_2025,2025
2025-03-07,30,6,6,0.01790988762657575,0.01117074853885155,0.0033695695438620997,1.0,0.0,2.0,0.0033695695438620997,0.0027695695438621,0.0023695695438620996,0.0013695695438620996,fundamental_underreaction__missing,fold_2025,2025
2025-03-14,30,6,6,-0.00670018249429645,-0.005378130145819351,-0.0006610261742385497,1.0,0.0,2.0,-0.0006610261742385497,-0.0012610261742385495,-0.0016610261742385497,-0.0026610261742385497,fundamental_underreaction__missing,fold_2025,2025
2025-03-21,30,6,6,0.008953652940416067,0.010443650073667751,-0.0007449985666258419,1.0,0.0,2.0,-0.0007449985666258419,-0.0013449985666258418,-0.001744998566625842,-0.002744998566625842,fundamental_underreaction__missing,fold_2025,2025
2025-03-28,30,6,6,-0.05285900986506967,-0.042894403238588376,-0.004982303313240646,1.0,0.0,2.0,-0.004982303313240646,-0.0055823033132406455,-0.005982303313240646,-0.006982303313240646,fundamental_underreaction__missing,fold_2025,2025
2025-04-07,30,6,6,-0.00041319109867696675,0.011898653647037133,-0.006155922372857049,1.0,0.0,2.0,-0.006155922372857049,-0.006755922372857049,-0.007155922372857049,-0.00815592237285705,fundamental_underreaction__missing,fold_2025,2025
2025-04-14,30,6,6,0.0005168816161656162,0.004834571666816033,-0.0021588450253252085,1.0,0.0,2.0,-0.0021588450253252085,-0.0027588450253252083,-0.0031588450253252085,-0.0041588450253252085,fundamental_underreaction__missing,fold_2025,2025
2025-04-21,30,6,6,0.004669681219876716,0.009801090820783634,-0.002565704800453459,1.0,0.0,2.0,-0.002565704800453459,-0.003165704800453459,-0.003565704800453459,-0.004565704800453459,fundamental_underreaction__missing,fold_2025,2025
2025-04-28,30,6,6,-0.019749569182245068,-0.01565978699670575,-0.0020448910927696583,1.0,0.0,2.0,-0.0020448910927696583,-0.002644891092769658,-0.0030448910927696584,-0.004044891092769658,fundamental_underreaction__missing,fold_2025,2025
2025-05-08,30,6,6,0.019815468992626633,0.0028483170635519007,0.008483575964537367,1.0,0.0,2.0,0.008483575964537367,0.007883575964537367,0.007483575964537367,0.006483575964537367,fundamental_underreaction__missing,fold_2025,2025
2025-05-15,30,6,6,-0.008674213807957432,0.010849661334130331,-0.00976193757104388,1.0,0.0,2.0,-0.00976193757104388,-0.01036193757104388,-0.010761937571043882,-0.01176193757104388,fundamental_underreaction__missing,fold_2025,2025
2025-05-22,30,6,6,-0.00954213346398895,-0.0035272785088116504,-0.003007427477588649,1.0,0.0,2.0,-0.003007427477588649,-0.003607427477588649,-0.004007427477588649,-0.005007427477588649,fundamental_underreaction__missing,fold_2025,2025
2025-05-29,30,6,6,-0.0005790636159993161,0.014508581917736768,-0.007543822766868042,1.0,0.0,2.0,-0.007543822766868042,-0.008143822766868042,-0.00854382276686804,-0.009543822766868042,fundamental_underreaction__missing,fold_2025,2025
2025-06-06,30,6,6,0.0033019887739572508,0.019711426020677814,-0.008204718623360282,1.0,0.0,2.0,-0.008204718623360282,-0.008804718623360281,-0.00920471862336028,-0.010204718623360282,fundamental_underreaction__missing,fold_2025,2025
2025-06-13,30,6,6,0.0173628603516897,-0.0011935753651476004,0.00927821785841865,1.0,0.0,2.0,0.00927821785841865,0.00867821785841865,0.00827821785841865,0.00727821785841865,fundamental_underreaction__missing,fold_2025,2025
2025-06-20,30,6,6,0.0023028730457931674,-0.008058875973531167,0.005180874509662167,1.0,0.0,2.0,0.005180874509662167,0.004580874509662167,0.004180874509662167,0.003180874509662167,fundamental_underreaction__missing,fold_2025,2025
2025-06-27,30,6,6,-0.00785162858114365,0.005339474566943615,-0.006595551574043632,1.0,0.0,2.0,-0.006595551574043632,-0.007195551574043632,-0.007595551574043632,-0.008595551574043632,fundamental_underreaction__missing,fold_2025,2025
2025-07-04,30,6,6,0.0020300883267077665,0.0042093070008472665,-0.00108960933706975,1.0,0.0,2.0,-0.00108960933706975,-0.00168960933706975,-0.00208960933706975,-0.00308960933706975,fundamental_underreaction__missing,fold_2025,2025
2025-07-11,30,6,6,0.007227328275879533,0.011489358573184434,-0.0021310151486524506,1.0,0.0,2.0,-0.0021310151486524506,-0.0027310151486524504,-0.0031310151486524506,-0.004131015148652451,fundamental_underreaction__missing,fold_2025,2025
2025-07-18,30,6,6,0.029617424693904177,-0.0029559740183212665,0.01628669935611272,1.0,0.0,2.0,0.01628669935611272,0.01568669935611272,0.01528669935611272,0.01428669935611272,fundamental_underreaction__missing,fold_2025,2025
2025-07-25,30,6,6,-0.027846398976976383,-0.013499312316345819,-0.007173543330315282,1.0,0.0,2.0,-0.007173543330315282,-0.007773543330315282,-0.008173543330315282,-0.009173543330315281,fundamental_underreaction__missing,fold_2025,2025
2025-08-01,30,6,6,0.0014243173537378667,0.0005787767275901495,0.0004227703130738586,1.0,0.0,2.0,0.0004227703130738586,-0.00017722968692614134,-0.0005772296869261415,-0.0015772296869261415,fundamental_underreaction__missing,fold_2025,2025
2025-08-08,30,6,6,0.0025939619157738327,-0.0022418809471628676,0.00241792143146835,1.0,0.0,2.0,0.00241792143146835,0.0018179214314683503,0.0014179214314683501,0.0004179214314683501,fundamental_underreaction__missing,fold_2025,2025
2025-08-15,30,6,6,0.0012950442177015996,-0.002338449687004533,0.0018167469523530664,1.0,0.0,2.0,0.0018167469523530664,0.0012167469523530665,0.0008167469523530663,-0.00018325304764693368,fundamental_underreaction__missing,fold_2025,2025
2025-08-22,30,6,6,-0.0019313791185518994,0.012935063055888084,-0.007433221087219992,1.0,0.0,2.0,-0.007433221087219992,-0.008033221087219992,-0.008433221087219993,-0.009433221087219992,fundamental_underreaction__missing,fold_2025,2025
2025-08-29,30,6,6,-0.0084443572778612,0.013571207026897333,-0.011007782152379266,1.0,0.0,2.0,-0.011007782152379266,-0.011607782152379266,-0.012007782152379267,-0.013007782152379266,fundamental_underreaction__missing,fold_2025,2025
2025-09-05,30,6,6,-0.0005762771760395334,0.0031450674959040497,-0.0018606723359717915,1.0,0.0,2.0,-0.0018606723359717915,-0.0024606723359717913,-0.0028606723359717915,-0.0038606723359717915,fundamental_underreaction__missing,fold_2025,2025
2025-09-12,30,6,6,-0.008725268600990018,-0.009176544147441233,0.00022563777322560756,1.0,0.0,2.0,0.00022563777322560756,-0.0003743622267743924,-0.0007743622267743925,-0.0017743622267743925,fundamental_underreaction__missing,fold_2025,2025
2025-09-19,30,6,6,-0.0011214552514313668,0.014820120683934632,-0.007970787967683,1.0,0.0,2.0,-0.007970787967683,-0.008570787967683,-0.008970787967683,-0.009970787967683,fundamental_underreaction__missing,fold_2025,2025
2025-09-26,30,6,6,-0.0019246635046771664,0.013588858392057748,-0.007756760948367457,1.0,0.0,2.0,-0.007756760948367457,-0.008356760948367457,-0.008756760948367456,-0.009756760948367457,fundamental_underreaction__missing,fold_2025,2025
2025-10-13,30,6,6,-0.009049821554156418,-0.013047185351136968,0.001998681898490275,1.0,0.0,2.0,0.001998681898490275,0.001398681898490275,0.0009986818984902748,-1.3181015097252571e-06,fundamental_underreaction__missing,fold_2025,2025
2025-10-20,30,6,6,0.024602290595632983,0.03715237495727228,-0.006275042180819647,1.0,0.0,2.0,-0.006275042180819647,-0.006875042180819647,-0.007275042180819647,-0.008275042180819647,fundamental_underreaction__missing,fold_2025,2025
2025-10-27,30,6,6,-0.006596913571904333,-0.006051167979061567,-0.00027287279642138323,1.0,0.0,2.0,-0.00027287279642138323,-0.0008728727964213832,-0.0012728727964213832,-0.0022728727964213833,fundamental_underreaction__missing,fold_2025,2025
2025-11-03,30,6,6,0.00473875396290235,-0.013169619259082735,0.008954186610992542,1.0,0.0,2.0,0.008954186610992542,0.008354186610992543,0.007954186610992543,0.006954186610992542,fundamental_underreaction__missing,fold_2025,2025
2025-11-10,30,6,6,0.00021755003889659986,-0.004451106872792383,0.0023343284558444916,1.0,0.0,2.0,0.0023343284558444916,0.0017343284558444918,0.0013343284558444916,0.00033432845584449155,fundamental_underreaction__missing,fold_2025,2025
2025-11-17,30,6,6,-0.01904734855250675,-0.006984650901492533,-0.0060313488255071095,1.0,0.0,2.0,-0.0060313488255071095,-0.006631348825507109,-0.0070313488255071095,-0.00803134882550711,fundamental_underreaction__missing,fold_2025,2025
2025-11-24,30,6,6,0.008908036345945352,0.010192863262563284,-0.000642413458308966,1.0,0.0,2.0,-0.000642413458308966,-0.0012424134583089658,-0.001642413458308966,-0.002642413458308966,fundamental_underreaction__missing,fold_2025,2025
2025-12-01,30,6,6,-0.011694554546885763,0.01779557006164678,-0.014745062304266272,1.0,0.0,2.0,-0.014745062304266272,-0.015345062304266271,-0.015745062304266273,-0.01674506230426627,fundamental_underreaction__missing,fold_2025,2025
2025-12-08,30,6,6,-0.011080364565625231,-0.0006400528527293997,-0.005220155856447916,1.0,0.0,2.0,-0.005220155856447916,-0.005820155856447916,-0.006220155856447916,-0.007220155856447916,fundamental_underreaction__missing,fold_2025,2025
2025-12-15,30,6,6,0.013895134393222533,0.0129677925532989,0.00046367091996181616,1.0,0.0,2.0,0.00046367091996181616,-0.0001363290800381838,-0.0005363290800381839,-0.0015363290800381839,fundamental_underreaction__missing,fold_2025,2025
2025-12-22,30,6,6,0.013694749920318,0.00683832274795385,0.003428213586182075,1.0,0.0,2.0,0.003428213586182075,0.002828213586182075,0.002428213586182075,0.001428213586182075,fundamental_underreaction__missing,fold_2025,2025
2025-01-02,30,6,6,-0.009080840968013468,0.011128723302652715,-0.010104782135333092,1.0,0.0,2.0,-0.010104782135333092,-0.010704782135333091,-0.011104782135333092,-0.012104782135333092,information_consistency__csz,fold_2025,2025
2025-01-09,30,6,6,0.022622612413435838,0.015019195752809583,0.0038017083303131275,1.0,0.0,2.0,0.0038017083303131275,0.0032017083303131277,0.0028017083303131275,0.0018017083303131275,information_consistency__csz,fold_2025,2025
2025-01-16,30,6,6,-0.007874746130708316,-0.008153528969689383,0.00013939141949053345,1.0,0.0,2.0,0.00013939141949053345,-0.0004606085805094665,-0.0008606085805094666,-0.0018606085805094666,information_consistency__csz,fold_2025,2025
2025-01-23,30,6,6,0.02623928650699442,0.022126281995412934,0.0020565022557907427,1.0,0.0,2.0,0.0020565022557907427,0.001456502255790743,0.0010565022557907427,5.6502255790742695e-05,information_consistency__csz,fold_2025,2025
2025-02-07,30,6,6,0.0036063697497736662,0.010277688519219683,-0.003335659384723008,1.0,0.0,2.0,-0.003335659384723008,-0.003935659384723008,-0.004335659384723008,-0.005335659384723008,information_consistency__csz,fold_2025,2025
2025-02-14,30,6,6,-0.0032473560398288167,-0.004559366600314267,0.0006560052802427249,1.0,0.0,2.0,0.0006560052802427249,5.6005280242725e-05,-0.0003439947197572751,-0.001343994719757275,information_consistency__csz,fold_2025,2025
2025-02-21,30,6,6,-0.015352398555938084,-0.020267954765358198,0.0024577781047100573,1.0,0.0,2.0,0.0024577781047100573,0.0018577781047100575,0.0014577781047100573,0.0004577781047100573,information_consistency__csz,fold_2025,2025
2025-02-28,30,6,6,-0.006918112068998651,0.016508453420282485,-0.011713282744640568,1.0,0.0,2.0,-0.011713282744640568,-0.012313282744640568,-0.012713282744640567,-0.013713282744640568,information_consistency__csz,fold_2025,2025
2025-03-07,30,6,6,-0.0012008178012260502,0.028331068578093907,-0.014765943189659979,1.0,0.0,2.0,-0.014765943189659979,-0.015365943189659979,-0.01576594318965998,-0.01676594318965998,information_consistency__csz,fold_2025,2025
2025-03-14,30,6,6,-0.005920750399202884,-0.007280720290234116,0.0006799849455156161,1.0,0.0,2.0,0.0006799849455156161,7.998494551561617e-05,-0.0003200150544843839,-0.001320015054484384,information_consistency__csz,fold_2025,2025
2025-03-21,30,6,6,0.0112132667537611,0.00895465226567465,0.0011293072440432253,1.0,0.0,2.0,0.0011293072440432253,0.0005293072440432253,0.00012930724404322524,-0.0008706927559567748,information_consistency__csz,fold_2025,2025
2025-03-28,30,6,6,-0.05632068496461606,-0.051171526522679374,-0.0025745792209683448,1.0,0.0,2.0,-0.0025745792209683448,-0.0031745792209683446,-0.003574579220968345,-0.004574579220968345,information_consistency__csz,fold_2025,2025
2025-04-07,30,6,6,0.014696625292319581,0.01077646415314195,0.0019600805695888157,1.0,0.0,2.0,0.0019600805695888157,0.0013600805695888158,0.0009600805695888157,-3.991943041118436e-05,information_consistency__csz,fold_2025,2025
2025-04-14,30,6,6,0.00040410879988884963,0.005280402533828999,-0.0024381468669700747,1.0,0.0,2.0,-0.0024381468669700747,-0.0030381468669700745,-0.0034381468669700747,-0.004438146866970074,information_consistency__csz,fold_2025,2025
2025-04-21,30,6,6,0.00956526464037045,0.006700045356102985,0.0014326096421337325,1.0,0.0,2.0,0.0014326096421337325,0.0008326096421337326,0.0004326096421337325,-0.0005673903578662675,information_consistency__csz,fold_2025,2025
2025-04-28,30,6,6,-0.011609385473229783,-0.0050664030044679335,-0.003271491234380925,1.0,0.0,2.0,-0.003271491234380925,-0.0038714912343809247,-0.004271491234380925,-0.005271491234380925,information_consistency__csz,fold_2025,2025
2025-05-08,30,6,6,0.020949327832229348,-0.0001759288785899496,0.010562628355409649,1.0,0.0,2.0,0.010562628355409649,0.009962628355409649,0.00956262835540965,0.008562628355409649,information_consistency__csz,fold_2025,2025
2025-05-15,30,6,6,-0.0018314470580453,0.00256515320988965,-0.002198300133967475,1.0,0.0,2.0,-0.002198300133967475,-0.002798300133967475,-0.003198300133967475,-0.0041983001339674746,information_consistency__csz,fold_2025,2025
2025-05-22,30,6,6,-0.007217244656123133,-0.008245842743501233,0.00051429904368905,1.0,0.0,2.0,0.00051429904368905,-8.570095631095e-05,-0.00048570095631095007,-0.00148570095631095,information_consistency__csz,fold_2025,2025
2025-05-29,30,6,6,-0.0009835431634076834,0.007497909128528217,-0.004240726145967951,1.0,0.0,2.0,-0.004240726145967951,-0.0048407261459679505,-0.005240726145967951,-0.006240726145967951,information_consistency__csz,fold_2025,2025
2025-06-06,30,6,6,0.02994860490829662,0.00408003848591235,0.012934283211192135,1.0,0.0,2.0,0.012934283211192135,0.012334283211192135,0.011934283211192134,0.010934283211192134,information_consistency__csz,fold_2025,2025
2025-06-13,30,6,6,0.01793362610003042,-0.002820116137763466,0.010376871118896942,1.0,0.0,2.0,0.010376871118896942,0.009776871118896942,0.009376871118896943,0.008376871118896942,information_consistency__csz,fold_2025,2025
2025-06-20,30,6,6,-0.0019983545825873997,-0.006767318732023317,0.0023844820747179587,1.0,0.0,2.0,0.0023844820747179587,0.0017844820747179588,0.0013844820747179586,0.0003844820747179586,information_consistency__csz,fold_2025,2025
2025-06-27,30,6,6,-0.0003580732243448999,0.0020755043519899,-0.0012167887881674,1.0,0.0,2.0,-0.0012167887881674,-0.0018167887881674,-0.0022167887881674,-0.0032167887881674,information_consistency__csz,fold_2025,2025
2025-07-04,30,6,6,0.0016480633892543336,-0.0015597413437845504,0.001603902366519442,1.0,0.0,2.0,0.001603902366519442,0.001003902366519442,0.0006039023665194419,-0.00039609763348055814,information_consistency__csz,fold_2025,2025
2025-07-11,30,6,6,0.0070826160858314,0.004905594702588183,0.0010885106916216085,1.0,0.0,2.0,0.0010885106916216085,0.0004885106916216086,8.851069162160849e-05,-0.0009114893083783915,information_consistency__csz,fold_2025,2025
2025-07-18,30,6,6,0.0187018632902663,0.0110931550362147,0.0038043541270258,1.0,0.0,2.0,0.0038043541270258,0.0032043541270258,0.0028043541270258,0.0018043541270257998,information_consistency__csz,fold_2025,2025
2025-07-25,30,6,6,-0.015843101872626702,-0.011182604020553849,-0.0023302489260364264,1.0,0.0,2.0,-0.0023302489260364264,-0.0029302489260364262,-0.0033302489260364264,-0.0043302489260364264,information_consistency__csz,fold_2025,2025
2025-08-01,30,6,6,-0.0010557498020282823,-0.0027527713722891333,0.0008485107851304255,1.0,0.0,2.0,0.0008485107851304255,0.0002485107851304256,-0.00015148921486957448,-0.0011514892148695745,information_consistency__csz,fold_2025,2025
2025-08-08,30,6,6,0.0021999996929239663,-0.010507532942961301,0.006353766317942633,1.0,0.0,2.0,0.006353766317942633,0.005753766317942634,0.005353766317942633,0.004353766317942633,information_consistency__csz,fold_2025,2025
2025-08-15,30,6,6,-0.005094482920677184,-0.0008971639148548337,-0.002098659502911175,1.0,0.0,2.0,-0.002098659502911175,-0.002698659502911175,-0.003098659502911175,-0.0040986595029111755,information_consistency__csz,fold_2025,2025
2025-08-22,30,6,6,-0.0011268653671004513,0.02342953068559175,-0.012278198026346101,1.0,0.0,2.0,-0.012278198026346101,-0.012878198026346101,-0.0132781980263461,-0.014278198026346101,information_consistency__csz,fold_2025,2025
2025-08-29,30,6,6,0.0004395748048504165,0.0009785489768909504,-0.000269487086020267,1.0,0.0,2.0,-0.000269487086020267,-0.0008694870860202669,-0.001269487086020267,-0.002269487086020267,information_consistency__csz,fold_2025,2025
2025-09-05,30,6,6,0.0030971350547448167,0.003108186736660417,-5.5258409578000725e-06,1.0,0.0,2.0,-5.5258409578000725e-06,-0.0006055258409578,-0.0010055258409578,-0.0020055258409578,information_consistency__csz,fold_2025,2025
2025-09-12,30,6,6,-0.007927990684585667,-0.005104529923308367,-0.0014117303806386499,1.0,0.0,2.0,-0.0014117303806386499,-0.0020117303806386497,-0.00241173038063865,-0.00341173038063865,information_consistency__csz,fold_2025,2025
2025-09-19,30,6,6,0.0031018143760795664,0.01250565819279858,-0.004701921908359507,1.0,0.0,2.0,-0.004701921908359507,-0.005301921908359507,-0.005701921908359507,-0.006701921908359507,information_consistency__csz,fold_2025,2025
2025-09-26,30,6,6,-0.015062803840319517,0.031475607479567666,-0.02326920565994359,1.0,0.0,2.0,-0.02326920565994359,-0.02386920565994359,-0.02426920565994359,-0.02526920565994359,information_consistency__csz,fold_2025,2025
2025-10-13,30,6,6,-0.0027707909577332,0.009210240834836167,-0.005990515896284684,1.0,0.0,2.0,-0.005990515896284684,-0.0065905158962846835,-0.006990515896284684,-0.007990515896284684,information_consistency__csz,fold_2025,2025
2025-10-20,30,6,6,0.02267484681050545,-0.0071576765876203334,0.014916261699062891,1.0,0.0,2.0,0.014916261699062891,0.014316261699062891,0.01391626169906289,0.012916261699062891,information_consistency__csz,fold_2025,2025
2025-10-27,30,6,6,-0.011835396077466767,0.005440302974153967,-0.008637849525810367,1.0,0.0,2.0,-0.008637849525810367,-0.009237849525810367,-0.009637849525810368,-0.010637849525810367,information_consistency__csz,fold_2025,2025
2025-11-03,30,6,6,-0.014065796495408131,0.0112506590302053,-0.012658227762806715,1.0,0.0,2.0,-0.012658227762806715,-0.013258227762806715,-0.013658227762806716,-0.014658227762806715,information_consistency__csz,fold_2025,2025
2025-11-10,30,6,6,0.0006503900817482,-0.0036894032398620837,0.0021698966608051417,1.0,0.0,2.0,0.0021698966608051417,0.0015698966608051418,0.0011698966608051416,0.00016989666080514162,information_consistency__csz,fold_2025,2025
2025-11-17,30,6,6,-0.011271133036961483,0.0024744943813386666,-0.006872813709150075,1.0,0.0,2.0,-0.006872813709150075,-0.007472813709150075,-0.007872813709150075,-0.008872813709150076,information_consistency__csz,fold_2025,2025
2025-11-24,30,6,6,0.011111906953659751,0.035678671547341646,-0.012283382296840947,1.0,0.0,2.0,-0.012283382296840947,-0.012883382296840946,-0.013283382296840947,-0.014283382296840947,information_consistency__csz,fold_2025,2025
2025-12-01,30,6,6,0.0034352980418647164,0.008966591715432168,-0.0027656468367837257,1.0,0.0,2.0,-0.0027656468367837257,-0.0033656468367837256,-0.0037656468367837257,-0.004765646836783726,information_consistency__csz,fold_2025,2025
2025-12-08,30,6,6,-0.005621949149532117,0.017347004345300367,-0.011484476747416242,1.0,0.0,2.0,-0.011484476747416242,-0.012084476747416242,-0.012484476747416241,-0.013484476747416242,information_consistency__csz,fold_2025,2025
2025-12-15,30,6,6,0.00045389034129310004,0.02737968380595365,-0.013462896732330275,1.0,0.0,2.0,-0.013462896732330275,-0.014062896732330275,-0.014462896732330276,-0.015462896732330275,information_consistency__csz,fold_2025,2025
2025-12-22,30,6,6,0.011359508844284417,0.035371596632999415,-0.012006043894357499,1.0,0.0,2.0,-0.012006043894357499,-0.012606043894357499,-0.0130060438943575,-0.014006043894357499,information_consistency__csz,fold_2025,2025
2025-01-02,30,6,6,-0.005697011820340551,0.0010801419661304,-0.0033885768932354755,1.0,0.0,2.0,-0.0033885768932354755,-0.003988576893235476,-0.004388576893235475,-0.005388576893235476,information_consistency__missing,fold_2025,2025
2025-01-09,30,6,6,0.03347700192639188,0.022890309891389016,0.005293346017501432,1.0,0.0,2.0,0.005293346017501432,0.004693346017501432,0.004293346017501432,0.0032933460175014317,information_consistency__missing,fold_2025,2025
2025-01-16,30,6,6,-0.01734638303142625,-0.005101246293530134,-0.006122568368948058,1.0,0.0,2.0,-0.006122568368948058,-0.006722568368948058,-0.007122568368948058,-0.008122568368948058,information_consistency__missing,fold_2025,2025
2025-01-23,30,6,6,0.01862334346203515,0.020358600920792985,-0.0008676287293789171,1.0,0.0,2.0,-0.0008676287293789171,-0.001467628729378917,-0.0018676287293789172,-0.002867628729378917,information_consistency__missing,fold_2025,2025
2025-02-07,30,6,6,-0.008434052052743633,0.01427797256244665,-0.011356012307595142,1.0,0.0,2.0,-0.011356012307595142,-0.011956012307595142,-0.012356012307595143,-0.013356012307595143,information_consistency__missing,fold_2025,2025
2025-02-14,30,6,6,0.005819928191155899,-0.00618313518388285,0.006001531687519374,1.0,0.0,2.0,0.006001531687519374,0.005401531687519374,0.005001531687519374,0.004001531687519374,information_consistency__missing,fold_2025,2025
2025-02-21,30,6,6,-0.01542077327094068,-0.023266727082424363,0.003922976905741842,1.0,0.0,2.0,0.003922976905741842,0.003322976905741842,0.0029229769057418416,0.0019229769057418416,information_consistency__missing,fold_2025,2025
2025-02-28,30,6,6,-0.013018178042958952,0.0008715357912377162,-0.006944856917098334,1.0,0.0,2.0,-0.006944856917098334,-0.007544856917098334,-0.007944856917098335,-0.008944856917098334,information_consistency__missing,fold_2025,2025
2025-03-07,30,6,6,0.0016064890901724164,0.0059987124568555835,-0.0021961116833415836,1.0,0.0,2.0,-0.0021961116833415836,-0.0027961116833415834,-0.0031961116833415836,-0.004196111683341584,information_consistency__missing,fold_2025,2025
2025-03-14,30,6,6,0.002129855617867733,0.00014490316040876675,0.0009924762287294832,1.0,0.0,2.0,0.0009924762287294832,0.00039247622872948327,-7.523771270516802e-06,-0.0010075237712705168,information_consistency__missing,fold_2025,2025
2025-03-21,30,6,6,0.006999095311239899,0.011610827187794666,-0.0023058659382773836,1.0,0.0,2.0,-0.0023058659382773836,-0.0029058659382773834,-0.0033058659382773836,-0.004305865938277384,information_consistency__missing,fold_2025,2025
2025-03-28,30,6,6,-0.05178653573115883,-0.0607926265980896,0.004503045433465386,1.0,0.0,2.0,0.004503045433465386,0.003903045433465386,0.0035030454334653858,0.0025030454334653857,information_consistency__missing,fold_2025,2025
2025-04-07,30,6,6,-0.00041319109867696675,0.011898653647037133,-0.006155922372857049,1.0,0.0,2.0,-0.006155922372857049,-0.006755922372857049,-0.007155922372857049,-0.00815592237285705,information_consistency__missing,fold_2025,2025
2025-04-14,30,6,6,0.0005168816161656162,0.004834571666816033,-0.0021588450253252085,1.0,0.0,2.0,-0.0021588450253252085,-0.0027588450253252083,-0.0031588450253252085,-0.0041588450253252085,information_consistency__missing,fold_2025,2025
2025-04-21,30,6,6,0.004669681219876716,0.009801090820783634,-0.002565704800453459,1.0,0.0,2.0,-0.002565704800453459,-0.003165704800453459,-0.003565704800453459,-0.004565704800453459,information_consistency__missing,fold_2025,2025
2025-04-28,30,6,6,-0.019749569182245068,-0.01565978699670575,-0.0020448910927696583,1.0,0.0,2.0,-0.0020448910927696583,-0.002644891092769658,-0.0030448910927696584,-0.004044891092769658,information_consistency__missing,fold_2025,2025
2025-05-08,30,6,6,0.018868496700092097,0.008746871558629533,0.005060812570731282,1.0,0.0,2.0,0.005060812570731282,0.004460812570731282,0.004060812570731282,0.003060812570731282,information_consistency__missing,fold_2025,2025
2025-05-15,30,6,6,-0.0170960743762764,0.008315957006035801,-0.012706015691156102,1.0,0.0,2.0,-0.012706015691156102,-0.013306015691156102,-0.013706015691156103,-0.014706015691156102,information_consistency__missing,fold_2025,2025
2025-05-22,30,6,6,-0.013368702045991299,0.000288202358256333,-0.006828452202123816,1.0,0.0,2.0,-0.006828452202123816,-0.007428452202123816,-0.007828452202123817,-0.008828452202123816,information_consistency__missing,fold_2025,2025
2025-05-29,30,6,6,-0.002707894218189633,-0.0011946392239703335,-0.0007566274971096498,1.0,0.0,2.0,-0.0007566274971096498,-0.0013566274971096499,-0.0017566274971096499,-0.0027566274971096497,information_consistency__missing,fold_2025,2025
2025-06-06,30,6,6,0.03444633532805569,0.02959996304426682,0.0024231861418944345,1.0,0.0,2.0,0.0024231861418944345,0.0018231861418944346,0.0014231861418944345,0.00042318614189443444,information_consistency__missing,fold_2025,2025
2025-06-13,30,6,6,0.029598957046110447,0.007793609468405683,0.010902673788852383,1.0,0.0,2.0,0.010902673788852383,0.010302673788852383,0.009902673788852383,0.008902673788852383,information_consistency__missing,fold_2025,2025
2025-06-20,30,6,6,-0.02213642552399778,-0.019931284505092517,-0.0011025705094526318,1.0,0.0,2.0,-0.0011025705094526318,-0.0017025705094526316,-0.0021025705094526318,-0.003102570509452632,information_consistency__missing,fold_2025,2025
2025-06-27,30,6,6,-0.005947233897729367,0.0017511970089943499,-0.0038492154533618585,1.0,0.0,2.0,-0.0038492154533618585,-0.004449215453361859,-0.004849215453361859,-0.005849215453361858,information_consistency__missing,fold_2025,2025
2025-07-04,30,6,6,0.012301035630775267,-0.004286158288759217,0.008293596959767242,1.0,0.0,2.0,0.008293596959767242,0.007693596959767242,0.007293596959767242,0.006293596959767242,information_consistency__missing,fold_2025,2025
2025-07-11,30,6,6,0.016320366531274,0.005557247795134533,0.005381559368069734,1.0,0.0,2.0,0.005381559368069734,0.004781559368069734,0.004381559368069734,0.0033815593680697337,information_consistency__missing,fold_2025,2025
2025-07-18,30,6,6,0.026199109620428446,0.002185197368479567,0.01200695612597444,1.0,0.0,2.0,0.01200695612597444,0.01140695612597444,0.011006956125974441,0.01000695612597444,information_consistency__missing,fold_2025,2025
2025-07-25,30,6,6,-0.019351561394610937,-0.005277283965430334,-0.007037138714590302,1.0,0.0,2.0,-0.007037138714590302,-0.007637138714590302,-0.008037138714590303,-0.009037138714590302,information_consistency__missing,fold_2025,2025
2025-08-01,30,6,6,-0.008213075106535865,-0.007580149422193784,-0.0003164628421710408,1.0,0.0,2.0,-0.0003164628421710408,-0.0009164628421710407,-0.0013164628421710408,-0.002316462842171041,information_consistency__missing,fold_2025,2025
2025-08-08,30,6,6,0.00035633496059998365,-0.008870027854259168,0.004613181407429575,1.0,0.0,2.0,0.004613181407429575,0.0040131814074295755,0.0036131814074295754,0.0026131814074295753,information_consistency__missing,fold_2025,2025
2025-08-15,30,6,6,-0.002544147499929533,0.0020351870789493166,-0.002289667289439425,1.0,0.0,2.0,-0.002289667289439425,-0.002889667289439425,-0.003289667289439425,-0.004289667289439425,information_consistency__missing,fold_2025,2025
2025-08-22,30,6,6,-0.018604183789824997,0.012329273178235881,-0.01546672848403044,1.0,0.0,2.0,-0.01546672848403044,-0.01606672848403044,-0.01646672848403044,-0.01746672848403044,information_consistency__missing,fold_2025,2025
2025-08-29,30,6,6,-0.007748885450319334,0.0011756122028450174,-0.004462248826582176,1.0,0.0,2.0,-0.004462248826582176,-0.005062248826582176,-0.005462248826582176,-0.006462248826582176,information_consistency__missing,fold_2025,2025
2025-09-05,30,6,6,0.0033148312841010177,0.009174869119874399,-0.0029300189178866906,1.0,0.0,2.0,-0.0029300189178866906,-0.0035300189178866905,-0.003930018917886691,-0.004930018917886691,information_consistency__missing,fold_2025,2025
2025-09-12,30,6,6,0.0032408233609956504,-0.007569412987936466,0.005405118174466058,1.0,0.0,2.0,0.005405118174466058,0.0048051181744660585,0.004405118174466058,0.0034051181744660583,information_consistency__missing,fold_2025,2025
2025-09-19,30,6,6,-0.005253490020137651,0.019063156824438248,-0.01215832342228795,1.0,0.0,2.0,-0.01215832342228795,-0.01275832342228795,-0.01315832342228795,-0.01415832342228795,information_consistency__missing,fold_2025,2025
2025-09-26,30,6,6,-0.030624574333025678,0.0052985165454817315,-0.017961545439253705,1.0,0.0,2.0,-0.017961545439253705,-0.018561545439253705,-0.018961545439253706,-0.019961545439253707,information_consistency__missing,fold_2025,2025
2025-10-13,30,6,6,-0.009049821554156418,-0.013047185351136968,0.001998681898490275,1.0,0.0,2.0,0.001998681898490275,0.001398681898490275,0.0009986818984902748,-1.3181015097252571e-06,information_consistency__missing,fold_2025,2025
2025-10-20,30,6,6,0.024602290595632983,0.03715237495727228,-0.006275042180819647,1.0,0.0,2.0,-0.006275042180819647,-0.006875042180819647,-0.007275042180819647,-0.008275042180819647,information_consistency__missing,fold_2025,2025
2025-10-27,30,6,6,-0.006596913571904333,-0.006051167979061567,-0.00027287279642138323,1.0,0.0,2.0,-0.00027287279642138323,-0.0008728727964213832,-0.0012728727964213832,-0.0022728727964213833,information_consistency__missing,fold_2025,2025
2025-11-03,30,6,6,0.00473875396290235,-0.013169619259082735,0.008954186610992542,1.0,0.0,2.0,0.008954186610992542,0.008354186610992543,0.007954186610992543,0.006954186610992542,information_consistency__missing,fold_2025,2025
2025-11-10,30,6,6,0.00021755003889659986,-0.004451106872792383,0.0023343284558444916,1.0,0.0,2.0,0.0023343284558444916,0.0017343284558444918,0.0013343284558444916,0.00033432845584449155,information_consistency__missing,fold_2025,2025
2025-11-17,30,6,6,-0.01904734855250675,-0.006984650901492533,-0.0060313488255071095,1.0,0.0,2.0,-0.0060313488255071095,-0.006631348825507109,-0.0070313488255071095,-0.00803134882550711,information_consistency__missing,fold_2025,2025
2025-11-24,30,6,6,0.008908036345945352,0.010192863262563284,-0.000642413458308966,1.0,0.0,2.0,-0.000642413458308966,-0.0012424134583089658,-0.001642413458308966,-0.002642413458308966,information_consistency__missing,fold_2025,2025
2025-12-01,30,6,6,-0.011694554546885763,0.01779557006164678,-0.014745062304266272,1.0,0.0,2.0,-0.014745062304266272,-0.015345062304266271,-0.015745062304266273,-0.01674506230426627,information_consistency__missing,fold_2025,2025
2025-12-08,30,6,6,-0.011080364565625231,-0.0006400528527293997,-0.005220155856447916,1.0,0.0,2.0,-0.005220155856447916,-0.005820155856447916,-0.006220155856447916,-0.007220155856447916,information_consistency__missing,fold_2025,2025
2025-12-15,30,6,6,0.013895134393222533,0.0129677925532989,0.00046367091996181616,1.0,0.0,2.0,0.00046367091996181616,-0.0001363290800381838,-0.0005363290800381839,-0.0015363290800381839,information_consistency__missing,fold_2025,2025
2025-12-22,30,6,6,0.013694749920318,0.00683832274795385,0.003428213586182075,1.0,0.0,2.0,0.003428213586182075,0.002828213586182075,0.002428213586182075,0.001428213586182075,information_consistency__missing,fold_2025,2025
2025-01-02,30,6,6,0.002469145903998217,0.007017788146355983,-0.002274321121178883,1.0,0.0,2.0,-0.002274321121178883,-0.002874321121178883,-0.003274321121178883,-0.004274321121178883,information_divergence__csz,fold_2025,2025
2025-01-09,30,6,6,0.020161808820211985,0.022456729677723917,-0.001147460428755966,1.0,0.0,2.0,-0.001147460428755966,-0.0017474604287559658,-0.002147460428755966,-0.003147460428755966,information_divergence__csz,fold_2025,2025
2025-01-16,30,6,6,-0.009060878322222283,-0.006967396778175417,-0.001046740772023433,1.0,0.0,2.0,-0.001046740772023433,-0.0016467407720234329,-0.002046740772023433,-0.003046740772023433,information_divergence__csz,fold_2025,2025
2025-01-23,30,6,6,0.026239286506994416,0.022126281995412934,0.002056502255790741,1.0,0.0,2.0,0.002056502255790741,0.0014565022557907412,0.001056502255790741,5.650225579074096e-05,information_divergence__csz,fold_2025,2025
2025-02-07,30,6,6,0.0034085965360055336,0.010475461732987815,-0.0035334325984911407,1.0,0.0,2.0,-0.0035334325984911407,-0.004133432598491141,-0.004533432598491141,-0.005533432598491141,information_divergence__csz,fold_2025,2025
2025-02-14,30,6,6,-0.0032473560398288167,-0.004559366600314267,0.0006560052802427249,1.0,0.0,2.0,0.0006560052802427249,5.6005280242725e-05,-0.0003439947197572751,-0.001343994719757275,information_divergence__csz,fold_2025,2025
2025-02-21,30,6,6,-0.015352398555938085,-0.020267954765358198,0.0024577781047100565,1.0,0.0,2.0,0.0024577781047100565,0.0018577781047100566,0.0014577781047100564,0.00045777810471005643,information_divergence__csz,fold_2025,2025
2025-02-28,30,6,6,-0.0028007436931721686,0.0080073525952117,-0.005404048144191934,1.0,0.0,2.0,-0.005404048144191934,-0.006004048144191934,-0.006404048144191934,-0.007404048144191934,information_divergence__csz,fold_2025,2025
2025-03-07,30,6,6,-0.0012008178012260504,0.028331068578093907,-0.014765943189659979,1.0,0.0,2.0,-0.014765943189659979,-0.015365943189659979,-0.01576594318965998,-0.01676594318965998,information_divergence__csz,fold_2025,2025
2025-03-14,30,6,6,-0.005920750399202884,-0.007280720290234116,0.0006799849455156161,1.0,0.0,2.0,0.0006799849455156161,7.998494551561617e-05,-0.0003200150544843839,-0.001320015054484384,information_divergence__csz,fold_2025,2025
2025-03-21,30,6,6,0.0112132667537611,0.00895465226567465,0.0011293072440432253,1.0,0.0,2.0,0.0011293072440432253,0.0005293072440432253,0.00012930724404322524,-0.0008706927559567748,information_divergence__csz,fold_2025,2025
2025-03-28,30,6,6,-0.05632068496461607,-0.051171526522679374,-0.0025745792209683482,1.0,0.0,2.0,-0.0025745792209683482,-0.003174579220968348,-0.0035745792209683483,-0.004574579220968348,information_divergence__csz,fold_2025,2025
2025-04-07,30,6,6,0.0075085973134401485,0.025287724455253718,-0.008889563570906785,1.0,0.0,2.0,-0.008889563570906785,-0.009489563570906785,-0.009889563570906784,-0.010889563570906785,information_divergence__csz,fold_2025,2025
2025-04-14,30,6,6,-0.0019715811311252006,0.009151848995600016,-0.005561715063362609,1.0,0.0,2.0,-0.005561715063362609,-0.0061617150633626085,-0.006561715063362609,-0.007561715063362609,information_divergence__csz,fold_2025,2025
2025-04-21,30,6,6,0.014875739878270547,0.0013439724784021668,0.00676588369993419,1.0,0.0,2.0,0.00676588369993419,0.00616588369993419,0.00576588369993419,0.00476588369993419,information_divergence__csz,fold_2025,2025
2025-04-28,30,6,6,-0.013790057795312885,-0.0056327032690823495,-0.004078677263115268,1.0,0.0,2.0,-0.004078677263115268,-0.004678677263115267,-0.005078677263115268,-0.006078677263115268,information_divergence__csz,fold_2025,2025
2025-05-08,30,6,6,0.023789485457811968,-0.0030160865041725664,0.013402785980992267,1.0,0.0,2.0,0.013402785980992267,0.012802785980992267,0.012402785980992266,0.011402785980992267,information_divergence__csz,fold_2025,2025
2025-05-15,30,6,6,-0.0009145245060152833,0.0016482306578596334,-0.0012813775819374583,1.0,0.0,2.0,-0.0012813775819374583,-0.0018813775819374583,-0.0022813775819374585,-0.0032813775819374585,information_divergence__csz,fold_2025,2025
2025-05-22,30,6,6,-0.008444004972660698,-0.007019082426963666,-0.0007124612728485161,1.0,0.0,2.0,-0.0007124612728485161,-0.001312461272848516,-0.001712461272848516,-0.002712461272848516,information_divergence__csz,fold_2025,2025
2025-05-29,30,6,6,-0.0011408628983489502,0.0076552288634694834,-0.004398045880909217,1.0,0.0,2.0,-0.004398045880909217,-0.004998045880909217,-0.005398045880909217,-0.006398045880909217,information_divergence__csz,fold_2025,2025
2025-06-06,30,6,6,0.02994860490829662,0.00408003848591235,0.012934283211192135,1.0,0.0,2.0,0.012934283211192135,0.012334283211192135,0.011934283211192134,0.010934283211192134,information_divergence__csz,fold_2025,2025
2025-06-13,30,6,6,0.00847561265247815,0.0028796628928430498,0.0027979748798175504,1.0,0.0,2.0,0.0027979748798175504,0.0021979748798175505,0.0017979748798175503,0.0007979748798175503,information_divergence__csz,fold_2025,2025
2025-06-20,30,6,6,0.007387755647126684,-0.018640320116330916,0.0130140378817288,1.0,0.0,2.0,0.0130140378817288,0.0124140378817288,0.0120140378817288,0.0110140378817288,information_divergence__csz,fold_2025,2025
2025-06-27,30,6,6,-0.001809505618322717,-0.0016887130627202503,-6.039627780123329e-05,1.0,0.0,2.0,-6.039627780123329e-05,-0.0006603962778012332,-0.0010603962778012333,-0.0020603962778012333,information_divergence__csz,fold_2025,2025
2025-07-04,30,6,6,0.003280107564016617,-0.009374049964499283,0.00632707876425795,1.0,0.0,2.0,0.00632707876425795,0.00572707876425795,0.00532707876425795,0.00432707876425795,information_divergence__csz,fold_2025,2025
2025-07-11,30,6,6,0.004405468839174032,0.007332765786432383,-0.0014636484736291755,1.0,0.0,2.0,-0.0014636484736291755,-0.0020636484736291753,-0.0024636484736291755,-0.0034636484736291755,information_divergence__csz,fold_2025,2025
2025-07-18,30,6,6,0.028390351147135093,0.00290851601509315,0.012740917566020972,1.0,0.0,2.0,0.012740917566020972,0.012140917566020972,0.011740917566020973,0.010740917566020972,information_divergence__csz,fold_2025,2025
2025-07-25,30,6,6,-0.028142793833666482,-0.01133958871087945,-0.008401602561393516,1.0,0.0,2.0,-0.008401602561393516,-0.009001602561393516,-0.009401602561393517,-0.010401602561393516,information_divergence__csz,fold_2025,2025
2025-08-01,30,6,6,0.006186872965410868,-0.011950040235024864,0.009068456600217866,1.0,0.0,2.0,0.009068456600217866,0.008468456600217866,0.008068456600217867,0.007068456600217866,information_divergence__csz,fold_2025,2025
2025-08-08,30,6,6,-0.0028226829759343004,-0.008488500380355818,0.0028329087022107586,1.0,0.0,2.0,0.0028329087022107586,0.0022329087022107588,0.0018329087022107586,0.0008329087022107586,information_divergence__csz,fold_2025,2025
2025-08-15,30,6,6,0.0018463628514719665,-0.005317530003193484,0.003581946427332725,1.0,0.0,2.0,0.003581946427332725,0.0029819464273327253,0.002581946427332725,0.001581946427332725,information_divergence__csz,fold_2025,2025
2025-08-22,30,6,6,0.007588814073912934,0.015332909073038248,-0.003872047499562657,1.0,0.0,2.0,-0.003872047499562657,-0.004472047499562657,-0.004872047499562657,-0.005872047499562657,information_divergence__csz,fold_2025,2025
2025-08-29,30,6,6,-0.004499125958183267,0.002261162288882666,-0.0033801441235329667,1.0,0.0,2.0,-0.0033801441235329667,-0.0039801441235329665,-0.004380144123532967,-0.005380144123532967,information_divergence__csz,fold_2025,2025
2025-09-05,30,6,6,0.0030971350547448167,0.003108186736660417,-5.5258409578000725e-06,1.0,0.0,2.0,-5.5258409578000725e-06,-0.0006055258409578,-0.0010055258409578,-0.0020055258409578,information_divergence__csz,fold_2025,2025
2025-09-12,30,6,6,-0.0016983731617932329,-0.010993531298189585,0.004647579068198176,1.0,0.0,2.0,0.004647579068198176,0.004047579068198176,0.003647579068198176,0.002647579068198176,information_divergence__csz,fold_2025,2025
2025-09-19,30,6,6,0.0003185466702639664,0.012871696075347614,-0.006276574702541823,1.0,0.0,2.0,-0.006276574702541823,-0.006876574702541823,-0.007276574702541823,-0.008276574702541823,information_divergence__csz,fold_2025,2025
2025-09-26,30,6,6,-0.017939753114534385,0.02320731669487053,-0.020573534904702456,1.0,0.0,2.0,-0.020573534904702456,-0.021173534904702456,-0.021573534904702457,-0.022573534904702458,information_divergence__csz,fold_2025,2025
2025-10-13,30,6,6,-0.006295003673122366,-0.0002722918444424993,-0.0030113559143399335,1.0,0.0,2.0,-0.0030113559143399335,-0.0036113559143399333,-0.004011355914339933,-0.005011355914339934,information_divergence__csz,fold_2025,2025
2025-10-20,30,6,6,0.02267484681050545,0.009259296527503099,0.006707775141501175,1.0,0.0,2.0,0.006707775141501175,0.0061077751415011755,0.005707775141501175,0.004707775141501175,information_divergence__csz,fold_2025,2025
2025-10-27,30,6,6,-0.008578716817741083,0.004088386884626267,-0.006333551851183675,1.0,0.0,2.0,-0.006333551851183675,-0.006933551851183675,-0.007333551851183675,-0.008333551851183675,information_divergence__csz,fold_2025,2025
2025-11-03,30,6,6,-0.014065796495408131,0.008255880528427835,-0.011160838511917983,1.0,0.0,2.0,-0.011160838511917983,-0.011760838511917983,-0.012160838511917984,-0.013160838511917983,information_divergence__csz,fold_2025,2025
2025-11-10,30,6,6,-0.0032054636710180163,-0.0001832068070000501,-0.001511128432008983,1.0,0.0,2.0,-0.001511128432008983,-0.002111128432008983,-0.002511128432008983,-0.003511128432008983,information_divergence__csz,fold_2025,2025
2025-11-17,30,6,6,-0.012636752313717817,0.004743665483125884,-0.00869020889842185,1.0,0.0,2.0,-0.00869020889842185,-0.00929020889842185,-0.00969020889842185,-0.01069020889842185,information_divergence__csz,fold_2025,2025
2025-11-24,30,6,6,0.0014198128835471834,0.036428294075532164,-0.01750424059599249,1.0,0.0,2.0,-0.01750424059599249,-0.01810424059599249,-0.01850424059599249,-0.01950424059599249,information_divergence__csz,fold_2025,2025
2025-12-01,30,6,6,-0.008507756347781883,0.02473084554581451,-0.016619300946798195,1.0,0.0,2.0,-0.016619300946798195,-0.017219300946798195,-0.017619300946798196,-0.018619300946798194,information_divergence__csz,fold_2025,2025
2025-12-08,30,6,6,-0.013199541812243249,0.02226134948937918,-0.017730445650811215,1.0,0.0,2.0,-0.017730445650811215,-0.018330445650811215,-0.018730445650811216,-0.019730445650811217,information_divergence__csz,fold_2025,2025
2025-12-15,30,6,6,0.02169815022041392,0.017522933596119502,0.0020876083121472086,1.0,0.0,2.0,0.0020876083121472086,0.0014876083121472088,0.0010876083121472086,8.760831214720856e-05,information_divergence__csz,fold_2025,2025
2025-12-22,30,6,6,0.01439761263755905,0.0287928734158287,-0.007197630389134826,1.0,0.0,2.0,-0.007197630389134826,-0.007797630389134826,-0.008197630389134826,-0.009197630389134827,information_divergence__csz,fold_2025,2025
2025-01-02,30,6,6,-0.005697011820340551,0.0010801419661304,-0.0033885768932354755,1.0,0.0,2.0,-0.0033885768932354755,-0.003988576893235476,-0.004388576893235475,-0.005388576893235476,information_divergence__missing,fold_2025,2025
2025-01-09,30,6,6,0.03347700192639188,0.022890309891389016,0.005293346017501432,1.0,0.0,2.0,0.005293346017501432,0.004693346017501432,0.004293346017501432,0.0032933460175014317,information_divergence__missing,fold_2025,2025
2025-01-16,30,6,6,-0.01734638303142625,-0.005101246293530134,-0.006122568368948058,1.0,0.0,2.0,-0.006122568368948058,-0.006722568368948058,-0.007122568368948058,-0.008122568368948058,information_divergence__missing,fold_2025,2025
2025-01-23,30,6,6,0.01862334346203515,0.020358600920792985,-0.0008676287293789171,1.0,0.0,2.0,-0.0008676287293789171,-0.001467628729378917,-0.0018676287293789172,-0.002867628729378917,information_divergence__missing,fold_2025,2025
2025-02-07,30,6,6,-0.008434052052743633,0.01427797256244665,-0.011356012307595142,1.0,0.0,2.0,-0.011356012307595142,-0.011956012307595142,-0.012356012307595143,-0.013356012307595143,information_divergence__missing,fold_2025,2025
2025-02-14,30,6,6,0.005819928191155899,-0.00618313518388285,0.006001531687519374,1.0,0.0,2.0,0.006001531687519374,0.005401531687519374,0.005001531687519374,0.004001531687519374,information_divergence__missing,fold_2025,2025
2025-02-21,30,6,6,-0.01542077327094068,-0.023266727082424363,0.003922976905741842,1.0,0.0,2.0,0.003922976905741842,0.003322976905741842,0.0029229769057418416,0.0019229769057418416,information_divergence__missing,fold_2025,2025
2025-02-28,30,6,6,-0.013018178042958952,0.0008715357912377162,-0.006944856917098334,1.0,0.0,2.0,-0.006944856917098334,-0.007544856917098334,-0.007944856917098335,-0.008944856917098334,information_divergence__missing,fold_2025,2025
2025-03-07,30,6,6,0.0016064890901724164,0.0059987124568555835,-0.0021961116833415836,1.0,0.0,2.0,-0.0021961116833415836,-0.0027961116833415834,-0.0031961116833415836,-0.004196111683341584,information_divergence__missing,fold_2025,2025
2025-03-14,30,6,6,0.002129855617867733,0.00014490316040876675,0.0009924762287294832,1.0,0.0,2.0,0.0009924762287294832,0.00039247622872948327,-7.523771270516802e-06,-0.0010075237712705168,information_divergence__missing,fold_2025,2025
2025-03-21,30,6,6,0.006999095311239899,0.011610827187794666,-0.0023058659382773836,1.0,0.0,2.0,-0.0023058659382773836,-0.0029058659382773834,-0.0033058659382773836,-0.004305865938277384,information_divergence__missing,fold_2025,2025
2025-03-28,30,6,6,-0.05178653573115883,-0.0607926265980896,0.004503045433465386,1.0,0.0,2.0,0.004503045433465386,0.003903045433465386,0.0035030454334653858,0.0025030454334653857,information_divergence__missing,fold_2025,2025
2025-04-07,30,6,6,-0.00041319109867696675,0.011898653647037133,-0.006155922372857049,1.0,0.0,2.0,-0.006155922372857049,-0.006755922372857049,-0.007155922372857049,-0.00815592237285705,information_divergence__missing,fold_2025,2025
2025-04-14,30,6,6,0.0005168816161656162,0.004834571666816033,-0.0021588450253252085,1.0,0.0,2.0,-0.0021588450253252085,-0.0027588450253252083,-0.0031588450253252085,-0.0041588450253252085,information_divergence__missing,fold_2025,2025
2025-04-21,30,6,6,0.004669681219876716,0.009801090820783634,-0.002565704800453459,1.0,0.0,2.0,-0.002565704800453459,-0.003165704800453459,-0.003565704800453459,-0.004565704800453459,information_divergence__missing,fold_2025,2025
2025-04-28,30,6,6,-0.019749569182245068,-0.01565978699670575,-0.0020448910927696583,1.0,0.0,2.0,-0.0020448910927696583,-0.002644891092769658,-0.0030448910927696584,-0.004044891092769658,information_divergence__missing,fold_2025,2025
2025-05-08,30,6,6,0.018868496700092097,0.008746871558629533,0.005060812570731282,1.0,0.0,2.0,0.005060812570731282,0.004460812570731282,0.004060812570731282,0.003060812570731282,information_divergence__missing,fold_2025,2025
2025-05-15,30,6,6,-0.0170960743762764,0.008315957006035801,-0.012706015691156102,1.0,0.0,2.0,-0.012706015691156102,-0.013306015691156102,-0.013706015691156103,-0.014706015691156102,information_divergence__missing,fold_2025,2025
2025-05-22,30,6,6,-0.013368702045991299,0.000288202358256333,-0.006828452202123816,1.0,0.0,2.0,-0.006828452202123816,-0.007428452202123816,-0.007828452202123817,-0.008828452202123816,information_divergence__missing,fold_2025,2025
2025-05-29,30,6,6,-0.002707894218189633,-0.0011946392239703335,-0.0007566274971096498,1.0,0.0,2.0,-0.0007566274971096498,-0.0013566274971096499,-0.0017566274971096499,-0.0027566274971096497,information_divergence__missing,fold_2025,2025
2025-06-06,30,6,6,0.03444633532805569,0.02959996304426682,0.0024231861418944345,1.0,0.0,2.0,0.0024231861418944345,0.0018231861418944346,0.0014231861418944345,0.00042318614189443444,information_divergence__missing,fold_2025,2025
2025-06-13,30,6,6,0.029598957046110447,0.007793609468405683,0.010902673788852383,1.0,0.0,2.0,0.010902673788852383,0.010302673788852383,0.009902673788852383,0.008902673788852383,information_divergence__missing,fold_2025,2025
2025-06-20,30,6,6,-0.02213642552399778,-0.019931284505092517,-0.0011025705094526318,1.0,0.0,2.0,-0.0011025705094526318,-0.0017025705094526316,-0.0021025705094526318,-0.003102570509452632,information_divergence__missing,fold_2025,2025
2025-06-27,30,6,6,-0.005947233897729367,0.0017511970089943499,-0.0038492154533618585,1.0,0.0,2.0,-0.0038492154533618585,-0.004449215453361859,-0.004849215453361859,-0.005849215453361858,information_divergence__missing,fold_2025,2025
2025-07-04,30,6,6,0.012301035630775267,-0.004286158288759217,0.008293596959767242,1.0,0.0,2.0,0.008293596959767242,0.007693596959767242,0.007293596959767242,0.006293596959767242,information_divergence__missing,fold_2025,2025
2025-07-11,30,6,6,0.016320366531274,0.005557247795134533,0.005381559368069734,1.0,0.0,2.0,0.005381559368069734,0.004781559368069734,0.004381559368069734,0.0033815593680697337,information_divergence__missing,fold_2025,2025
2025-07-18,30,6,6,0.026199109620428446,0.002185197368479567,0.01200695612597444,1.0,0.0,2.0,0.01200695612597444,0.01140695612597444,0.011006956125974441,0.01000695612597444,information_divergence__missing,fold_2025,2025
2025-07-25,30,6,6,-0.019351561394610937,-0.005277283965430334,-0.007037138714590302,1.0,0.0,2.0,-0.007037138714590302,-0.007637138714590302,-0.008037138714590303,-0.009037138714590302,information_divergence__missing,fold_2025,2025
2025-08-01,30,6,6,-0.008213075106535865,-0.007580149422193784,-0.0003164628421710408,1.0,0.0,2.0,-0.0003164628421710408,-0.0009164628421710407,-0.0013164628421710408,-0.002316462842171041,information_divergence__missing,fold_2025,2025
2025-08-08,30,6,6,0.00035633496059998365,-0.008870027854259168,0.004613181407429575,1.0,0.0,2.0,0.004613181407429575,0.0040131814074295755,0.0036131814074295754,0.0026131814074295753,information_divergence__missing,fold_2025,2025
2025-08-15,30,6,6,-0.002544147499929533,0.0020351870789493166,-0.002289667289439425,1.0,0.0,2.0,-0.002289667289439425,-0.002889667289439425,-0.003289667289439425,-0.004289667289439425,information_divergence__missing,fold_2025,2025
2025-08-22,30,6,6,-0.018604183789824997,0.012329273178235881,-0.01546672848403044,1.0,0.0,2.0,-0.01546672848403044,-0.01606672848403044,-0.01646672848403044,-0.01746672848403044,information_divergence__missing,fold_2025,2025
2025-08-29,30,6,6,-0.007748885450319334,0.0011756122028450174,-0.004462248826582176,1.0,0.0,2.0,-0.004462248826582176,-0.005062248826582176,-0.005462248826582176,-0.006462248826582176,information_divergence__missing,fold_2025,2025
2025-09-05,30,6,6,0.0033148312841010177,0.009174869119874399,-0.0029300189178866906,1.0,0.0,2.0,-0.0029300189178866906,-0.0035300189178866905,-0.003930018917886691,-0.004930018917886691,information_divergence__missing,fold_2025,2025
2025-09-12,30,6,6,0.0032408233609956504,-0.007569412987936466,0.005405118174466058,1.0,0.0,2.0,0.005405118174466058,0.0048051181744660585,0.004405118174466058,0.0034051181744660583,information_divergence__missing,fold_2025,2025
2025-09-19,30,6,6,-0.005253490020137651,0.019063156824438248,-0.01215832342228795,1.0,0.0,2.0,-0.01215832342228795,-0.01275832342228795,-0.01315832342228795,-0.01415832342228795,information_divergence__missing,fold_2025,2025
2025-09-26,30,6,6,-0.030624574333025678,0.0052985165454817315,-0.017961545439253705,1.0,0.0,2.0,-0.017961545439253705,-0.018561545439253705,-0.018961545439253706,-0.019961545439253707,information_divergence__missing,fold_2025,2025
2025-10-13,30,6,6,-0.009049821554156418,-0.013047185351136968,0.001998681898490275,1.0,0.0,2.0,0.001998681898490275,0.001398681898490275,0.0009986818984902748,-1.3181015097252571e-06,information_divergence__missing,fold_2025,2025
2025-10-20,30,6,6,0.024602290595632983,0.03715237495727228,-0.006275042180819647,1.0,0.0,2.0,-0.006275042180819647,-0.006875042180819647,-0.007275042180819647,-0.008275042180819647,information_divergence__missing,fold_2025,2025
2025-10-27,30,6,6,-0.006596913571904333,-0.006051167979061567,-0.00027287279642138323,1.0,0.0,2.0,-0.00027287279642138323,-0.0008728727964213832,-0.0012728727964213832,-0.0022728727964213833,information_divergence__missing,fold_2025,2025
2025-11-03,30,6,6,0.00473875396290235,-0.013169619259082735,0.008954186610992542,1.0,0.0,2.0,0.008954186610992542,0.008354186610992543,0.007954186610992543,0.006954186610992542,information_divergence__missing,fold_2025,2025
2025-11-10,30,6,6,0.00021755003889659986,-0.004451106872792383,0.0023343284558444916,1.0,0.0,2.0,0.0023343284558444916,0.0017343284558444918,0.0013343284558444916,0.00033432845584449155,information_divergence__missing,fold_2025,2025
2025-11-17,30,6,6,-0.01904734855250675,-0.006984650901492533,-0.0060313488255071095,1.0,0.0,2.0,-0.0060313488255071095,-0.006631348825507109,-0.0070313488255071095,-0.00803134882550711,information_divergence__missing,fold_2025,2025
2025-11-24,30,6,6,0.008908036345945352,0.010192863262563284,-0.000642413458308966,1.0,0.0,2.0,-0.000642413458308966,-0.0012424134583089658,-0.001642413458308966,-0.002642413458308966,information_divergence__missing,fold_2025,2025
2025-12-01,30,6,6,-0.011694554546885763,0.01779557006164678,-0.014745062304266272,1.0,0.0,2.0,-0.014745062304266272,-0.015345062304266271,-0.015745062304266273,-0.01674506230426627,information_divergence__missing,fold_2025,2025
2025-12-08,30,6,6,-0.011080364565625231,-0.0006400528527293997,-0.005220155856447916,1.0,0.0,2.0,-0.005220155856447916,-0.005820155856447916,-0.006220155856447916,-0.007220155856447916,information_divergence__missing,fold_2025,2025
2025-12-15,30,6,6,0.013895134393222533,0.0129677925532989,0.00046367091996181616,1.0,0.0,2.0,0.00046367091996181616,-0.0001363290800381838,-0.0005363290800381839,-0.0015363290800381839,information_divergence__missing,fold_2025,2025
2025-12-22,30,6,6,0.013694749920318,0.00683832274795385,0.003428213586182075,1.0,0.0,2.0,0.003428213586182075,0.002828213586182075,0.002428213586182075,0.001428213586182075,information_divergence__missing,fold_2025,2025
2025-01-02,30,6,6,-0.03085014165809337,-0.004560453696031182,-0.013144843981031093,1.0,0.0,2.0,-0.013144843981031093,-0.013744843981031093,-0.014144843981031094,-0.015144843981031093,warehouse_surprise__csz,fold_2025,2025
2025-01-09,30,6,6,0.0075193492482068325,0.024148913921407684,-0.008314782336600426,1.0,0.0,2.0,-0.008314782336600426,-0.008914782336600426,-0.009314782336600425,-0.010314782336600426,warehouse_surprise__csz,fold_2025,2025
2025-01-16,30,6,6,-0.008873773747721117,-0.010632460403682466,0.0008793433279806742,1.0,0.0,2.0,0.0008793433279806742,0.00027934332798067423,-0.00012065667201932584,-0.0011206566720193259,warehouse_surprise__csz,fold_2025,2025
2025-01-23,30,6,6,0.011616885574736419,0.012433731640685767,-0.000408423032974674,1.0,0.0,2.0,-0.000408423032974674,-0.0010084230329746738,-0.001408423032974674,-0.002408423032974674,warehouse_surprise__csz,fold_2025,2025
2025-02-07,30,6,6,-0.007353197529719167,0.006414317127768534,-0.006883757328743851,1.0,0.0,2.0,-0.006883757328743851,-0.0074837573287438505,-0.00788375732874385,-0.00888375732874385,warehouse_surprise__csz,fold_2025,2025
2025-02-14,30,6,6,0.022549108271300147,0.0032415995146164484,0.00965375437834185,1.0,0.0,2.0,0.00965375437834185,0.00905375437834185,0.00865375437834185,0.00765375437834185,warehouse_surprise__csz,fold_2025,2025
2025-02-21,30,6,6,-0.014242063057915267,-0.010292406972689518,-0.0019748280426128747,1.0,0.0,2.0,-0.0019748280426128747,-0.0025748280426128745,-0.0029748280426128747,-0.003974828042612875,warehouse_surprise__csz,fold_2025,2025
2025-02-28,30,6,6,-0.004960029462210983,9.96885800542494e-05,-0.0025298590211326162,1.0,0.0,2.0,-0.0025298590211326162,-0.003129859021132616,-0.0035298590211326163,-0.004529859021132616,warehouse_surprise__csz,fold_2025,2025
2025-03-07,30,6,6,0.00994528124230075,0.037129890257605803,-0.013592304507652527,1.0,0.0,2.0,-0.013592304507652527,-0.014192304507652527,-0.014592304507652528,-0.015592304507652527,warehouse_surprise__csz,fold_2025,2025
2025-03-14,30,6,6,-0.020530147443164483,-0.011929035005037466,-0.004300556219063508,1.0,0.0,2.0,-0.004300556219063508,-0.004900556219063508,-0.005300556219063508,-0.006300556219063508,warehouse_surprise__csz,fold_2025,2025
2025-03-21,30,6,6,0.009529647879385001,0.00956486616033575,-1.7609140475374416e-05,1.0,0.0,2.0,-1.7609140475374416e-05,-0.0006176091404753744,-0.0010176091404753744,-0.0020176091404753745,warehouse_surprise__csz,fold_2025,2025
2025-03-28,30,6,6,-0.03696113324954568,-0.040165020861864596,0.0016019438061594567,1.0,0.0,2.0,0.0016019438061594567,0.0010019438061594568,0.0006019438061594566,-0.0003980561938405434,warehouse_surprise__csz,fold_2025,2025
2025-04-07,30,6,6,0.007176567477478517,-0.008513755304349035,0.007845161390913777,1.0,0.0,2.0,0.007845161390913777,0.007245161390913777,0.006845161390913777,0.005845161390913777,warehouse_surprise__csz,fold_2025,2025
2025-04-14,30,6,6,0.0017104160556699495,0.004411292190045916,-0.0013504380671879833,1.0,0.0,2.0,-0.0013504380671879833,-0.0019504380671879831,-0.0023504380671879833,-0.0033504380671879833,warehouse_surprise__csz,fold_2025,2025
2025-04-21,30,6,6,0.00746555817608945,0.005211891478453367,0.0011268333488180416,1.0,0.0,2.0,0.0011268333488180416,0.0005268333488180416,0.00012683334881804153,-0.0008731666511819585,warehouse_surprise__csz,fold_2025,2025
2025-04-28,30,6,6,-0.010229148584562567,-0.012484318377143732,0.0011275848962905826,1.0,0.0,2.0,0.0011275848962905826,0.0005275848962905827,0.00012758489629058258,-0.0008724151037094174,warehouse_surprise__csz,fold_2025,2025
2025-05-08,30,6,6,0.021122791384002314,-0.0014899921810556163,0.011306391782528966,1.0,0.0,2.0,0.011306391782528966,0.010706391782528966,0.010306391782528967,0.009306391782528966,warehouse_surprise__csz,fold_2025,2025
2025-05-15,30,6,6,-0.0028842145887704503,-0.009467936125383016,0.003291860768306283,1.0,0.0,2.0,0.003291860768306283,0.002691860768306283,0.002291860768306283,0.0012918607683062829,warehouse_surprise__csz,fold_2025,2025
2025-05-22,30,6,6,-0.008075759894620916,0.0010695870669059496,-0.004572673480763433,1.0,0.0,2.0,-0.004572673480763433,-0.0051726734807634326,-0.005572673480763433,-0.006572673480763433,warehouse_surprise__csz,fold_2025,2025
2025-05-29,30,6,6,-0.0014143514148779335,-0.0009545340953678668,-0.0002299086597550334,1.0,0.0,2.0,-0.0002299086597550334,-0.0008299086597550333,-0.0012299086597550334,-0.0022299086597550337,warehouse_surprise__csz,fold_2025,2025
2025-06-06,30,6,6,0.001560878387018783,0.020413343131618734,-0.009426232372299975,1.0,0.0,2.0,-0.009426232372299975,-0.010026232372299975,-0.010426232372299976,-0.011426232372299975,warehouse_surprise__csz,fold_2025,2025
2025-06-13,30,6,6,0.005168153646197249,0.007787526875768266,-0.0013096866147855085,1.0,0.0,2.0,-0.0013096866147855085,-0.0019096866147855084,-0.0023096866147855086,-0.0033096866147855086,warehouse_surprise__csz,fold_2025,2025
2025-06-20,30,6,6,0.008176496891398818,-0.016827979345971297,0.012502238118685057,1.0,0.0,2.0,0.012502238118685057,0.011902238118685057,0.011502238118685056,0.010502238118685057,warehouse_surprise__csz,fold_2025,2025
2025-06-27,30,6,6,0.0014615093104055163,0.0052277554200574,-0.001883123054825942,1.0,0.0,2.0,-0.001883123054825942,-0.002483123054825942,-0.002883123054825942,-0.003883123054825942,warehouse_surprise__csz,fold_2025,2025
2025-07-04,30,6,6,0.013857676815215382,0.00539065465942505,0.004233511077895167,1.0,0.0,2.0,0.004233511077895167,0.0036335110778951667,0.0032335110778951666,0.0022335110778951665,warehouse_surprise__csz,fold_2025,2025
2025-07-11,30,6,6,0.009838767931223633,0.012137554832477268,-0.0011493934506268174,1.0,0.0,2.0,-0.0011493934506268174,-0.0017493934506268172,-0.0021493934506268174,-0.0031493934506268174,warehouse_surprise__csz,fold_2025,2025
2025-07-18,30,6,6,0.027280550578429753,0.026387223165410065,0.0004466637065098436,1.0,0.0,2.0,0.0004466637065098436,-0.00015333629349015634,-0.0005533362934901564,-0.0015533362934901564,warehouse_surprise__csz,fold_2025,2025
2025-07-25,30,6,6,-0.032660459410109755,-0.022152531330264253,-0.005253964039922751,1.0,0.0,2.0,-0.005253964039922751,-0.0058539640399227506,-0.006253964039922751,-0.007253964039922751,warehouse_surprise__csz,fold_2025,2025
2025-08-01,30,6,6,0.006341798138519684,-0.007811299821521934,0.007076548980020809,1.0,0.0,2.0,0.007076548980020809,0.006476548980020809,0.006076548980020809,0.005076548980020809,warehouse_surprise__csz,fold_2025,2025
2025-08-08,30,6,6,0.004727331953786717,-0.006258020824915718,0.005492676389351217,1.0,0.0,2.0,0.005492676389351217,0.004892676389351217,0.004492676389351217,0.003492676389351217,warehouse_surprise__csz,fold_2025,2025
2025-08-15,30,6,6,-0.004502840873820133,-0.012530926283286467,0.004014042704733167,1.0,0.0,2.0,0.004014042704733167,0.0034140427047331667,0.0030140427047331666,0.0020140427047331665,warehouse_surprise__csz,fold_2025,2025
2025-08-22,30,6,6,0.005820034601193233,-0.007810576874813083,0.0068153057380031575,1.0,0.0,2.0,0.0068153057380031575,0.006215305738003158,0.0058153057380031575,0.0048153057380031575,warehouse_surprise__csz,fold_2025,2025
2025-08-29,30,6,6,-0.004935610330923335,0.0013498597499035172,-0.003142735040413426,1.0,0.0,2.0,-0.003142735040413426,-0.0037427350404134257,-0.004142735040413426,-0.005142735040413426,warehouse_surprise__csz,fold_2025,2025
2025-09-05,30,6,6,-0.0011872953715515667,-0.00210173536318865,0.0004572199958185417,1.0,0.0,2.0,0.0004572199958185417,-0.00014278000418145825,-0.0005427800041814583,-0.0015427800041814582,warehouse_surprise__csz,fold_2025,2025
2025-09-12,30,6,6,-0.005145308619764717,0.012889953404070167,-0.009017631011917443,1.0,0.0,2.0,-0.009017631011917443,-0.009617631011917442,-0.010017631011917442,-0.011017631011917443,warehouse_surprise__csz,fold_2025,2025
2025-09-19,30,6,6,-0.00964669727983715,0.010632538923122133,-0.01013961810147964,1.0,0.0,2.0,-0.01013961810147964,-0.01073961810147964,-0.011139618101479641,-0.01213961810147964,warehouse_surprise__csz,fold_2025,2025
2025-09-26,30,6,6,-0.024071623207315502,0.006605126792397917,-0.01533837499985671,1.0,0.0,2.0,-0.01533837499985671,-0.01593837499985671,-0.01633837499985671,-0.017338374999856708,warehouse_surprise__csz,fold_2025,2025
2025-10-13,30,6,6,-0.008153847008543734,-0.0028158253691900666,-0.0026690108196768337,1.0,0.0,2.0,-0.0026690108196768337,-0.0032690108196768335,-0.0036690108196768337,-0.004669010819676834,warehouse_surprise__csz,fold_2025,2025
2025-10-20,30,6,6,0.020249302529783016,0.024452601131098265,-0.0021016493006576244,1.0,0.0,2.0,-0.0021016493006576244,-0.002701649300657624,-0.0031016493006576244,-0.004101649300657624,warehouse_surprise__csz,fold_2025,2025
2025-10-27,30,6,6,-0.006967076507219933,-0.013521786290601816,0.0032773548916909417,1.0,0.0,2.0,0.0032773548916909417,0.002677354891690942,0.0022773548916909417,0.0012773548916909416,warehouse_surprise__csz,fold_2025,2025
2025-11-03,30,6,6,-0.0008183383037027656,0.0029024993093721327,-0.0018604188065374492,1.0,0.0,2.0,-0.0018604188065374492,-0.002460418806537449,-0.0028604188065374492,-0.0038604188065374492,warehouse_surprise__csz,fold_2025,2025
2025-11-10,30,6,6,-0.0063902825262022,-0.0016271179525906992,-0.0023815822868057503,1.0,0.0,2.0,-0.0023815822868057503,-0.00298158228680575,-0.0033815822868057503,-0.00438158228680575,warehouse_surprise__csz,fold_2025,2025
2025-11-17,30,6,6,-0.017875684395401385,-0.0068553415270773315,-0.005510171434162027,1.0,0.0,2.0,-0.005510171434162027,-0.006110171434162027,-0.006510171434162027,-0.007510171434162027,warehouse_surprise__csz,fold_2025,2025
2025-11-24,30,6,6,0.026374029485198357,0.016105654826718732,0.005134187329239813,1.0,0.0,2.0,0.005134187329239813,0.004534187329239813,0.004134187329239813,0.0031341873292398126,warehouse_surprise__csz,fold_2025,2025
2025-12-01,30,6,6,-0.007947821898622401,-0.019478623358135532,0.0057654007297565655,1.0,0.0,2.0,0.0057654007297565655,0.005165400729756566,0.0047654007297565654,0.0037654007297565654,warehouse_surprise__csz,fold_2025,2025
2025-12-08,30,6,6,-0.013687254913018448,-0.012473700785896116,-0.0006067770635611661,1.0,0.0,2.0,-0.0006067770635611661,-0.001206777063561166,-0.001606777063561166,-0.002606777063561166,warehouse_surprise__csz,fold_2025,2025
2025-12-15,30,6,6,-0.01529409128962715,0.02770787319318517,-0.02150098224140616,1.0,0.0,2.0,-0.02150098224140616,-0.02210098224140616,-0.02250098224140616,-0.023500982241406163,warehouse_surprise__csz,fold_2025,2025
2025-12-22,30,6,6,0.021900353429151337,0.0150436021780614,0.0034283756255449683,1.0,0.0,2.0,0.0034283756255449683,0.0028283756255449684,0.0024283756255449682,0.0014283756255449682,warehouse_surprise__csz,fold_2025,2025
2025-01-02,30,6,6,-0.008643717017779867,0.002678744855383467,-0.005661230936581667,1.0,0.0,2.0,-0.005661230936581667,-0.006261230936581667,-0.006661230936581667,-0.007661230936581667,warehouse_surprise__missing,fold_2025,2025
2025-01-09,30,6,6,0.0075445210942481486,0.018594971169530666,-0.005525225037641258,1.0,0.0,2.0,-0.005525225037641258,-0.006125225037641258,-0.006525225037641258,-0.007525225037641258,warehouse_surprise__missing,fold_2025,2025
2025-01-16,30,6,6,-0.010761841957401931,-0.010041264596301166,-0.0003602886805503828,1.0,0.0,2.0,-0.0003602886805503828,-0.0009602886805503828,-0.0013602886805503828,-0.002360288680550383,warehouse_surprise__missing,fold_2025,2025
2025-01-23,30,6,6,0.026902164920274117,0.022760400240047135,0.0020708823401134908,1.0,0.0,2.0,0.0020708823401134908,0.001470882340113491,0.0010708823401134908,7.088234011349073e-05,warehouse_surprise__missing,fold_2025,2025
2025-02-07,30,6,6,0.0034579360473451504,0.014863603764137085,-0.005702833858395967,1.0,0.0,2.0,-0.005702833858395967,-0.006302833858395967,-0.006702833858395967,-0.007702833858395967,warehouse_surprise__missing,fold_2025,2025
2025-02-14,30,6,6,-0.0019584202884222503,-0.005546947229154684,0.0017942634703662168,1.0,0.0,2.0,0.0017942634703662168,0.001194263470366217,0.0007942634703662168,-0.0002057365296337832,warehouse_surprise__missing,fold_2025,2025
2025-02-21,30,6,6,-0.01620415741924312,-0.01981034273051052,0.0018030926556336993,1.0,0.0,2.0,0.0018030926556336993,0.0012030926556336995,0.0008030926556336993,-0.00019690734436630074,warehouse_surprise__missing,fold_2025,2025
2025-02-28,30,6,6,0.0017574808783526665,0.005772026116737082,-0.002007272619192208,1.0,0.0,2.0,-0.002007272619192208,-0.002607272619192208,-0.003007272619192208,-0.004007272619192208,warehouse_surprise__missing,fold_2025,2025
2025-03-07,30,6,6,0.01790988762657575,0.01117074853885155,0.0033695695438620997,1.0,0.0,2.0,0.0033695695438620997,0.0027695695438621,0.0023695695438620996,0.0013695695438620996,warehouse_surprise__missing,fold_2025,2025
2025-03-14,30,6,6,-0.00670018249429645,-0.005378130145819351,-0.0006610261742385497,1.0,0.0,2.0,-0.0006610261742385497,-0.0012610261742385495,-0.0016610261742385497,-0.0026610261742385497,warehouse_surprise__missing,fold_2025,2025
2025-03-21,30,6,6,0.008953652940416067,0.010443650073667751,-0.0007449985666258419,1.0,0.0,2.0,-0.0007449985666258419,-0.0013449985666258418,-0.001744998566625842,-0.002744998566625842,warehouse_surprise__missing,fold_2025,2025
2025-03-28,30,6,6,-0.05285900986506967,-0.042894403238588376,-0.004982303313240646,1.0,0.0,2.0,-0.004982303313240646,-0.0055823033132406455,-0.005982303313240646,-0.006982303313240646,warehouse_surprise__missing,fold_2025,2025
2025-04-07,30,6,6,0.013508057239261817,0.006550872960652499,0.0034785921393046594,1.0,0.0,2.0,0.0034785921393046594,0.0028785921393046595,0.0024785921393046593,0.0014785921393046593,warehouse_surprise__missing,fold_2025,2025
2025-04-14,30,6,6,0.01103190863572085,0.0013010385509862837,0.004865435042367283,1.0,0.0,2.0,0.004865435042367283,0.004265435042367283,0.003865435042367283,0.002865435042367283,warehouse_surprise__missing,fold_2025,2025
2025-04-21,30,6,6,-0.0014558917135947171,0.012335697770267384,-0.006895794741931051,1.0,0.0,2.0,-0.006895794741931051,-0.0074957947419310505,-0.00789579474193105,-0.00889579474193105,warehouse_surprise__missing,fold_2025,2025
2025-04-28,30,6,6,-0.004826502615246084,-0.005379500971018716,0.00027649917788631585,1.0,0.0,2.0,0.00027649917788631585,-0.0003235008221136841,-0.0007235008221136842,-0.0017235008221136842,warehouse_surprise__missing,fold_2025,2025
2025-05-08,30,6,6,0.019815468992626633,0.0028483170635519007,0.008483575964537367,1.0,0.0,2.0,0.008483575964537367,0.007883575964537367,0.007483575964537367,0.006483575964537367,warehouse_surprise__missing,fold_2025,2025
2025-05-15,30,6,6,-0.008674213807957432,0.010849661334130331,-0.00976193757104388,1.0,0.0,2.0,-0.00976193757104388,-0.01036193757104388,-0.010761937571043882,-0.01176193757104388,warehouse_surprise__missing,fold_2025,2025
2025-05-22,30,6,6,-0.00954213346398895,-0.0035272785088116504,-0.003007427477588649,1.0,0.0,2.0,-0.003007427477588649,-0.003607427477588649,-0.004007427477588649,-0.005007427477588649,warehouse_surprise__missing,fold_2025,2025
2025-05-29,30,6,6,-0.0005790636159993161,0.014508581917736768,-0.007543822766868042,1.0,0.0,2.0,-0.007543822766868042,-0.008143822766868042,-0.00854382276686804,-0.009543822766868042,warehouse_surprise__missing,fold_2025,2025
2025-06-06,30,6,6,0.0033019887739572508,0.019711426020677814,-0.008204718623360282,1.0,0.0,2.0,-0.008204718623360282,-0.008804718623360281,-0.00920471862336028,-0.010204718623360282,warehouse_surprise__missing,fold_2025,2025
2025-06-13,30,6,6,0.0173628603516897,-0.0011935753651476004,0.00927821785841865,1.0,0.0,2.0,0.00927821785841865,0.00867821785841865,0.00827821785841865,0.00727821785841865,warehouse_surprise__missing,fold_2025,2025
2025-06-20,30,6,6,0.0023028730457931674,-0.008058875973531167,0.005180874509662167,1.0,0.0,2.0,0.005180874509662167,0.004580874509662167,0.004180874509662167,0.003180874509662167,warehouse_surprise__missing,fold_2025,2025
2025-06-27,30,6,6,-0.00785162858114365,0.005339474566943615,-0.006595551574043632,1.0,0.0,2.0,-0.006595551574043632,-0.007195551574043632,-0.007595551574043632,-0.008595551574043632,warehouse_surprise__missing,fold_2025,2025
2025-07-04,30,6,6,0.0020300883267077665,0.0042093070008472665,-0.00108960933706975,1.0,0.0,2.0,-0.00108960933706975,-0.00168960933706975,-0.00208960933706975,-0.00308960933706975,warehouse_surprise__missing,fold_2025,2025
2025-07-11,30,6,6,0.007227328275879533,0.011489358573184434,-0.0021310151486524506,1.0,0.0,2.0,-0.0021310151486524506,-0.0027310151486524504,-0.0031310151486524506,-0.004131015148652451,warehouse_surprise__missing,fold_2025,2025
2025-07-18,30,6,6,0.029617424693904177,-0.0029559740183212665,0.01628669935611272,1.0,0.0,2.0,0.01628669935611272,0.01568669935611272,0.01528669935611272,0.01428669935611272,warehouse_surprise__missing,fold_2025,2025
2025-07-25,30,6,6,-0.027846398976976383,-0.013499312316345819,-0.007173543330315282,1.0,0.0,2.0,-0.007173543330315282,-0.007773543330315282,-0.008173543330315282,-0.009173543330315281,warehouse_surprise__missing,fold_2025,2025
2025-08-01,30,6,6,0.0014243173537378667,0.0005787767275901495,0.0004227703130738586,1.0,0.0,2.0,0.0004227703130738586,-0.00017722968692614134,-0.0005772296869261415,-0.0015772296869261415,warehouse_surprise__missing,fold_2025,2025
2025-08-08,30,6,6,0.0025939619157738327,-0.0022418809471628676,0.00241792143146835,1.0,0.0,2.0,0.00241792143146835,0.0018179214314683503,0.0014179214314683501,0.0004179214314683501,warehouse_surprise__missing,fold_2025,2025
2025-08-15,30,6,6,0.0012950442177015996,-0.002338449687004533,0.0018167469523530664,1.0,0.0,2.0,0.0018167469523530664,0.0012167469523530665,0.0008167469523530663,-0.00018325304764693368,warehouse_surprise__missing,fold_2025,2025
2025-08-22,30,6,6,-0.0019313791185518994,0.012935063055888084,-0.007433221087219992,1.0,0.0,2.0,-0.007433221087219992,-0.008033221087219992,-0.008433221087219993,-0.009433221087219992,warehouse_surprise__missing,fold_2025,2025
2025-08-29,30,6,6,-0.0084443572778612,0.013571207026897333,-0.011007782152379266,1.0,0.0,2.0,-0.011007782152379266,-0.011607782152379266,-0.012007782152379267,-0.013007782152379266,warehouse_surprise__missing,fold_2025,2025
2025-09-05,30,6,6,-0.0005762771760395334,0.0031450674959040497,-0.0018606723359717915,1.0,0.0,2.0,-0.0018606723359717915,-0.0024606723359717913,-0.0028606723359717915,-0.0038606723359717915,warehouse_surprise__missing,fold_2025,2025
2025-09-12,30,6,6,-0.008725268600990018,-0.009176544147441233,0.00022563777322560756,1.0,0.0,2.0,0.00022563777322560756,-0.0003743622267743924,-0.0007743622267743925,-0.0017743622267743925,warehouse_surprise__missing,fold_2025,2025
2025-09-19,30,6,6,-0.0011214552514313668,0.014820120683934632,-0.007970787967683,1.0,0.0,2.0,-0.007970787967683,-0.008570787967683,-0.008970787967683,-0.009970787967683,warehouse_surprise__missing,fold_2025,2025
2025-09-26,30,6,6,-0.0019246635046771664,0.013588858392057748,-0.007756760948367457,1.0,0.0,2.0,-0.007756760948367457,-0.008356760948367457,-0.008756760948367456,-0.009756760948367457,warehouse_surprise__missing,fold_2025,2025
2025-10-13,30,6,6,0.00344944756971075,0.006365423838230983,-0.0014579881342601166,1.0,0.0,2.0,-0.0014579881342601166,-0.0020579881342601167,-0.0024579881342601164,-0.0034579881342601164,warehouse_surprise__missing,fold_2025,2025
2025-10-20,30,6,6,0.0007913318643210492,0.004501938104818215,-0.001855303120248583,1.0,0.0,2.0,-0.001855303120248583,-0.002455303120248583,-0.002855303120248583,-0.003855303120248583,warehouse_surprise__missing,fold_2025,2025
2025-10-27,30,6,6,-0.0036698043749375333,0.0057398906931599505,-0.004704847534048742,1.0,0.0,2.0,-0.004704847534048742,-0.0053048475340487415,-0.005704847534048742,-0.006704847534048742,warehouse_surprise__missing,fold_2025,2025
2025-11-03,30,6,6,0.009160378999956866,-0.00031876441359658246,0.0047395717067767245,1.0,0.0,2.0,0.0047395717067767245,0.004139571706776725,0.0037395717067767245,0.0027395717067767245,warehouse_surprise__missing,fold_2025,2025
2025-11-10,30,6,6,-0.0031488668702618666,0.0030573759657922333,-0.00310312141802705,1.0,0.0,2.0,-0.00310312141802705,-0.00370312141802705,-0.00410312141802705,-0.00510312141802705,warehouse_surprise__missing,fold_2025,2025
2025-11-17,30,6,6,-0.010832764689478367,0.00542861023482515,-0.008130687462151759,1.0,0.0,2.0,-0.008130687462151759,-0.008730687462151759,-0.00913068746215176,-0.010130687462151759,warehouse_surprise__missing,fold_2025,2025
2025-11-24,30,6,6,0.015365848673934151,0.022809391815475154,-0.0037217715707705016,1.0,0.0,2.0,-0.0037217715707705016,-0.0043217715707705015,-0.004721771570770502,-0.005721771570770502,warehouse_surprise__missing,fold_2025,2025
2025-12-01,30,6,6,-0.007751985886461366,0.005875640602512017,-0.0068138132444866915,1.0,0.0,2.0,-0.0068138132444866915,-0.007413813244486691,-0.00781381324448669,-0.008813813244486692,warehouse_surprise__missing,fold_2025,2025
2025-12-08,30,6,6,-0.002223726359814667,0.01132660200558145,-0.006775164182698058,1.0,0.0,2.0,-0.006775164182698058,-0.007375164182698058,-0.007775164182698058,-0.008775164182698058,warehouse_surprise__missing,fold_2025,2025
2025-12-15,30,6,6,0.008378743805693917,0.018726428041173967,-0.005173842117740025,1.0,0.0,2.0,-0.005173842117740025,-0.005773842117740025,-0.006173842117740025,-0.007173842117740025,warehouse_surprise__missing,fold_2025,2025
2025-12-22,30,6,6,0.016020794104329834,0.03249591140790912,-0.008237558651789642,1.0,0.0,2.0,-0.008237558651789642,-0.008837558651789642,-0.009237558651789643,-0.010237558651789642,warehouse_surprise__missing,fold_2025,2025
2025-01-02,30,6,6,-0.011395147558287065,-0.017788274388208347,0.003196563414960641,1.0,0.0,2.0,0.003196563414960641,0.002596563414960641,0.002196563414960641,0.0011965634149606408,momentum_quality_60__csz,fold_2025,2025
2025-01-09,30,6,6,0.03572358059782107,0.04642189377817626,-0.005349156590177595,1.0,0.0,2.0,-0.005349156590177595,-0.005949156590177595,-0.006349156590177595,-0.007349156590177595,momentum_quality_60__csz,fold_2025,2025
2025-01-16,30,6,6,-0.011393663912265433,-0.012739608526134016,0.0006729723069342913,1.0,0.0,2.0,0.0006729723069342913,7.297230693429138e-05,-0.0003270276930657087,-0.0013270276930657087,momentum_quality_60__csz,fold_2025,2025
2025-01-23,30,6,6,0.0079362901978796,0.018699446581237567,-0.005381578191678983,1.0,0.0,2.0,-0.005381578191678983,-0.005981578191678983,-0.006381578191678983,-0.007381578191678983,momentum_quality_60__csz,fold_2025,2025
2025-02-07,30,6,6,-0.0026609779993093507,-0.02125101625628438,0.009295019128487514,1.0,0.0,2.0,0.009295019128487514,0.008695019128487514,0.008295019128487513,0.007295019128487514,momentum_quality_60__csz,fold_2025,2025
2025-02-14,30,6,6,0.002810408986545216,0.0231254617558266,-0.010157526384640691,1.0,0.0,2.0,-0.010157526384640691,-0.01075752638464069,-0.011157526384640692,-0.012157526384640691,momentum_quality_60__csz,fold_2025,2025
2025-02-21,30,6,6,-0.037755717742296246,-0.013327420872274133,-0.012214148435011056,1.0,0.0,2.0,-0.012214148435011056,-0.012814148435011056,-0.013214148435011057,-0.014214148435011056,momentum_quality_60__csz,fold_2025,2025
2025-02-28,30,6,6,-0.014688911952039384,-0.006297789930887317,-0.0041955610105760335,1.0,0.0,2.0,-0.0041955610105760335,-0.004795561010576033,-0.0051955610105760336,-0.006195561010576034,momentum_quality_60__csz,fold_2025,2025
2025-03-07,30,6,6,0.023309102750813618,0.0027263438231618503,0.010291379463825884,1.0,0.0,2.0,0.010291379463825884,0.009691379463825884,0.009291379463825883,0.008291379463825884,momentum_quality_60__csz,fold_2025,2025
2025-03-14,30,6,6,-0.0082874784161277,-0.028404346652963746,0.010058434118418023,1.0,0.0,2.0,0.010058434118418023,0.009458434118418024,0.009058434118418023,0.008058434118418023,momentum_quality_60__csz,fold_2025,2025
2025-03-21,30,6,6,-0.005562976974535984,0.014365045488607167,-0.009964011231571576,1.0,0.0,2.0,-0.009964011231571576,-0.010564011231571576,-0.010964011231571577,-0.011964011231571576,momentum_quality_60__csz,fold_2025,2025
2025-03-28,30,6,6,-0.06327969398011718,-0.0386729595463126,-0.01230336721690229,1.0,0.0,2.0,-0.01230336721690229,-0.01290336721690229,-0.013303367216902291,-0.01430336721690229,momentum_quality_60__csz,fold_2025,2025
2025-04-07,30,6,6,0.009729878483860333,-0.00878794637445775,0.009258912429159041,1.0,0.0,2.0,0.009258912429159041,0.008658912429159041,0.008258912429159042,0.007258912429159041,momentum_quality_60__csz,fold_2025,2025
2025-04-14,30,6,6,0.0037751952777818156,-0.0188754119550974,0.011325303616439608,1.0,0.0,2.0,0.011325303616439608,0.010725303616439608,0.010325303616439609,0.009325303616439608,momentum_quality_60__csz,fold_2025,2025
2025-04-21,30,6,6,-0.013769323620874416,-0.0006888802399850005,-0.006540221690444708,1.0,0.0,2.0,-0.006540221690444708,-0.007140221690444708,-0.007540221690444708,-0.008540221690444709,momentum_quality_60__csz,fold_2025,2025
2025-04-28,30,6,6,-0.00538070839599875,-0.020192962218503818,0.007406126911252534,1.0,0.0,2.0,0.007406126911252534,0.006806126911252534,0.006406126911252534,0.005406126911252534,momentum_quality_60__csz,fold_2025,2025
2025-05-08,30,6,6,-0.01363405872459255,0.02511545560661685,-0.0193747571656047,1.0,0.0,2.0,-0.0193747571656047,-0.0199747571656047,-0.0203747571656047,-0.021374757165604698,momentum_quality_60__csz,fold_2025,2025
2025-05-15,30,6,6,0.0009907646054527995,-0.03014112471723801,0.015565944661345405,1.0,0.0,2.0,0.015565944661345405,0.014965944661345406,0.014565944661345406,0.013565944661345405,momentum_quality_60__csz,fold_2025,2025
2025-05-22,30,6,6,0.00010314355062001665,-0.05077626815138562,0.025439705851002817,1.0,0.0,2.0,0.025439705851002817,0.024839705851002817,0.024439705851002816,0.023439705851002815,momentum_quality_60__csz,fold_2025,2025
2025-05-29,30,6,6,0.016977807666104933,0.005819882637923032,0.00557896251409095,1.0,0.0,2.0,0.00557896251409095,0.00497896251409095,0.00457896251409095,0.00357896251409095,momentum_quality_60__csz,fold_2025,2025
2025-06-06,30,6,6,0.016664926477006348,-0.0012552103536439838,0.008960068415325166,1.0,0.0,2.0,0.008960068415325166,0.008360068415325167,0.007960068415325167,0.006960068415325166,momentum_quality_60__csz,fold_2025,2025
2025-06-13,30,6,6,0.011119966523841984,0.017796627048853784,-0.0033383302625059003,1.0,0.0,2.0,-0.0033383302625059003,-0.0039383302625059,-0.0043383302625059,-0.0053383302625059,momentum_quality_60__csz,fold_2025,2025
2025-06-20,30,6,6,-0.049449727803382144,0.021778883001091282,-0.035614305402236715,1.0,0.0,2.0,-0.035614305402236715,-0.03621430540223672,-0.036614305402236716,-0.03761430540223672,momentum_quality_60__csz,fold_2025,2025
2025-06-27,30,6,6,0.0020346187929034163,0.0035780786802567834,-0.0007717299436766835,1.0,0.0,2.0,-0.0007717299436766835,-0.0013717299436766836,-0.0017717299436766836,-0.0027717299436766834,momentum_quality_60__csz,fold_2025,2025
2025-07-04,30,6,6,0.0027262612020274163,0.036256499027516924,-0.016765118912744754,1.0,0.0,2.0,-0.016765118912744754,-0.017365118912744754,-0.017765118912744755,-0.018765118912744752,momentum_quality_60__csz,fold_2025,2025
2025-07-11,30,6,6,0.01646964274327147,0.017061231852878316,-0.00029579455480342395,1.0,0.0,2.0,-0.00029579455480342395,-0.0008957945548034239,-0.001295794554803424,-0.002295794554803424,momentum_quality_60__csz,fold_2025,2025
2025-07-18,30,6,6,0.0003861568494034004,0.03757052719545235,-0.018592185173024474,1.0,0.0,2.0,-0.018592185173024474,-0.019192185173024474,-0.019592185173024475,-0.020592185173024476,momentum_quality_60__csz,fold_2025,2025
2025-07-25,30,6,6,-0.05813748920023176,-0.008910706422020733,-0.024613391389105514,1.0,0.0,2.0,-0.024613391389105514,-0.025213391389105513,-0.025613391389105514,-0.026613391389105512,momentum_quality_60__csz,fold_2025,2025
2025-08-01,30,6,6,0.01177949248025655,-0.004285455292953317,0.008032473886604934,1.0,0.0,2.0,0.008032473886604934,0.007432473886604934,0.007032473886604934,0.006032473886604934,momentum_quality_60__csz,fold_2025,2025
2025-08-08,30,6,6,0.005879381896768301,0.0036070261533319658,0.0011361778717181674,1.0,0.0,2.0,0.0011361778717181674,0.0005361778717181675,0.0001361778717181674,-0.0008638221282818326,momentum_quality_60__csz,fold_2025,2025
2025-08-15,30,6,6,-0.015922597499194415,0.0018305650242040668,-0.00887658126169924,1.0,0.0,2.0,-0.00887658126169924,-0.00947658126169924,-0.009876581261699241,-0.01087658126169924,momentum_quality_60__csz,fold_2025,2025
2025-08-22,30,6,6,-0.0056540390238379494,0.009082131796842982,-0.007368085410340466,1.0,0.0,2.0,-0.007368085410340466,-0.007968085410340466,-0.008368085410340467,-0.009368085410340466,momentum_quality_60__csz,fold_2025,2025
2025-08-29,30,6,6,0.004888469319149917,-0.003496197869496584,0.004192333594323251,1.0,0.0,2.0,0.004192333594323251,0.003592333594323251,0.0031923335943232507,0.0021923335943232506,momentum_quality_60__csz,fold_2025,2025
2025-09-05,30,6,6,-0.0025391295814532,0.0006387224139894001,-0.0015889259977213,1.0,0.0,2.0,-0.0015889259977213,-0.0021889259977213,-0.0025889259977213003,-0.0035889259977213003,momentum_quality_60__csz,fold_2025,2025
2025-09-12,30,6,6,0.013128543470364148,-0.0038063889297776667,0.008467466200070908,1.0,0.0,2.0,0.008467466200070908,0.007867466200070908,0.007467466200070908,0.006467466200070908,momentum_quality_60__csz,fold_2025,2025
2025-09-19,30,6,6,0.0017177680342057831,0.009360469714664735,-0.003821350840229476,1.0,0.0,2.0,-0.003821350840229476,-0.004421350840229476,-0.0048213508402294766,-0.005821350840229476,momentum_quality_60__csz,fold_2025,2025
2025-09-26,30,6,6,0.023719284871945,-0.0211771927647141,0.02244823881832955,1.0,0.0,2.0,0.02244823881832955,0.02184823881832955,0.021448238818329548,0.02044823881832955,momentum_quality_60__csz,fold_2025,2025
2025-10-13,30,6,6,0.004677316413893034,-0.0031103594200300165,0.0038938379169615256,1.0,0.0,2.0,0.0038938379169615256,0.003293837916961526,0.0028938379169615256,0.0018938379169615256,momentum_quality_60__csz,fold_2025,2025
2025-10-20,30,6,6,0.002680905804186562,0.02828895149195143,-0.012804022843882434,1.0,0.0,2.0,-0.012804022843882434,-0.013404022843882434,-0.013804022843882435,-0.014804022843882434,momentum_quality_60__csz,fold_2025,2025
2025-10-27,30,6,6,-0.0021747006705078835,-0.02197418309743332,0.009899741213462718,1.0,0.0,2.0,0.009899741213462718,0.009299741213462718,0.008899741213462719,0.007899741213462718,momentum_quality_60__csz,fold_2025,2025
2025-11-03,30,6,6,0.006568236923164599,-0.018411776401938747,0.012490006662551673,1.0,0.0,2.0,0.012490006662551673,0.011890006662551673,0.011490006662551674,0.010490006662551673,momentum_quality_60__csz,fold_2025,2025
2025-11-10,30,6,6,-0.006590787979430017,0.00026744552933825015,-0.0034291167543841336,1.0,0.0,2.0,-0.0034291167543841336,-0.004029116754384133,-0.004429116754384134,-0.005429116754384134,momentum_quality_60__csz,fold_2025,2025
2025-11-17,30,6,6,-0.0012785689667296333,-0.002307181216999734,0.0005143061251350503,1.0,0.0,2.0,0.0005143061251350503,-8.569387486494966e-05,-0.00048569387486494973,-0.0014856938748649498,momentum_quality_60__csz,fold_2025,2025
2025-11-24,30,6,6,0.04239960909963685,0.012260607397843867,0.015069500850896492,1.0,0.0,2.0,0.015069500850896492,0.014469500850896492,0.01406950085089649,0.013069500850896492,momentum_quality_60__csz,fold_2025,2025
2025-12-01,30,6,6,0.0251411913746647,-0.020618913254903316,0.02288005231478401,1.0,0.0,2.0,0.02288005231478401,0.02228005231478401,0.02188005231478401,0.020880052314784008,momentum_quality_60__csz,fold_2025,2025
2025-12-08,30,6,6,0.0234494386402825,-0.00955466370942395,0.016502051174853226,1.0,0.0,2.0,0.016502051174853226,0.015902051174853226,0.015502051174853225,0.014502051174853226,momentum_quality_60__csz,fold_2025,2025
2025-12-15,30,6,6,0.021603846251981,-0.003893874091782565,0.012748860171881784,1.0,0.0,2.0,0.012748860171881784,0.012148860171881784,0.011748860171881783,0.010748860171881784,momentum_quality_60__csz,fold_2025,2025
2025-12-22,30,6,6,0.0272582594939593,0.0181390743604856,0.00455959256673685,1.0,0.0,2.0,0.00455959256673685,0.00395959256673685,0.0035595925667368496,0.0025595925667368496,momentum_quality_60__csz,fold_2025,2025
2025-01-02,30,6,6,-0.008643717017779867,0.002678744855383467,-0.005661230936581667,1.0,0.0,2.0,-0.005661230936581667,-0.006261230936581667,-0.006661230936581667,-0.007661230936581667,momentum_quality_60__missing,fold_2025,2025
2025-01-09,30,6,6,0.0075445210942481486,0.018594971169530666,-0.005525225037641258,1.0,0.0,2.0,-0.005525225037641258,-0.006125225037641258,-0.006525225037641258,-0.007525225037641258,momentum_quality_60__missing,fold_2025,2025
2025-01-16,30,6,6,-0.010761841957401931,-0.010041264596301166,-0.0003602886805503828,1.0,0.0,2.0,-0.0003602886805503828,-0.0009602886805503828,-0.0013602886805503828,-0.002360288680550383,momentum_quality_60__missing,fold_2025,2025
2025-01-23,30,6,6,0.026902164920274117,0.022760400240047135,0.0020708823401134908,1.0,0.0,2.0,0.0020708823401134908,0.001470882340113491,0.0010708823401134908,7.088234011349073e-05,momentum_quality_60__missing,fold_2025,2025
2025-02-07,30,6,6,0.0034579360473451504,0.014863603764137085,-0.005702833858395967,1.0,0.0,2.0,-0.005702833858395967,-0.006302833858395967,-0.006702833858395967,-0.007702833858395967,momentum_quality_60__missing,fold_2025,2025
2025-02-14,30,6,6,-0.0019584202884222503,-0.005546947229154684,0.0017942634703662168,1.0,0.0,2.0,0.0017942634703662168,0.001194263470366217,0.0007942634703662168,-0.0002057365296337832,momentum_quality_60__missing,fold_2025,2025
2025-02-21,30,6,6,-0.01620415741924312,-0.01981034273051052,0.0018030926556336993,1.0,0.0,2.0,0.0018030926556336993,0.0012030926556336995,0.0008030926556336993,-0.00019690734436630074,momentum_quality_60__missing,fold_2025,2025
2025-02-28,30,6,6,0.0017574808783526665,0.005772026116737082,-0.002007272619192208,1.0,0.0,2.0,-0.002007272619192208,-0.002607272619192208,-0.003007272619192208,-0.004007272619192208,momentum_quality_60__missing,fold_2025,2025
2025-03-07,30,6,6,0.01790988762657575,0.01117074853885155,0.0033695695438620997,1.0,0.0,2.0,0.0033695695438620997,0.0027695695438621,0.0023695695438620996,0.0013695695438620996,momentum_quality_60__missing,fold_2025,2025
2025-03-14,30,6,6,-0.00670018249429645,-0.005378130145819351,-0.0006610261742385497,1.0,0.0,2.0,-0.0006610261742385497,-0.0012610261742385495,-0.0016610261742385497,-0.0026610261742385497,momentum_quality_60__missing,fold_2025,2025
2025-03-21,30,6,6,0.008953652940416067,0.010443650073667751,-0.0007449985666258419,1.0,0.0,2.0,-0.0007449985666258419,-0.0013449985666258418,-0.001744998566625842,-0.002744998566625842,momentum_quality_60__missing,fold_2025,2025
2025-03-28,30,6,6,-0.05285900986506967,-0.042894403238588376,-0.004982303313240646,1.0,0.0,2.0,-0.004982303313240646,-0.0055823033132406455,-0.005982303313240646,-0.006982303313240646,momentum_quality_60__missing,fold_2025,2025
2025-04-07,30,6,6,0.0006071785515274665,0.015950776796268846,-0.00767179912237069,1.0,0.0,2.0,-0.00767179912237069,-0.00827179912237069,-0.00867179912237069,-0.00967179912237069,momentum_quality_60__missing,fold_2025,2025
2025-04-14,30,6,6,-0.00027935445437895037,0.013286368781465817,-0.006782861617922384,1.0,0.0,2.0,-0.006782861617922384,-0.0073828616179223835,-0.007782861617922384,-0.008782861617922383,momentum_quality_60__missing,fold_2025,2025
2025-04-21,30,6,6,0.0040523527979588825,0.002419965293180782,0.0008161937523890504,1.0,0.0,2.0,0.0008161937523890504,0.00021619375238905042,-0.00018380624761094966,-0.0011838062476109497,momentum_quality_60__missing,fold_2025,2025
2025-04-28,30,6,6,-0.00718951193955315,-0.003936962928007667,-0.0016262745057727414,1.0,0.0,2.0,-0.0016262745057727414,-0.0022262745057727413,-0.0026262745057727415,-0.0036262745057727415,momentum_quality_60__missing,fold_2025,2025
2025-05-08,30,6,6,0.019815468992626633,0.0028483170635519007,0.008483575964537367,1.0,0.0,2.0,0.008483575964537367,0.007883575964537367,0.007483575964537367,0.006483575964537367,momentum_quality_60__missing,fold_2025,2025
2025-05-15,30,6,6,-0.008674213807957432,0.010849661334130331,-0.00976193757104388,1.0,0.0,2.0,-0.00976193757104388,-0.01036193757104388,-0.010761937571043882,-0.01176193757104388,momentum_quality_60__missing,fold_2025,2025
2025-05-22,30,6,6,-0.00954213346398895,-0.0035272785088116504,-0.003007427477588649,1.0,0.0,2.0,-0.003007427477588649,-0.003607427477588649,-0.004007427477588649,-0.005007427477588649,momentum_quality_60__missing,fold_2025,2025
2025-05-29,30,6,6,-0.0005790636159993161,0.014508581917736768,-0.007543822766868042,1.0,0.0,2.0,-0.007543822766868042,-0.008143822766868042,-0.00854382276686804,-0.009543822766868042,momentum_quality_60__missing,fold_2025,2025
2025-06-06,30,6,6,0.0033019887739572508,0.019711426020677814,-0.008204718623360282,1.0,0.0,2.0,-0.008204718623360282,-0.008804718623360281,-0.00920471862336028,-0.010204718623360282,momentum_quality_60__missing,fold_2025,2025
2025-06-13,30,6,6,0.0173628603516897,-0.0011935753651476004,0.00927821785841865,1.0,0.0,2.0,0.00927821785841865,0.00867821785841865,0.00827821785841865,0.00727821785841865,momentum_quality_60__missing,fold_2025,2025
2025-06-20,30,6,6,0.0023028730457931674,-0.008058875973531167,0.005180874509662167,1.0,0.0,2.0,0.005180874509662167,0.004580874509662167,0.004180874509662167,0.003180874509662167,momentum_quality_60__missing,fold_2025,2025
2025-06-27,30,6,6,-0.00785162858114365,0.005339474566943615,-0.006595551574043632,1.0,0.0,2.0,-0.006595551574043632,-0.007195551574043632,-0.007595551574043632,-0.008595551574043632,momentum_quality_60__missing,fold_2025,2025
2025-07-04,30,6,6,0.0020300883267077665,0.0042093070008472665,-0.00108960933706975,1.0,0.0,2.0,-0.00108960933706975,-0.00168960933706975,-0.00208960933706975,-0.00308960933706975,momentum_quality_60__missing,fold_2025,2025
2025-07-11,30,6,6,0.007227328275879533,0.011489358573184434,-0.0021310151486524506,1.0,0.0,2.0,-0.0021310151486524506,-0.0027310151486524504,-0.0031310151486524506,-0.004131015148652451,momentum_quality_60__missing,fold_2025,2025
2025-07-18,30,6,6,0.029617424693904177,-0.0029559740183212665,0.01628669935611272,1.0,0.0,2.0,0.01628669935611272,0.01568669935611272,0.01528669935611272,0.01428669935611272,momentum_quality_60__missing,fold_2025,2025
2025-07-25,30,6,6,-0.027846398976976383,-0.013499312316345819,-0.007173543330315282,1.0,0.0,2.0,-0.007173543330315282,-0.007773543330315282,-0.008173543330315282,-0.009173543330315281,momentum_quality_60__missing,fold_2025,2025
2025-08-01,30,6,6,0.0014243173537378667,0.0005787767275901495,0.0004227703130738586,1.0,0.0,2.0,0.0004227703130738586,-0.00017722968692614134,-0.0005772296869261415,-0.0015772296869261415,momentum_quality_60__missing,fold_2025,2025
2025-08-08,30,6,6,0.0025939619157738327,-0.0022418809471628676,0.00241792143146835,1.0,0.0,2.0,0.00241792143146835,0.0018179214314683503,0.0014179214314683501,0.0004179214314683501,momentum_quality_60__missing,fold_2025,2025
2025-08-15,30,6,6,0.0012950442177015996,-0.002338449687004533,0.0018167469523530664,1.0,0.0,2.0,0.0018167469523530664,0.0012167469523530665,0.0008167469523530663,-0.00018325304764693368,momentum_quality_60__missing,fold_2025,2025
2025-08-22,30,6,6,-0.0019313791185518994,0.012935063055888084,-0.007433221087219992,1.0,0.0,2.0,-0.007433221087219992,-0.008033221087219992,-0.008433221087219993,-0.009433221087219992,momentum_quality_60__missing,fold_2025,2025
2025-08-29,30,6,6,-0.0084443572778612,0.013571207026897333,-0.011007782152379266,1.0,0.0,2.0,-0.011007782152379266,-0.011607782152379266,-0.012007782152379267,-0.013007782152379266,momentum_quality_60__missing,fold_2025,2025
2025-09-05,30,6,6,-0.0005762771760395334,0.0031450674959040497,-0.0018606723359717915,1.0,0.0,2.0,-0.0018606723359717915,-0.0024606723359717913,-0.0028606723359717915,-0.0038606723359717915,momentum_quality_60__missing,fold_2025,2025
2025-09-12,30,6,6,-0.008725268600990018,-0.009176544147441233,0.00022563777322560756,1.0,0.0,2.0,0.00022563777322560756,-0.0003743622267743924,-0.0007743622267743925,-0.0017743622267743925,momentum_quality_60__missing,fold_2025,2025
2025-09-19,30,6,6,-0.0011214552514313668,0.014820120683934632,-0.007970787967683,1.0,0.0,2.0,-0.007970787967683,-0.008570787967683,-0.008970787967683,-0.009970787967683,momentum_quality_60__missing,fold_2025,2025
2025-09-26,30,6,6,-0.0019246635046771664,0.013588858392057748,-0.007756760948367457,1.0,0.0,2.0,-0.007756760948367457,-0.008356760948367457,-0.008756760948367456,-0.009756760948367457,momentum_quality_60__missing,fold_2025,2025
2025-10-13,30,6,6,-0.009679442453695652,0.018394105626528167,-0.014036774040111909,1.0,0.0,2.0,-0.014036774040111909,-0.014636774040111909,-0.01503677404011191,-0.01603677404011191,momentum_quality_60__missing,fold_2025,2025
2025-10-20,30,6,6,0.01626273490873525,-0.009894342507996185,0.013078538708365717,1.0,0.0,2.0,0.013078538708365717,0.012478538708365718,0.012078538708365717,0.011078538708365717,momentum_quality_60__missing,fold_2025,2025
2025-10-27,30,6,6,-0.0036671327961840337,0.002981589654639483,-0.0033243612254117583,1.0,0.0,2.0,-0.0033243612254117583,-0.003924361225411758,-0.004324361225411758,-0.005324361225411758,momentum_quality_60__missing,fold_2025,2025
2025-11-03,30,6,6,0.007028989898778916,0.0011507681810089346,0.002939110858884991,1.0,0.0,2.0,0.002939110858884991,0.002339110858884991,0.0019391108588849909,0.0009391108588849909,momentum_quality_60__missing,fold_2025,2025
2025-11-10,30,6,6,0.00019128413961836654,0.0007793811584215337,-0.00029404850940158357,1.0,0.0,2.0,-0.00029404850940158357,-0.0008940485094015836,-0.0012940485094015835,-0.0022940485094015838,momentum_quality_60__missing,fold_2025,2025
2025-11-17,30,6,6,-0.008360079258358266,0.0019480626612953837,-0.005154070959826825,1.0,0.0,2.0,-0.005154070959826825,-0.005754070959826825,-0.006154070959826825,-0.007154070959826825,momentum_quality_60__missing,fold_2025,2025
2025-11-24,30,6,6,0.015452806013379283,0.027751933698168457,-0.006149563842394587,1.0,0.0,2.0,-0.006149563842394587,-0.0067495638423945865,-0.007149563842394587,-0.008149563842394587,momentum_quality_60__missing,fold_2025,2025
2025-12-01,30,6,6,0.001069490256261501,0.0043766118249291336,-0.0016535607843338163,1.0,0.0,2.0,-0.0016535607843338163,-0.002253560784333816,-0.0026535607843338163,-0.0036535607843338164,momentum_quality_60__missing,fold_2025,2025
2025-12-08,30,6,6,-0.0016668708379587492,0.018018225342415182,-0.009842548090186965,1.0,0.0,2.0,-0.009842548090186965,-0.010442548090186965,-0.010842548090186966,-0.011842548090186965,momentum_quality_60__missing,fold_2025,2025
2025-12-15,30,6,6,0.010940177992106934,0.0229013241673235,-0.005980573087608283,1.0,0.0,2.0,-0.005980573087608283,-0.006580573087608283,-0.006980573087608283,-0.007980573087608283,momentum_quality_60__missing,fold_2025,2025
2025-12-22,30,6,6,0.012249848924108886,0.031180981499353954,-0.009465566287622535,1.0,0.0,2.0,-0.009465566287622535,-0.010065566287622535,-0.010465566287622536,-0.011465566287622535,momentum_quality_60__missing,fold_2025,2025
2025-01-02,30,6,6,-0.0222689102737903,0.0011320408766051827,-0.01170047557519774,1.0,0.0,2.0,-0.01170047557519774,-0.01230047557519774,-0.01270047557519774,-0.01370047557519774,vol_managed_momentum__csz,fold_2025,2025
2025-01-09,30,6,6,0.03572358059782107,0.013701294139741001,0.011011143229040034,1.0,0.0,2.0,0.011011143229040034,0.010411143229040035,0.010011143229040034,0.009011143229040034,vol_managed_momentum__csz,fold_2025,2025
2025-01-16,30,6,6,-0.020675263970363397,-0.0093686813142472,-0.0056532913280580984,1.0,0.0,2.0,-0.0056532913280580984,-0.006253291328058098,-0.0066532913280580985,-0.0076532913280580985,vol_managed_momentum__csz,fold_2025,2025
2025-01-23,30,6,6,0.01915265554183253,0.009405366321666801,0.004873644610082865,1.0,0.0,2.0,0.004873644610082865,0.004273644610082865,0.003873644610082865,0.002873644610082865,vol_managed_momentum__csz,fold_2025,2025
2025-02-07,30,6,6,-0.0030375387371912167,0.0081764949553481,-0.005607016846269659,1.0,0.0,2.0,-0.005607016846269659,-0.006207016846269659,-0.006607016846269659,-0.007607016846269659,vol_managed_momentum__csz,fold_2025,2025
2025-02-14,30,6,6,-0.0044878322389356835,0.008914823462822017,-0.00670132785087885,1.0,0.0,2.0,-0.00670132785087885,-0.00730132785087885,-0.00770132785087885,-0.00870132785087885,vol_managed_momentum__csz,fold_2025,2025
2025-02-21,30,6,6,-0.019464564806852064,0.0001356405017824003,-0.009800102654317232,1.0,0.0,2.0,-0.009800102654317232,-0.010400102654317232,-0.010800102654317231,-0.011800102654317232,vol_managed_momentum__csz,fold_2025,2025
2025-02-28,30,6,6,0.0043837093360695,0.0017938218953698667,0.0012949437203498165,1.0,0.0,2.0,0.0012949437203498165,0.0006949437203498165,0.00029494372034981646,-0.0007050562796501836,vol_managed_momentum__csz,fold_2025,2025
2025-03-07,30,6,6,0.0086032282560323,-0.0015499172122196835,0.005076572734125992,1.0,0.0,2.0,0.005076572734125992,0.0044765727341259925,0.004076572734125992,0.0030765727341259923,vol_managed_momentum__csz,fold_2025,2025
2025-03-14,30,6,6,-0.0032555113285004833,-0.0049941666440089,0.0008693276577542086,1.0,0.0,2.0,0.0008693276577542086,0.0002693276577542086,-0.00013067234224579147,-0.0011306723422457915,vol_managed_momentum__csz,fold_2025,2025
2025-03-21,30,6,6,-0.0005244196785418832,0.0070844155626301015,-0.0038044176205859924,1.0,0.0,2.0,-0.0038044176205859924,-0.004404417620585992,-0.004804417620585992,-0.005804417620585992,vol_managed_momentum__csz,fold_2025,2025
2025-03-28,30,6,6,-0.0098648614703753,-0.03620899035851148,0.01317206444406809,1.0,0.0,2.0,0.01317206444406809,0.01257206444406809,0.012172064444068091,0.01117206444406809,vol_managed_momentum__csz,fold_2025,2025
2025-04-07,30,6,6,0.01067194873002385,-0.003273277717023867,0.006972613223523858,1.0,0.0,2.0,0.006972613223523858,0.006372613223523858,0.005972613223523858,0.004972613223523858,vol_managed_momentum__csz,fold_2025,2025
2025-04-14,30,6,6,0.009332786581067516,-0.012084393458053002,0.01070859001956026,1.0,0.0,2.0,0.01070859001956026,0.01010859001956026,0.00970859001956026,0.00870859001956026,vol_managed_momentum__csz,fold_2025,2025
2025-04-21,30,6,6,-0.0009432158449234005,0.0014578889740522666,-0.0012005524094878335,1.0,0.0,2.0,-0.0012005524094878335,-0.0018005524094878334,-0.0022005524094878335,-0.0032005524094878336,vol_managed_momentum__csz,fold_2025,2025
2025-04-28,30,6,6,-0.008740179649084514,-0.021945770297820133,0.006602795324367809,1.0,0.0,2.0,0.006602795324367809,0.0060027953243678095,0.005602795324367809,0.004602795324367809,vol_managed_momentum__csz,fold_2025,2025
2025-05-08,30,6,6,-0.015074138705861566,0.0214325026694796,-0.018253320687670584,1.0,0.0,2.0,-0.018253320687670584,-0.018853320687670583,-0.019253320687670585,-0.020253320687670585,vol_managed_momentum__csz,fold_2025,2025
2025-05-15,30,6,6,-0.010841417252180902,-0.0035511164442572,-0.0036451504039618507,1.0,0.0,2.0,-0.0036451504039618507,-0.004245150403961851,-0.004645150403961851,-0.005645150403961851,vol_managed_momentum__csz,fold_2025,2025
2025-05-22,30,6,6,0.004965450021607499,-0.0033564616178390332,0.004160955819723266,1.0,0.0,2.0,0.004160955819723266,0.003560955819723266,0.003160955819723266,0.002160955819723266,vol_managed_momentum__csz,fold_2025,2025
2025-05-29,30,6,6,0.016844389159575784,0.0021762580370828667,0.007334065561246459,1.0,0.0,2.0,0.007334065561246459,0.006734065561246459,0.006334065561246459,0.005334065561246459,vol_managed_momentum__csz,fold_2025,2025
2025-06-06,30,6,6,0.0307298635224285,0.012593501660305631,0.009068180931061435,1.0,0.0,2.0,0.009068180931061435,0.008468180931061435,0.008068180931061434,0.007068180931061435,vol_managed_momentum__csz,fold_2025,2025
2025-06-13,30,6,6,0.011119966523841984,0.0124829843954287,-0.0006815089357933577,1.0,0.0,2.0,-0.0006815089357933577,-0.0012815089357933575,-0.0016815089357933577,-0.0026815089357933577,vol_managed_momentum__csz,fold_2025,2025
2025-06-20,30,6,6,-0.027261594251677953,0.0131749720434972,-0.020218283147587578,1.0,0.0,2.0,-0.020218283147587578,-0.020818283147587578,-0.02121828314758758,-0.02221828314758758,vol_managed_momentum__csz,fold_2025,2025
2025-06-27,30,6,6,0.0020346187929034163,0.010823795934485533,-0.004394588570791058,1.0,0.0,2.0,-0.004394588570791058,-0.004994588570791058,-0.005394588570791058,-0.006394588570791058,vol_managed_momentum__csz,fold_2025,2025
2025-07-04,30,6,6,-0.005976284549538034,0.0035884470546004173,-0.0047823658020692255,1.0,0.0,2.0,-0.0047823658020692255,-0.005382365802069225,-0.0057823658020692255,-0.0067823658020692255,vol_managed_momentum__csz,fold_2025,2025
2025-07-11,30,6,6,0.011477661936438914,0.005033737358758166,0.003221962288840374,1.0,0.0,2.0,0.003221962288840374,0.002621962288840374,0.002221962288840374,0.001221962288840374,vol_managed_momentum__csz,fold_2025,2025
2025-07-18,30,6,6,0.014550822024529418,0.00925988890440495,0.0026454665600622344,1.0,0.0,2.0,0.0026454665600622344,0.0020454665600622346,0.0016454665600622344,0.0006454665600622344,vol_managed_momentum__csz,fold_2025,2025
2025-07-25,30,6,6,-0.011655227922533035,-0.008910706422020733,-0.0013722607502561508,1.0,0.0,2.0,-0.0013722607502561508,-0.0019722607502561506,-0.0023722607502561508,-0.003372260750256151,vol_managed_momentum__csz,fold_2025,2025
2025-08-01,30,6,6,-0.0016552643709282161,-0.0042854552929533175,0.0013150954610125507,1.0,0.0,2.0,0.0013150954610125507,0.0007150954610125507,0.00031509546101255066,-0.0006849045389874494,vol_managed_momentum__csz,fold_2025,2025
2025-08-08,30,6,6,0.00794249571014695,0.00016197883230071653,0.003890258438923117,1.0,0.0,2.0,0.003890258438923117,0.0032902584389231174,0.002890258438923117,0.0018902584389231172,vol_managed_momentum__csz,fold_2025,2025
2025-08-15,30,6,6,-0.003960367070577717,-0.0032196177192486838,-0.00037037467566451644,1.0,0.0,2.0,-0.00037037467566451644,-0.0009703746756645164,-0.0013703746756645165,-0.0023703746756645163,vol_managed_momentum__csz,fold_2025,2025
2025-08-22,30,6,6,0.011250338457462684,0.0045692389818328,0.0033405497378149423,1.0,0.0,2.0,0.0033405497378149423,0.0027405497378149425,0.0023405497378149423,0.0013405497378149423,vol_managed_momentum__csz,fold_2025,2025
2025-08-29,30,6,6,-0.0015470375662188002,0.008520545994620701,-0.005033791780419751,1.0,0.0,2.0,-0.005033791780419751,-0.0056337917804197505,-0.006033791780419751,-0.007033791780419751,vol_managed_momentum__csz,fold_2025,2025
2025-09-05,30,6,6,0.0035955119542293496,-0.0066639528616691006,0.005129732407949225,1.0,0.0,2.0,0.005129732407949225,0.0045297324079492255,0.004129732407949225,0.0031297324079492253,vol_managed_momentum__csz,fold_2025,2025
2025-09-12,30,6,6,-0.00975573713911155,-0.003771215639154867,-0.0029922607499783416,1.0,0.0,2.0,-0.0029922607499783416,-0.0035922607499783415,-0.003992260749978342,-0.004992260749978342,vol_managed_momentum__csz,fold_2025,2025
2025-09-19,30,6,6,-0.017667179040125953,-0.0036691393244982335,-0.006999019857813859,1.0,0.0,2.0,-0.006999019857813859,-0.007599019857813859,-0.00799901985781386,-0.008999019857813859,vol_managed_momentum__csz,fold_2025,2025
2025-09-26,30,6,6,0.018727264923347416,-0.0150199950475062,0.016873629985426807,1.0,0.0,2.0,0.016873629985426807,0.016273629985426807,0.015873629985426806,0.014873629985426807,vol_managed_momentum__csz,fold_2025,2025
2025-10-13,30,6,6,-0.013530892948989834,-0.0023538021684812328,-0.0055885453902543005,1.0,0.0,2.0,-0.0055885453902543005,-0.0061885453902543,-0.006588545390254301,-0.007588545390254301,vol_managed_momentum__csz,fold_2025,2025
2025-10-20,30,6,6,-0.001884012902519567,0.011811931414356866,-0.0068479721584382165,1.0,0.0,2.0,-0.0068479721584382165,-0.007447972158438216,-0.007847972158438216,-0.008847972158438216,vol_managed_momentum__csz,fold_2025,2025
2025-10-27,30,6,6,-0.013310689581967914,-0.00338936264315685,-0.0049606634694055315,1.0,0.0,2.0,-0.0049606634694055315,-0.005560663469405531,-0.0059606634694055315,-0.0069606634694055316,vol_managed_momentum__csz,fold_2025,2025
2025-11-03,30,6,6,-0.002984763943019216,0.0003385297295346827,-0.0016616468362769495,1.0,0.0,2.0,-0.0016616468362769495,-0.0022616468362769496,-0.0026616468362769497,-0.0036616468362769498,vol_managed_momentum__csz,fold_2025,2025
2025-11-10,30,6,6,-0.005694979554474434,-0.0038529804494262833,-0.0009209995525240751,1.0,0.0,2.0,-0.0009209995525240751,-0.001520999552524075,-0.0019209995525240752,-0.002920999552524075,vol_managed_momentum__csz,fold_2025,2025
2025-11-17,30,6,6,-0.001278568966729633,0.0016067449992219164,-0.0014426569829757746,1.0,0.0,2.0,-0.0014426569829757746,-0.0020426569829757745,-0.0024426569829757746,-0.0034426569829757747,vol_managed_momentum__csz,fold_2025,2025
2025-11-24,30,6,6,0.015833005411044817,0.007535266771665183,0.0041488693196898175,1.0,0.0,2.0,0.0041488693196898175,0.0035488693196898177,0.0031488693196898175,0.0021488693196898175,vol_managed_momentum__csz,fold_2025,2025
2025-12-01,30,6,6,0.01009571376664865,-0.014492101420504234,0.012293907593576441,1.0,0.0,2.0,0.012293907593576441,0.011693907593576441,0.01129390759357644,0.010293907593576441,vol_managed_momentum__csz,fold_2025,2025
2025-12-08,30,6,6,-0.00727705080518195,-0.004546070162259116,-0.001365490321461417,1.0,0.0,2.0,-0.001365490321461417,-0.001965490321461417,-0.002365490321461417,-0.003365490321461417,vol_managed_momentum__csz,fold_2025,2025
2025-12-15,30,6,6,0.00136975796632635,-0.0035293638737273502,0.00244956092002685,1.0,0.0,2.0,0.00244956092002685,0.0018495609200268504,0.0014495609200268502,0.00044956092002685017,vol_managed_momentum__csz,fold_2025,2025
2025-12-22,30,6,6,0.015680900731573817,0.006858248362701699,0.004411326184436059,1.0,0.0,2.0,0.004411326184436059,0.0038113261844360587,0.0034113261844360586,0.0024113261844360585,vol_managed_momentum__csz,fold_2025,2025
2025-01-02,30,6,6,-0.008643717017779867,0.002678744855383467,-0.005661230936581667,1.0,0.0,2.0,-0.005661230936581667,-0.006261230936581667,-0.006661230936581667,-0.007661230936581667,vol_managed_momentum__missing,fold_2025,2025
2025-01-09,30,6,6,0.0075445210942481486,0.018594971169530666,-0.005525225037641258,1.0,0.0,2.0,-0.005525225037641258,-0.006125225037641258,-0.006525225037641258,-0.007525225037641258,vol_managed_momentum__missing,fold_2025,2025
2025-01-16,30,6,6,-0.010761841957401931,-0.010041264596301166,-0.0003602886805503828,1.0,0.0,2.0,-0.0003602886805503828,-0.0009602886805503828,-0.0013602886805503828,-0.002360288680550383,vol_managed_momentum__missing,fold_2025,2025
2025-01-23,30,6,6,0.026902164920274117,0.022760400240047135,0.0020708823401134908,1.0,0.0,2.0,0.0020708823401134908,0.001470882340113491,0.0010708823401134908,7.088234011349073e-05,vol_managed_momentum__missing,fold_2025,2025
2025-02-07,30,6,6,0.0034579360473451504,0.014863603764137085,-0.005702833858395967,1.0,0.0,2.0,-0.005702833858395967,-0.006302833858395967,-0.006702833858395967,-0.007702833858395967,vol_managed_momentum__missing,fold_2025,2025
2025-02-14,30,6,6,-0.0019584202884222503,-0.005546947229154684,0.0017942634703662168,1.0,0.0,2.0,0.0017942634703662168,0.001194263470366217,0.0007942634703662168,-0.0002057365296337832,vol_managed_momentum__missing,fold_2025,2025
2025-02-21,30,6,6,-0.01620415741924312,-0.01981034273051052,0.0018030926556336993,1.0,0.0,2.0,0.0018030926556336993,0.0012030926556336995,0.0008030926556336993,-0.00019690734436630074,vol_managed_momentum__missing,fold_2025,2025
2025-02-28,30,6,6,0.0017574808783526665,0.005772026116737082,-0.002007272619192208,1.0,0.0,2.0,-0.002007272619192208,-0.002607272619192208,-0.003007272619192208,-0.004007272619192208,vol_managed_momentum__missing,fold_2025,2025
2025-03-07,30,6,6,0.01790988762657575,0.01117074853885155,0.0033695695438620997,1.0,0.0,2.0,0.0033695695438620997,0.0027695695438621,0.0023695695438620996,0.0013695695438620996,vol_managed_momentum__missing,fold_2025,2025
2025-03-14,30,6,6,-0.00670018249429645,-0.005378130145819351,-0.0006610261742385497,1.0,0.0,2.0,-0.0006610261742385497,-0.0012610261742385495,-0.0016610261742385497,-0.0026610261742385497,vol_managed_momentum__missing,fold_2025,2025
2025-03-21,30,6,6,0.008953652940416067,0.010443650073667751,-0.0007449985666258419,1.0,0.0,2.0,-0.0007449985666258419,-0.0013449985666258418,-0.001744998566625842,-0.002744998566625842,vol_managed_momentum__missing,fold_2025,2025
2025-03-28,30,6,6,-0.05285900986506967,-0.042894403238588376,-0.004982303313240646,1.0,0.0,2.0,-0.004982303313240646,-0.0055823033132406455,-0.005982303313240646,-0.006982303313240646,vol_managed_momentum__missing,fold_2025,2025
2025-04-07,30,6,6,0.0006071785515274665,0.015950776796268846,-0.00767179912237069,1.0,0.0,2.0,-0.00767179912237069,-0.00827179912237069,-0.00867179912237069,-0.00967179912237069,vol_managed_momentum__missing,fold_2025,2025
2025-04-14,30,6,6,-0.00027935445437895037,0.013286368781465817,-0.006782861617922384,1.0,0.0,2.0,-0.006782861617922384,-0.0073828616179223835,-0.007782861617922384,-0.008782861617922383,vol_managed_momentum__missing,fold_2025,2025
2025-04-21,30,6,6,0.0040523527979588825,0.002419965293180782,0.0008161937523890504,1.0,0.0,2.0,0.0008161937523890504,0.00021619375238905042,-0.00018380624761094966,-0.0011838062476109497,vol_managed_momentum__missing,fold_2025,2025
2025-04-28,30,6,6,-0.00718951193955315,-0.003936962928007667,-0.0016262745057727414,1.0,0.0,2.0,-0.0016262745057727414,-0.0022262745057727413,-0.0026262745057727415,-0.0036262745057727415,vol_managed_momentum__missing,fold_2025,2025
2025-05-08,30,6,6,0.019815468992626633,0.0028483170635519007,0.008483575964537367,1.0,0.0,2.0,0.008483575964537367,0.007883575964537367,0.007483575964537367,0.006483575964537367,vol_managed_momentum__missing,fold_2025,2025
2025-05-15,30,6,6,-0.008674213807957432,0.010849661334130331,-0.00976193757104388,1.0,0.0,2.0,-0.00976193757104388,-0.01036193757104388,-0.010761937571043882,-0.01176193757104388,vol_managed_momentum__missing,fold_2025,2025
2025-05-22,30,6,6,-0.00954213346398895,-0.0035272785088116504,-0.003007427477588649,1.0,0.0,2.0,-0.003007427477588649,-0.003607427477588649,-0.004007427477588649,-0.005007427477588649,vol_managed_momentum__missing,fold_2025,2025
2025-05-29,30,6,6,-0.0005790636159993161,0.014508581917736768,-0.007543822766868042,1.0,0.0,2.0,-0.007543822766868042,-0.008143822766868042,-0.00854382276686804,-0.009543822766868042,vol_managed_momentum__missing,fold_2025,2025
2025-06-06,30,6,6,0.0033019887739572508,0.019711426020677814,-0.008204718623360282,1.0,0.0,2.0,-0.008204718623360282,-0.008804718623360281,-0.00920471862336028,-0.010204718623360282,vol_managed_momentum__missing,fold_2025,2025
2025-06-13,30,6,6,0.0173628603516897,-0.0011935753651476004,0.00927821785841865,1.0,0.0,2.0,0.00927821785841865,0.00867821785841865,0.00827821785841865,0.00727821785841865,vol_managed_momentum__missing,fold_2025,2025
2025-06-20,30,6,6,0.0023028730457931674,-0.008058875973531167,0.005180874509662167,1.0,0.0,2.0,0.005180874509662167,0.004580874509662167,0.004180874509662167,0.003180874509662167,vol_managed_momentum__missing,fold_2025,2025
2025-06-27,30,6,6,-0.00785162858114365,0.005339474566943615,-0.006595551574043632,1.0,0.0,2.0,-0.006595551574043632,-0.007195551574043632,-0.007595551574043632,-0.008595551574043632,vol_managed_momentum__missing,fold_2025,2025
2025-07-04,30,6,6,0.0020300883267077665,0.0042093070008472665,-0.00108960933706975,1.0,0.0,2.0,-0.00108960933706975,-0.00168960933706975,-0.00208960933706975,-0.00308960933706975,vol_managed_momentum__missing,fold_2025,2025
2025-07-11,30,6,6,0.007227328275879533,0.011489358573184434,-0.0021310151486524506,1.0,0.0,2.0,-0.0021310151486524506,-0.0027310151486524504,-0.0031310151486524506,-0.004131015148652451,vol_managed_momentum__missing,fold_2025,2025
2025-07-18,30,6,6,0.029617424693904177,-0.0029559740183212665,0.01628669935611272,1.0,0.0,2.0,0.01628669935611272,0.01568669935611272,0.01528669935611272,0.01428669935611272,vol_managed_momentum__missing,fold_2025,2025
2025-07-25,30,6,6,-0.027846398976976383,-0.013499312316345819,-0.007173543330315282,1.0,0.0,2.0,-0.007173543330315282,-0.007773543330315282,-0.008173543330315282,-0.009173543330315281,vol_managed_momentum__missing,fold_2025,2025
2025-08-01,30,6,6,0.0014243173537378667,0.0005787767275901495,0.0004227703130738586,1.0,0.0,2.0,0.0004227703130738586,-0.00017722968692614134,-0.0005772296869261415,-0.0015772296869261415,vol_managed_momentum__missing,fold_2025,2025
2025-08-08,30,6,6,0.0025939619157738327,-0.0022418809471628676,0.00241792143146835,1.0,0.0,2.0,0.00241792143146835,0.0018179214314683503,0.0014179214314683501,0.0004179214314683501,vol_managed_momentum__missing,fold_2025,2025
2025-08-15,30,6,6,0.0012950442177015996,-0.002338449687004533,0.0018167469523530664,1.0,0.0,2.0,0.0018167469523530664,0.0012167469523530665,0.0008167469523530663,-0.00018325304764693368,vol_managed_momentum__missing,fold_2025,2025
2025-08-22,30,6,6,-0.0019313791185518994,0.012935063055888084,-0.007433221087219992,1.0,0.0,2.0,-0.007433221087219992,-0.008033221087219992,-0.008433221087219993,-0.009433221087219992,vol_managed_momentum__missing,fold_2025,2025
2025-08-29,30,6,6,-0.0084443572778612,0.013571207026897333,-0.011007782152379266,1.0,0.0,2.0,-0.011007782152379266,-0.011607782152379266,-0.012007782152379267,-0.013007782152379266,vol_managed_momentum__missing,fold_2025,2025
2025-09-05,30,6,6,-0.0005762771760395334,0.0031450674959040497,-0.0018606723359717915,1.0,0.0,2.0,-0.0018606723359717915,-0.0024606723359717913,-0.0028606723359717915,-0.0038606723359717915,vol_managed_momentum__missing,fold_2025,2025
2025-09-12,30,6,6,-0.008725268600990018,-0.009176544147441233,0.00022563777322560756,1.0,0.0,2.0,0.00022563777322560756,-0.0003743622267743924,-0.0007743622267743925,-0.0017743622267743925,vol_managed_momentum__missing,fold_2025,2025
2025-09-19,30,6,6,-0.0011214552514313668,0.014820120683934632,-0.007970787967683,1.0,0.0,2.0,-0.007970787967683,-0.008570787967683,-0.008970787967683,-0.009970787967683,vol_managed_momentum__missing,fold_2025,2025
2025-09-26,30,6,6,-0.0019246635046771664,0.013588858392057748,-0.007756760948367457,1.0,0.0,2.0,-0.007756760948367457,-0.008356760948367457,-0.008756760948367456,-0.009756760948367457,vol_managed_momentum__missing,fold_2025,2025
2025-10-13,30,6,6,-0.009679442453695652,0.018394105626528167,-0.014036774040111909,1.0,0.0,2.0,-0.014036774040111909,-0.014636774040111909,-0.01503677404011191,-0.01603677404011191,vol_managed_momentum__missing,fold_2025,2025
2025-10-20,30,6,6,0.01626273490873525,-0.009894342507996185,0.013078538708365717,1.0,0.0,2.0,0.013078538708365717,0.012478538708365718,0.012078538708365717,0.011078538708365717,vol_managed_momentum__missing,fold_2025,2025
2025-10-27,30,6,6,-0.0036671327961840337,0.002981589654639483,-0.0033243612254117583,1.0,0.0,2.0,-0.0033243612254117583,-0.003924361225411758,-0.004324361225411758,-0.005324361225411758,vol_managed_momentum__missing,fold_2025,2025
2025-11-03,30,6,6,0.007028989898778916,0.0011507681810089346,0.002939110858884991,1.0,0.0,2.0,0.002939110858884991,0.002339110858884991,0.0019391108588849909,0.0009391108588849909,vol_managed_momentum__missing,fold_2025,2025
2025-11-10,30,6,6,0.00019128413961836654,0.0007793811584215337,-0.00029404850940158357,1.0,0.0,2.0,-0.00029404850940158357,-0.0008940485094015836,-0.0012940485094015835,-0.0022940485094015838,vol_managed_momentum__missing,fold_2025,2025
2025-11-17,30,6,6,-0.008360079258358266,0.0019480626612953837,-0.005154070959826825,1.0,0.0,2.0,-0.005154070959826825,-0.005754070959826825,-0.006154070959826825,-0.007154070959826825,vol_managed_momentum__missing,fold_2025,2025
2025-11-24,30,6,6,0.015452806013379283,0.027751933698168457,-0.006149563842394587,1.0,0.0,2.0,-0.006149563842394587,-0.0067495638423945865,-0.007149563842394587,-0.008149563842394587,vol_managed_momentum__missing,fold_2025,2025
2025-12-01,30,6,6,0.001069490256261501,0.0043766118249291336,-0.0016535607843338163,1.0,0.0,2.0,-0.0016535607843338163,-0.002253560784333816,-0.0026535607843338163,-0.0036535607843338164,vol_managed_momentum__missing,fold_2025,2025
2025-12-08,30,6,6,-0.0016668708379587492,0.018018225342415182,-0.009842548090186965,1.0,0.0,2.0,-0.009842548090186965,-0.010442548090186965,-0.010842548090186966,-0.011842548090186965,vol_managed_momentum__missing,fold_2025,2025
2025-12-15,30,6,6,0.010940177992106934,0.0229013241673235,-0.005980573087608283,1.0,0.0,2.0,-0.005980573087608283,-0.006580573087608283,-0.006980573087608283,-0.007980573087608283,vol_managed_momentum__missing,fold_2025,2025
2025-12-22,30,6,6,0.012249848924108886,0.031180981499353954,-0.009465566287622535,1.0,0.0,2.0,-0.009465566287622535,-0.010065566287622535,-0.010465566287622536,-0.011465566287622535,vol_managed_momentum__missing,fold_2025,2025
2025-01-02,30,6,6,-0.012820933098265134,-0.0038859034460356837,-0.004467514826114725,1.0,0.0,2.0,-0.004467514826114725,-0.005067514826114725,-0.005467514826114725,-0.006467514826114725,idiosyncratic_volatility_60__csz,fold_2025,2025
2025-01-09,30,6,6,0.019550732016217834,0.02486447641587695,-0.0026568721998295585,1.0,0.0,2.0,-0.0026568721998295585,-0.0032568721998295583,-0.0036568721998295585,-0.0046568721998295586,idiosyncratic_volatility_60__csz,fold_2025,2025
2025-01-16,30,6,6,-0.003426051946615116,-0.007962691983975883,0.0022683200186803835,1.0,0.0,2.0,0.0022683200186803835,0.0016683200186803837,0.0012683200186803835,0.00026832001868038347,idiosyncratic_volatility_60__csz,fold_2025,2025
2025-01-23,30,6,6,0.029291194256212766,0.008383902970169249,0.010453645643021758,1.0,0.0,2.0,0.010453645643021758,0.009853645643021759,0.009453645643021757,0.008453645643021758,idiosyncratic_volatility_60__csz,fold_2025,2025
2025-02-07,30,6,6,0.005387423706098984,0.003571648400361751,0.0009078876528686164,1.0,0.0,2.0,0.0009078876528686164,0.00030788765286861644,-9.211234713138363e-05,-0.0010921123471313837,idiosyncratic_volatility_60__csz,fold_2025,2025
2025-02-14,30,6,6,0.019193690489379366,0.0005284864810124664,0.00933260200418345,1.0,0.0,2.0,0.00933260200418345,0.00873260200418345,0.00833260200418345,0.007332602004183449,idiosyncratic_volatility_60__csz,fold_2025,2025
2025-02-21,30,6,6,-0.009091233862255617,-0.0035936656387083993,-0.0027487841117736084,1.0,0.0,2.0,-0.0027487841117736084,-0.003348784111773608,-0.0037487841117736084,-0.004748784111773608,idiosyncratic_volatility_60__csz,fold_2025,2025
2025-02-28,30,6,6,-0.015381607696673683,0.0049703333917675,-0.010175970544220592,1.0,0.0,2.0,-0.010175970544220592,-0.010775970544220592,-0.011175970544220593,-0.012175970544220592,idiosyncratic_volatility_60__csz,fold_2025,2025
2025-03-07,30,6,6,0.0301070148433628,0.002931880152347833,0.013587567345507484,1.0,0.0,2.0,0.013587567345507484,0.012987567345507484,0.012587567345507485,0.011587567345507484,idiosyncratic_volatility_60__csz,fold_2025,2025
2025-03-14,30,6,6,-0.030024236114291798,-0.00773666944022425,-0.011143783337033773,1.0,0.0,2.0,-0.011143783337033773,-0.011743783337033773,-0.012143783337033774,-0.013143783337033773,idiosyncratic_volatility_60__csz,fold_2025,2025
2025-03-21,30,6,6,0.020477804015055303,-0.00036108742761161686,0.01041944572133346,1.0,0.0,2.0,0.01041944572133346,0.00981944572133346,0.00941944572133346,0.00841944572133346,idiosyncratic_volatility_60__csz,fold_2025,2025
2025-03-28,30,6,6,-0.043248131730594434,-0.03795933267454225,-0.0026443995280260937,1.0,0.0,2.0,-0.0026443995280260937,-0.0032443995280260936,-0.0036443995280260938,-0.004644399528026094,idiosyncratic_volatility_60__csz,fold_2025,2025
2025-04-07,30,6,6,-0.0072436273414462,-0.0018490693275582002,-0.002697279006944,1.0,0.0,2.0,-0.002697279006944,-0.003297279006944,-0.003697279006944,-0.004697279006944,idiosyncratic_volatility_60__csz,fold_2025,2025
2025-04-14,30,6,6,-0.011570277867087616,-0.007691889171316016,-0.0019391943478857996,1.0,0.0,2.0,-0.0019391943478857996,-0.0025391943478857994,-0.0029391943478857996,-0.0039391943478858,idiosyncratic_volatility_60__csz,fold_2025,2025
2025-04-21,30,6,6,-0.00681956681045555,0.0017163401907901836,-0.004267953500622867,1.0,0.0,2.0,-0.004267953500622867,-0.0048679535006228665,-0.005267953500622867,-0.006267953500622867,idiosyncratic_volatility_60__csz,fold_2025,2025
2025-04-28,30,6,6,-0.02205424367139755,-0.015256766852633469,-0.0033987384093820405,1.0,0.0,2.0,-0.0033987384093820405,-0.00399873840938204,-0.0043987384093820405,-0.005398738409382041,idiosyncratic_volatility_60__csz,fold_2025,2025
2025-05-08,30,6,6,-0.015203165383059833,0.022404769996715982,-0.01880396768988791,1.0,0.0,2.0,-0.01880396768988791,-0.01940396768988791,-0.01980396768988791,-0.02080396768988791,idiosyncratic_volatility_60__csz,fold_2025,2025
2025-05-15,30,6,6,-0.0054245004036480825,-0.012275688092242484,0.003425593844297201,1.0,0.0,2.0,0.003425593844297201,0.002825593844297201,0.002425593844297201,0.001425593844297201,idiosyncratic_volatility_60__csz,fold_2025,2025
2025-05-22,30,6,6,-0.024638360220385735,-0.0064707070086244,-0.009083826605880668,1.0,0.0,2.0,-0.009083826605880668,-0.009683826605880668,-0.01008382660588067,-0.011083826605880668,idiosyncratic_volatility_60__csz,fold_2025,2025
2025-05-29,30,6,6,0.007179041395536767,0.001102073439096,0.0030384839782203834,1.0,0.0,2.0,0.0030384839782203834,0.0024384839782203836,0.0020384839782203834,0.0010384839782203834,idiosyncratic_volatility_60__csz,fold_2025,2025
2025-06-06,30,6,6,0.008051407962569401,0.014015966204291049,-0.002982279120860824,1.0,0.0,2.0,-0.002982279120860824,-0.003582279120860824,-0.003982279120860824,-0.004982279120860824,idiosyncratic_volatility_60__csz,fold_2025,2025
2025-06-13,30,6,6,0.005495165933666832,0.009939005926273515,-0.0022219199963033416,1.0,0.0,2.0,-0.0022219199963033416,-0.0028219199963033415,-0.0032219199963033416,-0.004221919996303341,idiosyncratic_volatility_60__csz,fold_2025,2025
2025-06-20,30,6,6,0.011596698561012352,-0.0021020240785270157,0.006849361319769684,1.0,0.0,2.0,0.006849361319769684,0.006249361319769684,0.005849361319769684,0.004849361319769684,idiosyncratic_volatility_60__csz,fold_2025,2025
2025-06-27,30,6,6,0.0009825692832274502,-0.0017088803714315499,0.0013457248273295,1.0,0.0,2.0,0.0013457248273295,0.0007457248273295001,0.0003457248273295,-0.0006542751726705,idiosyncratic_volatility_60__csz,fold_2025,2025
2025-07-04,30,6,6,0.02825281699727915,-0.0020964840681081676,0.01517465053269366,1.0,0.0,2.0,0.01517465053269366,0.01457465053269366,0.01417465053269366,0.01317465053269366,idiosyncratic_volatility_60__csz,fold_2025,2025
2025-07-11,30,6,6,0.0167520848853552,0.0073758836688002,0.0046881006082775,1.0,0.0,2.0,0.0046881006082775,0.0040881006082775,0.0036881006082775,0.0026881006082775,idiosyncratic_volatility_60__csz,fold_2025,2025
2025-07-18,30,6,6,0.09766119814842221,0.020265615545095886,0.03869779130166316,1.0,0.0,2.0,0.03869779130166316,0.03809779130166316,0.03769779130166316,0.03669779130166316,idiosyncratic_volatility_60__csz,fold_2025,2025
2025-07-25,30,6,6,-0.0728325058826061,-0.0094136258425597,-0.031709440020023204,1.0,0.0,2.0,-0.031709440020023204,-0.03230944002002321,-0.032709440020023205,-0.033709440020023206,idiosyncratic_volatility_60__csz,fold_2025,2025
2025-08-01,30,6,6,0.032771288449380015,-0.012426098772767083,0.02259869361107355,1.0,0.0,2.0,0.02259869361107355,0.02199869361107355,0.021598693611073548,0.020598693611073547,idiosyncratic_volatility_60__csz,fold_2025,2025
2025-08-08,30,6,6,0.0178299814066091,-0.0008708265002624335,0.009350403953435766,1.0,0.0,2.0,0.009350403953435766,0.008750403953435766,0.008350403953435767,0.007350403953435766,idiosyncratic_volatility_60__csz,fold_2025,2025
2025-08-15,30,6,6,-0.02788936593710208,-0.001054994879519683,-0.013417185528791198,1.0,0.0,2.0,-0.013417185528791198,-0.014017185528791198,-0.014417185528791197,-0.015417185528791198,idiosyncratic_volatility_60__csz,fold_2025,2025
2025-08-22,30,6,6,-0.016135845693439465,-0.001955021346378733,-0.007090412173530366,1.0,0.0,2.0,-0.007090412173530366,-0.007690412173530366,-0.008090412173530365,-0.009090412173530366,idiosyncratic_volatility_60__csz,fold_2025,2025
2025-08-29,30,6,6,0.016392592345275136,-0.00596594129025475,0.011179266817764943,1.0,0.0,2.0,0.011179266817764943,0.010579266817764943,0.010179266817764942,0.009179266817764943,idiosyncratic_volatility_60__csz,fold_2025,2025
2025-09-05,30,6,6,0.0005738013965592169,-0.0010996841079070003,0.0008367427522331086,1.0,0.0,2.0,0.0008367427522331086,0.00023674275223310867,-0.0001632572477668914,-0.0011632572477668914,idiosyncratic_volatility_60__csz,fold_2025,2025
2025-09-12,30,6,6,0.033287649291456285,-0.0066592009712263325,0.01997342513134131,1.0,0.0,2.0,0.01997342513134131,0.01937342513134131,0.018973425131341308,0.017973425131341307,idiosyncratic_volatility_60__csz,fold_2025,2025
2025-09-19,30,6,6,-0.01067411852958875,-0.0003701702157986834,-0.005151974156895033,1.0,0.0,2.0,-0.005151974156895033,-0.0057519741568950325,-0.006151974156895033,-0.007151974156895033,idiosyncratic_volatility_60__csz,fold_2025,2025
2025-09-26,30,6,6,-0.009620609174184867,-0.0242373094535308,0.007308350139672966,1.0,0.0,2.0,0.007308350139672966,0.006708350139672966,0.006308350139672966,0.005308350139672966,idiosyncratic_volatility_60__csz,fold_2025,2025
2025-10-13,30,6,6,0.017490614952432516,-0.0080942304672138,0.012792422709823158,1.0,0.0,2.0,0.012792422709823158,0.012192422709823158,0.011792422709823159,0.010792422709823158,idiosyncratic_volatility_60__csz,fold_2025,2025
2025-10-20,30,6,6,0.00037469324785465,0.01863503635784055,-0.00913017155499295,1.0,0.0,2.0,-0.00913017155499295,-0.00973017155499295,-0.010130171554992951,-0.01113017155499295,idiosyncratic_volatility_60__csz,fold_2025,2025
2025-10-27,30,6,6,-0.003597428904015683,-0.0075323593299343,0.001967465212959309,1.0,0.0,2.0,0.001967465212959309,0.001367465212959309,0.0009674652129593089,-3.253478704069116e-05,idiosyncratic_volatility_60__csz,fold_2025,2025
2025-11-03,30,6,6,0.0016059347601670999,-0.01654217155208075,0.009074053156123925,1.0,0.0,2.0,0.009074053156123925,0.008474053156123925,0.008074053156123924,0.007074053156123925,idiosyncratic_volatility_60__csz,fold_2025,2025
2025-11-10,30,6,6,-0.01048268448642995,-0.002137093976639767,-0.004172795254895091,1.0,0.0,2.0,-0.004172795254895091,-0.004772795254895091,-0.005172795254895091,-0.006172795254895091,idiosyncratic_volatility_60__csz,fold_2025,2025
2025-11-17,30,6,6,-0.022926776325414067,-0.010466573235561783,-0.006230101544926142,1.0,0.0,2.0,-0.006230101544926142,-0.006830101544926141,-0.007230101544926142,-0.008230101544926142,idiosyncratic_volatility_60__csz,fold_2025,2025
2025-11-24,30,6,6,0.02620827823664097,0.010096128498650566,0.008056074868995202,1.0,0.0,2.0,0.008056074868995202,0.007456074868995202,0.007056074868995202,0.006056074868995202,idiosyncratic_volatility_60__csz,fold_2025,2025
2025-12-01,30,6,6,-0.01869842517673955,-0.012755200527526031,-0.00297161232460676,1.0,0.0,2.0,-0.00297161232460676,-0.00357161232460676,-0.00397161232460676,-0.00497161232460676,idiosyncratic_volatility_60__csz,fold_2025,2025
2025-12-08,30,6,6,0.006114326887279701,-0.009140941389066784,0.007627634138173242,1.0,0.0,2.0,0.007627634138173242,0.007027634138173242,0.006627634138173242,0.005627634138173242,idiosyncratic_volatility_60__csz,fold_2025,2025
2025-12-15,30,6,6,0.04233354661472047,-0.0094568677089672,0.025895207161843833,1.0,0.0,2.0,0.025895207161843833,0.025295207161843834,0.024895207161843833,0.02389520716184383,idiosyncratic_volatility_60__csz,fold_2025,2025
2025-12-22,30,6,6,0.008203036699676534,0.021216239308615898,-0.006506601304469682,1.0,0.0,2.0,-0.006506601304469682,-0.007106601304469682,-0.007506601304469682,-0.008506601304469681,idiosyncratic_volatility_60__csz,fold_2025,2025
2025-01-02,30,6,6,-0.008643717017779867,0.002678744855383467,-0.005661230936581667,1.0,0.0,2.0,-0.005661230936581667,-0.006261230936581667,-0.006661230936581667,-0.007661230936581667,idiosyncratic_volatility_60__missing,fold_2025,2025
2025-01-09,30,6,6,0.0075445210942481486,0.018594971169530666,-0.005525225037641258,1.0,0.0,2.0,-0.005525225037641258,-0.006125225037641258,-0.006525225037641258,-0.007525225037641258,idiosyncratic_volatility_60__missing,fold_2025,2025
2025-01-16,30,6,6,-0.010761841957401931,-0.010041264596301166,-0.0003602886805503828,1.0,0.0,2.0,-0.0003602886805503828,-0.0009602886805503828,-0.0013602886805503828,-0.002360288680550383,idiosyncratic_volatility_60__missing,fold_2025,2025
2025-01-23,30,6,6,0.026902164920274117,0.022760400240047135,0.0020708823401134908,1.0,0.0,2.0,0.0020708823401134908,0.001470882340113491,0.0010708823401134908,7.088234011349073e-05,idiosyncratic_volatility_60__missing,fold_2025,2025
2025-02-07,30,6,6,0.0034579360473451504,0.014863603764137085,-0.005702833858395967,1.0,0.0,2.0,-0.005702833858395967,-0.006302833858395967,-0.006702833858395967,-0.007702833858395967,idiosyncratic_volatility_60__missing,fold_2025,2025
2025-02-14,30,6,6,-0.0019584202884222503,-0.005546947229154684,0.0017942634703662168,1.0,0.0,2.0,0.0017942634703662168,0.001194263470366217,0.0007942634703662168,-0.0002057365296337832,idiosyncratic_volatility_60__missing,fold_2025,2025
2025-02-21,30,6,6,-0.01620415741924312,-0.01981034273051052,0.0018030926556336993,1.0,0.0,2.0,0.0018030926556336993,0.0012030926556336995,0.0008030926556336993,-0.00019690734436630074,idiosyncratic_volatility_60__missing,fold_2025,2025
2025-02-28,30,6,6,0.0017574808783526665,0.005772026116737082,-0.002007272619192208,1.0,0.0,2.0,-0.002007272619192208,-0.002607272619192208,-0.003007272619192208,-0.004007272619192208,idiosyncratic_volatility_60__missing,fold_2025,2025
2025-03-07,30,6,6,0.01790988762657575,0.01117074853885155,0.0033695695438620997,1.0,0.0,2.0,0.0033695695438620997,0.0027695695438621,0.0023695695438620996,0.0013695695438620996,idiosyncratic_volatility_60__missing,fold_2025,2025
2025-03-14,30,6,6,-0.00670018249429645,-0.005378130145819351,-0.0006610261742385497,1.0,0.0,2.0,-0.0006610261742385497,-0.0012610261742385495,-0.0016610261742385497,-0.0026610261742385497,idiosyncratic_volatility_60__missing,fold_2025,2025
2025-03-21,30,6,6,0.008953652940416067,0.010443650073667751,-0.0007449985666258419,1.0,0.0,2.0,-0.0007449985666258419,-0.0013449985666258418,-0.001744998566625842,-0.002744998566625842,idiosyncratic_volatility_60__missing,fold_2025,2025
2025-03-28,30,6,6,-0.05285900986506967,-0.042894403238588376,-0.004982303313240646,1.0,0.0,2.0,-0.004982303313240646,-0.0055823033132406455,-0.005982303313240646,-0.006982303313240646,idiosyncratic_volatility_60__missing,fold_2025,2025
2025-04-07,30,6,6,0.0006071785515274665,0.015950776796268846,-0.00767179912237069,1.0,0.0,2.0,-0.00767179912237069,-0.00827179912237069,-0.00867179912237069,-0.00967179912237069,idiosyncratic_volatility_60__missing,fold_2025,2025
2025-04-14,30,6,6,-0.00027935445437895037,0.013286368781465817,-0.006782861617922384,1.0,0.0,2.0,-0.006782861617922384,-0.0073828616179223835,-0.007782861617922384,-0.008782861617922383,idiosyncratic_volatility_60__missing,fold_2025,2025
2025-04-21,30,6,6,0.0040523527979588825,0.002419965293180782,0.0008161937523890504,1.0,0.0,2.0,0.0008161937523890504,0.00021619375238905042,-0.00018380624761094966,-0.0011838062476109497,idiosyncratic_volatility_60__missing,fold_2025,2025
2025-04-28,30,6,6,-0.00718951193955315,-0.003936962928007667,-0.0016262745057727414,1.0,0.0,2.0,-0.0016262745057727414,-0.0022262745057727413,-0.0026262745057727415,-0.0036262745057727415,idiosyncratic_volatility_60__missing,fold_2025,2025
2025-05-08,30,6,6,0.019815468992626633,0.0028483170635519007,0.008483575964537367,1.0,0.0,2.0,0.008483575964537367,0.007883575964537367,0.007483575964537367,0.006483575964537367,idiosyncratic_volatility_60__missing,fold_2025,2025
2025-05-15,30,6,6,-0.008674213807957432,0.010849661334130331,-0.00976193757104388,1.0,0.0,2.0,-0.00976193757104388,-0.01036193757104388,-0.010761937571043882,-0.01176193757104388,idiosyncratic_volatility_60__missing,fold_2025,2025
2025-05-22,30,6,6,-0.00954213346398895,-0.0035272785088116504,-0.003007427477588649,1.0,0.0,2.0,-0.003007427477588649,-0.003607427477588649,-0.004007427477588649,-0.005007427477588649,idiosyncratic_volatility_60__missing,fold_2025,2025
2025-05-29,30,6,6,-0.0005790636159993161,0.014508581917736768,-0.007543822766868042,1.0,0.0,2.0,-0.007543822766868042,-0.008143822766868042,-0.00854382276686804,-0.009543822766868042,idiosyncratic_volatility_60__missing,fold_2025,2025
2025-06-06,30,6,6,0.0033019887739572508,0.019711426020677814,-0.008204718623360282,1.0,0.0,2.0,-0.008204718623360282,-0.008804718623360281,-0.00920471862336028,-0.010204718623360282,idiosyncratic_volatility_60__missing,fold_2025,2025
2025-06-13,30,6,6,0.0173628603516897,-0.0011935753651476004,0.00927821785841865,1.0,0.0,2.0,0.00927821785841865,0.00867821785841865,0.00827821785841865,0.00727821785841865,idiosyncratic_volatility_60__missing,fold_2025,2025
2025-06-20,30,6,6,0.0023028730457931674,-0.008058875973531167,0.005180874509662167,1.0,0.0,2.0,0.005180874509662167,0.004580874509662167,0.004180874509662167,0.003180874509662167,idiosyncratic_volatility_60__missing,fold_2025,2025
2025-06-27,30,6,6,-0.00785162858114365,0.005339474566943615,-0.006595551574043632,1.0,0.0,2.0,-0.006595551574043632,-0.007195551574043632,-0.007595551574043632,-0.008595551574043632,idiosyncratic_volatility_60__missing,fold_2025,2025
2025-07-04,30,6,6,0.0020300883267077665,0.0042093070008472665,-0.00108960933706975,1.0,0.0,2.0,-0.00108960933706975,-0.00168960933706975,-0.00208960933706975,-0.00308960933706975,idiosyncratic_volatility_60__missing,fold_2025,2025
2025-07-11,30,6,6,0.007227328275879533,0.011489358573184434,-0.0021310151486524506,1.0,0.0,2.0,-0.0021310151486524506,-0.0027310151486524504,-0.0031310151486524506,-0.004131015148652451,idiosyncratic_volatility_60__missing,fold_2025,2025
2025-07-18,30,6,6,0.029617424693904177,-0.0029559740183212665,0.01628669935611272,1.0,0.0,2.0,0.01628669935611272,0.01568669935611272,0.01528669935611272,0.01428669935611272,idiosyncratic_volatility_60__missing,fold_2025,2025
2025-07-25,30,6,6,-0.027846398976976383,-0.013499312316345819,-0.007173543330315282,1.0,0.0,2.0,-0.007173543330315282,-0.007773543330315282,-0.008173543330315282,-0.009173543330315281,idiosyncratic_volatility_60__missing,fold_2025,2025
2025-08-01,30,6,6,0.0014243173537378667,0.0005787767275901495,0.0004227703130738586,1.0,0.0,2.0,0.0004227703130738586,-0.00017722968692614134,-0.0005772296869261415,-0.0015772296869261415,idiosyncratic_volatility_60__missing,fold_2025,2025
2025-08-08,30,6,6,0.0025939619157738327,-0.0022418809471628676,0.00241792143146835,1.0,0.0,2.0,0.00241792143146835,0.0018179214314683503,0.0014179214314683501,0.0004179214314683501,idiosyncratic_volatility_60__missing,fold_2025,2025
2025-08-15,30,6,6,0.0012950442177015996,-0.002338449687004533,0.0018167469523530664,1.0,0.0,2.0,0.0018167469523530664,0.0012167469523530665,0.0008167469523530663,-0.00018325304764693368,idiosyncratic_volatility_60__missing,fold_2025,2025
2025-08-22,30,6,6,-0.0019313791185518994,0.012935063055888084,-0.007433221087219992,1.0,0.0,2.0,-0.007433221087219992,-0.008033221087219992,-0.008433221087219993,-0.009433221087219992,idiosyncratic_volatility_60__missing,fold_2025,2025
2025-08-29,30,6,6,-0.0084443572778612,0.013571207026897333,-0.011007782152379266,1.0,0.0,2.0,-0.011007782152379266,-0.011607782152379266,-0.012007782152379267,-0.013007782152379266,idiosyncratic_volatility_60__missing,fold_2025,2025
2025-09-05,30,6,6,-0.0005762771760395334,0.0031450674959040497,-0.0018606723359717915,1.0,0.0,2.0,-0.0018606723359717915,-0.0024606723359717913,-0.0028606723359717915,-0.0038606723359717915,idiosyncratic_volatility_60__missing,fold_2025,2025
2025-09-12,30,6,6,-0.008725268600990018,-0.009176544147441233,0.00022563777322560756,1.0,0.0,2.0,0.00022563777322560756,-0.0003743622267743924,-0.0007743622267743925,-0.0017743622267743925,idiosyncratic_volatility_60__missing,fold_2025,2025
2025-09-19,30,6,6,-0.0011214552514313668,0.014820120683934632,-0.007970787967683,1.0,0.0,2.0,-0.007970787967683,-0.008570787967683,-0.008970787967683,-0.009970787967683,idiosyncratic_volatility_60__missing,fold_2025,2025
2025-09-26,30,6,6,-0.0019246635046771664,0.013588858392057748,-0.007756760948367457,1.0,0.0,2.0,-0.007756760948367457,-0.008356760948367457,-0.008756760948367456,-0.009756760948367457,idiosyncratic_volatility_60__missing,fold_2025,2025
2025-10-13,30,6,6,-0.009679442453695652,0.018394105626528167,-0.014036774040111909,1.0,0.0,2.0,-0.014036774040111909,-0.014636774040111909,-0.01503677404011191,-0.01603677404011191,idiosyncratic_volatility_60__missing,fold_2025,2025
2025-10-20,30,6,6,0.01626273490873525,-0.009894342507996185,0.013078538708365717,1.0,0.0,2.0,0.013078538708365717,0.012478538708365718,0.012078538708365717,0.011078538708365717,idiosyncratic_volatility_60__missing,fold_2025,2025
2025-10-27,30,6,6,-0.0036671327961840337,0.002981589654639483,-0.0033243612254117583,1.0,0.0,2.0,-0.0033243612254117583,-0.003924361225411758,-0.004324361225411758,-0.005324361225411758,idiosyncratic_volatility_60__missing,fold_2025,2025
2025-11-03,30,6,6,0.007028989898778916,0.0011507681810089346,0.002939110858884991,1.0,0.0,2.0,0.002939110858884991,0.002339110858884991,0.0019391108588849909,0.0009391108588849909,idiosyncratic_volatility_60__missing,fold_2025,2025
2025-11-10,30,6,6,0.00019128413961836654,0.0007793811584215337,-0.00029404850940158357,1.0,0.0,2.0,-0.00029404850940158357,-0.0008940485094015836,-0.0012940485094015835,-0.0022940485094015838,idiosyncratic_volatility_60__missing,fold_2025,2025
2025-11-17,30,6,6,-0.008360079258358266,0.0019480626612953837,-0.005154070959826825,1.0,0.0,2.0,-0.005154070959826825,-0.005754070959826825,-0.006154070959826825,-0.007154070959826825,idiosyncratic_volatility_60__missing,fold_2025,2025
2025-11-24,30,6,6,0.015452806013379283,0.027751933698168457,-0.006149563842394587,1.0,0.0,2.0,-0.006149563842394587,-0.0067495638423945865,-0.007149563842394587,-0.008149563842394587,idiosyncratic_volatility_60__missing,fold_2025,2025
2025-12-01,30,6,6,0.001069490256261501,0.0043766118249291336,-0.0016535607843338163,1.0,0.0,2.0,-0.0016535607843338163,-0.002253560784333816,-0.0026535607843338163,-0.0036535607843338164,idiosyncratic_volatility_60__missing,fold_2025,2025
2025-12-08,30,6,6,-0.0016668708379587492,0.018018225342415182,-0.009842548090186965,1.0,0.0,2.0,-0.009842548090186965,-0.010442548090186965,-0.010842548090186966,-0.011842548090186965,idiosyncratic_volatility_60__missing,fold_2025,2025
2025-12-15,30,6,6,0.010940177992106934,0.0229013241673235,-0.005980573087608283,1.0,0.0,2.0,-0.005980573087608283,-0.006580573087608283,-0.006980573087608283,-0.007980573087608283,idiosyncratic_volatility_60__missing,fold_2025,2025
2025-12-22,30,6,6,0.012249848924108886,0.031180981499353954,-0.009465566287622535,1.0,0.0,2.0,-0.009465566287622535,-0.010065566287622535,-0.010465566287622536,-0.011465566287622535,idiosyncratic_volatility_60__missing,fold_2025,2025
2025-01-02,30,6,6,-0.0144664967094549,-0.02672601120433797,0.006129757247441536,1.0,0.0,2.0,0.006129757247441536,0.005529757247441536,0.0051297572474415356,0.0041297572474415355,term_structure_slope__csz,fold_2025,2025
2025-01-09,30,6,6,0.036936720391565266,0.043008254753214285,-0.00303576718082451,1.0,0.0,2.0,-0.00303576718082451,-0.0036357671808245097,-0.00403576718082451,-0.00503576718082451,term_structure_slope__csz,fold_2025,2025
2025-01-16,30,6,6,-0.006266509535776299,-0.005121692807031731,-0.000572408364372284,1.0,0.0,2.0,-0.000572408364372284,-0.0011724083643722839,-0.001572408364372284,-0.002572408364372284,term_structure_slope__csz,fold_2025,2025
2025-01-23,30,6,6,0.018503107813336202,0.0037233245382650667,0.007389891637535568,1.0,0.0,2.0,0.007389891637535568,0.006789891637535568,0.006389891637535568,0.005389891637535568,term_structure_slope__csz,fold_2025,2025
2025-02-07,30,6,6,-0.00451677627762035,-0.009618260050057134,0.002550741886218392,1.0,0.0,2.0,0.002550741886218392,0.0019507418862183923,0.001550741886218392,0.0005507418862183921,term_structure_slope__csz,fold_2025,2025
2025-02-14,30,6,6,0.0179636953492492,0.021975113495326753,-0.002005709073038776,1.0,0.0,2.0,-0.002005709073038776,-0.002605709073038776,-0.003005709073038776,-0.004005709073038776,term_structure_slope__csz,fold_2025,2025
2025-02-21,30,6,6,-0.02416322907330498,0.0009511320141069344,-0.012557180543705958,1.0,0.0,2.0,-0.012557180543705958,-0.013157180543705958,-0.013557180543705957,-0.014557180543705958,term_structure_slope__csz,fold_2025,2025
2025-02-28,30,6,6,-0.0186429178297195,-0.021014024814033968,0.001185553492157234,1.0,0.0,2.0,0.001185553492157234,0.0005855534921572341,0.000185553492157234,-0.000814446507842766,term_structure_slope__csz,fold_2025,2025
2025-03-07,30,6,6,0.003203235161343632,0.0045141865785601,-0.0006554757086082339,1.0,0.0,2.0,-0.0006554757086082339,-0.001255475708608234,-0.001655475708608234,-0.0026554757086082337,term_structure_slope__csz,fold_2025,2025
2025-03-14,30,6,6,-0.002081044274422551,-0.025016686028299068,0.011467820876938258,1.0,0.0,2.0,0.011467820876938258,0.010867820876938258,0.010467820876938257,0.009467820876938258,term_structure_slope__csz,fold_2025,2025
2025-03-21,30,6,6,0.013775665922762382,-0.0029554013401095,0.008365533631435941,1.0,0.0,2.0,0.008365533631435941,0.0077655336314359415,0.007365533631435941,0.006365533631435941,term_structure_slope__csz,fold_2025,2025
2025-03-28,30,6,6,-0.06617378843759993,-0.022894205916629332,-0.0216397912604853,1.0,0.0,2.0,-0.0216397912604853,-0.0222397912604853,-0.0226397912604853,-0.0236397912604853,term_structure_slope__csz,fold_2025,2025
2025-04-07,30,6,6,0.0030768411482059335,-0.01773419006463967,0.010405515606422801,1.0,0.0,2.0,0.010405515606422801,0.009805515606422802,0.0094055156064228,0.008405515606422801,term_structure_slope__csz,fold_2025,2025
2025-04-14,30,6,6,-0.003294652815324001,-0.016445142938841084,0.006575245061758541,1.0,0.0,2.0,0.006575245061758541,0.0059752450617585415,0.005575245061758541,0.004575245061758541,term_structure_slope__csz,fold_2025,2025
2025-04-21,30,6,6,0.006144519126336484,-0.0033501728314963004,0.004747345978916392,1.0,0.0,2.0,0.004747345978916392,0.004147345978916393,0.0037473459789163924,0.0027473459789163924,term_structure_slope__csz,fold_2025,2025
2025-04-28,30,6,6,-0.03048537968406965,-0.027423047123224048,-0.0015311662804228018,1.0,0.0,2.0,-0.0015311662804228018,-0.0021311662804228016,-0.002531166280422802,-0.003531166280422802,term_structure_slope__csz,fold_2025,2025
2025-05-08,30,6,6,0.0196738206399964,0.021776017429273584,-0.0010510983946385912,1.0,0.0,2.0,-0.0010510983946385912,-0.001651098394638591,-0.0020510983946385912,-0.0030510983946385913,term_structure_slope__csz,fold_2025,2025
2025-05-15,30,6,6,-0.00222887604954895,-0.01893850566395607,0.00835481480720356,1.0,0.0,2.0,0.00835481480720356,0.00775481480720356,0.0073548148072035595,0.0063548148072035595,term_structure_slope__csz,fold_2025,2025
2025-05-22,30,6,6,0.0012720301493243833,-0.02634306214502395,0.013807546147174167,1.0,0.0,2.0,0.013807546147174167,0.013207546147174168,0.012807546147174168,0.011807546147174167,term_structure_slope__csz,fold_2025,2025
2025-05-29,30,6,6,-0.007040433478993216,0.024948385416102933,-0.015994409447548076,1.0,0.0,2.0,-0.015994409447548076,-0.016594409447548076,-0.016994409447548077,-0.017994409447548078,term_structure_slope__csz,fold_2025,2025
2025-06-06,30,6,6,0.03477174015037438,0.012091285046128934,0.011340227552122724,1.0,0.0,2.0,0.011340227552122724,0.010740227552122724,0.010340227552122723,0.009340227552122724,term_structure_slope__csz,fold_2025,2025
2025-06-13,30,6,6,0.020312637603461983,0.0077647552015142176,0.006273941200973883,1.0,0.0,2.0,0.006273941200973883,0.005673941200973883,0.005273941200973883,0.004273941200973883,term_structure_slope__csz,fold_2025,2025
2025-06-20,30,6,6,-0.05371321733652612,0.015722293000449684,-0.0347177551684879,1.0,0.0,2.0,-0.0347177551684879,-0.035317755168487903,-0.0357177551684879,-0.0367177551684879,term_structure_slope__csz,fold_2025,2025
2025-06-27,30,6,6,0.0015462625640587828,0.0053827948319807,-0.0019182661339609587,1.0,0.0,2.0,-0.0019182661339609587,-0.0025182661339609586,-0.0029182661339609587,-0.003918266133960959,term_structure_slope__csz,fold_2025,2025
2025-07-04,30,6,6,0.01472119119563265,0.026547436182139828,-0.005913122493253589,1.0,0.0,2.0,-0.005913122493253589,-0.006513122493253589,-0.006913122493253589,-0.007913122493253589,term_structure_slope__csz,fold_2025,2025
2025-07-11,30,6,6,0.02442750166893805,0.011745994151602934,0.006340753758667559,1.0,0.0,2.0,0.006340753758667559,0.005740753758667559,0.005340753758667559,0.004340753758667559,term_structure_slope__csz,fold_2025,2025
2025-07-18,30,6,6,-0.004558503452788733,0.1445377230985993,-0.07454811327569402,1.0,0.0,2.0,-0.07454811327569402,-0.07514811327569403,-0.07554811327569402,-0.07654811327569402,term_structure_slope__csz,fold_2025,2025
2025-07-25,30,6,6,-0.0016076847654955494,-0.09579061256817056,0.047091463901337505,1.0,0.0,2.0,0.047091463901337505,0.0464914639013375,0.046091463901337504,0.0450914639013375,term_structure_slope__csz,fold_2025,2025
2025-08-01,30,6,6,-0.009332281174059365,0.023717066422514952,-0.01652467379828716,1.0,0.0,2.0,-0.01652467379828716,-0.01712467379828716,-0.01752467379828716,-0.018524673798287157,term_structure_slope__csz,fold_2025,2025
2025-08-08,30,6,6,-0.008255038822454734,0.010586482835759052,-0.009420760829106893,1.0,0.0,2.0,-0.009420760829106893,-0.010020760829106893,-0.010420760829106892,-0.011420760829106893,term_structure_slope__csz,fold_2025,2025
2025-08-15,30,6,6,-0.006806755823849316,-0.034673774524942046,0.013933509350546365,1.0,0.0,2.0,0.013933509350546365,0.013333509350546365,0.012933509350546366,0.011933509350546365,term_structure_slope__csz,fold_2025,2025
2025-08-22,30,6,6,-0.0043774391746426,-0.01994207896394115,0.007782319894649276,1.0,0.0,2.0,0.007782319894649276,0.007182319894649276,0.006782319894649276,0.005782319894649276,term_structure_slope__csz,fold_2025,2025
2025-08-29,30,6,6,-0.0017784816512044163,0.006990528832011983,-0.0043845052416082,1.0,0.0,2.0,-0.0043845052416082,-0.0049845052416082,-0.0053845052416082,-0.0063845052416082,term_structure_slope__csz,fold_2025,2025
2025-09-05,30,6,6,-0.004260608871278834,-0.009456398934647482,0.0025978950316843242,1.0,0.0,2.0,0.0025978950316843242,0.0019978950316843244,0.0015978950316843242,0.0005978950316843242,term_structure_slope__csz,fold_2025,2025
2025-09-12,30,6,6,-0.00234944593271845,0.01739014599895373,-0.00986979596583609,1.0,0.0,2.0,-0.00986979596583609,-0.01046979596583609,-0.01086979596583609,-0.01186979596583609,term_structure_slope__csz,fold_2025,2025
2025-09-19,30,6,6,-0.009475983160114651,-0.014431718526870835,0.002477867683378092,1.0,0.0,2.0,0.002477867683378092,0.001877867683378092,0.0014778676833780919,0.00047786768337809184,term_structure_slope__csz,fold_2025,2025
2025-09-26,30,6,6,-0.015314312827076118,-0.02507552643075853,0.004880606801841206,1.0,0.0,2.0,0.004880606801841206,0.0042806068018412064,0.0038806068018412063,0.0028806068018412062,term_structure_slope__csz,fold_2025,2025
2025-10-13,30,6,6,-0.018708230265070402,0.0004132736923581337,-0.009560751978714269,1.0,0.0,2.0,-0.009560751978714269,-0.010160751978714268,-0.01056075197871427,-0.011560751978714269,term_structure_slope__csz,fold_2025,2025
2025-10-20,30,6,6,0.023589653761326563,0.016607338917338097,0.003491157421994233,1.0,0.0,2.0,0.003491157421994233,0.002891157421994233,0.002491157421994233,0.0014911574219942329,term_structure_slope__csz,fold_2025,2025
2025-10-27,30,6,6,-0.0038920689138266843,-0.010383676815303798,0.0032458039507385567,1.0,0.0,2.0,0.0032458039507385567,0.002645803950738557,0.0022458039507385567,0.0012458039507385566,term_structure_slope__csz,fold_2025,2025
2025-11-03,30,6,6,-0.0012342367100286005,-0.0012275820314415662,-3.3273392935171276e-06,1.0,0.0,2.0,-3.3273392935171276e-06,-0.0006033273392935171,-0.0010033273392935171,-0.002003327339293517,term_structure_slope__csz,fold_2025,2025
2025-11-10,30,6,6,-0.0048779800595079165,-0.010445425412828531,0.0027837226766603074,1.0,0.0,2.0,0.0027837226766603074,0.0021837226766603076,0.0017837226766603074,0.0007837226766603074,term_structure_slope__csz,fold_2025,2025
2025-11-17,30,6,6,-0.008120569069086349,-0.014192019272330566,0.0030357251016221087,1.0,0.0,2.0,0.0030357251016221087,0.002435725101622109,0.0020357251016221087,0.0010357251016221087,term_structure_slope__csz,fold_2025,2025
2025-11-24,30,6,6,0.011463660524039451,0.003606920866391234,0.0039283698288241084,1.0,0.0,2.0,0.0039283698288241084,0.0033283698288241086,0.0029283698288241084,0.0019283698288241084,term_structure_slope__csz,fold_2025,2025
2025-12-01,30,6,6,-0.00024423468918136705,-0.039023967457883633,0.019389866384351133,1.0,0.0,2.0,0.019389866384351133,0.018789866384351133,0.018389866384351132,0.01738986638435113,term_structure_slope__csz,fold_2025,2025
2025-12-08,30,6,6,-0.005073331356859033,-0.014963518953130167,0.004945093798135567,1.0,0.0,2.0,0.004945093798135567,0.004345093798135568,0.003945093798135567,0.0029450937981355674,term_structure_slope__csz,fold_2025,2025
2025-12-15,30,6,6,-0.0023182140183896,0.021657938226925747,-0.011988076122657674,1.0,0.0,2.0,-0.011988076122657674,-0.012588076122657674,-0.012988076122657673,-0.013988076122657674,term_structure_slope__csz,fold_2025,2025
2025-12-22,30,6,6,0.012965472994780083,0.0007962344668112843,0.0060846192639844,1.0,0.0,2.0,0.0060846192639844,0.0054846192639844,0.0050846192639844,0.0040846192639844,term_structure_slope__csz,fold_2025,2025
2025-01-02,30,6,6,-0.008643717017779867,0.002678744855383467,-0.005661230936581667,1.0,0.0,2.0,-0.005661230936581667,-0.006261230936581667,-0.006661230936581667,-0.007661230936581667,term_structure_slope__missing,fold_2025,2025
2025-01-09,30,6,6,0.018991654025871465,0.018594971169530666,0.00019834142817039963,1.0,0.0,2.0,0.00019834142817039963,-0.0004016585718296003,-0.0008016585718296004,-0.0018016585718296004,term_structure_slope__missing,fold_2025,2025
2025-01-16,30,6,6,-0.01377211210050778,-0.010041264596301166,-0.0018654237521033073,1.0,0.0,2.0,-0.0018654237521033073,-0.002465423752103307,-0.0028654237521033073,-0.0038654237521033074,term_structure_slope__missing,fold_2025,2025
2025-01-23,30,6,6,0.02174532887753873,0.022760400240047135,-0.0005075356812542023,1.0,0.0,2.0,-0.0005075356812542023,-0.0011075356812542021,-0.0015075356812542023,-0.0025075356812542023,term_structure_slope__missing,fold_2025,2025
2025-02-07,30,6,6,-0.009736689898182485,0.014863603764137085,-0.012300146831159785,1.0,0.0,2.0,-0.012300146831159785,-0.012900146831159785,-0.013300146831159786,-0.014300146831159785,term_structure_slope__missing,fold_2025,2025
2025-02-14,30,6,6,0.004879471955829883,-0.005546947229154684,0.005213209592492283,1.0,0.0,2.0,0.005213209592492283,0.004613209592492284,0.004213209592492283,0.0032132095924922834,term_structure_slope__missing,fold_2025,2025
2025-02-21,30,6,6,-0.014894102937311532,-0.01981034273051052,0.0024581198965994934,1.0,0.0,2.0,0.0024581198965994934,0.0018581198965994935,0.0014581198965994933,0.0004581198965994933,term_structure_slope__missing,fold_2025,2025
2025-02-28,30,6,6,-0.009685532195392983,0.005772026116737082,-0.007728779156065032,1.0,0.0,2.0,-0.007728779156065032,-0.008328779156065032,-0.008728779156065031,-0.009728779156065032,term_structure_slope__missing,fold_2025,2025
2025-03-07,30,6,6,0.0014745776678014993,0.01117074853885155,-0.004848085435525025,1.0,0.0,2.0,-0.004848085435525025,-0.005448085435525025,-0.005848085435525025,-0.006848085435525025,term_structure_slope__missing,fold_2025,2025
2025-03-14,30,6,6,-0.012675802270710135,-0.005378130145819351,-0.003648836062445392,1.0,0.0,2.0,-0.003648836062445392,-0.004248836062445392,-0.0046488360624453925,-0.005648836062445392,term_structure_slope__missing,fold_2025,2025
2025-03-21,30,6,6,0.010606412496088265,0.010443650073667751,8.138121121025691e-05,1.0,0.0,2.0,8.138121121025691e-05,-0.000518618788789743,-0.0009186187887897431,-0.0019186187887897431,term_structure_slope__missing,fold_2025,2025
2025-03-28,30,6,6,-0.04324284158125261,-0.042894403238588376,-0.0001742191713321184,1.0,0.0,2.0,-0.0001742191713321184,-0.0007742191713321183,-0.0011742191713321184,-0.0021742191713321184,term_structure_slope__missing,fold_2025,2025
2025-04-07,30,6,6,-0.0003999289020203834,0.015950776796268846,-0.008175352849144614,1.0,0.0,2.0,-0.008175352849144614,-0.008775352849144614,-0.009175352849144613,-0.010175352849144614,term_structure_slope__missing,fold_2025,2025
2025-04-14,30,6,6,-0.00027935445437895037,0.013286368781465817,-0.006782861617922384,1.0,0.0,2.0,-0.006782861617922384,-0.0073828616179223835,-0.007782861617922384,-0.008782861617922383,term_structure_slope__missing,fold_2025,2025
2025-04-21,30,6,6,0.0040523527979588825,0.002419965293180782,0.0008161937523890504,1.0,0.0,2.0,0.0008161937523890504,0.00021619375238905042,-0.00018380624761094966,-0.0011838062476109497,term_structure_slope__missing,fold_2025,2025
2025-04-28,30,6,6,-0.00718951193955315,-0.003936962928007667,-0.0016262745057727414,1.0,0.0,2.0,-0.0016262745057727414,-0.0022262745057727413,-0.0026262745057727415,-0.0036262745057727415,term_structure_slope__missing,fold_2025,2025
2025-05-08,30,6,6,0.019815468992626633,0.0028483170635519007,0.008483575964537367,1.0,0.0,2.0,0.008483575964537367,0.007883575964537367,0.007483575964537367,0.006483575964537367,term_structure_slope__missing,fold_2025,2025
2025-05-15,30,6,6,-0.015653949623053665,0.010849661334130331,-0.013251805478591998,1.0,0.0,2.0,-0.013251805478591998,-0.013851805478591998,-0.014251805478591999,-0.015251805478591998,term_structure_slope__missing,fold_2025,2025
2025-05-22,30,6,6,-0.013443150657073832,-0.0035272785088116504,-0.004957936074131091,1.0,0.0,2.0,-0.004957936074131091,-0.0055579360741310905,-0.005957936074131091,-0.006957936074131091,term_structure_slope__missing,fold_2025,2025
2025-05-29,30,6,6,-0.002619416604665949,0.014508581917736768,-0.008563999261201358,1.0,0.0,2.0,-0.008563999261201358,-0.009163999261201358,-0.00956399926120136,-0.010563999261201358,term_structure_slope__missing,fold_2025,2025
2025-06-06,30,6,6,0.0024258722304876497,0.019711426020677814,-0.008642776895095083,1.0,0.0,2.0,-0.008642776895095083,-0.009242776895095083,-0.009642776895095084,-0.010642776895095083,term_structure_slope__missing,fold_2025,2025
2025-06-13,30,6,6,0.017376331872818417,-0.0011935753651476004,0.00928495361898301,1.0,0.0,2.0,0.00928495361898301,0.00868495361898301,0.008284953618983008,0.007284953618983009,term_structure_slope__missing,fold_2025,2025
2025-06-20,30,6,6,0.00999725703156725,-0.008058875973531167,0.009028066502549208,1.0,0.0,2.0,0.009028066502549208,0.008428066502549209,0.008028066502549207,0.007028066502549208,term_structure_slope__missing,fold_2025,2025
2025-06-27,30,6,6,-0.006995498648121451,0.005339474566943615,-0.006167486607532533,1.0,0.0,2.0,-0.006167486607532533,-0.006767486607532533,-0.007167486607532533,-0.008167486607532533,term_structure_slope__missing,fold_2025,2025
2025-07-04,30,6,6,0.017273600262344067,0.0042093070008472665,0.0065321466307484005,1.0,0.0,2.0,0.0065321466307484005,0.005932146630748401,0.0055321466307484005,0.0045321466307484005,term_structure_slope__missing,fold_2025,2025
2025-07-11,30,6,6,0.008854870288739347,0.011489358573184434,-0.0013172441422225432,1.0,0.0,2.0,-0.0013172441422225432,-0.001917244142222543,-0.002317244142222543,-0.003317244142222543,term_structure_slope__missing,fold_2025,2025
2025-07-18,30,6,6,0.029617424693904177,-0.0029559740183212665,0.01628669935611272,1.0,0.0,2.0,0.01628669935611272,0.01568669935611272,0.01528669935611272,0.01428669935611272,term_structure_slope__missing,fold_2025,2025
2025-07-25,30,6,6,-0.027846398976976383,-0.013499312316345819,-0.007173543330315282,1.0,0.0,2.0,-0.007173543330315282,-0.007773543330315282,-0.008173543330315282,-0.009173543330315281,term_structure_slope__missing,fold_2025,2025
2025-08-01,30,6,6,0.0014243173537378667,0.0005787767275901495,0.0004227703130738586,1.0,0.0,2.0,0.0004227703130738586,-0.00017722968692614134,-0.0005772296869261415,-0.0015772296869261415,term_structure_slope__missing,fold_2025,2025
2025-08-08,30,6,6,0.0025939619157738327,-0.0022418809471628676,0.00241792143146835,1.0,0.0,2.0,0.00241792143146835,0.0018179214314683503,0.0014179214314683501,0.0004179214314683501,term_structure_slope__missing,fold_2025,2025
2025-08-15,30,6,6,0.0012950442177015996,-0.002338449687004533,0.0018167469523530664,1.0,0.0,2.0,0.0018167469523530664,0.0012167469523530665,0.0008167469523530663,-0.00018325304764693368,term_structure_slope__missing,fold_2025,2025
2025-08-22,30,6,6,-0.0019313791185518994,0.012935063055888084,-0.007433221087219992,1.0,0.0,2.0,-0.007433221087219992,-0.008033221087219992,-0.008433221087219993,-0.009433221087219992,term_structure_slope__missing,fold_2025,2025
2025-08-29,30,6,6,-0.0084443572778612,0.013571207026897333,-0.011007782152379266,1.0,0.0,2.0,-0.011007782152379266,-0.011607782152379266,-0.012007782152379267,-0.013007782152379266,term_structure_slope__missing,fold_2025,2025
2025-09-05,30,6,6,-0.0021246779439276667,0.0031450674959040497,-0.002634872719915858,1.0,0.0,2.0,-0.002634872719915858,-0.003234872719915858,-0.003634872719915858,-0.004634872719915858,term_structure_slope__missing,fold_2025,2025
2025-09-12,30,6,6,0.0061121252888253,-0.009176544147441233,0.007644334718133266,1.0,0.0,2.0,0.007644334718133266,0.007044334718133267,0.006644334718133266,0.005644334718133266,term_structure_slope__missing,fold_2025,2025
2025-09-19,30,6,6,-0.007983058233723967,0.014820120683934632,-0.0114015894588293,1.0,0.0,2.0,-0.0114015894588293,-0.0120015894588293,-0.012401589458829299,-0.0134015894588293,term_structure_slope__missing,fold_2025,2025
2025-09-26,30,6,6,-0.01208789513602638,0.013588858392057748,-0.012838376764042064,1.0,0.0,2.0,-0.012838376764042064,-0.013438376764042064,-0.013838376764042065,-0.014838376764042064,term_structure_slope__missing,fold_2025,2025
2025-10-13,30,6,6,-0.0004289816933339338,0.018394105626528167,-0.00941154365993105,1.0,0.0,2.0,-0.00941154365993105,-0.01001154365993105,-0.01041154365993105,-0.01141154365993105,term_structure_slope__missing,fold_2025,2025
2025-10-20,30,6,6,0.01732515173845507,-0.009894342507996185,0.013609747123225626,1.0,0.0,2.0,0.013609747123225626,0.013009747123225626,0.012609747123225625,0.011609747123225626,term_structure_slope__missing,fold_2025,2025
2025-10-27,30,6,6,-0.0035162371099217997,0.002981589654639483,-0.003248913382280641,1.0,0.0,2.0,-0.003248913382280641,-0.003848913382280641,-0.004248913382280641,-0.005248913382280641,term_structure_slope__missing,fold_2025,2025
2025-11-03,30,6,6,0.0028458280729325,0.0011507681810089346,0.0008475299459617828,1.0,0.0,2.0,0.0008475299459617828,0.0002475299459617829,-0.0001524700540382172,-0.001152470054038217,term_structure_slope__missing,fold_2025,2025
2025-11-10,30,6,6,-0.0045705508976703335,0.0007793811584215337,-0.0026749660280459336,1.0,0.0,2.0,-0.0026749660280459336,-0.0032749660280459334,-0.0036749660280459336,-0.004674966028045934,term_structure_slope__missing,fold_2025,2025
2025-11-17,30,6,6,-0.018564751224902382,0.0019480626612953837,-0.010256406943098883,1.0,0.0,2.0,-0.010256406943098883,-0.010856406943098883,-0.011256406943098884,-0.012256406943098883,term_structure_slope__missing,fold_2025,2025
2025-11-24,30,6,6,0.015452806013379283,0.027751933698168457,-0.006149563842394587,1.0,0.0,2.0,-0.006149563842394587,-0.0067495638423945865,-0.007149563842394587,-0.008149563842394587,term_structure_slope__missing,fold_2025,2025
2025-12-01,30,6,6,0.001069490256261501,0.0043766118249291336,-0.0016535607843338163,1.0,0.0,2.0,-0.0016535607843338163,-0.002253560784333816,-0.0026535607843338163,-0.0036535607843338164,term_structure_slope__missing,fold_2025,2025
2025-12-08,30,6,6,-0.0016668708379587492,0.018018225342415182,-0.009842548090186965,1.0,0.0,2.0,-0.009842548090186965,-0.010442548090186965,-0.010842548090186966,-0.011842548090186965,term_structure_slope__missing,fold_2025,2025
2025-12-15,30,6,6,0.010940177992106934,0.0229013241673235,-0.005980573087608283,1.0,0.0,2.0,-0.005980573087608283,-0.006580573087608283,-0.006980573087608283,-0.007980573087608283,term_structure_slope__missing,fold_2025,2025
2025-12-22,30,6,6,0.012249848924108886,0.031180981499353954,-0.009465566287622535,1.0,0.0,2.0,-0.009465566287622535,-0.010065566287622535,-0.010465566287622536,-0.011465566287622535,term_structure_slope__missing,fold_2025,2025
2025-01-02,30,6,6,-0.01507143425909025,-0.023755840541413453,0.004342203141161601,1.0,0.0,2.0,0.004342203141161601,0.003742203141161601,0.003342203141161601,0.002342203141161601,term_structure_momentum__csz,fold_2025,2025
2025-01-09,30,6,6,0.04434702620341835,0.0187219490192489,0.012812538592084725,1.0,0.0,2.0,0.012812538592084725,0.012212538592084725,0.011812538592084726,0.010812538592084725,term_structure_momentum__csz,fold_2025,2025
2025-01-16,30,6,6,-0.017321175232998517,-0.0053612585793091985,-0.0059799583268446595,1.0,0.0,2.0,-0.0059799583268446595,-0.006579958326844659,-0.0069799583268446595,-0.00797995832684466,term_structure_momentum__csz,fold_2025,2025
2025-01-23,30,6,6,0.008722347984887885,0.024086296008301616,-0.007681974011706866,1.0,0.0,2.0,-0.007681974011706866,-0.008281974011706866,-0.008681974011706867,-0.009681974011706866,term_structure_momentum__csz,fold_2025,2025
2025-02-07,30,6,6,-0.00208458939943195,-0.012749348309728082,0.005332379455148066,1.0,0.0,2.0,0.005332379455148066,0.004732379455148066,0.004332379455148066,0.003332379455148066,term_structure_momentum__csz,fold_2025,2025
2025-02-14,30,6,6,0.0185122980496937,0.016442140324847865,0.0010350788624229178,1.0,0.0,2.0,0.0010350788624229178,0.0004350788624229179,3.507886242291782e-05,-0.0009649211375770822,term_structure_momentum__csz,fold_2025,2025
2025-02-21,30,6,6,-0.022188866644966734,-0.02284313886722693,0.0003271361111300986,1.0,0.0,2.0,0.0003271361111300986,-0.00027286388886990133,-0.0006728638888699014,-0.0016728638888699014,term_structure_momentum__csz,fold_2025,2025
2025-02-28,30,6,6,-0.030686224201874446,-0.022144720726231266,-0.00427075173782159,1.0,0.0,2.0,-0.00427075173782159,-0.00487075173782159,-0.00527075173782159,-0.00627075173782159,term_structure_momentum__csz,fold_2025,2025
2025-03-07,30,6,6,-0.0006818536063485001,0.0022047794278445497,-0.001443316517096525,1.0,0.0,2.0,-0.001443316517096525,-0.0020433165170965248,-0.002443316517096525,-0.003443316517096525,term_structure_momentum__csz,fold_2025,2025
2025-03-14,30,6,6,-0.024708073438881234,-0.0024604713664189673,-0.011123801036231134,1.0,0.0,2.0,-0.011123801036231134,-0.011723801036231133,-0.012123801036231133,-0.013123801036231134,term_structure_momentum__csz,fold_2025,2025
2025-03-21,30,6,6,-0.0033726997583998822,0.008568664124672666,-0.0059706819415362745,1.0,0.0,2.0,-0.0059706819415362745,-0.006570681941536274,-0.0069706819415362746,-0.007970681941536275,term_structure_momentum__csz,fold_2025,2025
2025-03-28,30,6,6,-0.018283275977408354,-0.021055997739687114,0.0013863608811393799,1.0,0.0,2.0,0.0013863608811393799,0.0007863608811393799,0.00038636088113937987,-0.0006136391188606202,term_structure_momentum__csz,fold_2025,2025
2025-04-07,30,6,6,0.0009727301736803838,0.0017994661450766343,-0.00041336798569812527,1.0,0.0,2.0,-0.00041336798569812527,-0.0010133679856981252,-0.0014133679856981253,-0.002413367985698125,term_structure_momentum__csz,fold_2025,2025
2025-04-14,30,6,6,-0.01577168916856358,-0.004844223013078716,-0.005463733077742432,1.0,0.0,2.0,-0.005463733077742432,-0.006063733077742432,-0.0064637330777424324,-0.0074637330777424325,term_structure_momentum__csz,fold_2025,2025
2025-04-21,30,6,6,-0.0019372795163841835,0.012907952170795834,-0.007422615843590009,1.0,0.0,2.0,-0.007422615843590009,-0.008022615843590009,-0.008422615843590008,-0.009422615843590009,term_structure_momentum__csz,fold_2025,2025
2025-04-28,30,6,6,-0.026110475536725283,-0.02259152826347118,-0.0017594736366270524,1.0,0.0,2.0,-0.0017594736366270524,-0.0023594736366270522,-0.0027594736366270524,-0.0037594736366270524,term_structure_momentum__csz,fold_2025,2025
2025-05-08,30,6,6,0.014973869584590916,0.008812268597001318,0.003080800493794799,1.0,0.0,2.0,0.003080800493794799,0.0024808004937947993,0.002080800493794799,0.0010808004937947991,term_structure_momentum__csz,fold_2025,2025
2025-05-15,30,6,6,-0.015525664025348615,-0.004813169239371583,-0.0053562473929885165,1.0,0.0,2.0,-0.0053562473929885165,-0.005956247392988516,-0.0063562473929885165,-0.0073562473929885165,term_structure_momentum__csz,fold_2025,2025
2025-05-22,30,6,6,-0.02110519576617645,-0.0041685109998116,-0.008468342383182424,1.0,0.0,2.0,-0.008468342383182424,-0.009068342383182423,-0.009468342383182424,-0.010468342383182424,term_structure_momentum__csz,fold_2025,2025
2025-05-29,30,6,6,0.004420590162417733,0.009593056754332684,-0.0025862332959574754,1.0,0.0,2.0,-0.0025862332959574754,-0.0031862332959574752,-0.0035862332959574754,-0.004586233295957476,term_structure_momentum__csz,fold_2025,2025
2025-06-06,30,6,6,0.005868463685191083,0.058709709650301034,-0.026420622982554976,1.0,0.0,2.0,-0.026420622982554976,-0.027020622982554976,-0.027420622982554977,-0.028420622982554974,term_structure_momentum__csz,fold_2025,2025
2025-06-13,30,6,6,0.022098265682816934,0.013520225368982,0.004289020156917467,1.0,0.0,2.0,0.004289020156917467,0.003689020156917467,0.003289020156917467,0.002289020156917467,term_structure_momentum__csz,fold_2025,2025
2025-06-20,30,6,6,-0.04138405932087263,-0.023340377059732118,-0.009021841130570255,1.0,0.0,2.0,-0.009021841130570255,-0.009621841130570255,-0.010021841130570256,-0.011021841130570255,term_structure_momentum__csz,fold_2025,2025
2025-06-27,30,6,6,-0.0011818476103501003,0.0045489329077328,-0.00286539025904145,1.0,0.0,2.0,-0.00286539025904145,-0.00346539025904145,-0.00386539025904145,-0.0048653902590414504,term_structure_momentum__csz,fold_2025,2025
2025-07-04,30,6,6,0.0033799934973167338,0.02996233894759993,-0.013291172725141598,1.0,0.0,2.0,-0.013291172725141598,-0.013891172725141598,-0.014291172725141597,-0.015291172725141598,term_structure_momentum__csz,fold_2025,2025
2025-07-11,30,6,6,0.011878337421230433,0.010335108627389266,0.0007716143969205835,1.0,0.0,2.0,0.0007716143969205835,0.0001716143969205836,-0.0002283856030794165,-0.0012283856030794165,term_structure_momentum__csz,fold_2025,2025
2025-07-18,30,6,6,-0.0094394761531986,0.031275686141095445,-0.020357581147147023,1.0,0.0,2.0,-0.020357581147147023,-0.020957581147147023,-0.021357581147147024,-0.022357581147147025,term_structure_momentum__csz,fold_2025,2025
2025-07-25,30,6,6,-0.040095915858274836,-0.024388666013461766,-0.007853624922406535,1.0,0.0,2.0,-0.007853624922406535,-0.008453624922406535,-0.008853624922406534,-0.009853624922406535,term_structure_momentum__csz,fold_2025,2025
2025-08-01,30,6,6,0.009989250342666884,0.003747206630479468,0.003121021856093708,1.0,0.0,2.0,0.003121021856093708,0.002521021856093708,0.002121021856093708,0.001121021856093708,term_structure_momentum__csz,fold_2025,2025
2025-08-08,30,6,6,7.513883478629975e-05,0.0020006621291874154,-0.0009627616472005578,1.0,0.0,2.0,-0.0009627616472005578,-0.0015627616472005577,-0.001962761647200558,-0.002962761647200558,term_structure_momentum__csz,fold_2025,2025
2025-08-15,30,6,6,-0.009380894626596767,-0.015363983840607132,0.0029915446070051827,1.0,0.0,2.0,0.0029915446070051827,0.002391544607005183,0.0019915446070051827,0.0009915446070051827,term_structure_momentum__csz,fold_2025,2025
2025-08-22,30,6,6,-0.0036805951435591,-0.010917997134738115,0.0036187009955895074,1.0,0.0,2.0,0.0036187009955895074,0.0030187009955895076,0.0026187009955895074,0.0016187009955895074,term_structure_momentum__csz,fold_2025,2025
2025-08-29,30,6,6,-0.0025434693712848505,0.003119444573355433,-0.0028314569723201415,1.0,0.0,2.0,-0.0028314569723201415,-0.0034314569723201413,-0.0038314569723201415,-0.0048314569723201415,term_structure_momentum__csz,fold_2025,2025
2025-09-05,30,6,6,0.0009652010971248334,-0.008071092533306984,0.0045181468152159085,1.0,0.0,2.0,0.0045181468152159085,0.003918146815215909,0.0035181468152159084,0.0025181468152159084,term_structure_momentum__csz,fold_2025,2025
2025-09-12,30,6,6,7.672504031635066e-05,0.014646104139695615,-0.007284689549689632,1.0,0.0,2.0,-0.007284689549689632,-0.007884689549689633,-0.008284689549689632,-0.009284689549689633,term_structure_momentum__csz,fold_2025,2025
2025-09-19,30,6,6,-0.013881407975022082,-0.008415144203011348,-0.002733131886005367,1.0,0.0,2.0,-0.002733131886005367,-0.0033331318860053668,-0.003733131886005367,-0.004733131886005367,term_structure_momentum__csz,fold_2025,2025
2025-09-26,30,6,6,-0.027766831273985784,-0.035257197092156446,0.003745182909085331,1.0,0.0,2.0,0.003745182909085331,0.003145182909085331,0.002745182909085331,0.001745182909085331,term_structure_momentum__csz,fold_2025,2025
2025-10-13,30,6,6,-0.008719560504178417,-0.010933059996143399,0.0011067497459824908,1.0,0.0,2.0,0.0011067497459824908,0.0005067497459824909,0.00010674974598249079,-0.0008932502540175092,term_structure_momentum__csz,fold_2025,2025
2025-10-20,30,6,6,0.014234761538989416,0.006448329625176483,0.0038932159569064666,1.0,0.0,2.0,0.0038932159569064666,0.0032932159569064668,0.0028932159569064666,0.0018932159569064666,term_structure_momentum__csz,fold_2025,2025
2025-10-27,30,6,6,-0.008489091107003934,0.008257089921679466,-0.008373090514341701,1.0,0.0,2.0,-0.008373090514341701,-0.0089730905143417,-0.009373090514341702,-0.010373090514341701,term_structure_momentum__csz,fold_2025,2025
2025-11-03,30,6,6,-0.0008456583907802502,-0.0133304646141894,0.006242403111704575,1.0,0.0,2.0,0.006242403111704575,0.005642403111704575,0.005242403111704575,0.004242403111704575,term_structure_momentum__csz,fold_2025,2025
2025-11-10,30,6,6,-0.009670019453105699,-0.008362387443805117,-0.0006538160046502912,1.0,0.0,2.0,-0.0006538160046502912,-0.001253816004650291,-0.0016538160046502912,-0.0026538160046502913,term_structure_momentum__csz,fold_2025,2025
2025-11-17,30,6,6,-0.015348482946183998,-0.0137823820532874,-0.0007830504464482989,1.0,0.0,2.0,-0.0007830504464482989,-0.0013830504464482987,-0.001783050446448299,-0.002783050446448299,term_structure_momentum__csz,fold_2025,2025
2025-11-24,30,6,6,0.002552279626127867,0.0017136954038304841,0.0004192921111486915,1.0,0.0,2.0,0.0004192921111486915,-0.00018070788885130842,-0.0005807078888513085,-0.0015807078888513085,term_structure_momentum__csz,fold_2025,2025
2025-12-01,30,6,6,-0.010600157841395482,-0.017983526662442097,0.003691684410523308,1.0,0.0,2.0,0.003691684410523308,0.003091684410523308,0.002691684410523308,0.0016916844105233078,term_structure_momentum__csz,fold_2025,2025
2025-12-08,30,6,6,-0.00813536741077825,-0.010222315556798986,0.0010434740730103685,1.0,0.0,2.0,0.0010434740730103685,0.0004434740730103686,4.347407301036853e-05,-0.0009565259269896315,term_structure_momentum__csz,fold_2025,2025
2025-12-15,30,6,6,0.0027652177341176334,0.025321705334284805,-0.011278243800083586,1.0,0.0,2.0,-0.011278243800083586,-0.011878243800083586,-0.012278243800083587,-0.013278243800083587,term_structure_momentum__csz,fold_2025,2025
2025-12-22,30,6,6,0.0010602827113924994,0.007991837363511134,-0.0034657773260593173,1.0,0.0,2.0,-0.0034657773260593173,-0.004065777326059317,-0.004465777326059317,-0.005465777326059317,term_structure_momentum__csz,fold_2025,2025
2025-01-02,30,6,6,-0.03482850992567003,0.002678744855383467,-0.018753627390526748,1.0,0.0,2.0,-0.018753627390526748,-0.019353627390526748,-0.01975362739052675,-0.020753627390526747,term_structure_momentum__missing,fold_2025,2025
2025-01-09,30,6,6,0.030344621424457402,0.018594971169530666,0.005874825127463368,1.0,0.0,2.0,0.005874825127463368,0.005274825127463368,0.004874825127463368,0.003874825127463368,term_structure_momentum__missing,fold_2025,2025
2025-01-16,30,6,6,-0.017967613402397747,-0.010041264596301166,-0.003963174403048291,1.0,0.0,2.0,-0.003963174403048291,-0.004563174403048291,-0.004963174403048291,-0.005963174403048291,term_structure_momentum__missing,fold_2025,2025
2025-01-23,30,6,6,0.02174532887753873,0.022760400240047135,-0.0005075356812542023,1.0,0.0,2.0,-0.0005075356812542023,-0.0011075356812542021,-0.0015075356812542023,-0.0025075356812542023,term_structure_momentum__missing,fold_2025,2025
2025-02-07,30,6,6,-0.009736689898182485,0.014863603764137085,-0.012300146831159785,1.0,0.0,2.0,-0.012300146831159785,-0.012900146831159785,-0.013300146831159786,-0.014300146831159785,term_structure_momentum__missing,fold_2025,2025
2025-02-14,30,6,6,0.004879471955829883,-0.005546947229154684,0.005213209592492283,1.0,0.0,2.0,0.005213209592492283,0.004613209592492284,0.004213209592492283,0.0032132095924922834,term_structure_momentum__missing,fold_2025,2025
2025-02-21,30,6,6,-0.014894102937311532,-0.01981034273051052,0.0024581198965994934,1.0,0.0,2.0,0.0024581198965994934,0.0018581198965994935,0.0014581198965994933,0.0004581198965994933,term_structure_momentum__missing,fold_2025,2025
2025-02-28,30,6,6,-0.009685532195392983,0.005772026116737082,-0.007728779156065032,1.0,0.0,2.0,-0.007728779156065032,-0.008328779156065032,-0.008728779156065031,-0.009728779156065032,term_structure_momentum__missing,fold_2025,2025
2025-03-07,30,6,6,0.0014745776678014993,0.01117074853885155,-0.004848085435525025,1.0,0.0,2.0,-0.004848085435525025,-0.005448085435525025,-0.005848085435525025,-0.006848085435525025,term_structure_momentum__missing,fold_2025,2025
2025-03-14,30,6,6,-0.012675802270710135,-0.005378130145819351,-0.003648836062445392,1.0,0.0,2.0,-0.003648836062445392,-0.004248836062445392,-0.0046488360624453925,-0.005648836062445392,term_structure_momentum__missing,fold_2025,2025
2025-03-21,30,6,6,0.010606412496088265,0.010443650073667751,8.138121121025691e-05,1.0,0.0,2.0,8.138121121025691e-05,-0.000518618788789743,-0.0009186187887897431,-0.0019186187887897431,term_structure_momentum__missing,fold_2025,2025
2025-03-28,30,6,6,-0.040670690940895635,-0.042894403238588376,0.0011118561488463706,1.0,0.0,2.0,0.0011118561488463706,0.0005118561488463707,0.00011185614884637058,-0.0008881438511536294,term_structure_momentum__missing,fold_2025,2025
2025-04-07,30,6,6,-0.0016021136819895168,0.015950776796268846,-0.00877644523912918,1.0,0.0,2.0,-0.00877644523912918,-0.00937644523912918,-0.00977644523912918,-0.01077644523912918,term_structure_momentum__missing,fold_2025,2025
2025-04-14,30,6,6,-0.001961646914126034,0.013286368781465817,-0.007624007847795926,1.0,0.0,2.0,-0.007624007847795926,-0.008224007847795926,-0.008624007847795927,-0.009624007847795926,term_structure_momentum__missing,fold_2025,2025
2025-04-21,30,6,6,0.0031206712159984828,0.002419965293180782,0.0003503529614088505,1.0,0.0,2.0,0.0003503529614088505,-0.00024964703859114946,-0.0006496470385911495,-0.0016496470385911496,term_structure_momentum__missing,fold_2025,2025
2025-04-28,30,6,6,-0.016516875760041367,-0.003936962928007667,-0.0062899564160168505,1.0,0.0,2.0,-0.0062899564160168505,-0.00688995641601685,-0.0072899564160168505,-0.00828995641601685,term_structure_momentum__missing,fold_2025,2025
2025-05-08,30,6,6,0.01741097809057478,0.0028483170635519007,0.00728133051351144,1.0,0.0,2.0,0.00728133051351144,0.00668133051351144,0.00628133051351144,0.00528133051351144,term_structure_momentum__missing,fold_2025,2025
2025-05-15,30,6,6,-0.015653949623053665,0.010849661334130331,-0.013251805478591998,1.0,0.0,2.0,-0.013251805478591998,-0.013851805478591998,-0.014251805478591999,-0.015251805478591998,term_structure_momentum__missing,fold_2025,2025
2025-05-22,30,6,6,-0.013443150657073832,-0.0035272785088116504,-0.004957936074131091,1.0,0.0,2.0,-0.004957936074131091,-0.0055579360741310905,-0.005957936074131091,-0.006957936074131091,term_structure_momentum__missing,fold_2025,2025
2025-05-29,30,6,6,-0.002619416604665949,0.014508581917736768,-0.008563999261201358,1.0,0.0,2.0,-0.008563999261201358,-0.009163999261201358,-0.00956399926120136,-0.010563999261201358,term_structure_momentum__missing,fold_2025,2025
2025-06-06,30,6,6,0.0024258722304876497,0.019711426020677814,-0.008642776895095083,1.0,0.0,2.0,-0.008642776895095083,-0.009242776895095083,-0.009642776895095084,-0.010642776895095083,term_structure_momentum__missing,fold_2025,2025
2025-06-13,30,6,6,0.017376331872818417,-0.0011935753651476004,0.00928495361898301,1.0,0.0,2.0,0.00928495361898301,0.00868495361898301,0.008284953618983008,0.007284953618983009,term_structure_momentum__missing,fold_2025,2025
2025-06-20,30,6,6,0.00999725703156725,-0.008058875973531167,0.009028066502549208,1.0,0.0,2.0,0.009028066502549208,0.008428066502549209,0.008028066502549207,0.007028066502549208,term_structure_momentum__missing,fold_2025,2025
2025-06-27,30,6,6,-0.006995498648121451,0.005339474566943615,-0.006167486607532533,1.0,0.0,2.0,-0.006167486607532533,-0.006767486607532533,-0.007167486607532533,-0.008167486607532533,term_structure_momentum__missing,fold_2025,2025
2025-07-04,30,6,6,0.017273600262344067,0.0042093070008472665,0.0065321466307484005,1.0,0.0,2.0,0.0065321466307484005,0.005932146630748401,0.0055321466307484005,0.0045321466307484005,term_structure_momentum__missing,fold_2025,2025
2025-07-11,30,6,6,0.007638956431258282,0.011489358573184434,-0.0019252010709630758,1.0,0.0,2.0,-0.0019252010709630758,-0.0025252010709630756,-0.002925201070963076,-0.003925201070963075,term_structure_momentum__missing,fold_2025,2025
2025-07-18,30,6,6,0.07550474470816966,-0.0029559740183212665,0.03923035936324546,1.0,0.0,2.0,0.03923035936324546,0.03863035936324546,0.03823035936324546,0.03723035936324546,term_structure_momentum__missing,fold_2025,2025
2025-07-25,30,6,6,-0.061603583643263286,-0.013499312316345819,-0.024052135663458735,1.0,0.0,2.0,-0.024052135663458735,-0.024652135663458734,-0.025052135663458736,-0.026052135663458736,term_structure_momentum__missing,fold_2025,2025
2025-08-01,30,6,6,0.005995828311161633,0.0005787767275901495,0.002708525791785742,1.0,0.0,2.0,0.002708525791785742,0.002108525791785742,0.0017085257917857418,0.0007085257917857418,term_structure_momentum__missing,fold_2025,2025
2025-08-08,30,6,6,0.004257404141743934,-0.0022418809471628676,0.0032496425444534004,1.0,0.0,2.0,0.0032496425444534004,0.0026496425444534006,0.0022496425444534004,0.0012496425444534004,term_structure_momentum__missing,fold_2025,2025
2025-08-15,30,6,6,0.0012950442177015996,-0.002338449687004533,0.0018167469523530664,1.0,0.0,2.0,0.0018167469523530664,0.0012167469523530665,0.0008167469523530663,-0.00018325304764693368,term_structure_momentum__missing,fold_2025,2025
2025-08-22,30,6,6,-0.0019313791185518994,0.012935063055888084,-0.007433221087219992,1.0,0.0,2.0,-0.007433221087219992,-0.008033221087219992,-0.008433221087219993,-0.009433221087219992,term_structure_momentum__missing,fold_2025,2025
2025-08-29,30,6,6,-0.0084443572778612,0.013571207026897333,-0.011007782152379266,1.0,0.0,2.0,-0.011007782152379266,-0.011607782152379266,-0.012007782152379267,-0.013007782152379266,term_structure_momentum__missing,fold_2025,2025
2025-09-05,30,6,6,-0.0021246779439276667,0.0031450674959040497,-0.002634872719915858,1.0,0.0,2.0,-0.002634872719915858,-0.003234872719915858,-0.003634872719915858,-0.004634872719915858,term_structure_momentum__missing,fold_2025,2025
2025-09-12,30,6,6,0.0061121252888253,-0.009176544147441233,0.007644334718133266,1.0,0.0,2.0,0.007644334718133266,0.007044334718133267,0.006644334718133266,0.005644334718133266,term_structure_momentum__missing,fold_2025,2025
2025-09-19,30,6,6,-0.007983058233723967,0.014820120683934632,-0.0114015894588293,1.0,0.0,2.0,-0.0114015894588293,-0.0120015894588293,-0.012401589458829299,-0.0134015894588293,term_structure_momentum__missing,fold_2025,2025
2025-09-26,30,6,6,-0.01208789513602638,0.013588858392057748,-0.012838376764042064,1.0,0.0,2.0,-0.012838376764042064,-0.013438376764042064,-0.013838376764042065,-0.014838376764042064,term_structure_momentum__missing,fold_2025,2025
2025-10-13,30,6,6,-0.0004289816933339338,0.018394105626528167,-0.00941154365993105,1.0,0.0,2.0,-0.00941154365993105,-0.01001154365993105,-0.01041154365993105,-0.01141154365993105,term_structure_momentum__missing,fold_2025,2025
2025-10-20,30,6,6,0.01732515173845507,-0.009894342507996185,0.013609747123225626,1.0,0.0,2.0,0.013609747123225626,0.013009747123225626,0.012609747123225625,0.011609747123225626,term_structure_momentum__missing,fold_2025,2025
2025-10-27,30,6,6,-0.0035162371099217997,0.002981589654639483,-0.003248913382280641,1.0,0.0,2.0,-0.003248913382280641,-0.003848913382280641,-0.004248913382280641,-0.005248913382280641,term_structure_momentum__missing,fold_2025,2025
2025-11-03,30,6,6,0.0028458280729325,0.0011507681810089346,0.0008475299459617828,1.0,0.0,2.0,0.0008475299459617828,0.0002475299459617829,-0.0001524700540382172,-0.001152470054038217,term_structure_momentum__missing,fold_2025,2025
2025-11-10,30,6,6,-0.0045705508976703335,0.0007793811584215337,-0.0026749660280459336,1.0,0.0,2.0,-0.0026749660280459336,-0.0032749660280459334,-0.0036749660280459336,-0.004674966028045934,term_structure_momentum__missing,fold_2025,2025
2025-11-17,30,6,6,-0.018564751224902382,0.0019480626612953837,-0.010256406943098883,1.0,0.0,2.0,-0.010256406943098883,-0.010856406943098883,-0.011256406943098884,-0.012256406943098883,term_structure_momentum__missing,fold_2025,2025
2025-11-24,30,6,6,0.008419186344788651,0.027751933698168457,-0.009666373676689903,1.0,0.0,2.0,-0.009666373676689903,-0.010266373676689903,-0.010666373676689902,-0.011666373676689903,term_structure_momentum__missing,fold_2025,2025
2025-12-01,30,6,6,-0.013361321270059632,0.0043766118249291336,-0.008868966547494382,1.0,0.0,2.0,-0.008868966547494382,-0.009468966547494382,-0.009868966547494383,-0.010868966547494382,term_structure_momentum__missing,fold_2025,2025
2025-12-08,30,6,6,-0.012182427606794685,0.018018225342415182,-0.015100326474604932,1.0,0.0,2.0,-0.015100326474604932,-0.015700326474604932,-0.016100326474604933,-0.01710032647460493,term_structure_momentum__missing,fold_2025,2025
2025-12-15,30,6,6,0.018724459081941685,0.0229013241673235,-0.0020884325426909073,1.0,0.0,2.0,-0.0020884325426909073,-0.002688432542690907,-0.0030884325426909073,-0.004088432542690907,term_structure_momentum__missing,fold_2025,2025
2025-12-22,30,6,6,0.012249848924108886,0.031180981499353954,-0.009465566287622535,1.0,0.0,2.0,-0.009465566287622535,-0.010065566287622535,-0.010465566287622536,-0.011465566287622535,term_structure_momentum__missing,fold_2025,2025
2025-01-02,30,6,6,-0.023922978507020753,-0.007906708696464017,-0.008008134905278368,1.0,0.0,2.0,-0.008008134905278368,-0.008608134905278368,-0.009008134905278367,-0.010008134905278368,term_structure_acceleration__csz,fold_2025,2025
2025-01-09,30,6,6,0.0428617319718596,0.027874177720955,0.0074937771254523,1.0,0.0,2.0,0.0074937771254523,0.0068937771254523,0.0064937771254523,0.0054937771254523,term_structure_acceleration__csz,fold_2025,2025
2025-01-16,30,6,6,0.00047842862511401674,-0.006087715685040951,0.0032830721550774836,1.0,0.0,2.0,0.0032830721550774836,0.0026830721550774837,0.0022830721550774835,0.0012830721550774835,term_structure_acceleration__csz,fold_2025,2025
2025-01-23,30,6,6,0.012662290106244286,0.021832068758656606,-0.00458488932620616,1.0,0.0,2.0,-0.00458488932620616,-0.00518488932620616,-0.00558488932620616,-0.00658488932620616,term_structure_acceleration__csz,fold_2025,2025
2025-02-07,30,6,6,0.0026601003399555332,-0.010530186999657682,0.006595143669806607,1.0,0.0,2.0,0.006595143669806607,0.005995143669806607,0.005595143669806607,0.004595143669806607,term_structure_acceleration__csz,fold_2025,2025
2025-02-14,30,6,6,0.011257859811688517,0.013880757043724766,-0.0013114486160181243,1.0,0.0,2.0,-0.0013114486160181243,-0.0019114486160181242,-0.0023114486160181243,-0.0033114486160181244,term_structure_acceleration__csz,fold_2025,2025
2025-02-21,30,6,6,-0.01774470428001228,-0.012121225606932115,-0.002811739336540083,1.0,0.0,2.0,-0.002811739336540083,-0.0034117393365400827,-0.003811739336540083,-0.004811739336540083,term_structure_acceleration__csz,fold_2025,2025
2025-02-28,30,6,6,-0.013732168843339733,-0.018568682777211003,0.0024182569669356354,1.0,0.0,2.0,0.0024182569669356354,0.0018182569669356356,0.0014182569669356354,0.0004182569669356354,term_structure_acceleration__csz,fold_2025,2025
2025-03-07,30,6,6,0.0017355750667684162,0.0156614741005569,-0.006962949516894242,1.0,0.0,2.0,-0.006962949516894242,-0.007562949516894242,-0.007962949516894243,-0.008962949516894242,term_structure_acceleration__csz,fold_2025,2025
2025-03-14,30,6,6,-0.021501426546880965,-0.01156726510707935,-0.004967080719900807,1.0,0.0,2.0,-0.004967080719900807,-0.005567080719900807,-0.005967080719900807,-0.006967080719900807,term_structure_acceleration__csz,fold_2025,2025
2025-03-21,30,6,6,0.0007937090754197006,0.010054396068763084,-0.004630343496671692,1.0,0.0,2.0,-0.004630343496671692,-0.005230343496671692,-0.005630343496671692,-0.006630343496671692,term_structure_acceleration__csz,fold_2025,2025
2025-03-28,30,6,6,-0.03681945969872232,-0.03959914878988733,0.001389844545582504,1.0,0.0,2.0,0.001389844545582504,0.000789844545582504,0.00038984454558250396,-0.0006101554544174961,term_structure_acceleration__csz,fold_2025,2025
2025-04-07,30,6,6,0.005163067400393034,-0.009843603577494116,0.007503335488943575,1.0,0.0,2.0,0.007503335488943575,0.006903335488943575,0.006503335488943575,0.005503335488943575,term_structure_acceleration__csz,fold_2025,2025
2025-04-14,30,6,6,-0.0031987035817948664,-0.015341835271007851,0.0060715658446064925,1.0,0.0,2.0,0.0060715658446064925,0.005471565844606493,0.0050715658446064925,0.0040715658446064925,term_structure_acceleration__csz,fold_2025,2025
2025-04-21,30,6,6,-0.003362902573901866,0.018255263258842434,-0.01080908291637215,1.0,0.0,2.0,-0.01080908291637215,-0.01140908291637215,-0.01180908291637215,-0.01280908291637215,term_structure_acceleration__csz,fold_2025,2025
2025-04-28,30,6,6,-0.033003838124603065,-0.018877370505761337,-0.007063233809420864,1.0,0.0,2.0,-0.007063233809420864,-0.007663233809420864,-0.008063233809420863,-0.009063233809420864,term_structure_acceleration__csz,fold_2025,2025
2025-05-08,30,6,6,0.02045032679413655,0.013411403841618033,0.0035194614762592584,1.0,0.0,2.0,0.0035194614762592584,0.0029194614762592585,0.0025194614762592583,0.0015194614762592583,term_structure_acceleration__csz,fold_2025,2025
2025-05-15,30,6,6,-0.015525664025348615,0.003751611072806267,-0.009638637549077442,1.0,0.0,2.0,-0.009638637549077442,-0.010238637549077442,-0.010638637549077443,-0.011638637549077442,term_structure_acceleration__csz,fold_2025,2025
2025-05-22,30,6,6,-0.02110519576617645,-0.010822649752274233,-0.005141273006951108,1.0,0.0,2.0,-0.005141273006951108,-0.005741273006951108,-0.006141273006951108,-0.007141273006951108,term_structure_acceleration__csz,fold_2025,2025
2025-05-29,30,6,6,0.002109313319912867,0.0008260608109137498,0.0006416262544995585,1.0,0.0,2.0,0.0006416262544995585,4.162625449955859e-05,-0.0003583737455004415,-0.0013583737455004415,term_structure_acceleration__csz,fold_2025,2025
2025-06-06,30,6,6,0.01535483120107395,0.03862069003091608,-0.011632929414921066,1.0,0.0,2.0,-0.011632929414921066,-0.012232929414921066,-0.012632929414921067,-0.013632929414921066,term_structure_acceleration__csz,fold_2025,2025
2025-06-13,30,6,6,0.036339625721034885,0.017653095687915968,0.009343265016559459,1.0,0.0,2.0,0.009343265016559459,0.008743265016559459,0.008343265016559458,0.0073432650165594585,term_structure_acceleration__csz,fold_2025,2025
2025-06-20,30,6,6,-0.03953877655492583,-0.020053159278314567,-0.009742808638305633,1.0,0.0,2.0,-0.009742808638305633,-0.010342808638305633,-0.010742808638305634,-0.011742808638305633,term_structure_acceleration__csz,fold_2025,2025
2025-06-27,30,6,6,-0.0006191238208732167,0.0018667843268034832,-0.00124295407383835,1.0,0.0,2.0,-0.00124295407383835,-0.0018429540738383499,-0.00224295407383835,-0.00324295407383835,term_structure_acceleration__csz,fold_2025,2025
2025-07-04,30,6,6,-0.0013945699730474649,0.030731755249820178,-0.016063162611433823,1.0,0.0,2.0,-0.016063162611433823,-0.016663162611433822,-0.017063162611433823,-0.01806316261143382,term_structure_acceleration__csz,fold_2025,2025
2025-07-11,30,6,6,0.010735516278365885,0.02444760575411177,-0.006856044737872943,1.0,0.0,2.0,-0.006856044737872943,-0.007456044737872943,-0.007856044737872943,-0.008856044737872944,term_structure_acceleration__csz,fold_2025,2025
2025-07-18,30,6,6,-0.0037068793778210992,0.03379365337809417,-0.018750266377957632,1.0,0.0,2.0,-0.018750266377957632,-0.019350266377957632,-0.019750266377957633,-0.020750266377957634,term_structure_acceleration__csz,fold_2025,2025
2025-07-25,30,6,6,-0.05258737143185623,-0.023187907372436117,-0.014699732029710057,1.0,0.0,2.0,-0.014699732029710057,-0.015299732029710057,-0.01569973202971006,-0.016699732029710056,term_structure_acceleration__csz,fold_2025,2025
2025-08-01,30,6,6,0.022482281732784003,-0.0183135607196404,0.0203979212262122,1.0,0.0,2.0,0.0203979212262122,0.0197979212262122,0.0193979212262122,0.0183979212262122,term_structure_acceleration__csz,fold_2025,2025
2025-08-08,30,6,6,-0.003858404702812517,0.0023941505614076667,-0.003126277632110092,1.0,0.0,2.0,-0.003126277632110092,-0.0037262776321100918,-0.004126277632110092,-0.005126277632110092,term_structure_acceleration__csz,fold_2025,2025
2025-08-15,30,6,6,0.0008244147249748998,-0.013047213802859184,0.006935814263917042,1.0,0.0,2.0,0.006935814263917042,0.006335814263917042,0.005935814263917042,0.004935814263917042,term_structure_acceleration__csz,fold_2025,2025
2025-08-22,30,6,6,-0.006738338064058801,-0.004648077598943717,-0.0010451302325575418,1.0,0.0,2.0,-0.0010451302325575418,-0.0016451302325575417,-0.002045130232557542,-0.003045130232557542,term_structure_acceleration__csz,fold_2025,2025
2025-08-29,30,6,6,-0.01052352819128465,0.0008931518284592503,-0.005708340009871951,1.0,0.0,2.0,-0.005708340009871951,-0.0063083400098719504,-0.006708340009871951,-0.007708340009871951,term_structure_acceleration__csz,fold_2025,2025
2025-09-05,30,6,6,-0.001433710175920533,-0.007816071444394966,0.0031911806342372166,1.0,0.0,2.0,0.0031911806342372166,0.002591180634237217,0.0021911806342372166,0.0011911806342372166,term_structure_acceleration__csz,fold_2025,2025
2025-09-12,30,6,6,0.017085495383972246,-0.002247554509918867,0.009666524946945556,1.0,0.0,2.0,0.009666524946945556,0.009066524946945556,0.008666524946945555,0.007666524946945556,term_structure_acceleration__csz,fold_2025,2025
2025-09-19,30,6,6,-0.012014980685734818,-0.0009753873754153331,-0.005519796655159742,1.0,0.0,2.0,-0.005519796655159742,-0.006119796655159742,-0.006519796655159742,-0.007519796655159742,term_structure_acceleration__csz,fold_2025,2025
2025-09-26,30,6,6,-0.02284556609009902,-0.0021037452465844497,-0.010370910421757286,1.0,0.0,2.0,-0.010370910421757286,-0.010970910421757286,-0.011370910421757287,-0.012370910421757286,term_structure_acceleration__csz,fold_2025,2025
2025-10-13,30,6,6,0.0018000990642162169,-0.00726885325966565,0.004534476161940934,1.0,0.0,2.0,0.004534476161940934,0.003934476161940934,0.0035344761619409337,0.0025344761619409337,term_structure_acceleration__csz,fold_2025,2025
2025-10-20,30,6,6,0.017691252175173183,0.011820356829776883,0.0029354476726981497,1.0,0.0,2.0,0.0029354476726981497,0.00233544767269815,0.0019354476726981497,0.0009354476726981496,term_structure_acceleration__csz,fold_2025,2025
2025-10-27,30,6,6,-0.0038479665620190836,-0.011820257892078653,0.003986145665029785,1.0,0.0,2.0,0.003986145665029785,0.003386145665029785,0.0029861456650297847,0.0019861456650297846,term_structure_acceleration__csz,fold_2025,2025
2025-11-03,30,6,6,-0.00014695219637668282,-0.00468653653591015,0.0022697921697667337,1.0,0.0,2.0,0.0022697921697667337,0.001669792169766734,0.0012697921697667337,0.0002697921697667337,term_structure_acceleration__csz,fold_2025,2025
2025-11-10,30,6,6,-0.010726826810192732,-0.008362387443805117,-0.001182219683193808,1.0,0.0,2.0,-0.001182219683193808,-0.0017822196831938078,-0.002182219683193808,-0.003182219683193808,term_structure_acceleration__csz,fold_2025,2025
2025-11-17,30,6,6,-0.004814284515646001,-0.023217893076220564,0.009201804280287282,1.0,0.0,2.0,0.009201804280287282,0.008601804280287282,0.008201804280287283,0.007201804280287282,term_structure_acceleration__csz,fold_2025,2025
2025-11-24,30,6,6,0.0023086312022254835,0.008757819644459883,-0.0032245942211172,1.0,0.0,2.0,-0.0032245942211172,-0.0038245942211172,-0.0042245942211172,-0.0052245942211172,term_structure_acceleration__csz,fold_2025,2025
2025-12-01,30,6,6,-0.004897767621725284,-0.00406014857328885,-0.00041880952421821703,1.0,0.0,2.0,-0.00041880952421821703,-0.0010188095242182169,-0.001418809524218217,-0.002418809524218217,term_structure_acceleration__csz,fold_2025,2025
2025-12-08,30,6,6,-0.005322724869000599,-0.000955389720952334,-0.0021836675740241323,1.0,0.0,2.0,-0.0021836675740241323,-0.002783667574024132,-0.0031836675740241323,-0.004183667574024132,term_structure_acceleration__csz,fold_2025,2025
2025-12-15,30,6,6,0.01298959872673395,0.014104460481188548,-0.0005574308772272989,1.0,0.0,2.0,-0.0005574308772272989,-0.0011574308772272987,-0.0015574308772272989,-0.002557430877227299,term_structure_acceleration__csz,fold_2025,2025
2025-12-22,30,6,6,0.006023425027213699,0.005288704862582566,0.0003673600823155664,1.0,0.0,2.0,0.0003673600823155664,-0.00023263991768443352,-0.0006326399176844336,-0.0016326399176844336,term_structure_acceleration__csz,fold_2025,2025
2025-01-02,30,6,6,-0.04296551111571237,0.002678744855383467,-0.02282212798554792,1.0,0.0,2.0,-0.02282212798554792,-0.02342212798554792,-0.02382212798554792,-0.02482212798554792,term_structure_acceleration__missing,fold_2025,2025
2025-01-09,30,6,6,0.030344621424457402,0.018594971169530666,0.005874825127463368,1.0,0.0,2.0,0.005874825127463368,0.005274825127463368,0.004874825127463368,0.003874825127463368,term_structure_acceleration__missing,fold_2025,2025
2025-01-16,30,6,6,-0.017967613402397747,-0.010041264596301166,-0.003963174403048291,1.0,0.0,2.0,-0.003963174403048291,-0.004563174403048291,-0.004963174403048291,-0.005963174403048291,term_structure_acceleration__missing,fold_2025,2025
2025-01-23,30,6,6,0.023611094061956633,0.022760400240047135,0.0004253469109547492,1.0,0.0,2.0,0.0004253469109547492,-0.00017465308904525076,-0.0005746530890452508,-0.0015746530890452509,term_structure_acceleration__missing,fold_2025,2025
2025-02-07,30,6,6,-0.022985235075262418,0.014863603764137085,-0.018924419419699752,1.0,0.0,2.0,-0.018924419419699752,-0.019524419419699752,-0.019924419419699753,-0.020924419419699754,term_structure_acceleration__missing,fold_2025,2025
2025-02-14,30,6,6,0.010324733734777549,-0.005546947229154684,0.007935840481966116,1.0,0.0,2.0,0.007935840481966116,0.007335840481966116,0.006935840481966116,0.005935840481966116,term_structure_acceleration__missing,fold_2025,2025
2025-02-21,30,6,6,-0.016374472751848432,-0.01981034273051052,0.0017179349893310433,1.0,0.0,2.0,0.0017179349893310433,0.0011179349893310434,0.0007179349893310432,-0.0002820650106689568,term_structure_acceleration__missing,fold_2025,2025
2025-02-28,30,6,6,-0.009685532195392983,0.005772026116737082,-0.007728779156065032,1.0,0.0,2.0,-0.007728779156065032,-0.008328779156065032,-0.008728779156065031,-0.009728779156065032,term_structure_acceleration__missing,fold_2025,2025
2025-03-07,30,6,6,0.0014745776678014993,0.01117074853885155,-0.004848085435525025,1.0,0.0,2.0,-0.004848085435525025,-0.005448085435525025,-0.005848085435525025,-0.006848085435525025,term_structure_acceleration__missing,fold_2025,2025
2025-03-14,30,6,6,-0.012675802270710135,-0.005378130145819351,-0.003648836062445392,1.0,0.0,2.0,-0.003648836062445392,-0.004248836062445392,-0.0046488360624453925,-0.005648836062445392,term_structure_acceleration__missing,fold_2025,2025
2025-03-21,30,6,6,0.010606412496088265,0.010443650073667751,8.138121121025691e-05,1.0,0.0,2.0,8.138121121025691e-05,-0.000518618788789743,-0.0009186187887897431,-0.0019186187887897431,term_structure_acceleration__missing,fold_2025,2025
2025-03-28,30,6,6,-0.040670690940895635,-0.042894403238588376,0.0011118561488463706,1.0,0.0,2.0,0.0011118561488463706,0.0005118561488463707,0.00011185614884637058,-0.0008881438511536294,term_structure_acceleration__missing,fold_2025,2025
2025-04-07,30,6,6,-0.0016021136819895168,0.015950776796268846,-0.00877644523912918,1.0,0.0,2.0,-0.00877644523912918,-0.00937644523912918,-0.00977644523912918,-0.01077644523912918,term_structure_acceleration__missing,fold_2025,2025
2025-04-14,30,6,6,-0.001961646914126034,0.013286368781465817,-0.007624007847795926,1.0,0.0,2.0,-0.007624007847795926,-0.008224007847795926,-0.008624007847795927,-0.009624007847795926,term_structure_acceleration__missing,fold_2025,2025
2025-04-21,30,6,6,0.0031206712159984828,0.002419965293180782,0.0003503529614088505,1.0,0.0,2.0,0.0003503529614088505,-0.00024964703859114946,-0.0006496470385911495,-0.0016496470385911496,term_structure_acceleration__missing,fold_2025,2025
2025-04-28,30,6,6,-0.019018825246676568,-0.003936962928007667,-0.007540931159334451,1.0,0.0,2.0,-0.007540931159334451,-0.00814093115933445,-0.00854093115933445,-0.009540931159334451,term_structure_acceleration__missing,fold_2025,2025
2025-05-08,30,6,6,0.019137160640999417,0.0028483170635519007,0.008144421788723759,1.0,0.0,2.0,0.008144421788723759,0.007544421788723759,0.007144421788723759,0.006144421788723759,term_structure_acceleration__missing,fold_2025,2025
2025-05-15,30,6,6,-0.015858182882218432,0.010849661334130331,-0.013353922108174382,1.0,0.0,2.0,-0.013353922108174382,-0.013953922108174381,-0.01435392210817438,-0.015353922108174382,term_structure_acceleration__missing,fold_2025,2025
2025-05-22,30,6,6,-0.013443150657073834,-0.0035272785088116504,-0.0049579360741310915,1.0,0.0,2.0,-0.0049579360741310915,-0.005557936074131091,-0.0059579360741310915,-0.0069579360741310915,term_structure_acceleration__missing,fold_2025,2025
2025-05-29,30,6,6,-0.002619416604665949,0.014508581917736768,-0.008563999261201358,1.0,0.0,2.0,-0.008563999261201358,-0.009163999261201358,-0.00956399926120136,-0.010563999261201358,term_structure_acceleration__missing,fold_2025,2025
2025-06-06,30,6,6,0.0024258722304876497,0.019711426020677814,-0.008642776895095083,1.0,0.0,2.0,-0.008642776895095083,-0.009242776895095083,-0.009642776895095084,-0.010642776895095083,term_structure_acceleration__missing,fold_2025,2025
2025-06-13,30,6,6,0.017376331872818417,-0.0011935753651476004,0.00928495361898301,1.0,0.0,2.0,0.00928495361898301,0.00868495361898301,0.008284953618983008,0.007284953618983009,term_structure_acceleration__missing,fold_2025,2025
2025-06-20,30,6,6,0.00999725703156725,-0.008058875973531167,0.009028066502549208,1.0,0.0,2.0,0.009028066502549208,0.008428066502549209,0.008028066502549207,0.007028066502549208,term_structure_acceleration__missing,fold_2025,2025
2025-06-27,30,6,6,-0.006995498648121451,0.005339474566943615,-0.006167486607532533,1.0,0.0,2.0,-0.006167486607532533,-0.006767486607532533,-0.007167486607532533,-0.008167486607532533,term_structure_acceleration__missing,fold_2025,2025
2025-07-04,30,6,6,0.017273600262344067,0.0042093070008472665,0.0065321466307484005,1.0,0.0,2.0,0.0065321466307484005,0.005932146630748401,0.0055321466307484005,0.0045321466307484005,term_structure_acceleration__missing,fold_2025,2025
2025-07-11,30,6,6,0.007638956431258282,0.011489358573184434,-0.0019252010709630758,1.0,0.0,2.0,-0.0019252010709630758,-0.0025252010709630756,-0.002925201070963076,-0.003925201070963075,term_structure_acceleration__missing,fold_2025,2025
2025-07-18,30,6,6,0.07550474470816966,-0.0029559740183212665,0.03923035936324546,1.0,0.0,2.0,0.03923035936324546,0.03863035936324546,0.03823035936324546,0.03723035936324546,term_structure_acceleration__missing,fold_2025,2025
2025-07-25,30,6,6,-0.061603583643263286,-0.013499312316345819,-0.024052135663458735,1.0,0.0,2.0,-0.024052135663458735,-0.024652135663458734,-0.025052135663458736,-0.026052135663458736,term_structure_acceleration__missing,fold_2025,2025
2025-08-01,30,6,6,0.005995828311161633,0.0005787767275901495,0.002708525791785742,1.0,0.0,2.0,0.002708525791785742,0.002108525791785742,0.0017085257917857418,0.0007085257917857418,term_structure_acceleration__missing,fold_2025,2025
2025-08-08,30,6,6,0.009685719763047933,-0.0022418809471628676,0.0059638003551054,1.0,0.0,2.0,0.0059638003551054,0.0053638003551054,0.0049638003551054,0.0039638003551054,term_structure_acceleration__missing,fold_2025,2025
2025-08-15,30,6,6,-0.0092847413746822,-0.002338449687004533,-0.0034731458438388334,1.0,0.0,2.0,-0.0034731458438388334,-0.004073145843838833,-0.004473145843838833,-0.0054731458438388335,term_structure_acceleration__missing,fold_2025,2025
2025-08-22,30,6,6,-0.01670247758043215,0.012935063055888084,-0.014818770318160118,1.0,0.0,2.0,-0.014818770318160118,-0.015418770318160118,-0.01581877031816012,-0.01681877031816012,term_structure_acceleration__missing,fold_2025,2025
2025-08-29,30,6,6,-0.0029509502962533503,0.013571207026897333,-0.008261078661575341,1.0,0.0,2.0,-0.008261078661575341,-0.008861078661575341,-0.009261078661575342,-0.010261078661575341,term_structure_acceleration__missing,fold_2025,2025
2025-09-05,30,6,6,-0.0021246779439276667,0.0031450674959040497,-0.002634872719915858,1.0,0.0,2.0,-0.002634872719915858,-0.003234872719915858,-0.003634872719915858,-0.004634872719915858,term_structure_acceleration__missing,fold_2025,2025
2025-09-12,30,6,6,0.0061121252888253,-0.009176544147441233,0.007644334718133266,1.0,0.0,2.0,0.007644334718133266,0.007044334718133267,0.006644334718133266,0.005644334718133266,term_structure_acceleration__missing,fold_2025,2025
2025-09-19,30,6,6,-0.007983058233723967,0.014820120683934632,-0.0114015894588293,1.0,0.0,2.0,-0.0114015894588293,-0.0120015894588293,-0.012401589458829299,-0.0134015894588293,term_structure_acceleration__missing,fold_2025,2025
2025-09-26,30,6,6,-0.01208789513602638,0.013588858392057748,-0.012838376764042064,1.0,0.0,2.0,-0.012838376764042064,-0.013438376764042064,-0.013838376764042065,-0.014838376764042064,term_structure_acceleration__missing,fold_2025,2025
2025-10-13,30,6,6,-0.0004289816933339338,0.018394105626528167,-0.00941154365993105,1.0,0.0,2.0,-0.00941154365993105,-0.01001154365993105,-0.01041154365993105,-0.01141154365993105,term_structure_acceleration__missing,fold_2025,2025
2025-10-20,30,6,6,0.01732515173845507,-0.009894342507996185,0.013609747123225626,1.0,0.0,2.0,0.013609747123225626,0.013009747123225626,0.012609747123225625,0.011609747123225626,term_structure_acceleration__missing,fold_2025,2025
2025-10-27,30,6,6,-0.0035162371099217997,0.002981589654639483,-0.003248913382280641,1.0,0.0,2.0,-0.003248913382280641,-0.003848913382280641,-0.004248913382280641,-0.005248913382280641,term_structure_acceleration__missing,fold_2025,2025
2025-11-03,30,6,6,0.0028458280729325,0.0011507681810089346,0.0008475299459617828,1.0,0.0,2.0,0.0008475299459617828,0.0002475299459617829,-0.0001524700540382172,-0.001152470054038217,term_structure_acceleration__missing,fold_2025,2025
2025-11-10,30,6,6,-0.0045705508976703335,0.0007793811584215337,-0.0026749660280459336,1.0,0.0,2.0,-0.0026749660280459336,-0.0032749660280459334,-0.0036749660280459336,-0.004674966028045934,term_structure_acceleration__missing,fold_2025,2025
2025-11-17,30,6,6,-0.018564751224902382,0.0019480626612953837,-0.010256406943098883,1.0,0.0,2.0,-0.010256406943098883,-0.010856406943098883,-0.011256406943098884,-0.012256406943098883,term_structure_acceleration__missing,fold_2025,2025
2025-11-24,30,6,6,0.008419186344788651,0.027751933698168457,-0.009666373676689903,1.0,0.0,2.0,-0.009666373676689903,-0.010266373676689903,-0.010666373676689902,-0.011666373676689903,term_structure_acceleration__missing,fold_2025,2025
2025-12-01,30,6,6,-0.013361321270059632,0.0043766118249291336,-0.008868966547494382,1.0,0.0,2.0,-0.008868966547494382,-0.009468966547494382,-0.009868966547494383,-0.010868966547494382,term_structure_acceleration__missing,fold_2025,2025
2025-12-08,30,6,6,-0.012182427606794685,0.018018225342415182,-0.015100326474604932,1.0,0.0,2.0,-0.015100326474604932,-0.015700326474604932,-0.016100326474604933,-0.01710032647460493,term_structure_acceleration__missing,fold_2025,2025
2025-12-15,30,6,6,0.018724459081941685,0.0229013241673235,-0.0020884325426909073,1.0,0.0,2.0,-0.0020884325426909073,-0.002688432542690907,-0.0030884325426909073,-0.004088432542690907,term_structure_acceleration__missing,fold_2025,2025
2025-12-22,30,6,6,0.009891538047119935,0.031180981499353954,-0.01064472172611701,1.0,0.0,2.0,-0.01064472172611701,-0.01124472172611701,-0.01164472172611701,-0.01264472172611701,term_structure_acceleration__missing,fold_2025,2025
2025-01-02,30,6,6,-0.008643717017779867,0.002678744855383467,-0.005661230936581667,1.0,0.0,2.0,-0.005661230936581667,-0.006261230936581667,-0.006661230936581667,-0.007661230936581667,basis_surprise__csz,fold_2025,2025
2025-01-09,30,6,6,0.0075445210942481486,0.018594971169530666,-0.005525225037641258,1.0,0.0,2.0,-0.005525225037641258,-0.006125225037641258,-0.006525225037641258,-0.007525225037641258,basis_surprise__csz,fold_2025,2025
2025-01-16,30,6,6,-0.010761841957401931,-0.010041264596301166,-0.0003602886805503828,1.0,0.0,2.0,-0.0003602886805503828,-0.0009602886805503828,-0.0013602886805503828,-0.002360288680550383,basis_surprise__csz,fold_2025,2025
2025-01-23,30,6,6,0.026902164920274117,0.022760400240047135,0.0020708823401134908,1.0,0.0,2.0,0.0020708823401134908,0.001470882340113491,0.0010708823401134908,7.088234011349073e-05,basis_surprise__csz,fold_2025,2025
2025-02-07,30,6,6,0.0034579360473451504,0.014863603764137085,-0.005702833858395967,1.0,0.0,2.0,-0.005702833858395967,-0.006302833858395967,-0.006702833858395967,-0.007702833858395967,basis_surprise__csz,fold_2025,2025
2025-02-14,30,6,6,-0.0019584202884222503,-0.005546947229154684,0.0017942634703662168,1.0,0.0,2.0,0.0017942634703662168,0.001194263470366217,0.0007942634703662168,-0.0002057365296337832,basis_surprise__csz,fold_2025,2025
2025-02-21,30,6,6,-0.01620415741924312,-0.01981034273051052,0.0018030926556336993,1.0,0.0,2.0,0.0018030926556336993,0.0012030926556336995,0.0008030926556336993,-0.00019690734436630074,basis_surprise__csz,fold_2025,2025
2025-02-28,30,6,6,0.0017574808783526665,0.005772026116737082,-0.002007272619192208,1.0,0.0,2.0,-0.002007272619192208,-0.002607272619192208,-0.003007272619192208,-0.004007272619192208,basis_surprise__csz,fold_2025,2025
2025-03-07,30,6,6,0.01790988762657575,0.01117074853885155,0.0033695695438620997,1.0,0.0,2.0,0.0033695695438620997,0.0027695695438621,0.0023695695438620996,0.0013695695438620996,basis_surprise__csz,fold_2025,2025
2025-03-14,30,6,6,-0.00670018249429645,-0.005378130145819351,-0.0006610261742385497,1.0,0.0,2.0,-0.0006610261742385497,-0.0012610261742385495,-0.0016610261742385497,-0.0026610261742385497,basis_surprise__csz,fold_2025,2025
2025-03-21,30,6,6,0.008953652940416067,0.010443650073667751,-0.0007449985666258419,1.0,0.0,2.0,-0.0007449985666258419,-0.0013449985666258418,-0.001744998566625842,-0.002744998566625842,basis_surprise__csz,fold_2025,2025
2025-03-28,30,6,6,-0.05285900986506967,-0.042894403238588376,-0.004982303313240646,1.0,0.0,2.0,-0.004982303313240646,-0.0055823033132406455,-0.005982303313240646,-0.006982303313240646,basis_surprise__csz,fold_2025,2025
2025-04-07,30,6,6,0.0006071785515274665,0.015950776796268846,-0.00767179912237069,1.0,0.0,2.0,-0.00767179912237069,-0.00827179912237069,-0.00867179912237069,-0.00967179912237069,basis_surprise__csz,fold_2025,2025
2025-04-14,30,6,6,-0.00027935445437895037,0.013286368781465817,-0.006782861617922384,1.0,0.0,2.0,-0.006782861617922384,-0.0073828616179223835,-0.007782861617922384,-0.008782861617922383,basis_surprise__csz,fold_2025,2025
2025-04-21,30,6,6,0.0040523527979588825,0.002419965293180782,0.0008161937523890504,1.0,0.0,2.0,0.0008161937523890504,0.00021619375238905042,-0.00018380624761094966,-0.0011838062476109497,basis_surprise__csz,fold_2025,2025
2025-04-28,30,6,6,-0.00718951193955315,-0.003936962928007667,-0.0016262745057727414,1.0,0.0,2.0,-0.0016262745057727414,-0.0022262745057727413,-0.0026262745057727415,-0.0036262745057727415,basis_surprise__csz,fold_2025,2025
2025-05-08,30,6,6,0.019815468992626633,0.0028483170635519007,0.008483575964537367,1.0,0.0,2.0,0.008483575964537367,0.007883575964537367,0.007483575964537367,0.006483575964537367,basis_surprise__csz,fold_2025,2025
2025-05-15,30,6,6,-0.008674213807957432,0.010849661334130331,-0.00976193757104388,1.0,0.0,2.0,-0.00976193757104388,-0.01036193757104388,-0.010761937571043882,-0.01176193757104388,basis_surprise__csz,fold_2025,2025
2025-05-22,30,6,6,-0.00954213346398895,-0.0035272785088116504,-0.003007427477588649,1.0,0.0,2.0,-0.003007427477588649,-0.003607427477588649,-0.004007427477588649,-0.005007427477588649,basis_surprise__csz,fold_2025,2025
2025-05-29,30,6,6,-0.0005790636159993161,0.014508581917736768,-0.007543822766868042,1.0,0.0,2.0,-0.007543822766868042,-0.008143822766868042,-0.00854382276686804,-0.009543822766868042,basis_surprise__csz,fold_2025,2025
2025-06-06,30,6,6,0.0033019887739572508,0.019711426020677814,-0.008204718623360282,1.0,0.0,2.0,-0.008204718623360282,-0.008804718623360281,-0.00920471862336028,-0.010204718623360282,basis_surprise__csz,fold_2025,2025
2025-06-13,30,6,6,0.0173628603516897,-0.0011935753651476004,0.00927821785841865,1.0,0.0,2.0,0.00927821785841865,0.00867821785841865,0.00827821785841865,0.00727821785841865,basis_surprise__csz,fold_2025,2025
2025-06-20,30,6,6,0.0023028730457931674,-0.008058875973531167,0.005180874509662167,1.0,0.0,2.0,0.005180874509662167,0.004580874509662167,0.004180874509662167,0.003180874509662167,basis_surprise__csz,fold_2025,2025
2025-06-27,30,6,6,-0.00785162858114365,0.005339474566943615,-0.006595551574043632,1.0,0.0,2.0,-0.006595551574043632,-0.007195551574043632,-0.007595551574043632,-0.008595551574043632,basis_surprise__csz,fold_2025,2025
2025-07-04,30,6,6,0.0020300883267077665,0.0042093070008472665,-0.00108960933706975,1.0,0.0,2.0,-0.00108960933706975,-0.00168960933706975,-0.00208960933706975,-0.00308960933706975,basis_surprise__csz,fold_2025,2025
2025-07-11,30,6,6,0.007227328275879533,0.011489358573184434,-0.0021310151486524506,1.0,0.0,2.0,-0.0021310151486524506,-0.0027310151486524504,-0.0031310151486524506,-0.004131015148652451,basis_surprise__csz,fold_2025,2025
2025-07-18,30,6,6,0.029617424693904177,-0.0029559740183212665,0.01628669935611272,1.0,0.0,2.0,0.01628669935611272,0.01568669935611272,0.01528669935611272,0.01428669935611272,basis_surprise__csz,fold_2025,2025
2025-07-25,30,6,6,-0.027846398976976383,-0.013499312316345819,-0.007173543330315282,1.0,0.0,2.0,-0.007173543330315282,-0.007773543330315282,-0.008173543330315282,-0.009173543330315281,basis_surprise__csz,fold_2025,2025
2025-08-01,30,6,6,0.0014243173537378667,0.0005787767275901495,0.0004227703130738586,1.0,0.0,2.0,0.0004227703130738586,-0.00017722968692614134,-0.0005772296869261415,-0.0015772296869261415,basis_surprise__csz,fold_2025,2025
2025-08-08,30,6,6,0.0025939619157738327,-0.0022418809471628676,0.00241792143146835,1.0,0.0,2.0,0.00241792143146835,0.0018179214314683503,0.0014179214314683501,0.0004179214314683501,basis_surprise__csz,fold_2025,2025
2025-08-15,30,6,6,0.0012950442177015996,-0.002338449687004533,0.0018167469523530664,1.0,0.0,2.0,0.0018167469523530664,0.0012167469523530665,0.0008167469523530663,-0.00018325304764693368,basis_surprise__csz,fold_2025,2025
2025-08-22,30,6,6,-0.0019313791185518994,0.012935063055888084,-0.007433221087219992,1.0,0.0,2.0,-0.007433221087219992,-0.008033221087219992,-0.008433221087219993,-0.009433221087219992,basis_surprise__csz,fold_2025,2025
2025-08-29,30,6,6,-0.0084443572778612,0.013571207026897333,-0.011007782152379266,1.0,0.0,2.0,-0.011007782152379266,-0.011607782152379266,-0.012007782152379267,-0.013007782152379266,basis_surprise__csz,fold_2025,2025
2025-09-05,30,6,6,-0.0005762771760395334,0.0031450674959040497,-0.0018606723359717915,1.0,0.0,2.0,-0.0018606723359717915,-0.0024606723359717913,-0.0028606723359717915,-0.0038606723359717915,basis_surprise__csz,fold_2025,2025
2025-09-12,30,6,6,-0.008725268600990018,-0.009176544147441233,0.00022563777322560756,1.0,0.0,2.0,0.00022563777322560756,-0.0003743622267743924,-0.0007743622267743925,-0.0017743622267743925,basis_surprise__csz,fold_2025,2025
2025-09-19,30,6,6,-0.0011214552514313668,0.014820120683934632,-0.007970787967683,1.0,0.0,2.0,-0.007970787967683,-0.008570787967683,-0.008970787967683,-0.009970787967683,basis_surprise__csz,fold_2025,2025
2025-09-26,30,6,6,-0.0019246635046771664,0.013588858392057748,-0.007756760948367457,1.0,0.0,2.0,-0.007756760948367457,-0.008356760948367457,-0.008756760948367456,-0.009756760948367457,basis_surprise__csz,fold_2025,2025
2025-10-13,30,6,6,-0.009679442453695652,0.018394105626528167,-0.014036774040111909,1.0,0.0,2.0,-0.014036774040111909,-0.014636774040111909,-0.01503677404011191,-0.01603677404011191,basis_surprise__csz,fold_2025,2025
2025-10-20,30,6,6,0.01626273490873525,-0.009894342507996185,0.013078538708365717,1.0,0.0,2.0,0.013078538708365717,0.012478538708365718,0.012078538708365717,0.011078538708365717,basis_surprise__csz,fold_2025,2025
2025-10-27,30,6,6,-0.0036671327961840337,0.002981589654639483,-0.0033243612254117583,1.0,0.0,2.0,-0.0033243612254117583,-0.003924361225411758,-0.004324361225411758,-0.005324361225411758,basis_surprise__csz,fold_2025,2025
2025-11-03,30,6,6,0.007028989898778916,0.0011507681810089346,0.002939110858884991,1.0,0.0,2.0,0.002939110858884991,0.002339110858884991,0.0019391108588849909,0.0009391108588849909,basis_surprise__csz,fold_2025,2025
2025-11-10,30,6,6,0.00019128413961836654,0.0007793811584215337,-0.00029404850940158357,1.0,0.0,2.0,-0.00029404850940158357,-0.0008940485094015836,-0.0012940485094015835,-0.0022940485094015838,basis_surprise__csz,fold_2025,2025
2025-11-17,30,6,6,-0.008360079258358266,0.0019480626612953837,-0.005154070959826825,1.0,0.0,2.0,-0.005154070959826825,-0.005754070959826825,-0.006154070959826825,-0.007154070959826825,basis_surprise__csz,fold_2025,2025
2025-11-24,30,6,6,0.015452806013379283,0.027751933698168457,-0.006149563842394587,1.0,0.0,2.0,-0.006149563842394587,-0.0067495638423945865,-0.007149563842394587,-0.008149563842394587,basis_surprise__csz,fold_2025,2025
2025-12-01,30,6,6,0.001069490256261501,0.0043766118249291336,-0.0016535607843338163,1.0,0.0,2.0,-0.0016535607843338163,-0.002253560784333816,-0.0026535607843338163,-0.0036535607843338164,basis_surprise__csz,fold_2025,2025
2025-12-08,30,6,6,-0.0016668708379587492,0.018018225342415182,-0.009842548090186965,1.0,0.0,2.0,-0.009842548090186965,-0.010442548090186965,-0.010842548090186966,-0.011842548090186965,basis_surprise__csz,fold_2025,2025
2025-12-15,30,6,6,0.010940177992106934,0.0229013241673235,-0.005980573087608283,1.0,0.0,2.0,-0.005980573087608283,-0.006580573087608283,-0.006980573087608283,-0.007980573087608283,basis_surprise__csz,fold_2025,2025
2025-12-22,30,6,6,0.012249848924108886,0.031180981499353954,-0.009465566287622535,1.0,0.0,2.0,-0.009465566287622535,-0.010065566287622535,-0.010465566287622536,-0.011465566287622535,basis_surprise__csz,fold_2025,2025
2025-01-02,30,6,6,-0.008643717017779867,0.002678744855383467,-0.005661230936581667,1.0,0.0,2.0,-0.005661230936581667,-0.006261230936581667,-0.006661230936581667,-0.007661230936581667,basis_surprise__missing,fold_2025,2025
2025-01-09,30,6,6,0.0075445210942481486,0.018594971169530666,-0.005525225037641258,1.0,0.0,2.0,-0.005525225037641258,-0.006125225037641258,-0.006525225037641258,-0.007525225037641258,basis_surprise__missing,fold_2025,2025
2025-01-16,30,6,6,-0.010761841957401931,-0.010041264596301166,-0.0003602886805503828,1.0,0.0,2.0,-0.0003602886805503828,-0.0009602886805503828,-0.0013602886805503828,-0.002360288680550383,basis_surprise__missing,fold_2025,2025
2025-01-23,30,6,6,0.026902164920274117,0.022760400240047135,0.0020708823401134908,1.0,0.0,2.0,0.0020708823401134908,0.001470882340113491,0.0010708823401134908,7.088234011349073e-05,basis_surprise__missing,fold_2025,2025
2025-02-07,30,6,6,0.0034579360473451504,0.014863603764137085,-0.005702833858395967,1.0,0.0,2.0,-0.005702833858395967,-0.006302833858395967,-0.006702833858395967,-0.007702833858395967,basis_surprise__missing,fold_2025,2025
2025-02-14,30,6,6,-0.0019584202884222503,-0.005546947229154684,0.0017942634703662168,1.0,0.0,2.0,0.0017942634703662168,0.001194263470366217,0.0007942634703662168,-0.0002057365296337832,basis_surprise__missing,fold_2025,2025
2025-02-21,30,6,6,-0.01620415741924312,-0.01981034273051052,0.0018030926556336993,1.0,0.0,2.0,0.0018030926556336993,0.0012030926556336995,0.0008030926556336993,-0.00019690734436630074,basis_surprise__missing,fold_2025,2025
2025-02-28,30,6,6,0.0017574808783526665,0.005772026116737082,-0.002007272619192208,1.0,0.0,2.0,-0.002007272619192208,-0.002607272619192208,-0.003007272619192208,-0.004007272619192208,basis_surprise__missing,fold_2025,2025
2025-03-07,30,6,6,0.01790988762657575,0.01117074853885155,0.0033695695438620997,1.0,0.0,2.0,0.0033695695438620997,0.0027695695438621,0.0023695695438620996,0.0013695695438620996,basis_surprise__missing,fold_2025,2025
2025-03-14,30,6,6,-0.00670018249429645,-0.005378130145819351,-0.0006610261742385497,1.0,0.0,2.0,-0.0006610261742385497,-0.0012610261742385495,-0.0016610261742385497,-0.0026610261742385497,basis_surprise__missing,fold_2025,2025
2025-03-21,30,6,6,0.008953652940416067,0.010443650073667751,-0.0007449985666258419,1.0,0.0,2.0,-0.0007449985666258419,-0.0013449985666258418,-0.001744998566625842,-0.002744998566625842,basis_surprise__missing,fold_2025,2025
2025-03-28,30,6,6,-0.05285900986506967,-0.042894403238588376,-0.004982303313240646,1.0,0.0,2.0,-0.004982303313240646,-0.0055823033132406455,-0.005982303313240646,-0.006982303313240646,basis_surprise__missing,fold_2025,2025
2025-04-07,30,6,6,0.0006071785515274665,0.015950776796268846,-0.00767179912237069,1.0,0.0,2.0,-0.00767179912237069,-0.00827179912237069,-0.00867179912237069,-0.00967179912237069,basis_surprise__missing,fold_2025,2025
2025-04-14,30,6,6,-0.00027935445437895037,0.013286368781465817,-0.006782861617922384,1.0,0.0,2.0,-0.006782861617922384,-0.0073828616179223835,-0.007782861617922384,-0.008782861617922383,basis_surprise__missing,fold_2025,2025
2025-04-21,30,6,6,0.0040523527979588825,0.002419965293180782,0.0008161937523890504,1.0,0.0,2.0,0.0008161937523890504,0.00021619375238905042,-0.00018380624761094966,-0.0011838062476109497,basis_surprise__missing,fold_2025,2025
2025-04-28,30,6,6,-0.00718951193955315,-0.003936962928007667,-0.0016262745057727414,1.0,0.0,2.0,-0.0016262745057727414,-0.0022262745057727413,-0.0026262745057727415,-0.0036262745057727415,basis_surprise__missing,fold_2025,2025
2025-05-08,30,6,6,0.019815468992626633,0.0028483170635519007,0.008483575964537367,1.0,0.0,2.0,0.008483575964537367,0.007883575964537367,0.007483575964537367,0.006483575964537367,basis_surprise__missing,fold_2025,2025
2025-05-15,30,6,6,-0.008674213807957432,0.010849661334130331,-0.00976193757104388,1.0,0.0,2.0,-0.00976193757104388,-0.01036193757104388,-0.010761937571043882,-0.01176193757104388,basis_surprise__missing,fold_2025,2025
2025-05-22,30,6,6,-0.00954213346398895,-0.0035272785088116504,-0.003007427477588649,1.0,0.0,2.0,-0.003007427477588649,-0.003607427477588649,-0.004007427477588649,-0.005007427477588649,basis_surprise__missing,fold_2025,2025
2025-05-29,30,6,6,-0.0005790636159993161,0.014508581917736768,-0.007543822766868042,1.0,0.0,2.0,-0.007543822766868042,-0.008143822766868042,-0.00854382276686804,-0.009543822766868042,basis_surprise__missing,fold_2025,2025
2025-06-06,30,6,6,0.0033019887739572508,0.019711426020677814,-0.008204718623360282,1.0,0.0,2.0,-0.008204718623360282,-0.008804718623360281,-0.00920471862336028,-0.010204718623360282,basis_surprise__missing,fold_2025,2025
2025-06-13,30,6,6,0.0173628603516897,-0.0011935753651476004,0.00927821785841865,1.0,0.0,2.0,0.00927821785841865,0.00867821785841865,0.00827821785841865,0.00727821785841865,basis_surprise__missing,fold_2025,2025
2025-06-20,30,6,6,0.0023028730457931674,-0.008058875973531167,0.005180874509662167,1.0,0.0,2.0,0.005180874509662167,0.004580874509662167,0.004180874509662167,0.003180874509662167,basis_surprise__missing,fold_2025,2025
2025-06-27,30,6,6,-0.00785162858114365,0.005339474566943615,-0.006595551574043632,1.0,0.0,2.0,-0.006595551574043632,-0.007195551574043632,-0.007595551574043632,-0.008595551574043632,basis_surprise__missing,fold_2025,2025
2025-07-04,30,6,6,0.0020300883267077665,0.0042093070008472665,-0.00108960933706975,1.0,0.0,2.0,-0.00108960933706975,-0.00168960933706975,-0.00208960933706975,-0.00308960933706975,basis_surprise__missing,fold_2025,2025
2025-07-11,30,6,6,0.007227328275879533,0.011489358573184434,-0.0021310151486524506,1.0,0.0,2.0,-0.0021310151486524506,-0.0027310151486524504,-0.0031310151486524506,-0.004131015148652451,basis_surprise__missing,fold_2025,2025
2025-07-18,30,6,6,0.029617424693904177,-0.0029559740183212665,0.01628669935611272,1.0,0.0,2.0,0.01628669935611272,0.01568669935611272,0.01528669935611272,0.01428669935611272,basis_surprise__missing,fold_2025,2025
2025-07-25,30,6,6,-0.027846398976976383,-0.013499312316345819,-0.007173543330315282,1.0,0.0,2.0,-0.007173543330315282,-0.007773543330315282,-0.008173543330315282,-0.009173543330315281,basis_surprise__missing,fold_2025,2025
2025-08-01,30,6,6,0.0014243173537378667,0.0005787767275901495,0.0004227703130738586,1.0,0.0,2.0,0.0004227703130738586,-0.00017722968692614134,-0.0005772296869261415,-0.0015772296869261415,basis_surprise__missing,fold_2025,2025
2025-08-08,30,6,6,0.0025939619157738327,-0.0022418809471628676,0.00241792143146835,1.0,0.0,2.0,0.00241792143146835,0.0018179214314683503,0.0014179214314683501,0.0004179214314683501,basis_surprise__missing,fold_2025,2025
2025-08-15,30,6,6,0.0012950442177015996,-0.002338449687004533,0.0018167469523530664,1.0,0.0,2.0,0.0018167469523530664,0.0012167469523530665,0.0008167469523530663,-0.00018325304764693368,basis_surprise__missing,fold_2025,2025
2025-08-22,30,6,6,-0.0019313791185518994,0.012935063055888084,-0.007433221087219992,1.0,0.0,2.0,-0.007433221087219992,-0.008033221087219992,-0.008433221087219993,-0.009433221087219992,basis_surprise__missing,fold_2025,2025
2025-08-29,30,6,6,-0.0084443572778612,0.013571207026897333,-0.011007782152379266,1.0,0.0,2.0,-0.011007782152379266,-0.011607782152379266,-0.012007782152379267,-0.013007782152379266,basis_surprise__missing,fold_2025,2025
2025-09-05,30,6,6,-0.0005762771760395334,0.0031450674959040497,-0.0018606723359717915,1.0,0.0,2.0,-0.0018606723359717915,-0.0024606723359717913,-0.0028606723359717915,-0.0038606723359717915,basis_surprise__missing,fold_2025,2025
2025-09-12,30,6,6,-0.008725268600990018,-0.009176544147441233,0.00022563777322560756,1.0,0.0,2.0,0.00022563777322560756,-0.0003743622267743924,-0.0007743622267743925,-0.0017743622267743925,basis_surprise__missing,fold_2025,2025
2025-09-19,30,6,6,-0.0011214552514313668,0.014820120683934632,-0.007970787967683,1.0,0.0,2.0,-0.007970787967683,-0.008570787967683,-0.008970787967683,-0.009970787967683,basis_surprise__missing,fold_2025,2025
2025-09-26,30,6,6,-0.0019246635046771664,0.013588858392057748,-0.007756760948367457,1.0,0.0,2.0,-0.007756760948367457,-0.008356760948367457,-0.008756760948367456,-0.009756760948367457,basis_surprise__missing,fold_2025,2025
2025-10-13,30,6,6,-0.009679442453695652,0.018394105626528167,-0.014036774040111909,1.0,0.0,2.0,-0.014036774040111909,-0.014636774040111909,-0.01503677404011191,-0.01603677404011191,basis_surprise__missing,fold_2025,2025
2025-10-20,30,6,6,0.01626273490873525,-0.009894342507996185,0.013078538708365717,1.0,0.0,2.0,0.013078538708365717,0.012478538708365718,0.012078538708365717,0.011078538708365717,basis_surprise__missing,fold_2025,2025
2025-10-27,30,6,6,-0.0036671327961840337,0.002981589654639483,-0.0033243612254117583,1.0,0.0,2.0,-0.0033243612254117583,-0.003924361225411758,-0.004324361225411758,-0.005324361225411758,basis_surprise__missing,fold_2025,2025
2025-11-03,30,6,6,0.007028989898778916,0.0011507681810089346,0.002939110858884991,1.0,0.0,2.0,0.002939110858884991,0.002339110858884991,0.0019391108588849909,0.0009391108588849909,basis_surprise__missing,fold_2025,2025
2025-11-10,30,6,6,0.00019128413961836654,0.0007793811584215337,-0.00029404850940158357,1.0,0.0,2.0,-0.00029404850940158357,-0.0008940485094015836,-0.0012940485094015835,-0.0022940485094015838,basis_surprise__missing,fold_2025,2025
2025-11-17,30,6,6,-0.008360079258358266,0.0019480626612953837,-0.005154070959826825,1.0,0.0,2.0,-0.005154070959826825,-0.005754070959826825,-0.006154070959826825,-0.007154070959826825,basis_surprise__missing,fold_2025,2025
2025-11-24,30,6,6,0.015452806013379283,0.027751933698168457,-0.006149563842394587,1.0,0.0,2.0,-0.006149563842394587,-0.0067495638423945865,-0.007149563842394587,-0.008149563842394587,basis_surprise__missing,fold_2025,2025
2025-12-01,30,6,6,0.001069490256261501,0.0043766118249291336,-0.0016535607843338163,1.0,0.0,2.0,-0.0016535607843338163,-0.002253560784333816,-0.0026535607843338163,-0.0036535607843338164,basis_surprise__missing,fold_2025,2025
2025-12-08,30,6,6,-0.0016668708379587492,0.018018225342415182,-0.009842548090186965,1.0,0.0,2.0,-0.009842548090186965,-0.010442548090186965,-0.010842548090186966,-0.011842548090186965,basis_surprise__missing,fold_2025,2025
2025-12-15,30,6,6,0.010940177992106934,0.0229013241673235,-0.005980573087608283,1.0,0.0,2.0,-0.005980573087608283,-0.006580573087608283,-0.006980573087608283,-0.007980573087608283,basis_surprise__missing,fold_2025,2025
2025-12-22,30,6,6,0.012249848924108886,0.031180981499353954,-0.009465566287622535,1.0,0.0,2.0,-0.009465566287622535,-0.010065566287622535,-0.010465566287622536,-0.011465566287622535,basis_surprise__missing,fold_2025,2025
2025-01-02,30,6,6,-0.0072564560467995,0.011660644982609233,-0.009458550514704366,1.0,0.0,2.0,-0.009458550514704366,-0.010058550514704365,-0.010458550514704366,-0.011458550514704366,inventory_acceleration__csz,fold_2025,2025
2025-01-09,30,6,6,0.022974519858489816,0.011998620387006201,0.0054879497357418075,1.0,0.0,2.0,0.0054879497357418075,0.004887949735741808,0.0044879497357418075,0.0034879497357418075,inventory_acceleration__csz,fold_2025,2025
2025-01-16,30,6,6,-0.015229004853460433,-0.0119928552570306,-0.0016180747982149166,1.0,0.0,2.0,-0.0016180747982149166,-0.0022180747982149165,-0.0026180747982149167,-0.0036180747982149167,inventory_acceleration__csz,fold_2025,2025
2025-01-23,30,6,6,0.03667855914056656,0.015324589630426816,0.010676984755069872,1.0,0.0,2.0,0.010676984755069872,0.010076984755069872,0.00967698475506987,0.008676984755069872,inventory_acceleration__csz,fold_2025,2025
2025-02-07,30,6,6,0.0011904492777564662,0.01199856294793955,-0.005404056835091542,1.0,0.0,2.0,-0.005404056835091542,-0.006004056835091542,-0.006404056835091542,-0.007404056835091542,inventory_acceleration__csz,fold_2025,2025
2025-02-14,30,6,6,-0.0014146356845347,-0.004908300194301784,0.001746832254883542,1.0,0.0,2.0,0.001746832254883542,0.0011468322548835422,0.000746832254883542,-0.000253167745116458,inventory_acceleration__csz,fold_2025,2025
2025-02-21,30,6,6,-0.012866699979564166,-0.0150068637868998,0.0010700819036678164,1.0,0.0,2.0,0.0010700819036678164,0.0004700819036678165,7.008190366781641e-05,-0.0009299180963321836,inventory_acceleration__csz,fold_2025,2025
2025-02-28,30,6,6,0.007911265418513266,0.0024479415642816985,0.002731661927115784,1.0,0.0,2.0,0.002731661927115784,0.0021316619271157843,0.001731661927115784,0.0007316619271157841,inventory_acceleration__csz,fold_2025,2025
2025-03-07,30,6,6,0.020270387928616882,0.006859862848250966,0.006705262540182957,1.0,0.0,2.0,0.006705262540182957,0.006105262540182958,0.005705262540182957,0.004705262540182957,inventory_acceleration__csz,fold_2025,2025
2025-03-14,30,6,6,-0.0053442127676327665,-0.011781428910268536,0.0032186080713178847,1.0,0.0,2.0,0.0032186080713178847,0.002618608071317885,0.0022186080713178847,0.0012186080713178847,inventory_acceleration__csz,fold_2025,2025
2025-03-21,30,6,6,0.016361637692902383,0.01910398915110075,-0.0013711757290991826,1.0,0.0,2.0,-0.0013711757290991826,-0.0019711757290991824,-0.0023711757290991826,-0.0033711757290991826,inventory_acceleration__csz,fold_2025,2025
2025-03-28,30,6,6,-0.07984099259138304,-0.044438482764319276,-0.01770125491353188,1.0,0.0,2.0,-0.01770125491353188,-0.01830125491353188,-0.018701254913531883,-0.019701254913531883,inventory_acceleration__csz,fold_2025,2025
2025-04-07,30,6,6,0.0207169069849991,0.0178646384924314,0.00142613424628385,1.0,0.0,2.0,0.00142613424628385,0.00082613424628385,0.00042613424628384997,-0.00057386575371615,inventory_acceleration__csz,fold_2025,2025
2025-04-14,30,6,6,0.0014414084552158328,0.014254150093918817,-0.006406370819351493,1.0,0.0,2.0,-0.006406370819351493,-0.0070063708193514925,-0.007406370819351493,-0.008406370819351493,inventory_acceleration__csz,fold_2025,2025
2025-04-21,30,6,6,0.0033775569706253825,0.005623964471266284,-0.0011232037503204509,1.0,0.0,2.0,-0.0011232037503204509,-0.0017232037503204507,-0.002123203750320451,-0.003123203750320451,inventory_acceleration__csz,fold_2025,2025
2025-04-28,30,6,6,-0.003763107110970533,-0.00629952927958205,0.0012682110843057585,1.0,0.0,2.0,0.0012682110843057585,0.0006682110843057586,0.0002682110843057585,-0.0007317889156942415,inventory_acceleration__csz,fold_2025,2025
2025-05-08,30,6,6,0.01738958363773178,0.0015398638466313343,0.007924859895550224,1.0,0.0,2.0,0.007924859895550224,0.007324859895550224,0.006924859895550224,0.005924859895550224,inventory_acceleration__csz,fold_2025,2025
2025-05-15,30,6,6,0.0045258649494002165,0.00214351802543745,0.0011911734619813833,1.0,0.0,2.0,0.0011911734619813833,0.0005911734619813833,0.00019117346198138326,-0.0008088265380186168,inventory_acceleration__csz,fold_2025,2025
2025-05-22,30,6,6,-0.009871929044798866,0.00016255712813801663,-0.005017243086468441,1.0,0.0,2.0,-0.005017243086468441,-0.005617243086468441,-0.006017243086468441,-0.007017243086468441,inventory_acceleration__csz,fold_2025,2025
2025-05-29,30,6,6,-0.0017875002112929495,0.018019314773129933,-0.009903407492211441,1.0,0.0,2.0,-0.009903407492211441,-0.010503407492211441,-0.010903407492211442,-0.011903407492211441,inventory_acceleration__csz,fold_2025,2025
2025-06-06,30,6,6,0.0159616686969266,-0.005175661812851083,0.010568665254888842,1.0,0.0,2.0,0.010568665254888842,0.009968665254888842,0.009568665254888843,0.008568665254888842,inventory_acceleration__csz,fold_2025,2025
2025-06-13,30,6,6,0.00660063726727675,-0.0035109505870797,0.005055793927178225,1.0,0.0,2.0,0.005055793927178225,0.004455793927178225,0.004055793927178225,0.003055793927178225,inventory_acceleration__csz,fold_2025,2025
2025-06-20,30,6,6,0.0024291764763422663,0.005997441475916367,-0.0017841324997870504,1.0,0.0,2.0,-0.0017841324997870504,-0.0023841324997870505,-0.00278413249978705,-0.0037841324997870502,inventory_acceleration__csz,fold_2025,2025
2025-06-27,30,6,6,-0.0011882420571326495,-0.001966349139363017,0.0003890535411151837,1.0,0.0,2.0,0.0003890535411151837,-0.00021094645888481626,-0.0006109464588848163,-0.0016109464588848162,inventory_acceleration__csz,fold_2025,2025
2025-07-04,30,6,6,0.003399694604828682,0.006635127595528483,-0.0016177164953499004,1.0,0.0,2.0,-0.0016177164953499004,-0.0022177164953499,-0.0026177164953499004,-0.0036177164953499004,inventory_acceleration__csz,fold_2025,2025
2025-07-11,30,6,6,0.011950955986658499,0.001980356178414733,0.004985299904121883,1.0,0.0,2.0,0.004985299904121883,0.004385299904121883,0.003985299904121883,0.0029852999041218827,inventory_acceleration__csz,fold_2025,2025
2025-07-18,30,6,6,0.01382457496507738,0.015177112625281234,-0.0006762688301019271,1.0,0.0,2.0,-0.0006762688301019271,-0.001276268830101927,-0.0016762688301019272,-0.002676268830101927,inventory_acceleration__csz,fold_2025,2025
2025-07-25,30,6,6,-0.03545571094941862,-0.00862372020526765,-0.013415995372075485,1.0,0.0,2.0,-0.013415995372075485,-0.014015995372075485,-0.014415995372075486,-0.015415995372075485,inventory_acceleration__csz,fold_2025,2025
2025-08-01,30,6,6,0.0036244777953086164,-0.0029831130796328666,0.0033037954374707415,1.0,0.0,2.0,0.0033037954374707415,0.0027037954374707416,0.0023037954374707415,0.0013037954374707414,inventory_acceleration__csz,fold_2025,2025
2025-08-08,30,6,6,0.00010402745869901674,-0.006872550866578083,0.0034882891626385496,1.0,0.0,2.0,0.0034882891626385496,0.00288828916263855,0.0024882891626385496,0.0014882891626385496,inventory_acceleration__csz,fold_2025,2025
2025-08-15,30,6,6,0.0018078100461941832,-0.012015905735579634,0.006911857890886909,1.0,0.0,2.0,0.006911857890886909,0.006311857890886909,0.005911857890886909,0.004911857890886909,inventory_acceleration__csz,fold_2025,2025
2025-08-22,30,6,6,0.015554911980925417,0.006819782134879299,0.004367564923023059,1.0,0.0,2.0,0.004367564923023059,0.003767564923023059,0.003367564923023059,0.002367564923023059,inventory_acceleration__csz,fold_2025,2025
2025-08-29,30,6,6,-0.0006707106200012834,0.005672539027343634,-0.003171624823672459,1.0,0.0,2.0,-0.003171624823672459,-0.0037716248236724587,-0.004171624823672459,-0.005171624823672459,inventory_acceleration__csz,fold_2025,2025
2025-09-05,30,6,6,0.003880388441300616,0.005833922929848815,-0.0009767672442740996,1.0,0.0,2.0,-0.0009767672442740996,-0.0015767672442740994,-0.0019767672442740996,-0.0029767672442740996,inventory_acceleration__csz,fold_2025,2025
2025-09-12,30,6,6,-0.006136526863768633,-0.0099108677539186,0.0018871704450749835,1.0,0.0,2.0,0.0018871704450749835,0.0012871704450749836,0.0008871704450749834,-0.00011282955492501658,inventory_acceleration__csz,fold_2025,2025
2025-09-19,30,6,6,0.0206259656206271,0.006881137000497032,0.006872414310065035,1.0,0.0,2.0,0.006872414310065035,0.006272414310065035,0.005872414310065035,0.004872414310065035,inventory_acceleration__csz,fold_2025,2025
2025-09-26,30,6,6,0.01784849615793758,0.0023282873745152483,0.007760104391711166,1.0,0.0,2.0,0.007760104391711166,0.007160104391711167,0.006760104391711166,0.005760104391711166,inventory_acceleration__csz,fold_2025,2025
2025-10-13,30,6,6,-0.009438113263804017,0.01709127755059025,-0.013264695407197134,1.0,0.0,2.0,-0.013264695407197134,-0.013864695407197133,-0.014264695407197134,-0.015264695407197134,inventory_acceleration__csz,fold_2025,2025
2025-10-20,30,6,6,0.0057155765839468145,0.021172395187946332,-0.007728409301999759,1.0,0.0,2.0,-0.007728409301999759,-0.008328409301999759,-0.008728409301999758,-0.009728409301999759,inventory_acceleration__csz,fold_2025,2025
2025-10-27,30,6,6,-0.004239990259815783,-0.0018124113817079002,-0.0012137894390539415,1.0,0.0,2.0,-0.0012137894390539415,-0.0018137894390539413,-0.0022137894390539415,-0.0032137894390539415,inventory_acceleration__csz,fold_2025,2025
2025-11-03,30,6,6,0.006109168823006566,-0.0012161184794701495,0.003662643651238358,1.0,0.0,2.0,0.003662643651238358,0.0030626436512383583,0.002662643651238358,0.001662643651238358,inventory_acceleration__csz,fold_2025,2025
2025-11-10,30,6,6,-0.007981050967527466,-0.0030318762377089838,-0.002474587364909241,1.0,0.0,2.0,-0.002474587364909241,-0.003074587364909241,-0.003474587364909241,-0.004474587364909241,inventory_acceleration__csz,fold_2025,2025
2025-11-17,30,6,6,-0.004936538789715767,-0.0204644611548693,0.007763961182576768,1.0,0.0,2.0,0.007763961182576768,0.007163961182576768,0.006763961182576768,0.005763961182576768,inventory_acceleration__csz,fold_2025,2025
2025-11-24,30,6,6,0.020514810795136867,0.00594304500189585,0.007285882896620509,1.0,0.0,2.0,0.007285882896620509,0.006685882896620509,0.006285882896620509,0.005285882896620509,inventory_acceleration__csz,fold_2025,2025
2025-12-01,30,6,6,0.004191136683053684,0.00710002866343465,-0.001454445990190483,1.0,0.0,2.0,-0.001454445990190483,-0.002054445990190483,-0.002454445990190483,-0.003454445990190483,inventory_acceleration__csz,fold_2025,2025
2025-12-08,30,6,6,0.011324241876089852,-0.002973463003149784,0.007148852439619818,1.0,0.0,2.0,0.007148852439619818,0.006548852439619818,0.006148852439619818,0.005148852439619818,inventory_acceleration__csz,fold_2025,2025
2025-12-15,30,6,6,0.0030243504835344333,0.022805203827257,-0.009890426671861283,1.0,0.0,2.0,-0.009890426671861283,-0.010490426671861282,-0.010890426671861284,-0.011890426671861283,inventory_acceleration__csz,fold_2025,2025
2025-12-22,30,6,6,0.027597751038263733,0.014561720885164048,0.006518015076549842,1.0,0.0,2.0,0.006518015076549842,0.005918015076549842,0.005518015076549842,0.004518015076549842,inventory_acceleration__csz,fold_2025,2025
2025-01-02,30,6,6,-0.005697011820340551,0.009708797651568799,-0.007702904735954675,1.0,0.0,2.0,-0.007702904735954675,-0.008302904735954676,-0.008702904735954675,-0.009702904735954674,inventory_acceleration__missing,fold_2025,2025
2025-01-09,30,6,6,0.03347700192639188,0.02709892023699133,0.003189040844700274,1.0,0.0,2.0,0.003189040844700274,0.002589040844700274,0.002189040844700274,0.0011890408447002739,inventory_acceleration__missing,fold_2025,2025
2025-01-16,30,6,6,-0.01734638303142625,-0.008802857590258733,-0.004271762720583759,1.0,0.0,2.0,-0.004271762720583759,-0.004871762720583758,-0.005271762720583759,-0.006271762720583759,inventory_acceleration__missing,fold_2025,2025
2025-01-23,30,6,6,0.01862334346203515,0.026791331185749858,-0.004083993861857354,1.0,0.0,2.0,-0.004083993861857354,-0.004683993861857354,-0.005083993861857354,-0.006083993861857354,inventory_acceleration__missing,fold_2025,2025
2025-02-07,30,6,6,-0.008434052052743633,0.018144620153512266,-0.01328933610312795,1.0,0.0,2.0,-0.01328933610312795,-0.01388933610312795,-0.01428933610312795,-0.01528933610312795,inventory_acceleration__missing,fold_2025,2025
2025-02-14,30,6,6,0.005819928191155899,-0.008527992206727368,0.007173960198941633,1.0,0.0,2.0,0.007173960198941633,0.006573960198941633,0.006173960198941633,0.005173960198941633,inventory_acceleration__missing,fold_2025,2025
2025-02-21,30,6,6,-0.01542077327094068,-0.025587954743581467,0.005083590736320393,1.0,0.0,2.0,0.005083590736320393,0.0044835907363203935,0.004083590736320393,0.0030835907363203933,inventory_acceleration__missing,fold_2025,2025
2025-02-28,30,6,6,-0.013018178042958952,0.0020565183600199655,-0.007537348201489459,1.0,0.0,2.0,-0.007537348201489459,-0.00813734820148946,-0.008537348201489459,-0.009537348201489458,inventory_acceleration__missing,fold_2025,2025
2025-03-07,30,6,6,0.0016064890901724164,0.011572049440519318,-0.004982780175173451,1.0,0.0,2.0,-0.004982780175173451,-0.005582780175173451,-0.005982780175173451,-0.006982780175173451,inventory_acceleration__missing,fold_2025,2025
2025-03-14,30,6,6,0.002129855617867733,-0.0018959837181752673,0.0020129196680215003,1.0,0.0,2.0,0.0020129196680215003,0.0014129196680215004,0.0010129196680215002,1.291966802150022e-05,inventory_acceleration__missing,fold_2025,2025
2025-03-21,30,6,6,0.006999095311239899,0.01830304470796665,-0.005651974698363376,1.0,0.0,2.0,-0.005651974698363376,-0.006251974698363376,-0.006651974698363376,-0.007651974698363376,inventory_acceleration__missing,fold_2025,2025
2025-03-28,30,6,6,-0.05178653573115883,-0.06843482604482926,0.008324145156835213,1.0,0.0,2.0,0.008324145156835213,0.007724145156835213,0.007324145156835213,0.006324145156835213,inventory_acceleration__missing,fold_2025,2025
2025-04-07,30,6,6,-0.00041319109867696675,0.0332448299701305,-0.016829010534403735,1.0,0.0,2.0,-0.016829010534403735,-0.017429010534403735,-0.017829010534403736,-0.018829010534403737,inventory_acceleration__missing,fold_2025,2025
2025-04-14,30,6,6,0.0005168816161656162,0.019440435576741966,-0.009461776980288175,1.0,0.0,2.0,-0.009461776980288175,-0.010061776980288175,-0.010461776980288176,-0.011461776980288175,inventory_acceleration__missing,fold_2025,2025
2025-04-21,30,6,6,0.004669681219876716,0.0018819770814416323,0.001393852069217542,1.0,0.0,2.0,0.001393852069217542,0.000793852069217542,0.00039385206921754195,-0.0006061479307824581,inventory_acceleration__missing,fold_2025,2025
2025-04-28,30,6,6,-0.019749569182245068,-0.012223476754515183,-0.003763046213864942,1.0,0.0,2.0,-0.003763046213864942,-0.004363046213864942,-0.004763046213864942,-0.005763046213864942,inventory_acceleration__missing,fold_2025,2025
2025-05-08,30,6,6,0.018868496700092097,0.00474709343819995,0.007060701630946074,1.0,0.0,2.0,0.007060701630946074,0.006460701630946074,0.006060701630946074,0.005060701630946074,inventory_acceleration__missing,fold_2025,2025
2025-05-15,30,6,6,-0.0170960743762764,0.01189693399591023,-0.014496504186093315,1.0,0.0,2.0,-0.014496504186093315,-0.015096504186093315,-0.015496504186093316,-0.016496504186093316,inventory_acceleration__missing,fold_2025,2025
2025-05-22,30,6,6,-0.013368702045991299,-0.0012623306970546502,-0.006053185674468324,1.0,0.0,2.0,-0.006053185674468324,-0.006653185674468324,-0.007053185674468324,-0.008053185674468324,inventory_acceleration__missing,fold_2025,2025
2025-05-29,30,6,6,-0.002707894218189633,0.012352209900303134,-0.007530052059246384,1.0,0.0,2.0,-0.007530052059246384,-0.008130052059246384,-0.008530052059246384,-0.009530052059246383,inventory_acceleration__missing,fold_2025,2025
2025-06-06,30,6,6,0.03444633532805569,0.03253489374783288,0.0009557207901114036,1.0,0.0,2.0,0.0009557207901114036,0.0003557207901114036,-4.427920988859645e-05,-0.0010442792098885965,inventory_acceleration__missing,fold_2025,2025
2025-06-13,30,6,6,0.029598957046110447,0.004498629514841433,0.012550163765634507,1.0,0.0,2.0,0.012550163765634507,0.011950163765634507,0.011550163765634506,0.010550163765634507,inventory_acceleration__missing,fold_2025,2025
2025-06-20,30,6,6,-0.02213642552399778,-0.023498578599497864,0.0006810765377500416,1.0,0.0,2.0,0.0006810765377500416,8.107653775004167e-05,-0.0003189234622499584,-0.0013189234622499584,inventory_acceleration__missing,fold_2025,2025
2025-06-27,30,6,6,-0.005947233897729367,0.0055583090415656814,-0.005752771469647524,1.0,0.0,2.0,-0.005752771469647524,-0.006352771469647524,-0.006752771469647524,-0.007752771469647524,inventory_acceleration__missing,fold_2025,2025
2025-07-04,30,6,6,0.012301035630775267,-0.00023277994273179954,0.006266907786753533,1.0,0.0,2.0,0.006266907786753533,0.0056669077867535335,0.005266907786753533,0.004266907786753533,inventory_acceleration__missing,fold_2025,2025
2025-07-11,30,6,6,0.016320366531274,0.0070907888289804,0.0046147888511468005,1.0,0.0,2.0,0.0046147888511468005,0.004014788851146801,0.0036147888511468005,0.0026147888511468004,inventory_acceleration__missing,fold_2025,2025
2025-07-18,30,6,6,0.026199109620428446,-0.0002715318615540332,0.013235320740991239,1.0,0.0,2.0,0.013235320740991239,0.012635320740991239,0.012235320740991238,0.011235320740991239,inventory_acceleration__missing,fold_2025,2025
2025-07-25,30,6,6,-0.019351561394610937,-0.006835549310821534,-0.006258006041894701,1.0,0.0,2.0,-0.006258006041894701,-0.006858006041894701,-0.007258006041894701,-0.008258006041894701,inventory_acceleration__missing,fold_2025,2025
2025-08-01,30,6,6,-0.008213075106535865,-0.004428811286038434,-0.0018921319102487158,1.0,0.0,2.0,-0.0018921319102487158,-0.0024921319102487157,-0.002892131910248716,-0.003892131910248716,inventory_acceleration__missing,fold_2025,2025
2025-08-08,30,6,6,0.00035633496059998365,-0.009825980730930986,0.005091157845765484,1.0,0.0,2.0,0.005091157845765484,0.0044911578457654845,0.004091157845765484,0.0030911578457654843,inventory_acceleration__missing,fold_2025,2025
2025-08-15,30,6,6,-0.002544147499929533,0.00322856856770585,-0.0028863580338176916,1.0,0.0,2.0,-0.0028863580338176916,-0.0034863580338176914,-0.0038863580338176916,-0.004886358033817692,inventory_acceleration__missing,fold_2025,2025
2025-08-22,30,6,6,-0.018604183789824997,0.016212743986049636,-0.017408463887937316,1.0,0.0,2.0,-0.017408463887937316,-0.018008463887937316,-0.018408463887937317,-0.019408463887937315,inventory_acceleration__missing,fold_2025,2025
2025-08-29,30,6,6,-0.007748885450319334,0.010117489997181836,-0.008933187723750586,1.0,0.0,2.0,-0.008933187723750586,-0.009533187723750586,-0.009933187723750587,-0.010933187723750586,inventory_acceleration__missing,fold_2025,2025
2025-09-05,30,6,6,0.0033148312841010177,0.010483868857270767,-0.0035845187865848746,1.0,0.0,2.0,-0.0035845187865848746,-0.004184518786584874,-0.004584518786584875,-0.005584518786584875,inventory_acceleration__missing,fold_2025,2025
2025-09-12,30,6,6,0.0032408233609956504,-0.0062530347995475,0.0047469290802715745,1.0,0.0,2.0,0.0047469290802715745,0.004146929080271575,0.0037469290802715745,0.0027469290802715745,inventory_acceleration__missing,fold_2025,2025
2025-09-19,30,6,6,-0.005253490020137651,0.030960479573230264,-0.018106984796683958,1.0,0.0,2.0,-0.018106984796683958,-0.018706984796683958,-0.01910698479668396,-0.020106984796683956,inventory_acceleration__missing,fold_2025,2025
2025-09-26,30,6,6,-0.030624574333025678,0.016826813015007047,-0.023725693674016363,1.0,0.0,2.0,-0.023725693674016363,-0.024325693674016362,-0.024725693674016364,-0.025725693674016364,inventory_acceleration__missing,fold_2025,2025
2025-10-13,30,6,6,-0.009049821554156418,0.009084516170332168,-0.009067168862244294,1.0,0.0,2.0,-0.009067168862244294,-0.009667168862244294,-0.010067168862244295,-0.011067168862244294,inventory_acceleration__missing,fold_2025,2025
2025-10-20,30,6,6,0.024602290595632983,0.008362028742069347,0.008120130926781818,1.0,0.0,2.0,0.008120130926781818,0.007520130926781818,0.007120130926781818,0.006120130926781818,inventory_acceleration__missing,fold_2025,2025
2025-10-27,30,6,6,-0.006596913571904333,-0.0048503946992184506,-0.0008732594363429413,1.0,0.0,2.0,-0.0008732594363429413,-0.0014732594363429411,-0.0018732594363429413,-0.0028732594363429413,inventory_acceleration__missing,fold_2025,2025
2025-11-03,30,6,6,0.00473875396290235,-0.0070525103444676815,0.005895632153685016,1.0,0.0,2.0,0.005895632153685016,0.005295632153685016,0.004895632153685016,0.0038956321536850157,inventory_acceleration__missing,fold_2025,2025
2025-11-10,30,6,6,0.00021755003889659986,-0.003673474618624233,0.0019455123287604164,1.0,0.0,2.0,0.0019455123287604164,0.0013455123287604166,0.0009455123287604164,-5.4487671239583646e-05,inventory_acceleration__missing,fold_2025,2025
2025-11-17,30,6,6,-0.01904734855250675,-0.010158017540556133,-0.004444665505975309,1.0,0.0,2.0,-0.004444665505975309,-0.005044665505975309,-0.005444665505975309,-0.006444665505975309,inventory_acceleration__missing,fold_2025,2025
2025-11-24,30,6,6,0.008908036345945352,0.027561895204763622,-0.009326929429409134,1.0,0.0,2.0,-0.009326929429409134,-0.009926929429409134,-0.010326929429409135,-0.011326929429409134,inventory_acceleration__missing,fold_2025,2025
2025-12-01,30,6,6,-0.011694554546885763,0.0098586393724134,-0.010776596959649581,1.0,0.0,2.0,-0.010776596959649581,-0.011376596959649581,-0.011776596959649582,-0.012776596959649581,inventory_acceleration__missing,fold_2025,2025
2025-12-08,30,6,6,-0.011080364565625231,0.0131624347760792,-0.012121399670852216,1.0,0.0,2.0,-0.012121399670852216,-0.012721399670852215,-0.013121399670852216,-0.014121399670852216,inventory_acceleration__missing,fold_2025,2025
2025-12-15,30,6,6,0.013895134393222533,0.026523462010756116,-0.006314163808766792,1.0,0.0,2.0,-0.006314163808766792,-0.0069141638087667915,-0.007314163808766792,-0.008314163808766793,inventory_acceleration__missing,fold_2025,2025
2025-12-22,30,6,6,0.013694749920318,0.028042245847474934,-0.007173747963578467,1.0,0.0,2.0,-0.007173747963578467,-0.007773747963578467,-0.008173747963578467,-0.009173747963578466,inventory_acceleration__missing,fold_2025,2025
2025-01-02,30,6,6,-0.013569391972700498,0.003931226792875701,-0.0087503093827881,1.0,0.0,2.0,-0.0087503093827881,-0.0093503093827881,-0.009750309382788099,-0.0107503093827881,inventory_price_divergence__csz,fold_2025,2025
2025-01-09,30,6,6,0.024280970141950253,0.015744872641517686,0.004268048750216283,1.0,0.0,2.0,0.004268048750216283,0.0036680487502162833,0.003268048750216283,0.002268048750216283,inventory_price_divergence__csz,fold_2025,2025
2025-01-16,30,6,6,-0.008888514073023684,-0.0051388514824503165,-0.001874831295286684,1.0,0.0,2.0,-0.001874831295286684,-0.002474831295286684,-0.002874831295286684,-0.003874831295286684,inventory_price_divergence__csz,fold_2025,2025
2025-01-23,30,6,6,0.03322456201263119,0.020702482219783616,0.006261039896423785,1.0,0.0,2.0,0.006261039896423785,0.0056610398964237856,0.005261039896423785,0.004261039896423785,inventory_price_divergence__csz,fold_2025,2025
2025-02-07,30,6,6,0.0026323655557559333,-0.0018613782297652835,0.0022468718927606086,1.0,0.0,2.0,0.0022468718927606086,0.0016468718927606088,0.0012468718927606086,0.00024687189276060856,inventory_price_divergence__csz,fold_2025,2025
2025-02-14,30,6,6,-0.0026723545023239494,0.0009711721310382664,-0.0018217633166811079,1.0,0.0,2.0,-0.0018217633166811079,-0.002421763316681108,-0.002821763316681108,-0.003821763316681108,inventory_price_divergence__csz,fold_2025,2025
2025-02-21,30,6,6,-0.011139903878735999,-0.02031870114886823,0.004589398635066115,1.0,0.0,2.0,0.004589398635066115,0.003989398635066115,0.003589398635066115,0.002589398635066115,inventory_price_divergence__csz,fold_2025,2025
2025-02-28,30,6,6,-0.0037887791867994014,0.01617263225562447,-0.009980705721211935,1.0,0.0,2.0,-0.009980705721211935,-0.010580705721211935,-0.010980705721211934,-0.011980705721211935,inventory_price_divergence__csz,fold_2025,2025
2025-03-07,30,6,6,0.0055473794359520824,0.030700942868898018,-0.012576781716472968,1.0,0.0,2.0,-0.012576781716472968,-0.013176781716472968,-0.013576781716472967,-0.014576781716472968,inventory_price_divergence__csz,fold_2025,2025
2025-03-14,30,6,6,-0.0037671759058667334,-0.025644191409895184,0.010938507752014225,1.0,0.0,2.0,0.010938507752014225,0.010338507752014225,0.009938507752014224,0.008938507752014225,inventory_price_divergence__csz,fold_2025,2025
2025-03-21,30,6,6,0.00961648991396105,0.015050911104229283,-0.0027172105951341168,1.0,0.0,2.0,-0.0027172105951341168,-0.0033172105951341166,-0.0037172105951341168,-0.004717210595134117,inventory_price_divergence__csz,fold_2025,2025
2025-03-28,30,6,6,-0.06691239768438269,-0.05829908231980924,-0.004306657682286726,1.0,0.0,2.0,-0.004306657682286726,-0.004906657682286725,-0.005306657682286726,-0.006306657682286726,inventory_price_divergence__csz,fold_2025,2025
2025-04-07,30,6,6,0.029847249075496195,0.009328165304504935,0.01025954188549563,1.0,0.0,2.0,0.01025954188549563,0.00965954188549563,0.009259541885495631,0.00825954188549563,inventory_price_divergence__csz,fold_2025,2025
2025-04-14,30,6,6,0.005378582774281066,0.012629437744951432,-0.003625427485335183,1.0,0.0,2.0,-0.003625427485335183,-0.004225427485335183,-0.004625427485335183,-0.005625427485335183,inventory_price_divergence__csz,fold_2025,2025
2025-04-21,30,6,6,0.009745457205999333,-0.0007439357641076666,0.0052446964850535,1.0,0.0,2.0,0.0052446964850535,0.0046446964850535,0.0042446964850535,0.0032446964850535,inventory_price_divergence__csz,fold_2025,2025
2025-04-28,30,6,6,-0.0089307410480831,-0.010797699858461634,0.0009334794051892668,1.0,0.0,2.0,0.0009334794051892668,0.0003334794051892668,-6.652059481073325e-05,-0.0010665205948107333,inventory_price_divergence__csz,fold_2025,2025
2025-05-08,30,6,6,0.01057214406862885,0.008520646093632149,0.0010257489874983504,1.0,0.0,2.0,0.0010257489874983504,0.00042574898749835044,2.574898749835037e-05,-0.0009742510125016497,inventory_price_divergence__csz,fold_2025,2025
2025-05-15,30,6,6,-0.0019089864550285,0.0047994267069812165,-0.003354206581004858,1.0,0.0,2.0,-0.003354206581004858,-0.003954206581004858,-0.004354206581004858,-0.005354206581004858,inventory_price_divergence__csz,fold_2025,2025
2025-05-22,30,6,6,-0.0076407044255822,-0.005325234812782717,-0.0011577348063997414,1.0,0.0,2.0,-0.0011577348063997414,-0.0017577348063997412,-0.0021577348063997414,-0.0031577348063997414,inventory_price_divergence__csz,fold_2025,2025
2025-05-29,30,6,6,0.0007039400159963502,0.0152955185185931,-0.007295789251298375,1.0,0.0,2.0,-0.007295789251298375,-0.007895789251298375,-0.008295789251298376,-0.009295789251298375,inventory_price_divergence__csz,fold_2025,2025
2025-06-06,30,6,6,0.004903685623192066,0.0237326633977574,-0.009414488887282668,1.0,0.0,2.0,-0.009414488887282668,-0.010014488887282668,-0.010414488887282667,-0.011414488887282668,inventory_price_divergence__csz,fold_2025,2025
2025-06-13,30,6,6,0.00803584667219845,0.0014878389172562501,0.0032740038774711003,1.0,0.0,2.0,0.0032740038774711003,0.0026740038774711004,0.0022740038774711003,0.0012740038774711002,inventory_price_divergence__csz,fold_2025,2025
2025-06-20,30,6,6,0.009684974170708833,-0.022340384292429433,0.016012679231569134,1.0,0.0,2.0,0.016012679231569134,0.015412679231569134,0.015012679231569133,0.014012679231569134,inventory_price_divergence__csz,fold_2025,2025
2025-06-27,30,6,6,-0.0004102460748898669,0.008249807600986134,-0.004330026837938,1.0,0.0,2.0,-0.004330026837938,-0.004930026837938,-0.005330026837938,-0.006330026837938,inventory_price_divergence__csz,fold_2025,2025
2025-07-04,30,6,6,0.00034061871069726693,0.007554456922597066,-0.0036069191059498996,1.0,0.0,2.0,-0.0036069191059498996,-0.0042069191059499,-0.004606919105949899,-0.0056069191059499,inventory_price_divergence__csz,fold_2025,2025
2025-07-11,30,6,6,0.006653818794239384,0.010626072469368716,-0.001986126837564666,1.0,0.0,2.0,-0.001986126837564666,-0.002586126837564666,-0.002986126837564666,-0.0039861268375646665,inventory_price_divergence__csz,fold_2025,2025
2025-07-18,30,6,6,0.014523766732436563,0.014477920857922051,2.2922937257256054e-05,1.0,0.0,2.0,2.2922937257256054e-05,-0.0005770770627427439,-0.000977077062742744,-0.001977077062742744,inventory_price_divergence__csz,fold_2025,2025
2025-07-25,30,6,6,-0.015330865549744952,-0.01730343519983488,0.0009862848250449642,1.0,0.0,2.0,0.0009862848250449642,0.0003862848250449643,-1.3715174955035783e-05,-0.0010137151749550358,inventory_price_divergence__csz,fold_2025,2025
2025-08-01,30,6,6,-0.0003052877718799499,-0.0011485842677913833,0.00042164824795571667,1.0,0.0,2.0,0.00042164824795571667,-0.00017835175204428328,-0.0005783517520442834,-0.0015783517520442834,inventory_price_divergence__csz,fold_2025,2025
2025-08-08,30,6,6,-0.008271699669971433,-0.0050618107495366505,-0.0016049444602173912,1.0,0.0,2.0,-0.0016049444602173912,-0.002204944460217391,-0.002604944460217391,-0.0036049444602173912,inventory_price_divergence__csz,fold_2025,2025
2025-08-15,30,6,6,0.002174708931122616,-0.018075929067107366,0.010125318999114992,1.0,0.0,2.0,0.010125318999114992,0.009525318999114992,0.009125318999114992,0.008125318999114992,inventory_price_divergence__csz,fold_2025,2025
2025-08-22,30,6,6,0.015212898699774867,0.012565615314442934,0.0013236416926659667,1.0,0.0,2.0,0.0013236416926659667,0.0007236416926659667,0.00032364169266596663,-0.0006763583073340334,inventory_price_divergence__csz,fold_2025,2025
2025-08-29,30,6,6,-0.005533998420322767,0.010535826827665117,-0.008034912623993942,1.0,0.0,2.0,-0.008034912623993942,-0.008634912623993941,-0.009034912623993942,-0.010034912623993942,inventory_price_divergence__csz,fold_2025,2025
2025-09-05,30,6,6,0.002363411914330616,0.006962897105619266,-0.002299742595644325,1.0,0.0,2.0,-0.002299742595644325,-0.002899742595644325,-0.003299742595644325,-0.004299742595644325,inventory_price_divergence__csz,fold_2025,2025
2025-09-12,30,6,6,-0.004615809242497849,-0.009888951439370866,0.0026365710984365084,1.0,0.0,2.0,0.0026365710984365084,0.0020365710984365086,0.0016365710984365084,0.0006365710984365083,inventory_price_divergence__csz,fold_2025,2025
2025-09-19,30,6,6,0.010916590108053898,0.016590512513070237,-0.0028369612025081698,1.0,0.0,2.0,-0.0028369612025081698,-0.0034369612025081696,-0.00383696120250817,-0.00483696120250817,inventory_price_divergence__csz,fold_2025,2025
2025-09-26,30,6,6,-0.009381056562785635,0.02604412742103165,-0.017712591991908642,1.0,0.0,2.0,-0.017712591991908642,-0.01831259199190864,-0.018712591991908643,-0.01971259199190864,inventory_price_divergence__csz,fold_2025,2025
2025-10-13,30,6,6,-0.009383099119442835,0.008886010880976566,-0.0091345550002097,1.0,0.0,2.0,-0.0091345550002097,-0.0097345550002097,-0.0101345550002097,-0.0111345550002097,inventory_price_divergence__csz,fold_2025,2025
2025-10-20,30,6,6,0.03137836899834195,-0.006259727027525852,0.0188190480129339,1.0,0.0,2.0,0.0188190480129339,0.0182190480129339,0.017819048012933898,0.0168190480129339,inventory_price_divergence__csz,fold_2025,2025
2025-10-27,30,6,6,-0.005419073883252616,-0.005327456047888983,-4.5808917681816434e-05,1.0,0.0,2.0,-4.5808917681816434e-05,-0.0006458089176818164,-0.0010458089176818165,-0.0020458089176818165,inventory_price_divergence__csz,fold_2025,2025
2025-11-03,30,6,6,-0.013989207693016032,0.0035520108341299834,-0.008770609263573008,1.0,0.0,2.0,-0.008770609263573008,-0.009370609263573007,-0.009770609263573007,-0.010770609263573008,inventory_price_divergence__csz,fold_2025,2025
2025-11-10,30,6,6,-0.0023443740064663333,-0.004655550814621183,0.0011555884040774247,1.0,0.0,2.0,0.0011555884040774247,0.0005555884040774247,0.00015558840407742464,-0.0008444115959225754,inventory_price_divergence__csz,fold_2025,2025
2025-11-17,30,6,6,-0.010969670411982832,-0.014431329532602233,0.0017308295603097002,1.0,0.0,2.0,0.0017308295603097002,0.0011308295603097004,0.0007308295603097002,-0.0002691704396902998,inventory_price_divergence__csz,fold_2025,2025
2025-11-24,30,6,6,0.0053782142520988835,0.0384318966043942,-0.01652684117614766,1.0,0.0,2.0,-0.01652684117614766,-0.01712684117614766,-0.01752684117614766,-0.01852684117614766,inventory_price_divergence__csz,fold_2025,2025
2025-12-01,30,6,6,0.004984046458524034,0.010735490687478935,-0.002875722114477451,1.0,0.0,2.0,-0.002875722114477451,-0.0034757221144774506,-0.003875722114477451,-0.004875722114477451,inventory_price_divergence__csz,fold_2025,2025
2025-12-08,30,6,6,-0.006089755946379067,0.019758911736379167,-0.012924333841379117,1.0,0.0,2.0,-0.012924333841379117,-0.013524333841379117,-0.013924333841379116,-0.014924333841379117,inventory_price_divergence__csz,fold_2025,2025
2025-12-15,30,6,6,0.014108674544196816,0.027939313236479777,-0.0069153193461414806,1.0,0.0,2.0,-0.0069153193461414806,-0.00751531934614148,-0.00791531934614148,-0.008915319346141481,inventory_price_divergence__csz,fold_2025,2025
2025-12-22,30,6,6,0.005471469982198901,0.03170821039914305,-0.013118370208472075,1.0,0.0,2.0,-0.013118370208472075,-0.013718370208472075,-0.014118370208472075,-0.015118370208472075,inventory_price_divergence__csz,fold_2025,2025
2025-01-02,30,6,6,-0.005697011820340551,0.009708797651568799,-0.007702904735954675,1.0,0.0,2.0,-0.007702904735954675,-0.008302904735954676,-0.008702904735954675,-0.009702904735954674,inventory_price_divergence__missing,fold_2025,2025
2025-01-09,30,6,6,0.03347700192639188,0.02709892023699133,0.003189040844700274,1.0,0.0,2.0,0.003189040844700274,0.002589040844700274,0.002189040844700274,0.0011890408447002739,inventory_price_divergence__missing,fold_2025,2025
2025-01-16,30,6,6,-0.01734638303142625,-0.008802857590258733,-0.004271762720583759,1.0,0.0,2.0,-0.004271762720583759,-0.004871762720583758,-0.005271762720583759,-0.006271762720583759,inventory_price_divergence__missing,fold_2025,2025
2025-01-23,30,6,6,0.01862334346203515,0.026791331185749858,-0.004083993861857354,1.0,0.0,2.0,-0.004083993861857354,-0.004683993861857354,-0.005083993861857354,-0.006083993861857354,inventory_price_divergence__missing,fold_2025,2025
2025-02-07,30,6,6,-0.008434052052743633,0.018144620153512266,-0.01328933610312795,1.0,0.0,2.0,-0.01328933610312795,-0.01388933610312795,-0.01428933610312795,-0.01528933610312795,inventory_price_divergence__missing,fold_2025,2025
2025-02-14,30,6,6,0.005819928191155899,-0.008527992206727368,0.007173960198941633,1.0,0.0,2.0,0.007173960198941633,0.006573960198941633,0.006173960198941633,0.005173960198941633,inventory_price_divergence__missing,fold_2025,2025
2025-02-21,30,6,6,-0.01542077327094068,-0.025587954743581467,0.005083590736320393,1.0,0.0,2.0,0.005083590736320393,0.0044835907363203935,0.004083590736320393,0.0030835907363203933,inventory_price_divergence__missing,fold_2025,2025
2025-02-28,30,6,6,-0.013018178042958952,0.0020565183600199655,-0.007537348201489459,1.0,0.0,2.0,-0.007537348201489459,-0.00813734820148946,-0.008537348201489459,-0.009537348201489458,inventory_price_divergence__missing,fold_2025,2025
2025-03-07,30,6,6,0.0016064890901724164,0.011572049440519318,-0.004982780175173451,1.0,0.0,2.0,-0.004982780175173451,-0.005582780175173451,-0.005982780175173451,-0.006982780175173451,inventory_price_divergence__missing,fold_2025,2025
2025-03-14,30,6,6,0.002129855617867733,-0.0018959837181752673,0.0020129196680215003,1.0,0.0,2.0,0.0020129196680215003,0.0014129196680215004,0.0010129196680215002,1.291966802150022e-05,inventory_price_divergence__missing,fold_2025,2025
2025-03-21,30,6,6,0.006999095311239899,0.01830304470796665,-0.005651974698363376,1.0,0.0,2.0,-0.005651974698363376,-0.006251974698363376,-0.006651974698363376,-0.007651974698363376,inventory_price_divergence__missing,fold_2025,2025
2025-03-28,30,6,6,-0.05178653573115883,-0.06843482604482926,0.008324145156835213,1.0,0.0,2.0,0.008324145156835213,0.007724145156835213,0.007324145156835213,0.006324145156835213,inventory_price_divergence__missing,fold_2025,2025
2025-04-07,30,6,6,-0.00041319109867696675,0.0332448299701305,-0.016829010534403735,1.0,0.0,2.0,-0.016829010534403735,-0.017429010534403735,-0.017829010534403736,-0.018829010534403737,inventory_price_divergence__missing,fold_2025,2025
2025-04-14,30,6,6,0.0005168816161656162,0.019440435576741966,-0.009461776980288175,1.0,0.0,2.0,-0.009461776980288175,-0.010061776980288175,-0.010461776980288176,-0.011461776980288175,inventory_price_divergence__missing,fold_2025,2025
2025-04-21,30,6,6,0.004669681219876716,0.0018819770814416323,0.001393852069217542,1.0,0.0,2.0,0.001393852069217542,0.000793852069217542,0.00039385206921754195,-0.0006061479307824581,inventory_price_divergence__missing,fold_2025,2025
2025-04-28,30,6,6,-0.019749569182245068,-0.012223476754515183,-0.003763046213864942,1.0,0.0,2.0,-0.003763046213864942,-0.004363046213864942,-0.004763046213864942,-0.005763046213864942,inventory_price_divergence__missing,fold_2025,2025
2025-05-08,30,6,6,0.018868496700092097,0.00474709343819995,0.007060701630946074,1.0,0.0,2.0,0.007060701630946074,0.006460701630946074,0.006060701630946074,0.005060701630946074,inventory_price_divergence__missing,fold_2025,2025
2025-05-15,30,6,6,-0.0170960743762764,0.01189693399591023,-0.014496504186093315,1.0,0.0,2.0,-0.014496504186093315,-0.015096504186093315,-0.015496504186093316,-0.016496504186093316,inventory_price_divergence__missing,fold_2025,2025
2025-05-22,30,6,6,-0.013368702045991299,-0.0012623306970546502,-0.006053185674468324,1.0,0.0,2.0,-0.006053185674468324,-0.006653185674468324,-0.007053185674468324,-0.008053185674468324,inventory_price_divergence__missing,fold_2025,2025
2025-05-29,30,6,6,-0.002707894218189633,0.012352209900303134,-0.007530052059246384,1.0,0.0,2.0,-0.007530052059246384,-0.008130052059246384,-0.008530052059246384,-0.009530052059246383,inventory_price_divergence__missing,fold_2025,2025
2025-06-06,30,6,6,0.03444633532805569,0.03253489374783288,0.0009557207901114036,1.0,0.0,2.0,0.0009557207901114036,0.0003557207901114036,-4.427920988859645e-05,-0.0010442792098885965,inventory_price_divergence__missing,fold_2025,2025
2025-06-13,30,6,6,0.029598957046110447,0.004498629514841433,0.012550163765634507,1.0,0.0,2.0,0.012550163765634507,0.011950163765634507,0.011550163765634506,0.010550163765634507,inventory_price_divergence__missing,fold_2025,2025
2025-06-20,30,6,6,-0.02213642552399778,-0.023498578599497864,0.0006810765377500416,1.0,0.0,2.0,0.0006810765377500416,8.107653775004167e-05,-0.0003189234622499584,-0.0013189234622499584,inventory_price_divergence__missing,fold_2025,2025
2025-06-27,30,6,6,-0.005947233897729367,0.0055583090415656814,-0.005752771469647524,1.0,0.0,2.0,-0.005752771469647524,-0.006352771469647524,-0.006752771469647524,-0.007752771469647524,inventory_price_divergence__missing,fold_2025,2025
2025-07-04,30,6,6,0.012301035630775267,-0.00023277994273179954,0.006266907786753533,1.0,0.0,2.0,0.006266907786753533,0.0056669077867535335,0.005266907786753533,0.004266907786753533,inventory_price_divergence__missing,fold_2025,2025
2025-07-11,30,6,6,0.016320366531274,0.0070907888289804,0.0046147888511468005,1.0,0.0,2.0,0.0046147888511468005,0.004014788851146801,0.0036147888511468005,0.0026147888511468004,inventory_price_divergence__missing,fold_2025,2025
2025-07-18,30,6,6,0.026199109620428446,-0.0002715318615540332,0.013235320740991239,1.0,0.0,2.0,0.013235320740991239,0.012635320740991239,0.012235320740991238,0.011235320740991239,inventory_price_divergence__missing,fold_2025,2025
2025-07-25,30,6,6,-0.019351561394610937,-0.006835549310821534,-0.006258006041894701,1.0,0.0,2.0,-0.006258006041894701,-0.006858006041894701,-0.007258006041894701,-0.008258006041894701,inventory_price_divergence__missing,fold_2025,2025
2025-08-01,30,6,6,-0.008213075106535865,-0.004428811286038434,-0.0018921319102487158,1.0,0.0,2.0,-0.0018921319102487158,-0.0024921319102487157,-0.002892131910248716,-0.003892131910248716,inventory_price_divergence__missing,fold_2025,2025
2025-08-08,30,6,6,0.00035633496059998365,-0.009825980730930986,0.005091157845765484,1.0,0.0,2.0,0.005091157845765484,0.0044911578457654845,0.004091157845765484,0.0030911578457654843,inventory_price_divergence__missing,fold_2025,2025
2025-08-15,30,6,6,-0.002544147499929533,0.00322856856770585,-0.0028863580338176916,1.0,0.0,2.0,-0.0028863580338176916,-0.0034863580338176914,-0.0038863580338176916,-0.004886358033817692,inventory_price_divergence__missing,fold_2025,2025
2025-08-22,30,6,6,-0.018604183789824997,0.016212743986049636,-0.017408463887937316,1.0,0.0,2.0,-0.017408463887937316,-0.018008463887937316,-0.018408463887937317,-0.019408463887937315,inventory_price_divergence__missing,fold_2025,2025
2025-08-29,30,6,6,-0.007748885450319334,0.010117489997181836,-0.008933187723750586,1.0,0.0,2.0,-0.008933187723750586,-0.009533187723750586,-0.009933187723750587,-0.010933187723750586,inventory_price_divergence__missing,fold_2025,2025
2025-09-05,30,6,6,0.0033148312841010177,0.010483868857270767,-0.0035845187865848746,1.0,0.0,2.0,-0.0035845187865848746,-0.004184518786584874,-0.004584518786584875,-0.005584518786584875,inventory_price_divergence__missing,fold_2025,2025
2025-09-12,30,6,6,0.0032408233609956504,-0.0062530347995475,0.0047469290802715745,1.0,0.0,2.0,0.0047469290802715745,0.004146929080271575,0.0037469290802715745,0.0027469290802715745,inventory_price_divergence__missing,fold_2025,2025
2025-09-19,30,6,6,-0.005253490020137651,0.030960479573230264,-0.018106984796683958,1.0,0.0,2.0,-0.018106984796683958,-0.018706984796683958,-0.01910698479668396,-0.020106984796683956,inventory_price_divergence__missing,fold_2025,2025
2025-09-26,30,6,6,-0.030624574333025678,0.016826813015007047,-0.023725693674016363,1.0,0.0,2.0,-0.023725693674016363,-0.024325693674016362,-0.024725693674016364,-0.025725693674016364,inventory_price_divergence__missing,fold_2025,2025
2025-10-13,30,6,6,-0.009049821554156418,0.009084516170332168,-0.009067168862244294,1.0,0.0,2.0,-0.009067168862244294,-0.009667168862244294,-0.010067168862244295,-0.011067168862244294,inventory_price_divergence__missing,fold_2025,2025
2025-10-20,30,6,6,0.024602290595632983,0.008362028742069347,0.008120130926781818,1.0,0.0,2.0,0.008120130926781818,0.007520130926781818,0.007120130926781818,0.006120130926781818,inventory_price_divergence__missing,fold_2025,2025
2025-10-27,30,6,6,-0.006596913571904333,-0.0048503946992184506,-0.0008732594363429413,1.0,0.0,2.0,-0.0008732594363429413,-0.0014732594363429411,-0.0018732594363429413,-0.0028732594363429413,inventory_price_divergence__missing,fold_2025,2025
2025-11-03,30,6,6,0.00473875396290235,-0.0070525103444676815,0.005895632153685016,1.0,0.0,2.0,0.005895632153685016,0.005295632153685016,0.004895632153685016,0.0038956321536850157,inventory_price_divergence__missing,fold_2025,2025
2025-11-10,30,6,6,0.00021755003889659986,-0.003673474618624233,0.0019455123287604164,1.0,0.0,2.0,0.0019455123287604164,0.0013455123287604166,0.0009455123287604164,-5.4487671239583646e-05,inventory_price_divergence__missing,fold_2025,2025
2025-11-17,30,6,6,-0.01904734855250675,-0.010158017540556133,-0.004444665505975309,1.0,0.0,2.0,-0.004444665505975309,-0.005044665505975309,-0.005444665505975309,-0.006444665505975309,inventory_price_divergence__missing,fold_2025,2025
2025-11-24,30,6,6,0.008908036345945352,0.027561895204763622,-0.009326929429409134,1.0,0.0,2.0,-0.009326929429409134,-0.009926929429409134,-0.010326929429409135,-0.011326929429409134,inventory_price_divergence__missing,fold_2025,2025
2025-12-01,30,6,6,-0.011694554546885763,0.0098586393724134,-0.010776596959649581,1.0,0.0,2.0,-0.010776596959649581,-0.011376596959649581,-0.011776596959649582,-0.012776596959649581,inventory_price_divergence__missing,fold_2025,2025
2025-12-08,30,6,6,-0.011080364565625231,0.0131624347760792,-0.012121399670852216,1.0,0.0,2.0,-0.012121399670852216,-0.012721399670852215,-0.013121399670852216,-0.014121399670852216,inventory_price_divergence__missing,fold_2025,2025
2025-12-15,30,6,6,0.013895134393222533,0.026523462010756116,-0.006314163808766792,1.0,0.0,2.0,-0.006314163808766792,-0.0069141638087667915,-0.007314163808766792,-0.008314163808766793,inventory_price_divergence__missing,fold_2025,2025
2025-12-22,30,6,6,0.013694749920318,0.028042245847474934,-0.007173747963578467,1.0,0.0,2.0,-0.007173747963578467,-0.007773747963578467,-0.008173747963578467,-0.009173747963578466,inventory_price_divergence__missing,fold_2025,2025
2025-01-02,30,6,6,-0.014410321161878965,-0.01670833057520495,0.0011490047066629924,1.0,0.0,2.0,0.0011490047066629924,0.0005490047066629924,0.00014900470666299234,-0.0008509952933370077,oi_surprise_60__csz,fold_2025,2025
2025-01-09,30,6,6,0.03989407287285376,0.04396286338861796,-0.0020343952578821024,1.0,0.0,2.0,-0.0020343952578821024,-0.0026343952578821023,-0.0030343952578821025,-0.0040343952578821025,oi_surprise_60__csz,fold_2025,2025
2025-01-16,30,6,6,-0.0074152361309259,-0.0072045556638429846,-0.00010534023354145765,1.0,0.0,2.0,-0.00010534023354145765,-0.0007053402335414576,-0.0011053402335414577,-0.0021053402335414577,oi_surprise_60__csz,fold_2025,2025
2025-01-23,30,6,6,0.0086571121815549,0.030929739690691304,-0.011136313754568201,1.0,0.0,2.0,-0.011136313754568201,-0.011736313754568201,-0.012136313754568202,-0.013136313754568201,oi_surprise_60__csz,fold_2025,2025
2025-02-07,30,6,6,0.01059415045252645,-0.013007046911477268,0.01180059868200186,1.0,0.0,2.0,0.01180059868200186,0.01120059868200186,0.01080059868200186,0.00980059868200186,oi_surprise_60__csz,fold_2025,2025
2025-02-14,30,6,6,0.01772021125611065,0.0018648961708553826,0.007927657542627633,1.0,0.0,2.0,0.007927657542627633,0.007327657542627633,0.006927657542627633,0.005927657542627633,oi_surprise_60__csz,fold_2025,2025
2025-02-21,30,6,6,-0.014427062969414935,-0.01318962038684185,-0.0006187212912865427,1.0,0.0,2.0,-0.0006187212912865427,-0.0012187212912865425,-0.0016187212912865427,-0.0026187212912865427,oi_surprise_60__csz,fold_2025,2025
2025-02-28,30,6,6,-0.00485000016876195,-0.0024527533678785833,-0.0011986234004416833,1.0,0.0,2.0,-0.0011986234004416833,-0.0017986234004416833,-0.0021986234004416835,-0.0031986234004416835,oi_surprise_60__csz,fold_2025,2025
2025-03-07,30,6,6,0.011273125247689184,0.009289127403938467,0.0009919989218753582,1.0,0.0,2.0,0.0009919989218753582,0.00039199892187535823,-8.00107812464184e-06,-0.0010080010781246419,oi_surprise_60__csz,fold_2025,2025
2025-03-14,30,6,6,-0.009390592556789515,-0.012975492905941266,0.0017924501745758756,1.0,0.0,2.0,0.0017924501745758756,0.0011924501745758757,0.0007924501745758756,-0.00020754982542412447,oi_surprise_60__csz,fold_2025,2025
2025-03-21,30,6,6,0.0020268550872765668,0.011987455326299199,-0.004980300119511316,1.0,0.0,2.0,-0.004980300119511316,-0.005580300119511316,-0.005980300119511316,-0.006980300119511316,oi_surprise_60__csz,fold_2025,2025
2025-03-28,30,6,6,-0.014088581831100684,-0.049789186163464255,0.017850302166181786,1.0,0.0,2.0,0.017850302166181786,0.017250302166181786,0.016850302166181785,0.015850302166181787,oi_surprise_60__csz,fold_2025,2025
2025-04-07,30,6,6,-0.005855925188785517,0.01795170683777255,-0.011903816013279033,1.0,0.0,2.0,-0.011903816013279033,-0.012503816013279033,-0.012903816013279033,-0.013903816013279034,oi_surprise_60__csz,fold_2025,2025
2025-04-14,30,6,6,-0.015853486256992847,-0.002110414567642017,-0.006871535844675415,1.0,0.0,2.0,-0.006871535844675415,-0.007471535844675415,-0.007871535844675415,-0.008871535844675416,oi_surprise_60__csz,fold_2025,2025
2025-04-21,30,6,6,0.003149965621344017,0.0027117505048945834,0.00021910755822471674,1.0,0.0,2.0,0.00021910755822471674,-0.0003808924417752832,-0.0007808924417752833,-0.0017808924417752833,oi_surprise_60__csz,fold_2025,2025
2025-04-28,30,6,6,-0.016500489367203733,-0.01562080150771295,-0.00043984392974539144,1.0,0.0,2.0,-0.00043984392974539144,-0.0010398439297453913,-0.0014398439297453915,-0.0024398439297453915,oi_surprise_60__csz,fold_2025,2025
2025-05-08,30,6,6,0.014281198960785368,0.028520501372323103,-0.0071196512057688675,1.0,0.0,2.0,-0.0071196512057688675,-0.007719651205768867,-0.008119651205768868,-0.009119651205768867,oi_surprise_60__csz,fold_2025,2025
2025-05-15,30,6,6,-0.01638247899079622,-0.013397349271269747,-0.0014925648597632355,1.0,0.0,2.0,-0.0014925648597632355,-0.0020925648597632353,-0.0024925648597632355,-0.0034925648597632355,oi_surprise_60__csz,fold_2025,2025
2025-05-22,30,6,6,-0.013549135551214848,-0.018371403215564835,0.002411133832174993,1.0,0.0,2.0,0.002411133832174993,0.0018111338321749933,0.0014111338321749932,0.00041113383217499314,oi_surprise_60__csz,fold_2025,2025
2025-05-29,30,6,6,0.0015298321351316496,-0.0007260541849711501,0.0011279431600513998,1.0,0.0,2.0,0.0011279431600513998,0.0005279431600513999,0.0001279431600513998,-0.0008720568399486002,oi_surprise_60__csz,fold_2025,2025
2025-06-06,30,6,6,-0.006841967211252417,0.02624552290312672,-0.016543745057189568,1.0,0.0,2.0,-0.016543745057189568,-0.017143745057189567,-0.01754374505718957,-0.018543745057189566,oi_surprise_60__csz,fold_2025,2025
2025-06-13,30,6,6,0.0162476247255323,0.020535090921779332,-0.0021437330981235164,1.0,0.0,2.0,-0.0021437330981235164,-0.002743733098123516,-0.0031437330981235164,-0.004143733098123516,oi_surprise_60__csz,fold_2025,2025
2025-06-20,30,6,6,0.014960939346438017,-0.010367764245102067,0.012664351795770041,1.0,0.0,2.0,0.012664351795770041,0.012064351795770041,0.01166435179577004,0.010664351795770041,oi_surprise_60__csz,fold_2025,2025
2025-06-27,30,6,6,0.011022798935310517,0.004030654243370917,0.0034960723459698,1.0,0.0,2.0,0.0034960723459698,0.0028960723459698,0.0024960723459698,0.0014960723459697999,oi_surprise_60__csz,fold_2025,2025
2025-07-04,30,6,6,0.009029877223554666,0.005364824026570816,0.0018325265984919254,1.0,0.0,2.0,0.0018325265984919254,0.0012325265984919256,0.0008325265984919254,-0.00016747340150807463,oi_surprise_60__csz,fold_2025,2025
2025-07-11,30,6,6,0.018340289434065783,0.006407851985523984,0.005966218724270899,1.0,0.0,2.0,0.005966218724270899,0.005366218724270899,0.004966218724270899,0.003966218724270899,oi_surprise_60__csz,fold_2025,2025
2025-07-18,30,6,6,0.07440979591312201,0.02289288463097155,0.025758455641075227,1.0,0.0,2.0,0.025758455641075227,0.025158455641075227,0.024758455641075226,0.023758455641075225,oi_surprise_60__csz,fold_2025,2025
2025-07-25,30,6,6,-0.0122183365537807,-0.07237946871119869,0.030080566078708994,1.0,0.0,2.0,0.030080566078708994,0.029480566078708994,0.029080566078708993,0.028080566078708992,oi_surprise_60__csz,fold_2025,2025
2025-08-01,30,6,6,0.0028940222271108835,0.024531992625227303,-0.01081898519905821,1.0,0.0,2.0,-0.01081898519905821,-0.01141898519905821,-0.011818985199058211,-0.01281898519905821,oi_surprise_60__csz,fold_2025,2025
2025-08-08,30,6,6,9.27293925645168e-05,0.004686801142072781,-0.0022970358747541318,1.0,0.0,2.0,-0.0022970358747541318,-0.0028970358747541316,-0.003297035874754132,-0.004297035874754131,oi_surprise_60__csz,fold_2025,2025
2025-08-15,30,6,6,-0.006960284274483183,-0.001896520069521666,-0.0025318821024807587,1.0,0.0,2.0,-0.0025318821024807587,-0.0031318821024807586,-0.0035318821024807588,-0.004531882102480759,oi_surprise_60__csz,fold_2025,2025
2025-08-22,30,6,6,0.005848295336315,-0.0024701019292384333,0.004159198632776717,1.0,0.0,2.0,0.004159198632776717,0.003559198632776717,0.0031591986327767167,0.0021591986327767166,oi_surprise_60__csz,fold_2025,2025
2025-08-29,30,6,6,0.010874384492536235,-0.007732704093260049,0.009303544292898142,1.0,0.0,2.0,0.009303544292898142,0.008703544292898142,0.008303544292898143,0.007303544292898142,oi_surprise_60__csz,fold_2025,2025
2025-09-05,30,6,6,0.0126384477929649,-0.0028912195033493665,0.007764833648157133,1.0,0.0,2.0,0.007764833648157133,0.007164833648157133,0.006764833648157133,0.005764833648157133,oi_surprise_60__csz,fold_2025,2025
2025-09-12,30,6,6,0.008380299206724348,-0.005906622094106333,0.00714346065041534,1.0,0.0,2.0,0.00714346065041534,0.006543460650415341,0.00614346065041534,0.00514346065041534,oi_surprise_60__csz,fold_2025,2025
2025-09-19,30,6,6,0.0038162586449343662,0.013579866045134866,-0.00488180370010025,1.0,0.0,2.0,-0.00488180370010025,-0.00548180370010025,-0.00588180370010025,-0.00688180370010025,oi_surprise_60__csz,fold_2025,2025
2025-09-26,30,6,6,-0.010956855939170715,0.004428375894923315,-0.007692615917047015,1.0,0.0,2.0,-0.007692615917047015,-0.008292615917047014,-0.008692615917047015,-0.009692615917047015,oi_surprise_60__csz,fold_2025,2025
2025-10-13,30,6,6,-0.002137558533503166,-0.01597477074874013,0.006918606107618483,1.0,0.0,2.0,0.006918606107618483,0.006318606107618483,0.005918606107618483,0.0049186061076184825,oi_surprise_60__csz,fold_2025,2025
2025-10-20,30,6,6,-0.011631997253618466,0.03629120025814078,-0.023961598755879623,1.0,0.0,2.0,-0.023961598755879623,-0.024561598755879623,-0.024961598755879624,-0.025961598755879625,oi_surprise_60__csz,fold_2025,2025
2025-10-27,30,6,6,-0.004820818824435767,-0.010148400456382035,0.0026637908159731338,1.0,0.0,2.0,0.0026637908159731338,0.002063790815973134,0.0016637908159731337,0.0006637908159731337,oi_surprise_60__csz,fold_2025,2025
2025-11-03,30,6,6,0.0041373566478804325,0.00350474268995195,0.0003163069789642412,1.0,0.0,2.0,0.0003163069789642412,-0.00028369302103575876,-0.0006836930210357588,-0.0016836930210357589,oi_surprise_60__csz,fold_2025,2025
2025-11-10,30,6,6,0.002551938537468467,0.0011903539081458334,0.0006807923146613168,1.0,0.0,2.0,0.0006807923146613168,8.079231466131685e-05,-0.0003192076853386832,-0.0013192076853386831,oi_surprise_60__csz,fold_2025,2025
2025-11-17,30,6,6,-0.034363824968094314,-0.006996074977004666,-0.013683874995544824,1.0,0.0,2.0,-0.013683874995544824,-0.014283874995544824,-0.014683874995544823,-0.015683874995544824,oi_surprise_60__csz,fold_2025,2025
2025-11-24,30,6,6,0.009013433872440418,0.007178023694013466,0.000917705089213476,1.0,0.0,2.0,0.000917705089213476,0.00031770508921347607,-8.229491078652401e-05,-0.001082294910786524,oi_surprise_60__csz,fold_2025,2025
2025-12-01,30,6,6,-0.01567702613797665,0.009413382228267,-0.012545204183121826,1.0,0.0,2.0,-0.012545204183121826,-0.013145204183121826,-0.013545204183121825,-0.014545204183121826,oi_surprise_60__csz,fold_2025,2025
2025-12-08,30,6,6,-0.00828872428520835,-0.013522079914689017,0.002616677814740333,1.0,0.0,2.0,0.002616677814740333,0.002016677814740333,0.0016166778147403329,0.0006166778147403329,oi_surprise_60__csz,fold_2025,2025
2025-12-15,30,6,6,0.02990980181051145,-0.0012106678934939831,0.015560234852002716,1.0,0.0,2.0,0.015560234852002716,0.014960234852002716,0.014560234852002717,0.013560234852002716,oi_surprise_60__csz,fold_2025,2025
2025-12-22,30,6,6,0.012187934542171435,0.0068629730273501,0.0026624807574106677,1.0,0.0,2.0,0.0026624807574106677,0.002062480757410668,0.0016624807574106676,0.0006624807574106676,oi_surprise_60__csz,fold_2025,2025
2025-01-02,30,6,6,-0.008643717017779867,0.002678744855383467,-0.005661230936581667,1.0,0.0,2.0,-0.005661230936581667,-0.006261230936581667,-0.006661230936581667,-0.007661230936581667,oi_surprise_60__missing,fold_2025,2025
2025-01-09,30,6,6,0.0075445210942481486,0.018594971169530666,-0.005525225037641258,1.0,0.0,2.0,-0.005525225037641258,-0.006125225037641258,-0.006525225037641258,-0.007525225037641258,oi_surprise_60__missing,fold_2025,2025
2025-01-16,30,6,6,-0.010761841957401931,-0.010041264596301166,-0.0003602886805503828,1.0,0.0,2.0,-0.0003602886805503828,-0.0009602886805503828,-0.0013602886805503828,-0.002360288680550383,oi_surprise_60__missing,fold_2025,2025
2025-01-23,30,6,6,0.026902164920274117,0.022760400240047135,0.0020708823401134908,1.0,0.0,2.0,0.0020708823401134908,0.001470882340113491,0.0010708823401134908,7.088234011349073e-05,oi_surprise_60__missing,fold_2025,2025
2025-02-07,30,6,6,0.0034579360473451504,0.014863603764137085,-0.005702833858395967,1.0,0.0,2.0,-0.005702833858395967,-0.006302833858395967,-0.006702833858395967,-0.007702833858395967,oi_surprise_60__missing,fold_2025,2025
2025-02-14,30,6,6,-0.0019584202884222503,-0.005546947229154684,0.0017942634703662168,1.0,0.0,2.0,0.0017942634703662168,0.001194263470366217,0.0007942634703662168,-0.0002057365296337832,oi_surprise_60__missing,fold_2025,2025
2025-02-21,30,6,6,-0.01620415741924312,-0.01981034273051052,0.0018030926556336993,1.0,0.0,2.0,0.0018030926556336993,0.0012030926556336995,0.0008030926556336993,-0.00019690734436630074,oi_surprise_60__missing,fold_2025,2025
2025-02-28,30,6,6,0.0017574808783526665,0.005772026116737082,-0.002007272619192208,1.0,0.0,2.0,-0.002007272619192208,-0.002607272619192208,-0.003007272619192208,-0.004007272619192208,oi_surprise_60__missing,fold_2025,2025
2025-03-07,30,6,6,0.01790988762657575,0.01117074853885155,0.0033695695438620997,1.0,0.0,2.0,0.0033695695438620997,0.0027695695438621,0.0023695695438620996,0.0013695695438620996,oi_surprise_60__missing,fold_2025,2025
2025-03-14,30,6,6,-0.00670018249429645,-0.005378130145819351,-0.0006610261742385497,1.0,0.0,2.0,-0.0006610261742385497,-0.0012610261742385495,-0.0016610261742385497,-0.0026610261742385497,oi_surprise_60__missing,fold_2025,2025
2025-03-21,30,6,6,0.008953652940416067,0.010443650073667751,-0.0007449985666258419,1.0,0.0,2.0,-0.0007449985666258419,-0.0013449985666258418,-0.001744998566625842,-0.002744998566625842,oi_surprise_60__missing,fold_2025,2025
2025-03-28,30,6,6,-0.05285900986506967,-0.042894403238588376,-0.004982303313240646,1.0,0.0,2.0,-0.004982303313240646,-0.0055823033132406455,-0.005982303313240646,-0.006982303313240646,oi_surprise_60__missing,fold_2025,2025
2025-04-07,30,6,6,0.0006071785515274665,0.015950776796268846,-0.00767179912237069,1.0,0.0,2.0,-0.00767179912237069,-0.00827179912237069,-0.00867179912237069,-0.00967179912237069,oi_surprise_60__missing,fold_2025,2025
2025-04-14,30,6,6,-0.00027935445437895037,0.013286368781465817,-0.006782861617922384,1.0,0.0,2.0,-0.006782861617922384,-0.0073828616179223835,-0.007782861617922384,-0.008782861617922383,oi_surprise_60__missing,fold_2025,2025
2025-04-21,30,6,6,0.0040523527979588825,0.002419965293180782,0.0008161937523890504,1.0,0.0,2.0,0.0008161937523890504,0.00021619375238905042,-0.00018380624761094966,-0.0011838062476109497,oi_surprise_60__missing,fold_2025,2025
2025-04-28,30,6,6,-0.00718951193955315,-0.003936962928007667,-0.0016262745057727414,1.0,0.0,2.0,-0.0016262745057727414,-0.0022262745057727413,-0.0026262745057727415,-0.0036262745057727415,oi_surprise_60__missing,fold_2025,2025
2025-05-08,30,6,6,0.019815468992626633,0.0028483170635519007,0.008483575964537367,1.0,0.0,2.0,0.008483575964537367,0.007883575964537367,0.007483575964537367,0.006483575964537367,oi_surprise_60__missing,fold_2025,2025
2025-05-15,30,6,6,-0.008674213807957432,0.010849661334130331,-0.00976193757104388,1.0,0.0,2.0,-0.00976193757104388,-0.01036193757104388,-0.010761937571043882,-0.01176193757104388,oi_surprise_60__missing,fold_2025,2025
2025-05-22,30,6,6,-0.00954213346398895,-0.0035272785088116504,-0.003007427477588649,1.0,0.0,2.0,-0.003007427477588649,-0.003607427477588649,-0.004007427477588649,-0.005007427477588649,oi_surprise_60__missing,fold_2025,2025
2025-05-29,30,6,6,-0.0005790636159993161,0.014508581917736768,-0.007543822766868042,1.0,0.0,2.0,-0.007543822766868042,-0.008143822766868042,-0.00854382276686804,-0.009543822766868042,oi_surprise_60__missing,fold_2025,2025
2025-06-06,30,6,6,0.0033019887739572508,0.019711426020677814,-0.008204718623360282,1.0,0.0,2.0,-0.008204718623360282,-0.008804718623360281,-0.00920471862336028,-0.010204718623360282,oi_surprise_60__missing,fold_2025,2025
2025-06-13,30,6,6,0.0173628603516897,-0.0011935753651476004,0.00927821785841865,1.0,0.0,2.0,0.00927821785841865,0.00867821785841865,0.00827821785841865,0.00727821785841865,oi_surprise_60__missing,fold_2025,2025
2025-06-20,30,6,6,0.0023028730457931674,-0.008058875973531167,0.005180874509662167,1.0,0.0,2.0,0.005180874509662167,0.004580874509662167,0.004180874509662167,0.003180874509662167,oi_surprise_60__missing,fold_2025,2025
2025-06-27,30,6,6,-0.00785162858114365,0.005339474566943615,-0.006595551574043632,1.0,0.0,2.0,-0.006595551574043632,-0.007195551574043632,-0.007595551574043632,-0.008595551574043632,oi_surprise_60__missing,fold_2025,2025
2025-07-04,30,6,6,0.0020300883267077665,0.0042093070008472665,-0.00108960933706975,1.0,0.0,2.0,-0.00108960933706975,-0.00168960933706975,-0.00208960933706975,-0.00308960933706975,oi_surprise_60__missing,fold_2025,2025
2025-07-11,30,6,6,0.007227328275879533,0.011489358573184434,-0.0021310151486524506,1.0,0.0,2.0,-0.0021310151486524506,-0.0027310151486524504,-0.0031310151486524506,-0.004131015148652451,oi_surprise_60__missing,fold_2025,2025
2025-07-18,30,6,6,0.029617424693904177,-0.0029559740183212665,0.01628669935611272,1.0,0.0,2.0,0.01628669935611272,0.01568669935611272,0.01528669935611272,0.01428669935611272,oi_surprise_60__missing,fold_2025,2025
2025-07-25,30,6,6,-0.027846398976976383,-0.013499312316345819,-0.007173543330315282,1.0,0.0,2.0,-0.007173543330315282,-0.007773543330315282,-0.008173543330315282,-0.009173543330315281,oi_surprise_60__missing,fold_2025,2025
2025-08-01,30,6,6,0.0014243173537378667,0.0005787767275901495,0.0004227703130738586,1.0,0.0,2.0,0.0004227703130738586,-0.00017722968692614134,-0.0005772296869261415,-0.0015772296869261415,oi_surprise_60__missing,fold_2025,2025
2025-08-08,30,6,6,0.0025939619157738327,-0.0022418809471628676,0.00241792143146835,1.0,0.0,2.0,0.00241792143146835,0.0018179214314683503,0.0014179214314683501,0.0004179214314683501,oi_surprise_60__missing,fold_2025,2025
2025-08-15,30,6,6,0.0012950442177015996,-0.002338449687004533,0.0018167469523530664,1.0,0.0,2.0,0.0018167469523530664,0.0012167469523530665,0.0008167469523530663,-0.00018325304764693368,oi_surprise_60__missing,fold_2025,2025
2025-08-22,30,6,6,-0.0019313791185518994,0.012935063055888084,-0.007433221087219992,1.0,0.0,2.0,-0.007433221087219992,-0.008033221087219992,-0.008433221087219993,-0.009433221087219992,oi_surprise_60__missing,fold_2025,2025
2025-08-29,30,6,6,-0.0084443572778612,0.013571207026897333,-0.011007782152379266,1.0,0.0,2.0,-0.011007782152379266,-0.011607782152379266,-0.012007782152379267,-0.013007782152379266,oi_surprise_60__missing,fold_2025,2025
2025-09-05,30,6,6,-0.0005762771760395334,0.0031450674959040497,-0.0018606723359717915,1.0,0.0,2.0,-0.0018606723359717915,-0.0024606723359717913,-0.0028606723359717915,-0.0038606723359717915,oi_surprise_60__missing,fold_2025,2025
2025-09-12,30,6,6,-0.008725268600990018,-0.009176544147441233,0.00022563777322560756,1.0,0.0,2.0,0.00022563777322560756,-0.0003743622267743924,-0.0007743622267743925,-0.0017743622267743925,oi_surprise_60__missing,fold_2025,2025
2025-09-19,30,6,6,-0.0011214552514313668,0.014820120683934632,-0.007970787967683,1.0,0.0,2.0,-0.007970787967683,-0.008570787967683,-0.008970787967683,-0.009970787967683,oi_surprise_60__missing,fold_2025,2025
2025-09-26,30,6,6,-0.0019246635046771664,0.013588858392057748,-0.007756760948367457,1.0,0.0,2.0,-0.007756760948367457,-0.008356760948367457,-0.008756760948367456,-0.009756760948367457,oi_surprise_60__missing,fold_2025,2025
2025-10-13,30,6,6,-0.009679442453695652,0.018394105626528167,-0.014036774040111909,1.0,0.0,2.0,-0.014036774040111909,-0.014636774040111909,-0.01503677404011191,-0.01603677404011191,oi_surprise_60__missing,fold_2025,2025
2025-10-20,30,6,6,0.01626273490873525,-0.009894342507996185,0.013078538708365717,1.0,0.0,2.0,0.013078538708365717,0.012478538708365718,0.012078538708365717,0.011078538708365717,oi_surprise_60__missing,fold_2025,2025
2025-10-27,30,6,6,-0.0036671327961840337,0.002981589654639483,-0.0033243612254117583,1.0,0.0,2.0,-0.0033243612254117583,-0.003924361225411758,-0.004324361225411758,-0.005324361225411758,oi_surprise_60__missing,fold_2025,2025
2025-11-03,30,6,6,0.007028989898778916,0.0011507681810089346,0.002939110858884991,1.0,0.0,2.0,0.002939110858884991,0.002339110858884991,0.0019391108588849909,0.0009391108588849909,oi_surprise_60__missing,fold_2025,2025
2025-11-10,30,6,6,0.00019128413961836654,0.0007793811584215337,-0.00029404850940158357,1.0,0.0,2.0,-0.00029404850940158357,-0.0008940485094015836,-0.0012940485094015835,-0.0022940485094015838,oi_surprise_60__missing,fold_2025,2025
2025-11-17,30,6,6,-0.008360079258358266,0.0019480626612953837,-0.005154070959826825,1.0,0.0,2.0,-0.005154070959826825,-0.005754070959826825,-0.006154070959826825,-0.007154070959826825,oi_surprise_60__missing,fold_2025,2025
2025-11-24,30,6,6,0.015452806013379283,0.027751933698168457,-0.006149563842394587,1.0,0.0,2.0,-0.006149563842394587,-0.0067495638423945865,-0.007149563842394587,-0.008149563842394587,oi_surprise_60__missing,fold_2025,2025
2025-12-01,30,6,6,0.001069490256261501,0.0043766118249291336,-0.0016535607843338163,1.0,0.0,2.0,-0.0016535607843338163,-0.002253560784333816,-0.0026535607843338163,-0.0036535607843338164,oi_surprise_60__missing,fold_2025,2025
2025-12-08,30,6,6,-0.0016668708379587492,0.018018225342415182,-0.009842548090186965,1.0,0.0,2.0,-0.009842548090186965,-0.010442548090186965,-0.010842548090186966,-0.011842548090186965,oi_surprise_60__missing,fold_2025,2025
2025-12-15,30,6,6,0.010940177992106934,0.0229013241673235,-0.005980573087608283,1.0,0.0,2.0,-0.005980573087608283,-0.006580573087608283,-0.006980573087608283,-0.007980573087608283,oi_surprise_60__missing,fold_2025,2025
2025-12-22,30,6,6,0.012249848924108886,0.031180981499353954,-0.009465566287622535,1.0,0.0,2.0,-0.009465566287622535,-0.010065566287622535,-0.010465566287622536,-0.011465566287622535,oi_surprise_60__missing,fold_2025,2025
2025-01-02,30,6,6,0.00447245374718425,-0.03014631027912248,0.017309382013153365,1.0,0.0,2.0,0.017309382013153365,0.016709382013153366,0.016309382013153365,0.015309382013153365,volume_price_divergence_20__csz,fold_2025,2025
2025-01-09,30,6,6,0.031554985045907334,0.03671650853204135,-0.002580761743067008,1.0,0.0,2.0,-0.002580761743067008,-0.003180761743067008,-0.003580761743067008,-0.004580761743067008,volume_price_divergence_20__csz,fold_2025,2025
2025-01-16,30,6,6,0.0051272354105228,-0.015454162459666784,0.010290698935094792,1.0,0.0,2.0,0.010290698935094792,0.009690698935094793,0.009290698935094793,0.008290698935094792,volume_price_divergence_20__csz,fold_2025,2025
2025-01-23,30,6,6,0.0027506862098414,0.017495477549138532,-0.007372395669648566,1.0,0.0,2.0,-0.007372395669648566,-0.007972395669648566,-0.008372395669648567,-0.009372395669648566,volume_price_divergence_20__csz,fold_2025,2025
2025-02-07,30,6,6,-0.004660344108963418,-0.026470771320540622,0.010905213605788602,1.0,0.0,2.0,0.010905213605788602,0.010305213605788602,0.009905213605788603,0.008905213605788602,volume_price_divergence_20__csz,fold_2025,2025
2025-02-14,30,6,6,0.004297155739499466,0.011955535160593818,-0.0038291897105471756,1.0,0.0,2.0,-0.0038291897105471756,-0.004429189710547176,-0.004829189710547176,-0.005829189710547175,volume_price_divergence_20__csz,fold_2025,2025
2025-02-21,30,6,6,-0.01693878396839038,-0.00946798887598458,-0.0037353975462029003,1.0,0.0,2.0,-0.0037353975462029003,-0.0043353975462029,-0.0047353975462029,-0.0057353975462029,volume_price_divergence_20__csz,fold_2025,2025
2025-02-28,30,6,6,-0.0020782187059851832,-0.009416496697691417,0.0036691389958531167,1.0,0.0,2.0,0.0036691389958531167,0.003069138995853117,0.0026691389958531167,0.0016691389958531167,volume_price_divergence_20__csz,fold_2025,2025
2025-03-07,30,6,6,-0.004720079549050784,0.007238412713879784,-0.005979246131465284,1.0,0.0,2.0,-0.005979246131465284,-0.0065792461314652835,-0.006979246131465284,-0.007979246131465284,volume_price_divergence_20__csz,fold_2025,2025
2025-03-14,30,6,6,-0.012134208399935816,0.0021269626496831,-0.007130585524809458,1.0,0.0,2.0,-0.007130585524809458,-0.007730585524809458,-0.008130585524809459,-0.009130585524809458,volume_price_divergence_20__csz,fold_2025,2025
2025-03-21,30,6,6,0.0025476722230471007,0.027545983390508167,-0.012499155583730534,1.0,0.0,2.0,-0.012499155583730534,-0.013099155583730534,-0.013499155583730535,-0.014499155583730534,volume_price_divergence_20__csz,fold_2025,2025
2025-03-28,30,6,6,-0.04476649844578536,-0.036488450583370136,-0.004139023931207613,1.0,0.0,2.0,-0.004139023931207613,-0.004739023931207613,-0.005139023931207613,-0.006139023931207613,volume_price_divergence_20__csz,fold_2025,2025
2025-04-07,30,6,6,0.00361929054878775,0.021384379130890464,-0.008882544291051358,1.0,0.0,2.0,-0.008882544291051358,-0.009482544291051357,-0.009882544291051357,-0.010882544291051358,volume_price_divergence_20__csz,fold_2025,2025
2025-04-14,30,6,6,0.0009273138214180484,-0.0001395113961591166,0.0005334126087885825,1.0,0.0,2.0,0.0005334126087885825,-6.658739121141743e-05,-0.0004665873912114175,-0.0014665873912114175,volume_price_divergence_20__csz,fold_2025,2025
2025-04-21,30,6,6,-0.012591996127397934,0.01186228052606872,-0.012227138326733326,1.0,0.0,2.0,-0.012227138326733326,-0.012827138326733326,-0.013227138326733327,-0.014227138326733326,volume_price_divergence_20__csz,fold_2025,2025
2025-04-28,30,6,6,-0.009200162663902015,-0.0262657562740949,0.008532796805096443,1.0,0.0,2.0,0.008532796805096443,0.007932796805096443,0.007532796805096443,0.006532796805096443,volume_price_divergence_20__csz,fold_2025,2025
2025-05-08,30,6,6,-0.012035691053368616,0.016485241425920866,-0.014260466239644741,1.0,0.0,2.0,-0.014260466239644741,-0.01486046623964474,-0.015260466239644742,-0.016260466239644743,volume_price_divergence_20__csz,fold_2025,2025
2025-05-15,30,6,6,-0.006405772609053232,-0.025015331013151048,0.009304779202048908,1.0,0.0,2.0,0.009304779202048908,0.008704779202048908,0.008304779202048907,0.007304779202048908,volume_price_divergence_20__csz,fold_2025,2025
2025-05-22,30,6,6,7.316996460382645e-06,-0.04664232268493195,0.023324819840696166,1.0,0.0,2.0,0.023324819840696166,0.022724819840696166,0.022324819840696165,0.021324819840696167,volume_price_divergence_20__csz,fold_2025,2025
2025-05-29,30,6,6,-0.001213586983110867,0.009705589753717067,-0.005459588368413967,1.0,0.0,2.0,-0.005459588368413967,-0.006059588368413967,-0.006459588368413967,-0.007459588368413967,volume_price_divergence_20__csz,fold_2025,2025
2025-06-06,30,6,6,0.035930217860488965,-0.00474341363332735,0.020336815746908158,1.0,0.0,2.0,0.020336815746908158,0.019736815746908158,0.019336815746908157,0.01833681574690816,volume_price_divergence_20__csz,fold_2025,2025
2025-06-13,30,6,6,0.005107344598026847,0.017796627048853784,-0.006344641225413469,1.0,0.0,2.0,-0.006344641225413469,-0.006944641225413469,-0.007344641225413469,-0.008344641225413469,volume_price_divergence_20__csz,fold_2025,2025
2025-06-20,30,6,6,-0.04080995318382951,0.03006795435428448,-0.035438953769056994,1.0,0.0,2.0,-0.035438953769056994,-0.036038953769057,-0.036438953769056995,-0.037438953769056996,volume_price_divergence_20__csz,fold_2025,2025
2025-06-27,30,6,6,0.0016086664052011668,-0.002788237531572883,0.002198451968387025,1.0,0.0,2.0,0.002198451968387025,0.001598451968387025,0.0011984519683870248,0.00019845196838702475,volume_price_divergence_20__csz,fold_2025,2025
2025-07-04,30,6,6,0.03852623601741737,-0.004001718964690101,0.021263977491053736,1.0,0.0,2.0,0.021263977491053736,0.020663977491053736,0.020263977491053735,0.019263977491053734,volume_price_divergence_20__csz,fold_2025,2025
2025-07-11,30,6,6,0.00490251676600805,0.01021568466054923,-0.00265658394727059,1.0,0.0,2.0,-0.00265658394727059,-0.00325658394727059,-0.0036565839472705902,-0.004656583947270591,volume_price_divergence_20__csz,fold_2025,2025
2025-07-18,30,6,6,0.0979519918412397,-0.0039147759490789,0.0509333838951593,1.0,0.0,2.0,0.0509333838951593,0.050333383895159296,0.0499333838951593,0.0489333838951593,volume_price_divergence_20__csz,fold_2025,2025
2025-07-25,30,6,6,-0.07498273965669137,-0.007045675821329734,-0.03396853191768082,1.0,0.0,2.0,-0.03396853191768082,-0.03456853191768083,-0.034968531917680824,-0.035968531917680825,volume_price_divergence_20__csz,fold_2025,2025
2025-08-01,30,6,6,0.004555865644943101,-0.0005808216299761498,0.0025683436374596253,1.0,0.0,2.0,0.0025683436374596253,0.0019683436374596255,0.0015683436374596253,0.0005683436374596252,volume_price_divergence_20__csz,fold_2025,2025
2025-08-08,30,6,6,0.0053414891554401335,-0.006092521632116183,0.005717005393778158,1.0,0.0,2.0,0.005717005393778158,0.0051170053937781585,0.004717005393778158,0.0037170053937781583,volume_price_divergence_20__csz,fold_2025,2025
2025-08-15,30,6,6,-0.01966894436141098,-0.0012718590565287335,-0.009198542652441124,1.0,0.0,2.0,-0.009198542652441124,-0.009798542652441124,-0.010198542652441123,-0.011198542652441124,volume_price_divergence_20__csz,fold_2025,2025
2025-08-22,30,6,6,0.01039228761548707,-0.009545676776966033,0.00996898219622655,1.0,0.0,2.0,0.00996898219622655,0.00936898219622655,0.00896898219622655,0.00796898219622655,volume_price_divergence_20__csz,fold_2025,2025
2025-08-29,30,6,6,0.018545204141058116,-0.008033250682920016,0.013289227411989065,1.0,0.0,2.0,0.013289227411989065,0.012689227411989065,0.012289227411989064,0.011289227411989065,volume_price_divergence_20__csz,fold_2025,2025
2025-09-05,30,6,6,0.0006589630288224329,-0.0036943690029057155,0.0021766660158640742,1.0,0.0,2.0,0.0021766660158640742,0.0015766660158640744,0.0011766660158640742,0.00017666601586407418,volume_price_divergence_20__csz,fold_2025,2025
2025-09-12,30,6,6,-0.006813838808976451,0.01856524087536858,-0.012689539842172515,1.0,0.0,2.0,-0.012689539842172515,-0.013289539842172515,-0.013689539842172516,-0.014689539842172515,volume_price_divergence_20__csz,fold_2025,2025
2025-09-19,30,6,6,0.007231510864513651,-0.0014197862271657497,0.0043256485458397,1.0,0.0,2.0,0.0043256485458397,0.0037256485458397005,0.0033256485458397003,0.0023256485458397003,volume_price_divergence_20__csz,fold_2025,2025
2025-09-26,30,6,6,0.007740629173038233,-0.028024400800428884,0.017882514986733558,1.0,0.0,2.0,0.017882514986733558,0.01728251498673356,0.016882514986733557,0.015882514986733556,volume_price_divergence_20__csz,fold_2025,2025
2025-10-13,30,6,6,0.024503095575660102,-0.014828926235771334,0.01966601090571572,1.0,0.0,2.0,0.01966601090571572,0.01906601090571572,0.018666010905715718,0.01766601090571572,volume_price_divergence_20__csz,fold_2025,2025
2025-10-20,30,6,6,-0.01083522763092175,0.023794256942109366,-0.01731474228651556,1.0,0.0,2.0,-0.01731474228651556,-0.01791474228651556,-0.01831474228651556,-0.019314742286515557,volume_price_divergence_20__csz,fold_2025,2025
2025-10-27,30,6,6,0.005097705266524134,-0.008948258416431933,0.007022981841478033,1.0,0.0,2.0,0.007022981841478033,0.0064229818414780334,0.006022981841478033,0.005022981841478033,volume_price_divergence_20__csz,fold_2025,2025
2025-11-03,30,6,6,-0.0018792303068202504,-0.0022277570945414323,0.00017426339386059097,1.0,0.0,2.0,0.00017426339386059097,-0.000425736606139409,-0.000825736606139409,-0.0018257366061394092,volume_price_divergence_20__csz,fold_2025,2025
2025-11-10,30,6,6,-0.0076491645719783995,0.0015157995691898161,-0.004582482070584108,1.0,0.0,2.0,-0.004582482070584108,-0.0051824820705841075,-0.005582482070584108,-0.006582482070584108,volume_price_divergence_20__csz,fold_2025,2025
2025-11-17,30,6,6,-0.018365738036389332,-0.007154165774111934,-0.005605786131138699,1.0,0.0,2.0,-0.005605786131138699,-0.0062057861311386985,-0.006605786131138699,-0.007605786131138699,volume_price_divergence_20__csz,fold_2025,2025
2025-11-24,30,6,6,0.01679340382424638,0.0034512873454527,0.006671058239396841,1.0,0.0,2.0,0.006671058239396841,0.006071058239396841,0.0056710582393968405,0.0046710582393968405,volume_price_divergence_20__csz,fold_2025,2025
2025-12-01,30,6,6,-0.0006851709616123002,-0.02503171550600473,0.012173272272196216,1.0,0.0,2.0,0.012173272272196216,0.011573272272196216,0.011173272272196215,0.010173272272196216,volume_price_divergence_20__csz,fold_2025,2025
2025-12-08,30,6,6,0.008959953521395267,-0.0177654920455976,0.013362722783496433,1.0,0.0,2.0,0.013362722783496433,0.012762722783496433,0.012362722783496434,0.011362722783496433,volume_price_divergence_20__csz,fold_2025,2025
2025-12-15,30,6,6,0.03238330397492952,0.018701870051449833,0.006840716961739844,1.0,0.0,2.0,0.006840716961739844,0.006240716961739844,0.005840716961739844,0.004840716961739844,volume_price_divergence_20__csz,fold_2025,2025
2025-12-22,30,6,6,0.019502910417369266,0.012560295472117249,0.0034713074726260085,1.0,0.0,2.0,0.0034713074726260085,0.0028713074726260087,0.0024713074726260085,0.0014713074726260085,volume_price_divergence_20__csz,fold_2025,2025
2025-01-02,30,6,6,-0.008643717017779867,0.002678744855383467,-0.005661230936581667,1.0,0.0,2.0,-0.005661230936581667,-0.006261230936581667,-0.006661230936581667,-0.007661230936581667,volume_price_divergence_20__missing,fold_2025,2025
2025-01-09,30,6,6,0.0075445210942481486,0.018594971169530666,-0.005525225037641258,1.0,0.0,2.0,-0.005525225037641258,-0.006125225037641258,-0.006525225037641258,-0.007525225037641258,volume_price_divergence_20__missing,fold_2025,2025
2025-01-16,30,6,6,-0.010761841957401931,-0.010041264596301166,-0.0003602886805503828,1.0,0.0,2.0,-0.0003602886805503828,-0.0009602886805503828,-0.0013602886805503828,-0.002360288680550383,volume_price_divergence_20__missing,fold_2025,2025
2025-01-23,30,6,6,0.026902164920274117,0.022760400240047135,0.0020708823401134908,1.0,0.0,2.0,0.0020708823401134908,0.001470882340113491,0.0010708823401134908,7.088234011349073e-05,volume_price_divergence_20__missing,fold_2025,2025
2025-02-07,30,6,6,0.0034579360473451504,0.014863603764137085,-0.005702833858395967,1.0,0.0,2.0,-0.005702833858395967,-0.006302833858395967,-0.006702833858395967,-0.007702833858395967,volume_price_divergence_20__missing,fold_2025,2025
2025-02-14,30,6,6,-0.0019584202884222503,-0.005546947229154684,0.0017942634703662168,1.0,0.0,2.0,0.0017942634703662168,0.001194263470366217,0.0007942634703662168,-0.0002057365296337832,volume_price_divergence_20__missing,fold_2025,2025
2025-02-21,30,6,6,-0.01620415741924312,-0.01981034273051052,0.0018030926556336993,1.0,0.0,2.0,0.0018030926556336993,0.0012030926556336995,0.0008030926556336993,-0.00019690734436630074,volume_price_divergence_20__missing,fold_2025,2025
2025-02-28,30,6,6,0.0017574808783526665,0.005772026116737082,-0.002007272619192208,1.0,0.0,2.0,-0.002007272619192208,-0.002607272619192208,-0.003007272619192208,-0.004007272619192208,volume_price_divergence_20__missing,fold_2025,2025
2025-03-07,30,6,6,0.01790988762657575,0.01117074853885155,0.0033695695438620997,1.0,0.0,2.0,0.0033695695438620997,0.0027695695438621,0.0023695695438620996,0.0013695695438620996,volume_price_divergence_20__missing,fold_2025,2025
2025-03-14,30,6,6,-0.00670018249429645,-0.005378130145819351,-0.0006610261742385497,1.0,0.0,2.0,-0.0006610261742385497,-0.0012610261742385495,-0.0016610261742385497,-0.0026610261742385497,volume_price_divergence_20__missing,fold_2025,2025
2025-03-21,30,6,6,0.008953652940416067,0.010443650073667751,-0.0007449985666258419,1.0,0.0,2.0,-0.0007449985666258419,-0.0013449985666258418,-0.001744998566625842,-0.002744998566625842,volume_price_divergence_20__missing,fold_2025,2025
2025-03-28,30,6,6,-0.05285900986506967,-0.042894403238588376,-0.004982303313240646,1.0,0.0,2.0,-0.004982303313240646,-0.0055823033132406455,-0.005982303313240646,-0.006982303313240646,volume_price_divergence_20__missing,fold_2025,2025
2025-04-07,30,6,6,0.0006071785515274665,0.015950776796268846,-0.00767179912237069,1.0,0.0,2.0,-0.00767179912237069,-0.00827179912237069,-0.00867179912237069,-0.00967179912237069,volume_price_divergence_20__missing,fold_2025,2025
2025-04-14,30,6,6,-0.00027935445437895037,0.013286368781465817,-0.006782861617922384,1.0,0.0,2.0,-0.006782861617922384,-0.0073828616179223835,-0.007782861617922384,-0.008782861617922383,volume_price_divergence_20__missing,fold_2025,2025
2025-04-21,30,6,6,0.0040523527979588825,0.002419965293180782,0.0008161937523890504,1.0,0.0,2.0,0.0008161937523890504,0.00021619375238905042,-0.00018380624761094966,-0.0011838062476109497,volume_price_divergence_20__missing,fold_2025,2025
2025-04-28,30,6,6,-0.00718951193955315,-0.003936962928007667,-0.0016262745057727414,1.0,0.0,2.0,-0.0016262745057727414,-0.0022262745057727413,-0.0026262745057727415,-0.0036262745057727415,volume_price_divergence_20__missing,fold_2025,2025
2025-05-08,30,6,6,0.019815468992626633,0.0028483170635519007,0.008483575964537367,1.0,0.0,2.0,0.008483575964537367,0.007883575964537367,0.007483575964537367,0.006483575964537367,volume_price_divergence_20__missing,fold_2025,2025
2025-05-15,30,6,6,-0.008674213807957432,0.010849661334130331,-0.00976193757104388,1.0,0.0,2.0,-0.00976193757104388,-0.01036193757104388,-0.010761937571043882,-0.01176193757104388,volume_price_divergence_20__missing,fold_2025,2025
2025-05-22,30,6,6,-0.00954213346398895,-0.0035272785088116504,-0.003007427477588649,1.0,0.0,2.0,-0.003007427477588649,-0.003607427477588649,-0.004007427477588649,-0.005007427477588649,volume_price_divergence_20__missing,fold_2025,2025
2025-05-29,30,6,6,-0.0005790636159993161,0.014508581917736768,-0.007543822766868042,1.0,0.0,2.0,-0.007543822766868042,-0.008143822766868042,-0.00854382276686804,-0.009543822766868042,volume_price_divergence_20__missing,fold_2025,2025
2025-06-06,30,6,6,0.0033019887739572508,0.019711426020677814,-0.008204718623360282,1.0,0.0,2.0,-0.008204718623360282,-0.008804718623360281,-0.00920471862336028,-0.010204718623360282,volume_price_divergence_20__missing,fold_2025,2025
2025-06-13,30,6,6,0.0173628603516897,-0.0011935753651476004,0.00927821785841865,1.0,0.0,2.0,0.00927821785841865,0.00867821785841865,0.00827821785841865,0.00727821785841865,volume_price_divergence_20__missing,fold_2025,2025
2025-06-20,30,6,6,0.0023028730457931674,-0.008058875973531167,0.005180874509662167,1.0,0.0,2.0,0.005180874509662167,0.004580874509662167,0.004180874509662167,0.003180874509662167,volume_price_divergence_20__missing,fold_2025,2025
2025-06-27,30,6,6,-0.00785162858114365,0.005339474566943615,-0.006595551574043632,1.0,0.0,2.0,-0.006595551574043632,-0.007195551574043632,-0.007595551574043632,-0.008595551574043632,volume_price_divergence_20__missing,fold_2025,2025
2025-07-04,30,6,6,0.0020300883267077665,0.0042093070008472665,-0.00108960933706975,1.0,0.0,2.0,-0.00108960933706975,-0.00168960933706975,-0.00208960933706975,-0.00308960933706975,volume_price_divergence_20__missing,fold_2025,2025
2025-07-11,30,6,6,0.007227328275879533,0.011489358573184434,-0.0021310151486524506,1.0,0.0,2.0,-0.0021310151486524506,-0.0027310151486524504,-0.0031310151486524506,-0.004131015148652451,volume_price_divergence_20__missing,fold_2025,2025
2025-07-18,30,6,6,0.029617424693904177,-0.0029559740183212665,0.01628669935611272,1.0,0.0,2.0,0.01628669935611272,0.01568669935611272,0.01528669935611272,0.01428669935611272,volume_price_divergence_20__missing,fold_2025,2025
2025-07-25,30,6,6,-0.027846398976976383,-0.013499312316345819,-0.007173543330315282,1.0,0.0,2.0,-0.007173543330315282,-0.007773543330315282,-0.008173543330315282,-0.009173543330315281,volume_price_divergence_20__missing,fold_2025,2025
2025-08-01,30,6,6,0.0014243173537378667,0.0005787767275901495,0.0004227703130738586,1.0,0.0,2.0,0.0004227703130738586,-0.00017722968692614134,-0.0005772296869261415,-0.0015772296869261415,volume_price_divergence_20__missing,fold_2025,2025
2025-08-08,30,6,6,0.0025939619157738327,-0.0022418809471628676,0.00241792143146835,1.0,0.0,2.0,0.00241792143146835,0.0018179214314683503,0.0014179214314683501,0.0004179214314683501,volume_price_divergence_20__missing,fold_2025,2025
2025-08-15,30,6,6,0.0012950442177015996,-0.002338449687004533,0.0018167469523530664,1.0,0.0,2.0,0.0018167469523530664,0.0012167469523530665,0.0008167469523530663,-0.00018325304764693368,volume_price_divergence_20__missing,fold_2025,2025
2025-08-22,30,6,6,-0.0019313791185518994,0.012935063055888084,-0.007433221087219992,1.0,0.0,2.0,-0.007433221087219992,-0.008033221087219992,-0.008433221087219993,-0.009433221087219992,volume_price_divergence_20__missing,fold_2025,2025
2025-08-29,30,6,6,-0.0084443572778612,0.013571207026897333,-0.011007782152379266,1.0,0.0,2.0,-0.011007782152379266,-0.011607782152379266,-0.012007782152379267,-0.013007782152379266,volume_price_divergence_20__missing,fold_2025,2025
2025-09-05,30,6,6,-0.0005762771760395334,0.0031450674959040497,-0.0018606723359717915,1.0,0.0,2.0,-0.0018606723359717915,-0.0024606723359717913,-0.0028606723359717915,-0.0038606723359717915,volume_price_divergence_20__missing,fold_2025,2025
2025-09-12,30,6,6,-0.008725268600990018,-0.009176544147441233,0.00022563777322560756,1.0,0.0,2.0,0.00022563777322560756,-0.0003743622267743924,-0.0007743622267743925,-0.0017743622267743925,volume_price_divergence_20__missing,fold_2025,2025
2025-09-19,30,6,6,-0.0011214552514313668,0.014820120683934632,-0.007970787967683,1.0,0.0,2.0,-0.007970787967683,-0.008570787967683,-0.008970787967683,-0.009970787967683,volume_price_divergence_20__missing,fold_2025,2025
2025-09-26,30,6,6,-0.0019246635046771664,0.013588858392057748,-0.007756760948367457,1.0,0.0,2.0,-0.007756760948367457,-0.008356760948367457,-0.008756760948367456,-0.009756760948367457,volume_price_divergence_20__missing,fold_2025,2025
2025-10-13,30,6,6,-0.009679442453695652,0.018394105626528167,-0.014036774040111909,1.0,0.0,2.0,-0.014036774040111909,-0.014636774040111909,-0.01503677404011191,-0.01603677404011191,volume_price_divergence_20__missing,fold_2025,2025
2025-10-20,30,6,6,0.01626273490873525,-0.009894342507996185,0.013078538708365717,1.0,0.0,2.0,0.013078538708365717,0.012478538708365718,0.012078538708365717,0.011078538708365717,volume_price_divergence_20__missing,fold_2025,2025
2025-10-27,30,6,6,-0.0036671327961840337,0.002981589654639483,-0.0033243612254117583,1.0,0.0,2.0,-0.0033243612254117583,-0.003924361225411758,-0.004324361225411758,-0.005324361225411758,volume_price_divergence_20__missing,fold_2025,2025
2025-11-03,30,6,6,0.007028989898778916,0.0011507681810089346,0.002939110858884991,1.0,0.0,2.0,0.002939110858884991,0.002339110858884991,0.0019391108588849909,0.0009391108588849909,volume_price_divergence_20__missing,fold_2025,2025
2025-11-10,30,6,6,0.00019128413961836654,0.0007793811584215337,-0.00029404850940158357,1.0,0.0,2.0,-0.00029404850940158357,-0.0008940485094015836,-0.0012940485094015835,-0.0022940485094015838,volume_price_divergence_20__missing,fold_2025,2025
2025-11-17,30,6,6,-0.008360079258358266,0.0019480626612953837,-0.005154070959826825,1.0,0.0,2.0,-0.005154070959826825,-0.005754070959826825,-0.006154070959826825,-0.007154070959826825,volume_price_divergence_20__missing,fold_2025,2025
2025-11-24,30,6,6,0.015452806013379283,0.027751933698168457,-0.006149563842394587,1.0,0.0,2.0,-0.006149563842394587,-0.0067495638423945865,-0.007149563842394587,-0.008149563842394587,volume_price_divergence_20__missing,fold_2025,2025
2025-12-01,30,6,6,0.001069490256261501,0.0043766118249291336,-0.0016535607843338163,1.0,0.0,2.0,-0.0016535607843338163,-0.002253560784333816,-0.0026535607843338163,-0.0036535607843338164,volume_price_divergence_20__missing,fold_2025,2025
2025-12-08,30,6,6,-0.0016668708379587492,0.018018225342415182,-0.009842548090186965,1.0,0.0,2.0,-0.009842548090186965,-0.010442548090186965,-0.010842548090186966,-0.011842548090186965,volume_price_divergence_20__missing,fold_2025,2025
2025-12-15,30,6,6,0.010940177992106934,0.0229013241673235,-0.005980573087608283,1.0,0.0,2.0,-0.005980573087608283,-0.006580573087608283,-0.006980573087608283,-0.007980573087608283,volume_price_divergence_20__missing,fold_2025,2025
2025-12-22,30,6,6,0.012249848924108886,0.031180981499353954,-0.009465566287622535,1.0,0.0,2.0,-0.009465566287622535,-0.010065566287622535,-0.010465566287622536,-0.011465566287622535,volume_price_divergence_20__missing,fold_2025,2025
2025-01-02,30,6,6,-0.023867461635491683,-0.025509147288959515,0.0008208428267339161,1.0,0.0,2.0,0.0008208428267339161,0.0002208428267339162,-0.00017915717326608387,-0.001179157173266084,momentum_carry_interaction__csz,fold_2025,2025
2025-01-09,30,6,6,0.04866171998274488,0.03093504461392563,0.008863337684409623,1.0,0.0,2.0,0.008863337684409623,0.008263337684409624,0.007863337684409624,0.006863337684409623,momentum_carry_interaction__csz,fold_2025,2025
2025-01-16,30,6,6,-0.011049058368538749,-0.009353472709880016,-0.0008477928293293665,1.0,0.0,2.0,-0.0008477928293293665,-0.0014477928293293663,-0.0018477928293293665,-0.0028477928293293665,momentum_carry_interaction__csz,fold_2025,2025
2025-01-23,30,6,6,0.003993274442690933,0.030930510062589196,-0.01346861780994913,1.0,0.0,2.0,-0.01346861780994913,-0.01406861780994913,-0.014468617809949132,-0.01546861780994913,momentum_carry_interaction__csz,fold_2025,2025
2025-02-07,30,6,6,-0.016688114536814017,0.003019528134969167,-0.009853821335891593,1.0,0.0,2.0,-0.009853821335891593,-0.010453821335891593,-0.010853821335891592,-0.011853821335891593,momentum_carry_interaction__csz,fold_2025,2025
2025-02-14,30,6,6,0.02555771613199061,-0.0001211839537453337,0.012839450042867972,1.0,0.0,2.0,0.012839450042867972,0.012239450042867972,0.011839450042867971,0.010839450042867972,momentum_carry_interaction__csz,fold_2025,2025
2025-02-21,30,6,6,-0.025082377484815635,-0.011068376852168549,-0.007007000316323543,1.0,0.0,2.0,-0.007007000316323543,-0.007607000316323543,-0.008007000316323544,-0.009007000316323543,momentum_carry_interaction__csz,fold_2025,2025
2025-02-28,30,6,6,-0.02331389503080893,0.00024600181318596624,-0.011779948421997448,1.0,0.0,2.0,-0.011779948421997448,-0.012379948421997447,-0.012779948421997447,-0.013779948421997448,momentum_carry_interaction__csz,fold_2025,2025
2025-03-07,30,6,6,-0.0024778323760318833,0.016699284382971066,-0.009588558379501474,1.0,0.0,2.0,-0.009588558379501474,-0.010188558379501474,-0.010588558379501473,-0.011588558379501474,momentum_carry_interaction__csz,fold_2025,2025
2025-03-14,30,6,6,-0.014573422631162201,-0.015590394625840632,0.000508485997339215,1.0,0.0,2.0,0.000508485997339215,-9.15140026607849e-05,-0.000491514002660785,-0.001491514002660785,momentum_carry_interaction__csz,fold_2025,2025
2025-03-21,30,6,6,0.008800473110570016,0.009402230706714884,-0.00030087879807243374,1.0,0.0,2.0,-0.00030087879807243374,-0.0009008787980724337,-0.0013008787980724338,-0.002300878798072434,momentum_carry_interaction__csz,fold_2025,2025
2025-03-28,30,6,6,-0.042816368960311,-0.026842560227170662,-0.007986904366570168,1.0,0.0,2.0,-0.007986904366570168,-0.008586904366570168,-0.008986904366570167,-0.009986904366570168,momentum_carry_interaction__csz,fold_2025,2025
2025-04-07,30,6,6,-0.0190014087556565,0.00017486595983238348,-0.009588137357744442,1.0,0.0,2.0,-0.009588137357744442,-0.010188137357744442,-0.010588137357744443,-0.011588137357744442,momentum_carry_interaction__csz,fold_2025,2025
2025-04-14,30,6,6,-0.00832188377607215,-0.013071774192102134,0.0023749452080149922,1.0,0.0,2.0,0.0023749452080149922,0.0017749452080149924,0.0013749452080149922,0.0003749452080149922,momentum_carry_interaction__csz,fold_2025,2025
2025-04-21,30,6,6,0.0018053201019577996,0.002965007958900216,-0.0005798439284712083,1.0,0.0,2.0,-0.0005798439284712083,-0.0011798439284712082,-0.0015798439284712084,-0.0025798439284712084,momentum_carry_interaction__csz,fold_2025,2025
2025-04-28,30,6,6,-0.03257043946244182,-0.013124620191665966,-0.009722909635387928,1.0,0.0,2.0,-0.009722909635387928,-0.010322909635387928,-0.010722909635387929,-0.011722909635387928,momentum_carry_interaction__csz,fold_2025,2025
2025-05-08,30,6,6,0.011477508297146681,-0.011002469572420766,0.011239988934783724,1.0,0.0,2.0,0.011239988934783724,0.010639988934783724,0.010239988934783725,0.009239988934783724,momentum_carry_interaction__csz,fold_2025,2025
2025-05-15,30,6,6,-0.02068597996410222,-0.0057353773351096335,-0.007475301314496292,1.0,0.0,2.0,-0.007475301314496292,-0.008075301314496292,-0.008475301314496291,-0.009475301314496292,momentum_carry_interaction__csz,fold_2025,2025
2025-05-22,30,6,6,-0.03810247441329243,0.00037543979201648336,-0.01923895710265446,1.0,0.0,2.0,-0.01923895710265446,-0.01983895710265446,-0.02023895710265446,-0.021238957102654457,momentum_carry_interaction__csz,fold_2025,2025
2025-05-29,30,6,6,0.006120684870517551,-0.0021666438862947336,0.004143664378406142,1.0,0.0,2.0,0.004143664378406142,0.0035436643784061425,0.0031436643784061424,0.0021436643784061423,momentum_carry_interaction__csz,fold_2025,2025
2025-06-06,30,6,6,0.0227106466797873,0.012432669122533683,0.005138988778626809,1.0,0.0,2.0,0.005138988778626809,0.004538988778626809,0.0041389887786268086,0.0031389887786268085,momentum_carry_interaction__csz,fold_2025,2025
2025-06-13,30,6,6,0.026624016300070028,0.0040634280605738,0.011280294119748114,1.0,0.0,2.0,0.011280294119748114,0.010680294119748114,0.010280294119748113,0.009280294119748114,momentum_carry_interaction__csz,fold_2025,2025
2025-06-20,30,6,6,0.0063294660928687185,-0.027089446276591433,0.016709456184730076,1.0,0.0,2.0,0.016709456184730076,0.016109456184730076,0.015709456184730075,0.014709456184730076,momentum_carry_interaction__csz,fold_2025,2025
2025-06-27,30,6,6,0.00308763090357575,0.008330366106843083,-0.002621367601633667,1.0,0.0,2.0,-0.002621367601633667,-0.0032213676016336667,-0.003621367601633667,-0.004621367601633667,momentum_carry_interaction__csz,fold_2025,2025
2025-07-04,30,6,6,0.02357515282066762,0.010403012248252467,0.006586070286207576,1.0,0.0,2.0,0.006586070286207576,0.005986070286207576,0.005586070286207576,0.004586070286207576,momentum_carry_interaction__csz,fold_2025,2025
2025-07-11,30,6,6,0.023677599194697484,0.009356297781796533,0.0071606507064504755,1.0,0.0,2.0,0.0071606507064504755,0.006560650706450476,0.0061606507064504755,0.0051606507064504755,momentum_carry_interaction__csz,fold_2025,2025
2025-07-18,30,6,6,0.0395818728545213,0.009248880845652866,0.015166496004434215,1.0,0.0,2.0,0.015166496004434215,0.014566496004434215,0.014166496004434214,0.013166496004434215,momentum_carry_interaction__csz,fold_2025,2025
2025-07-25,30,6,6,-0.03433597723120938,-0.04404037025634605,0.004852196512568335,1.0,0.0,2.0,0.004852196512568335,0.004252196512568335,0.0038521965125683346,0.0028521965125683345,momentum_carry_interaction__csz,fold_2025,2025
2025-08-01,30,6,6,-0.02399372329475878,0.011470043017936133,-0.017731883156347456,1.0,0.0,2.0,-0.017731883156347456,-0.018331883156347456,-0.018731883156347457,-0.019731883156347454,momentum_carry_interaction__csz,fold_2025,2025
2025-08-08,30,6,6,-0.004020748326220833,0.0076891979886501175,-0.0058549731574354755,1.0,0.0,2.0,-0.0058549731574354755,-0.006454973157435475,-0.0068549731574354756,-0.007854973157435476,momentum_carry_interaction__csz,fold_2025,2025
2025-08-15,30,6,6,-0.012309500718612533,-0.015743875091278333,0.0017171871863328999,1.0,0.0,2.0,0.0017171871863328999,0.0011171871863329,0.0007171871863328998,-0.0002828128136671002,momentum_carry_interaction__csz,fold_2025,2025
2025-08-22,30,6,6,-0.008480150843420568,-0.008023162560516417,-0.00022849414145207584,1.0,0.0,2.0,-0.00022849414145207584,-0.0008284941414520758,-0.0012284941414520759,-0.002228494141452076,momentum_carry_interaction__csz,fold_2025,2025
2025-08-29,30,6,6,0.010411257677617183,-0.005640992741716533,0.008026125209666859,1.0,0.0,2.0,0.008026125209666859,0.007426125209666859,0.007026125209666859,0.006026125209666859,momentum_carry_interaction__csz,fold_2025,2025
2025-09-05,30,6,6,-0.0031877871577410837,-0.0024588750284050163,-0.0003644560646680337,1.0,0.0,2.0,-0.0003644560646680337,-0.0009644560646680337,-0.0013644560646680337,-0.002364456064668034,momentum_carry_interaction__csz,fold_2025,2025
2025-09-12,30,6,6,0.00018171626367309972,0.02152569210974413,-0.010671987923035515,1.0,0.0,2.0,-0.010671987923035515,-0.011271987923035515,-0.011671987923035514,-0.012671987923035515,momentum_carry_interaction__csz,fold_2025,2025
2025-09-19,30,6,6,-0.0099309715996503,-0.016001100916520516,0.003035064658435108,1.0,0.0,2.0,0.003035064658435108,0.0024350646584351083,0.002035064658435108,0.0010350646584351081,momentum_carry_interaction__csz,fold_2025,2025
2025-09-26,30,6,6,-0.009382999037096332,-0.034935535295274454,0.012776268129089061,1.0,0.0,2.0,0.012776268129089061,0.012176268129089061,0.011776268129089062,0.010776268129089061,momentum_carry_interaction__csz,fold_2025,2025
2025-10-13,30,6,6,-0.02141625559135572,0.015942091503366982,-0.01867917354736135,1.0,0.0,2.0,-0.01867917354736135,-0.01927917354736135,-0.019679173547361352,-0.020679173547361353,momentum_carry_interaction__csz,fold_2025,2025
2025-10-20,30,6,6,0.030978555017669118,0.032705081943163274,-0.000863263462747078,1.0,0.0,2.0,-0.000863263462747078,-0.0014632634627470779,-0.001863263462747078,-0.002863263462747078,momentum_carry_interaction__csz,fold_2025,2025
2025-10-27,30,6,6,-0.00766483692110475,-0.007387777521329533,-0.00013852969988760845,1.0,0.0,2.0,-0.00013852969988760845,-0.0007385296998876084,-0.0011385296998876085,-0.0021385296998876085,momentum_carry_interaction__csz,fold_2025,2025
2025-11-03,30,6,6,-0.010034733131912,-0.007785818504166317,-0.001124457313872841,1.0,0.0,2.0,-0.001124457313872841,-0.001724457313872841,-0.002124457313872841,-0.003124457313872841,momentum_carry_interaction__csz,fold_2025,2025
2025-11-10,30,6,6,0.0034093514802329343,-0.0143942470523003,0.008901799266266617,1.0,0.0,2.0,0.008901799266266617,0.008301799266266617,0.007901799266266617,0.0069017992662666165,momentum_carry_interaction__csz,fold_2025,2025
2025-11-17,30,6,6,-0.01372954994759165,-0.02267076944025762,0.0044706097463329845,1.0,0.0,2.0,0.0044706097463329845,0.0038706097463329847,0.0034706097463329845,0.0024706097463329845,momentum_carry_interaction__csz,fold_2025,2025
2025-11-24,30,6,6,0.013095453275044501,0.004215690614716851,0.004439881330163825,1.0,0.0,2.0,0.004439881330163825,0.003839881330163825,0.0034398813301638248,0.0024398813301638247,momentum_carry_interaction__csz,fold_2025,2025
2025-12-01,30,6,6,-0.0140000273704108,-0.015189227867179666,0.0005946002483844335,1.0,0.0,2.0,0.0005946002483844335,-5.399751615566451e-06,-0.0004053997516155665,-0.0014053997516155665,momentum_carry_interaction__csz,fold_2025,2025
2025-12-08,30,6,6,-0.011697369631346766,-0.003460633664361683,-0.004118367983492541,1.0,0.0,2.0,-0.004118367983492541,-0.004718367983492541,-0.005118367983492541,-0.006118367983492541,momentum_carry_interaction__csz,fold_2025,2025
2025-12-15,30,6,6,0.01436694048570855,0.004690163736549403,0.004838388374579573,1.0,0.0,2.0,0.004838388374579573,0.004238388374579573,0.003838388374579573,0.002838388374579573,momentum_carry_interaction__csz,fold_2025,2025
2025-12-22,30,6,6,0.02147165496097125,0.007624248767997566,0.006923703096486843,1.0,0.0,2.0,0.006923703096486843,0.006323703096486843,0.005923703096486843,0.004923703096486843,momentum_carry_interaction__csz,fold_2025,2025
2025-01-02,30,6,6,-0.008643717017779867,0.002678744855383467,-0.005661230936581667,1.0,0.0,2.0,-0.005661230936581667,-0.006261230936581667,-0.006661230936581667,-0.007661230936581667,momentum_carry_interaction__missing,fold_2025,2025
2025-01-09,30,6,6,0.0075445210942481486,0.018594971169530666,-0.005525225037641258,1.0,0.0,2.0,-0.005525225037641258,-0.006125225037641258,-0.006525225037641258,-0.007525225037641258,momentum_carry_interaction__missing,fold_2025,2025
2025-01-16,30,6,6,-0.010761841957401931,-0.010041264596301166,-0.0003602886805503828,1.0,0.0,2.0,-0.0003602886805503828,-0.0009602886805503828,-0.0013602886805503828,-0.002360288680550383,momentum_carry_interaction__missing,fold_2025,2025
2025-01-23,30,6,6,0.026902164920274117,0.022760400240047135,0.0020708823401134908,1.0,0.0,2.0,0.0020708823401134908,0.001470882340113491,0.0010708823401134908,7.088234011349073e-05,momentum_carry_interaction__missing,fold_2025,2025
2025-02-07,30,6,6,0.0034579360473451504,0.014863603764137085,-0.005702833858395967,1.0,0.0,2.0,-0.005702833858395967,-0.006302833858395967,-0.006702833858395967,-0.007702833858395967,momentum_carry_interaction__missing,fold_2025,2025
2025-02-14,30,6,6,-0.0019584202884222503,-0.005546947229154684,0.0017942634703662168,1.0,0.0,2.0,0.0017942634703662168,0.001194263470366217,0.0007942634703662168,-0.0002057365296337832,momentum_carry_interaction__missing,fold_2025,2025
2025-02-21,30,6,6,-0.01620415741924312,-0.01981034273051052,0.0018030926556336993,1.0,0.0,2.0,0.0018030926556336993,0.0012030926556336995,0.0008030926556336993,-0.00019690734436630074,momentum_carry_interaction__missing,fold_2025,2025
2025-02-28,30,6,6,0.0017574808783526665,0.005772026116737082,-0.002007272619192208,1.0,0.0,2.0,-0.002007272619192208,-0.002607272619192208,-0.003007272619192208,-0.004007272619192208,momentum_carry_interaction__missing,fold_2025,2025
2025-03-07,30,6,6,0.01790988762657575,0.01117074853885155,0.0033695695438620997,1.0,0.0,2.0,0.0033695695438620997,0.0027695695438621,0.0023695695438620996,0.0013695695438620996,momentum_carry_interaction__missing,fold_2025,2025
2025-03-14,30,6,6,-0.00670018249429645,-0.005378130145819351,-0.0006610261742385497,1.0,0.0,2.0,-0.0006610261742385497,-0.0012610261742385495,-0.0016610261742385497,-0.0026610261742385497,momentum_carry_interaction__missing,fold_2025,2025
2025-03-21,30,6,6,0.008953652940416067,0.010443650073667751,-0.0007449985666258419,1.0,0.0,2.0,-0.0007449985666258419,-0.0013449985666258418,-0.001744998566625842,-0.002744998566625842,momentum_carry_interaction__missing,fold_2025,2025
2025-03-28,30,6,6,-0.05285900986506967,-0.042894403238588376,-0.004982303313240646,1.0,0.0,2.0,-0.004982303313240646,-0.0055823033132406455,-0.005982303313240646,-0.006982303313240646,momentum_carry_interaction__missing,fold_2025,2025
2025-04-07,30,6,6,0.0006071785515274665,0.015950776796268846,-0.00767179912237069,1.0,0.0,2.0,-0.00767179912237069,-0.00827179912237069,-0.00867179912237069,-0.00967179912237069,momentum_carry_interaction__missing,fold_2025,2025
2025-04-14,30,6,6,-0.00027935445437895037,0.013286368781465817,-0.006782861617922384,1.0,0.0,2.0,-0.006782861617922384,-0.0073828616179223835,-0.007782861617922384,-0.008782861617922383,momentum_carry_interaction__missing,fold_2025,2025
2025-04-21,30,6,6,0.0040523527979588825,0.002419965293180782,0.0008161937523890504,1.0,0.0,2.0,0.0008161937523890504,0.00021619375238905042,-0.00018380624761094966,-0.0011838062476109497,momentum_carry_interaction__missing,fold_2025,2025
2025-04-28,30,6,6,-0.00718951193955315,-0.003936962928007667,-0.0016262745057727414,1.0,0.0,2.0,-0.0016262745057727414,-0.0022262745057727413,-0.0026262745057727415,-0.0036262745057727415,momentum_carry_interaction__missing,fold_2025,2025
2025-05-08,30,6,6,0.019815468992626633,0.0028483170635519007,0.008483575964537367,1.0,0.0,2.0,0.008483575964537367,0.007883575964537367,0.007483575964537367,0.006483575964537367,momentum_carry_interaction__missing,fold_2025,2025
2025-05-15,30,6,6,-0.008674213807957432,0.010849661334130331,-0.00976193757104388,1.0,0.0,2.0,-0.00976193757104388,-0.01036193757104388,-0.010761937571043882,-0.01176193757104388,momentum_carry_interaction__missing,fold_2025,2025
2025-05-22,30,6,6,-0.00954213346398895,-0.0035272785088116504,-0.003007427477588649,1.0,0.0,2.0,-0.003007427477588649,-0.003607427477588649,-0.004007427477588649,-0.005007427477588649,momentum_carry_interaction__missing,fold_2025,2025
2025-05-29,30,6,6,-0.0005790636159993161,0.014508581917736768,-0.007543822766868042,1.0,0.0,2.0,-0.007543822766868042,-0.008143822766868042,-0.00854382276686804,-0.009543822766868042,momentum_carry_interaction__missing,fold_2025,2025
2025-06-06,30,6,6,0.0033019887739572508,0.019711426020677814,-0.008204718623360282,1.0,0.0,2.0,-0.008204718623360282,-0.008804718623360281,-0.00920471862336028,-0.010204718623360282,momentum_carry_interaction__missing,fold_2025,2025
2025-06-13,30,6,6,0.0173628603516897,-0.0011935753651476004,0.00927821785841865,1.0,0.0,2.0,0.00927821785841865,0.00867821785841865,0.00827821785841865,0.00727821785841865,momentum_carry_interaction__missing,fold_2025,2025
2025-06-20,30,6,6,0.0023028730457931674,-0.008058875973531167,0.005180874509662167,1.0,0.0,2.0,0.005180874509662167,0.004580874509662167,0.004180874509662167,0.003180874509662167,momentum_carry_interaction__missing,fold_2025,2025
2025-06-27,30,6,6,-0.00785162858114365,0.005339474566943615,-0.006595551574043632,1.0,0.0,2.0,-0.006595551574043632,-0.007195551574043632,-0.007595551574043632,-0.008595551574043632,momentum_carry_interaction__missing,fold_2025,2025
2025-07-04,30,6,6,0.0020300883267077665,0.0042093070008472665,-0.00108960933706975,1.0,0.0,2.0,-0.00108960933706975,-0.00168960933706975,-0.00208960933706975,-0.00308960933706975,momentum_carry_interaction__missing,fold_2025,2025
2025-07-11,30,6,6,0.007227328275879533,0.011489358573184434,-0.0021310151486524506,1.0,0.0,2.0,-0.0021310151486524506,-0.0027310151486524504,-0.0031310151486524506,-0.004131015148652451,momentum_carry_interaction__missing,fold_2025,2025
2025-07-18,30,6,6,0.029617424693904177,-0.0029559740183212665,0.01628669935611272,1.0,0.0,2.0,0.01628669935611272,0.01568669935611272,0.01528669935611272,0.01428669935611272,momentum_carry_interaction__missing,fold_2025,2025
2025-07-25,30,6,6,-0.027846398976976383,-0.013499312316345819,-0.007173543330315282,1.0,0.0,2.0,-0.007173543330315282,-0.007773543330315282,-0.008173543330315282,-0.009173543330315281,momentum_carry_interaction__missing,fold_2025,2025
2025-08-01,30,6,6,0.0014243173537378667,0.0005787767275901495,0.0004227703130738586,1.0,0.0,2.0,0.0004227703130738586,-0.00017722968692614134,-0.0005772296869261415,-0.0015772296869261415,momentum_carry_interaction__missing,fold_2025,2025
2025-08-08,30,6,6,0.0025939619157738327,-0.0022418809471628676,0.00241792143146835,1.0,0.0,2.0,0.00241792143146835,0.0018179214314683503,0.0014179214314683501,0.0004179214314683501,momentum_carry_interaction__missing,fold_2025,2025
2025-08-15,30,6,6,0.0012950442177015996,-0.002338449687004533,0.0018167469523530664,1.0,0.0,2.0,0.0018167469523530664,0.0012167469523530665,0.0008167469523530663,-0.00018325304764693368,momentum_carry_interaction__missing,fold_2025,2025
2025-08-22,30,6,6,-0.0019313791185518994,0.012935063055888084,-0.007433221087219992,1.0,0.0,2.0,-0.007433221087219992,-0.008033221087219992,-0.008433221087219993,-0.009433221087219992,momentum_carry_interaction__missing,fold_2025,2025
2025-08-29,30,6,6,-0.0084443572778612,0.013571207026897333,-0.011007782152379266,1.0,0.0,2.0,-0.011007782152379266,-0.011607782152379266,-0.012007782152379267,-0.013007782152379266,momentum_carry_interaction__missing,fold_2025,2025
2025-09-05,30,6,6,-0.0005762771760395334,0.0031450674959040497,-0.0018606723359717915,1.0,0.0,2.0,-0.0018606723359717915,-0.0024606723359717913,-0.0028606723359717915,-0.0038606723359717915,momentum_carry_interaction__missing,fold_2025,2025
2025-09-12,30,6,6,-0.008725268600990018,-0.009176544147441233,0.00022563777322560756,1.0,0.0,2.0,0.00022563777322560756,-0.0003743622267743924,-0.0007743622267743925,-0.0017743622267743925,momentum_carry_interaction__missing,fold_2025,2025
2025-09-19,30,6,6,-0.0011214552514313668,0.014820120683934632,-0.007970787967683,1.0,0.0,2.0,-0.007970787967683,-0.008570787967683,-0.008970787967683,-0.009970787967683,momentum_carry_interaction__missing,fold_2025,2025
2025-09-26,30,6,6,-0.0019246635046771664,0.013588858392057748,-0.007756760948367457,1.0,0.0,2.0,-0.007756760948367457,-0.008356760948367457,-0.008756760948367456,-0.009756760948367457,momentum_carry_interaction__missing,fold_2025,2025
2025-10-13,30,6,6,-0.009679442453695652,0.018394105626528167,-0.014036774040111909,1.0,0.0,2.0,-0.014036774040111909,-0.014636774040111909,-0.01503677404011191,-0.01603677404011191,momentum_carry_interaction__missing,fold_2025,2025
2025-10-20,30,6,6,0.01626273490873525,-0.009894342507996185,0.013078538708365717,1.0,0.0,2.0,0.013078538708365717,0.012478538708365718,0.012078538708365717,0.011078538708365717,momentum_carry_interaction__missing,fold_2025,2025
2025-10-27,30,6,6,-0.0036671327961840337,0.002981589654639483,-0.0033243612254117583,1.0,0.0,2.0,-0.0033243612254117583,-0.003924361225411758,-0.004324361225411758,-0.005324361225411758,momentum_carry_interaction__missing,fold_2025,2025
2025-11-03,30,6,6,0.007028989898778916,0.0011507681810089346,0.002939110858884991,1.0,0.0,2.0,0.002939110858884991,0.002339110858884991,0.0019391108588849909,0.0009391108588849909,momentum_carry_interaction__missing,fold_2025,2025
2025-11-10,30,6,6,0.00019128413961836654,0.0007793811584215337,-0.00029404850940158357,1.0,0.0,2.0,-0.00029404850940158357,-0.0008940485094015836,-0.0012940485094015835,-0.0022940485094015838,momentum_carry_interaction__missing,fold_2025,2025
2025-11-17,30,6,6,-0.008360079258358266,0.0019480626612953837,-0.005154070959826825,1.0,0.0,2.0,-0.005154070959826825,-0.005754070959826825,-0.006154070959826825,-0.007154070959826825,momentum_carry_interaction__missing,fold_2025,2025
2025-11-24,30,6,6,0.015452806013379283,0.027751933698168457,-0.006149563842394587,1.0,0.0,2.0,-0.006149563842394587,-0.0067495638423945865,-0.007149563842394587,-0.008149563842394587,momentum_carry_interaction__missing,fold_2025,2025
2025-12-01,30,6,6,0.001069490256261501,0.0043766118249291336,-0.0016535607843338163,1.0,0.0,2.0,-0.0016535607843338163,-0.002253560784333816,-0.0026535607843338163,-0.0036535607843338164,momentum_carry_interaction__missing,fold_2025,2025
2025-12-08,30,6,6,-0.0016668708379587492,0.018018225342415182,-0.009842548090186965,1.0,0.0,2.0,-0.009842548090186965,-0.010442548090186965,-0.010842548090186966,-0.011842548090186965,momentum_carry_interaction__missing,fold_2025,2025
2025-12-15,30,6,6,0.010940177992106934,0.0229013241673235,-0.005980573087608283,1.0,0.0,2.0,-0.005980573087608283,-0.006580573087608283,-0.006980573087608283,-0.007980573087608283,momentum_carry_interaction__missing,fold_2025,2025
2025-12-22,30,6,6,0.012249848924108886,0.031180981499353954,-0.009465566287622535,1.0,0.0,2.0,-0.009465566287622535,-0.010065566287622535,-0.010465566287622536,-0.011465566287622535,momentum_carry_interaction__missing,fold_2025,2025
2025-01-02,30,6,6,-0.009080840968013468,0.011128723302652715,-0.010104782135333092,1.0,0.0,2.0,-0.010104782135333092,-0.010704782135333091,-0.011104782135333092,-0.012104782135333092,nonlinear_tightness__csz,fold_2025,2025
2025-01-09,30,6,6,0.022622612413435838,0.015019195752809583,0.0038017083303131275,1.0,0.0,2.0,0.0038017083303131275,0.0032017083303131277,0.0028017083303131275,0.0018017083303131275,nonlinear_tightness__csz,fold_2025,2025
2025-01-16,30,6,6,-0.008334928172801234,-0.007693346927596468,-0.0003207906226023829,1.0,0.0,2.0,-0.0003207906226023829,-0.0009207906226023828,-0.001320790622602383,-0.002320790622602383,nonlinear_tightness__csz,fold_2025,2025
2025-01-23,30,6,6,0.02623928650699442,0.022126281995412934,0.0020565022557907427,1.0,0.0,2.0,0.0020565022557907427,0.001456502255790743,0.0010565022557907427,5.6502255790742695e-05,nonlinear_tightness__csz,fold_2025,2025
2025-02-07,30,6,6,0.0036063697497736662,0.010277688519219683,-0.003335659384723008,1.0,0.0,2.0,-0.003335659384723008,-0.003935659384723008,-0.004335659384723008,-0.005335659384723008,nonlinear_tightness__csz,fold_2025,2025
2025-02-14,30,6,6,-0.0032473560398288167,-0.004559366600314267,0.0006560052802427249,1.0,0.0,2.0,0.0006560052802427249,5.6005280242725e-05,-0.0003439947197572751,-0.001343994719757275,nonlinear_tightness__csz,fold_2025,2025
2025-02-21,30,6,6,-0.015352398555938084,-0.020267954765358198,0.0024577781047100573,1.0,0.0,2.0,0.0024577781047100573,0.0018577781047100575,0.0014577781047100573,0.0004577781047100573,nonlinear_tightness__csz,fold_2025,2025
2025-02-28,30,6,6,-0.006918112068998651,0.016508453420282485,-0.011713282744640568,1.0,0.0,2.0,-0.011713282744640568,-0.012313282744640568,-0.012713282744640567,-0.013713282744640568,nonlinear_tightness__csz,fold_2025,2025
2025-03-07,30,6,6,-0.0012008178012260502,0.028331068578093907,-0.014765943189659979,1.0,0.0,2.0,-0.014765943189659979,-0.015365943189659979,-0.01576594318965998,-0.01676594318965998,nonlinear_tightness__csz,fold_2025,2025
2025-03-14,30,6,6,-0.005920750399202884,-0.007280720290234116,0.0006799849455156161,1.0,0.0,2.0,0.0006799849455156161,7.998494551561617e-05,-0.0003200150544843839,-0.001320015054484384,nonlinear_tightness__csz,fold_2025,2025
2025-03-21,30,6,6,0.0112132667537611,0.00895465226567465,0.0011293072440432253,1.0,0.0,2.0,0.0011293072440432253,0.0005293072440432253,0.00012930724404322524,-0.0008706927559567748,nonlinear_tightness__csz,fold_2025,2025
2025-03-28,30,6,6,-0.05632068496461607,-0.051171526522679374,-0.0025745792209683482,1.0,0.0,2.0,-0.0025745792209683482,-0.003174579220968348,-0.0035745792209683483,-0.004574579220968348,nonlinear_tightness__csz,fold_2025,2025
2025-04-07,30,6,6,0.0075085973134401485,0.025287724455253718,-0.008889563570906785,1.0,0.0,2.0,-0.008889563570906785,-0.009489563570906785,-0.009889563570906784,-0.010889563570906785,nonlinear_tightness__csz,fold_2025,2025
2025-04-14,30,6,6,0.00040410879988884963,0.005280402533828999,-0.0024381468669700747,1.0,0.0,2.0,-0.0024381468669700747,-0.0030381468669700745,-0.0034381468669700747,-0.004438146866970074,nonlinear_tightness__csz,fold_2025,2025
2025-04-21,30,6,6,0.00956526464037045,0.006700045356102985,0.0014326096421337325,1.0,0.0,2.0,0.0014326096421337325,0.0008326096421337326,0.0004326096421337325,-0.0005673903578662675,nonlinear_tightness__csz,fold_2025,2025
2025-04-28,30,6,6,-0.011609385473229783,-0.0050664030044679335,-0.003271491234380925,1.0,0.0,2.0,-0.003271491234380925,-0.0038714912343809247,-0.004271491234380925,-0.005271491234380925,nonlinear_tightness__csz,fold_2025,2025
2025-05-08,30,6,6,0.020949327832229348,-0.0001759288785899496,0.010562628355409649,1.0,0.0,2.0,0.010562628355409649,0.009962628355409649,0.00956262835540965,0.008562628355409649,nonlinear_tightness__csz,fold_2025,2025
2025-05-15,30,6,6,-0.0018314470580453,0.00256515320988965,-0.002198300133967475,1.0,0.0,2.0,-0.002198300133967475,-0.002798300133967475,-0.003198300133967475,-0.0041983001339674746,nonlinear_tightness__csz,fold_2025,2025
2025-05-22,30,6,6,-0.007217244656123133,-0.008245842743501233,0.00051429904368905,1.0,0.0,2.0,0.00051429904368905,-8.570095631095e-05,-0.00048570095631095007,-0.00148570095631095,nonlinear_tightness__csz,fold_2025,2025
2025-05-29,30,6,6,-0.0009835431634076834,0.007497909128528217,-0.004240726145967951,1.0,0.0,2.0,-0.004240726145967951,-0.0048407261459679505,-0.005240726145967951,-0.006240726145967951,nonlinear_tightness__csz,fold_2025,2025
2025-06-06,30,6,6,0.02994860490829662,0.00408003848591235,0.012934283211192135,1.0,0.0,2.0,0.012934283211192135,0.012334283211192135,0.011934283211192134,0.010934283211192134,nonlinear_tightness__csz,fold_2025,2025
2025-06-13,30,6,6,0.01793362610003042,-0.002820116137763466,0.010376871118896942,1.0,0.0,2.0,0.010376871118896942,0.009776871118896942,0.009376871118896943,0.008376871118896942,nonlinear_tightness__csz,fold_2025,2025
2025-06-20,30,6,6,-0.0019983545825873997,-0.006767318732023317,0.0023844820747179587,1.0,0.0,2.0,0.0023844820747179587,0.0017844820747179588,0.0013844820747179586,0.0003844820747179586,nonlinear_tightness__csz,fold_2025,2025
2025-06-27,30,6,6,-0.0003580732243448999,0.0020755043519899,-0.0012167887881674,1.0,0.0,2.0,-0.0012167887881674,-0.0018167887881674,-0.0022167887881674,-0.0032167887881674,nonlinear_tightness__csz,fold_2025,2025
2025-07-04,30,6,6,0.0016480633892543336,-0.0015597413437845504,0.001603902366519442,1.0,0.0,2.0,0.001603902366519442,0.001003902366519442,0.0006039023665194419,-0.00039609763348055814,nonlinear_tightness__csz,fold_2025,2025
2025-07-11,30,6,6,0.0070826160858314,0.004905594702588183,0.0010885106916216085,1.0,0.0,2.0,0.0010885106916216085,0.0004885106916216086,8.851069162160849e-05,-0.0009114893083783915,nonlinear_tightness__csz,fold_2025,2025
2025-07-18,30,6,6,0.0187018632902663,0.0110931550362147,0.0038043541270258,1.0,0.0,2.0,0.0038043541270258,0.0032043541270258,0.0028043541270258,0.0018043541270257998,nonlinear_tightness__csz,fold_2025,2025
2025-07-25,30,6,6,-0.015843101872626702,-0.011182604020553849,-0.0023302489260364264,1.0,0.0,2.0,-0.0023302489260364264,-0.0029302489260364262,-0.0033302489260364264,-0.0043302489260364264,nonlinear_tightness__csz,fold_2025,2025
2025-08-01,30,6,6,-0.0010557498020282823,-0.0027527713722891333,0.0008485107851304255,1.0,0.0,2.0,0.0008485107851304255,0.0002485107851304256,-0.00015148921486957448,-0.0011514892148695745,nonlinear_tightness__csz,fold_2025,2025
2025-08-08,30,6,6,0.0021999996929239663,-0.010507532942961301,0.006353766317942633,1.0,0.0,2.0,0.006353766317942633,0.005753766317942634,0.005353766317942633,0.004353766317942633,nonlinear_tightness__csz,fold_2025,2025
2025-08-15,30,6,6,-0.005094482920677184,-0.0008971639148548337,-0.002098659502911175,1.0,0.0,2.0,-0.002098659502911175,-0.002698659502911175,-0.003098659502911175,-0.0040986595029111755,nonlinear_tightness__csz,fold_2025,2025
2025-08-22,30,6,6,-0.0011268653671004513,0.02342953068559175,-0.012278198026346101,1.0,0.0,2.0,-0.012278198026346101,-0.012878198026346101,-0.0132781980263461,-0.014278198026346101,nonlinear_tightness__csz,fold_2025,2025
2025-08-29,30,6,6,-0.004458955636017317,0.013971858525098484,-0.0092154070805579,1.0,0.0,2.0,-0.0092154070805579,-0.0098154070805579,-0.0102154070805579,-0.0112154070805579,nonlinear_tightness__csz,fold_2025,2025
2025-09-05,30,6,6,0.0030971350547448167,0.003108186736660417,-5.5258409578000725e-06,1.0,0.0,2.0,-5.5258409578000725e-06,-0.0006055258409578,-0.0010055258409578,-0.0020055258409578,nonlinear_tightness__csz,fold_2025,2025
2025-09-12,30,6,6,-0.0016983731617932329,-0.010993531298189585,0.004647579068198176,1.0,0.0,2.0,0.004647579068198176,0.004047579068198176,0.003647579068198176,0.002647579068198176,nonlinear_tightness__csz,fold_2025,2025
2025-09-19,30,6,6,0.0031018143760795664,0.01250565819279858,-0.004701921908359507,1.0,0.0,2.0,-0.004701921908359507,-0.005301921908359507,-0.005701921908359507,-0.006701921908359507,nonlinear_tightness__csz,fold_2025,2025
2025-09-26,30,6,6,-0.015062803840319517,0.031475607479567666,-0.02326920565994359,1.0,0.0,2.0,-0.02326920565994359,-0.02386920565994359,-0.02426920565994359,-0.02526920565994359,nonlinear_tightness__csz,fold_2025,2025
2025-10-13,30,6,6,-0.006295003673122367,0.009210240834836167,-0.007752622253979267,1.0,0.0,2.0,-0.007752622253979267,-0.008352622253979267,-0.008752622253979266,-0.009752622253979267,nonlinear_tightness__csz,fold_2025,2025
2025-10-20,30,6,6,0.02267484681050545,-0.0071576765876203334,0.014916261699062891,1.0,0.0,2.0,0.014916261699062891,0.014316261699062891,0.01391626169906289,0.012916261699062891,nonlinear_tightness__csz,fold_2025,2025
2025-10-27,30,6,6,-0.008578716817741083,0.002661059324675117,-0.0056198880712081,1.0,0.0,2.0,-0.0056198880712081,-0.0062198880712081,-0.0066198880712081,-0.0076198880712081,nonlinear_tightness__csz,fold_2025,2025
2025-11-03,30,6,6,-0.014065796495408131,0.0112506590302053,-0.012658227762806715,1.0,0.0,2.0,-0.012658227762806715,-0.013258227762806715,-0.013658227762806716,-0.014658227762806715,nonlinear_tightness__csz,fold_2025,2025
2025-11-10,30,6,6,0.0006503900817481999,-0.0036894032398620837,0.0021698966608051417,1.0,0.0,2.0,0.0021698966608051417,0.0015698966608051418,0.0011698966608051416,0.00016989666080514162,nonlinear_tightness__csz,fold_2025,2025
2025-11-17,30,6,6,-0.011271133036961483,0.0024744943813386666,-0.006872813709150075,1.0,0.0,2.0,-0.006872813709150075,-0.007472813709150075,-0.007872813709150075,-0.008872813709150076,nonlinear_tightness__csz,fold_2025,2025
2025-11-24,30,6,6,0.007323871960989134,0.03091486559523206,-0.011795496817121463,1.0,0.0,2.0,-0.011795496817121463,-0.012395496817121463,-0.012795496817121464,-0.013795496817121463,nonlinear_tightness__csz,fold_2025,2025
2025-12-01,30,6,6,-0.0028040791057432333,0.013042044179105733,-0.007923061642424484,1.0,0.0,2.0,-0.007923061642424484,-0.008523061642424484,-0.008923061642424485,-0.009923061642424484,nonlinear_tightness__csz,fold_2025,2025
2025-12-08,30,6,6,-0.005621949149532117,0.012743234495776218,-0.009182591822654167,1.0,0.0,2.0,-0.009182591822654167,-0.009782591822654167,-0.010182591822654168,-0.011182591822654167,nonlinear_tightness__csz,fold_2025,2025
2025-12-15,30,6,6,0.00045389034129310004,0.02525622906937872,-0.01240116936404281,1.0,0.0,2.0,-0.01240116936404281,-0.01300116936404281,-0.01340116936404281,-0.01440116936404281,nonlinear_tightness__csz,fold_2025,2025
2025-12-22,30,6,6,0.011359508844284417,0.035371596632999415,-0.012006043894357499,1.0,0.0,2.0,-0.012006043894357499,-0.012606043894357499,-0.0130060438943575,-0.014006043894357499,nonlinear_tightness__csz,fold_2025,2025
2025-01-02,30,6,6,-0.005697011820340551,0.0010801419661304,-0.0033885768932354755,1.0,0.0,2.0,-0.0033885768932354755,-0.003988576893235476,-0.004388576893235475,-0.005388576893235476,nonlinear_tightness__missing,fold_2025,2025
2025-01-09,30,6,6,0.03347700192639188,0.022890309891389016,0.005293346017501432,1.0,0.0,2.0,0.005293346017501432,0.004693346017501432,0.004293346017501432,0.0032933460175014317,nonlinear_tightness__missing,fold_2025,2025
2025-01-16,30,6,6,-0.01734638303142625,-0.005101246293530134,-0.006122568368948058,1.0,0.0,2.0,-0.006122568368948058,-0.006722568368948058,-0.007122568368948058,-0.008122568368948058,nonlinear_tightness__missing,fold_2025,2025
2025-01-23,30,6,6,0.01862334346203515,0.020358600920792985,-0.0008676287293789171,1.0,0.0,2.0,-0.0008676287293789171,-0.001467628729378917,-0.0018676287293789172,-0.002867628729378917,nonlinear_tightness__missing,fold_2025,2025
2025-02-07,30,6,6,-0.008434052052743633,0.01427797256244665,-0.011356012307595142,1.0,0.0,2.0,-0.011356012307595142,-0.011956012307595142,-0.012356012307595143,-0.013356012307595143,nonlinear_tightness__missing,fold_2025,2025
2025-02-14,30,6,6,0.005819928191155899,-0.00618313518388285,0.006001531687519374,1.0,0.0,2.0,0.006001531687519374,0.005401531687519374,0.005001531687519374,0.004001531687519374,nonlinear_tightness__missing,fold_2025,2025
2025-02-21,30,6,6,-0.01542077327094068,-0.023266727082424363,0.003922976905741842,1.0,0.0,2.0,0.003922976905741842,0.003322976905741842,0.0029229769057418416,0.0019229769057418416,nonlinear_tightness__missing,fold_2025,2025
2025-02-28,30,6,6,-0.013018178042958952,0.0008715357912377162,-0.006944856917098334,1.0,0.0,2.0,-0.006944856917098334,-0.007544856917098334,-0.007944856917098335,-0.008944856917098334,nonlinear_tightness__missing,fold_2025,2025
2025-03-07,30,6,6,0.0016064890901724164,0.0059987124568555835,-0.0021961116833415836,1.0,0.0,2.0,-0.0021961116833415836,-0.0027961116833415834,-0.0031961116833415836,-0.004196111683341584,nonlinear_tightness__missing,fold_2025,2025
2025-03-14,30,6,6,0.002129855617867733,0.00014490316040876675,0.0009924762287294832,1.0,0.0,2.0,0.0009924762287294832,0.00039247622872948327,-7.523771270516802e-06,-0.0010075237712705168,nonlinear_tightness__missing,fold_2025,2025
2025-03-21,30,6,6,0.006999095311239899,0.011610827187794666,-0.0023058659382773836,1.0,0.0,2.0,-0.0023058659382773836,-0.0029058659382773834,-0.0033058659382773836,-0.004305865938277384,nonlinear_tightness__missing,fold_2025,2025
2025-03-28,30,6,6,-0.05178653573115883,-0.0607926265980896,0.004503045433465386,1.0,0.0,2.0,0.004503045433465386,0.003903045433465386,0.0035030454334653858,0.0025030454334653857,nonlinear_tightness__missing,fold_2025,2025
2025-04-07,30,6,6,-0.00041319109867696675,0.011898653647037133,-0.006155922372857049,1.0,0.0,2.0,-0.006155922372857049,-0.006755922372857049,-0.007155922372857049,-0.00815592237285705,nonlinear_tightness__missing,fold_2025,2025
2025-04-14,30,6,6,0.0005168816161656162,0.004834571666816033,-0.0021588450253252085,1.0,0.0,2.0,-0.0021588450253252085,-0.0027588450253252083,-0.0031588450253252085,-0.0041588450253252085,nonlinear_tightness__missing,fold_2025,2025
2025-04-21,30,6,6,0.004669681219876716,0.009801090820783634,-0.002565704800453459,1.0,0.0,2.0,-0.002565704800453459,-0.003165704800453459,-0.003565704800453459,-0.004565704800453459,nonlinear_tightness__missing,fold_2025,2025
2025-04-28,30,6,6,-0.019749569182245068,-0.01565978699670575,-0.0020448910927696583,1.0,0.0,2.0,-0.0020448910927696583,-0.002644891092769658,-0.0030448910927696584,-0.004044891092769658,nonlinear_tightness__missing,fold_2025,2025
2025-05-08,30,6,6,0.018868496700092097,0.008746871558629533,0.005060812570731282,1.0,0.0,2.0,0.005060812570731282,0.004460812570731282,0.004060812570731282,0.003060812570731282,nonlinear_tightness__missing,fold_2025,2025
2025-05-15,30,6,6,-0.0170960743762764,0.008315957006035801,-0.012706015691156102,1.0,0.0,2.0,-0.012706015691156102,-0.013306015691156102,-0.013706015691156103,-0.014706015691156102,nonlinear_tightness__missing,fold_2025,2025
2025-05-22,30,6,6,-0.013368702045991299,0.000288202358256333,-0.006828452202123816,1.0,0.0,2.0,-0.006828452202123816,-0.007428452202123816,-0.007828452202123817,-0.008828452202123816,nonlinear_tightness__missing,fold_2025,2025
2025-05-29,30,6,6,-0.002707894218189633,-0.0011946392239703335,-0.0007566274971096498,1.0,0.0,2.0,-0.0007566274971096498,-0.0013566274971096499,-0.0017566274971096499,-0.0027566274971096497,nonlinear_tightness__missing,fold_2025,2025
2025-06-06,30,6,6,0.03444633532805569,0.02959996304426682,0.0024231861418944345,1.0,0.0,2.0,0.0024231861418944345,0.0018231861418944346,0.0014231861418944345,0.00042318614189443444,nonlinear_tightness__missing,fold_2025,2025
2025-06-13,30,6,6,0.029598957046110447,0.007793609468405683,0.010902673788852383,1.0,0.0,2.0,0.010902673788852383,0.010302673788852383,0.009902673788852383,0.008902673788852383,nonlinear_tightness__missing,fold_2025,2025
2025-06-20,30,6,6,-0.02213642552399778,-0.019931284505092517,-0.0011025705094526318,1.0,0.0,2.0,-0.0011025705094526318,-0.0017025705094526316,-0.0021025705094526318,-0.003102570509452632,nonlinear_tightness__missing,fold_2025,2025
2025-06-27,30,6,6,-0.005947233897729367,0.0017511970089943499,-0.0038492154533618585,1.0,0.0,2.0,-0.0038492154533618585,-0.004449215453361859,-0.004849215453361859,-0.005849215453361858,nonlinear_tightness__missing,fold_2025,2025
2025-07-04,30,6,6,0.012301035630775267,-0.004286158288759217,0.008293596959767242,1.0,0.0,2.0,0.008293596959767242,0.007693596959767242,0.007293596959767242,0.006293596959767242,nonlinear_tightness__missing,fold_2025,2025
2025-07-11,30,6,6,0.016320366531274,0.005557247795134533,0.005381559368069734,1.0,0.0,2.0,0.005381559368069734,0.004781559368069734,0.004381559368069734,0.0033815593680697337,nonlinear_tightness__missing,fold_2025,2025
2025-07-18,30,6,6,0.026199109620428446,0.002185197368479567,0.01200695612597444,1.0,0.0,2.0,0.01200695612597444,0.01140695612597444,0.011006956125974441,0.01000695612597444,nonlinear_tightness__missing,fold_2025,2025
2025-07-25,30,6,6,-0.019351561394610937,-0.005277283965430334,-0.007037138714590302,1.0,0.0,2.0,-0.007037138714590302,-0.007637138714590302,-0.008037138714590303,-0.009037138714590302,nonlinear_tightness__missing,fold_2025,2025
2025-08-01,30,6,6,-0.008213075106535865,-0.007580149422193784,-0.0003164628421710408,1.0,0.0,2.0,-0.0003164628421710408,-0.0009164628421710407,-0.0013164628421710408,-0.002316462842171041,nonlinear_tightness__missing,fold_2025,2025
2025-08-08,30,6,6,0.00035633496059998365,-0.008870027854259168,0.004613181407429575,1.0,0.0,2.0,0.004613181407429575,0.0040131814074295755,0.0036131814074295754,0.0026131814074295753,nonlinear_tightness__missing,fold_2025,2025
2025-08-15,30,6,6,-0.002544147499929533,0.0020351870789493166,-0.002289667289439425,1.0,0.0,2.0,-0.002289667289439425,-0.002889667289439425,-0.003289667289439425,-0.004289667289439425,nonlinear_tightness__missing,fold_2025,2025
2025-08-22,30,6,6,-0.018604183789824997,0.012329273178235881,-0.01546672848403044,1.0,0.0,2.0,-0.01546672848403044,-0.01606672848403044,-0.01646672848403044,-0.01746672848403044,nonlinear_tightness__missing,fold_2025,2025
2025-08-29,30,6,6,-0.007748885450319334,0.0011756122028450174,-0.004462248826582176,1.0,0.0,2.0,-0.004462248826582176,-0.005062248826582176,-0.005462248826582176,-0.006462248826582176,nonlinear_tightness__missing,fold_2025,2025
2025-09-05,30,6,6,0.0033148312841010177,0.009174869119874399,-0.0029300189178866906,1.0,0.0,2.0,-0.0029300189178866906,-0.0035300189178866905,-0.003930018917886691,-0.004930018917886691,nonlinear_tightness__missing,fold_2025,2025
2025-09-12,30,6,6,0.0032408233609956504,-0.007569412987936466,0.005405118174466058,1.0,0.0,2.0,0.005405118174466058,0.0048051181744660585,0.004405118174466058,0.0034051181744660583,nonlinear_tightness__missing,fold_2025,2025
2025-09-19,30,6,6,-0.005253490020137651,0.019063156824438248,-0.01215832342228795,1.0,0.0,2.0,-0.01215832342228795,-0.01275832342228795,-0.01315832342228795,-0.01415832342228795,nonlinear_tightness__missing,fold_2025,2025
2025-09-26,30,6,6,-0.030624574333025678,0.0052985165454817315,-0.017961545439253705,1.0,0.0,2.0,-0.017961545439253705,-0.018561545439253705,-0.018961545439253706,-0.019961545439253707,nonlinear_tightness__missing,fold_2025,2025
2025-10-13,30,6,6,-0.009049821554156418,-0.013047185351136968,0.001998681898490275,1.0,0.0,2.0,0.001998681898490275,0.001398681898490275,0.0009986818984902748,-1.3181015097252571e-06,nonlinear_tightness__missing,fold_2025,2025
2025-10-20,30,6,6,0.024602290595632983,0.03715237495727228,-0.006275042180819647,1.0,0.0,2.0,-0.006275042180819647,-0.006875042180819647,-0.007275042180819647,-0.008275042180819647,nonlinear_tightness__missing,fold_2025,2025
2025-10-27,30,6,6,-0.006596913571904333,-0.006051167979061567,-0.00027287279642138323,1.0,0.0,2.0,-0.00027287279642138323,-0.0008728727964213832,-0.0012728727964213832,-0.0022728727964213833,nonlinear_tightness__missing,fold_2025,2025
2025-11-03,30,6,6,0.00473875396290235,-0.013169619259082735,0.008954186610992542,1.0,0.0,2.0,0.008954186610992542,0.008354186610992543,0.007954186610992543,0.006954186610992542,nonlinear_tightness__missing,fold_2025,2025
2025-11-10,30,6,6,0.00021755003889659986,-0.004451106872792383,0.0023343284558444916,1.0,0.0,2.0,0.0023343284558444916,0.0017343284558444918,0.0013343284558444916,0.00033432845584449155,nonlinear_tightness__missing,fold_2025,2025
2025-11-17,30,6,6,-0.01904734855250675,-0.006984650901492533,-0.0060313488255071095,1.0,0.0,2.0,-0.0060313488255071095,-0.006631348825507109,-0.0070313488255071095,-0.00803134882550711,nonlinear_tightness__missing,fold_2025,2025
2025-11-24,30,6,6,0.008908036345945352,0.010192863262563284,-0.000642413458308966,1.0,0.0,2.0,-0.000642413458308966,-0.0012424134583089658,-0.001642413458308966,-0.002642413458308966,nonlinear_tightness__missing,fold_2025,2025
2025-12-01,30,6,6,-0.011694554546885763,0.01779557006164678,-0.014745062304266272,1.0,0.0,2.0,-0.014745062304266272,-0.015345062304266271,-0.015745062304266273,-0.01674506230426627,nonlinear_tightness__missing,fold_2025,2025
2025-12-08,30,6,6,-0.011080364565625231,-0.0006400528527293997,-0.005220155856447916,1.0,0.0,2.0,-0.005220155856447916,-0.005820155856447916,-0.006220155856447916,-0.007220155856447916,nonlinear_tightness__missing,fold_2025,2025
2025-12-15,30,6,6,0.013895134393222533,0.0129677925532989,0.00046367091996181616,1.0,0.0,2.0,0.00046367091996181616,-0.0001363290800381838,-0.0005363290800381839,-0.0015363290800381839,nonlinear_tightness__missing,fold_2025,2025
2025-12-22,30,6,6,0.013694749920318,0.00683832274795385,0.003428213586182075,1.0,0.0,2.0,0.003428213586182075,0.002828213586182075,0.002428213586182075,0.001428213586182075,nonlinear_tightness__missing,fold_2025,2025
2025-01-02,30,6,6,-0.013678807299882467,-0.00784928205011145,-0.0029147626248855084,1.0,0.0,2.0,-0.0029147626248855084,-0.003514762624885508,-0.003914762624885508,-0.004914762624885508,correlation_risk_20_120__csz,fold_2025,2025
2025-01-09,30,6,6,0.03627405519130072,0.018395588162725716,0.008939233514287501,1.0,0.0,2.0,0.008939233514287501,0.008339233514287501,0.007939233514287502,0.006939233514287501,correlation_risk_20_120__csz,fold_2025,2025
2025-01-16,30,6,6,-0.009570633022815316,0.008193102585749984,-0.008881867804282649,1.0,0.0,2.0,-0.008881867804282649,-0.009481867804282649,-0.00988186780428265,-0.010881867804282649,correlation_risk_20_120__csz,fold_2025,2025
2025-01-23,30,6,6,0.025750319093038515,0.006573604395872933,0.009588357348582792,1.0,0.0,2.0,0.009588357348582792,0.008988357348582792,0.008588357348582792,0.0075883573485827915,correlation_risk_20_120__csz,fold_2025,2025
2025-02-07,30,6,6,0.0028957863793806164,0.0022213457907222837,0.00033722029432916635,1.0,0.0,2.0,0.00033722029432916635,-0.0002627797056708336,-0.0006627797056708337,-0.0016627797056708337,correlation_risk_20_120__csz,fold_2025,2025
2025-02-14,30,6,6,0.013169841907194965,0.009774757542988333,0.0016975421821033157,1.0,0.0,2.0,0.0016975421821033157,0.001097542182103316,0.0006975421821033157,-0.0003024578178966843,correlation_risk_20_120__csz,fold_2025,2025
2025-02-21,30,6,6,-0.007995808134140565,-0.02018373404267495,0.006093962954267192,1.0,0.0,2.0,0.006093962954267192,0.005493962954267192,0.005093962954267192,0.004093962954267192,correlation_risk_20_120__csz,fold_2025,2025
2025-02-28,30,6,6,-0.007783682880595666,-0.008395242070584367,0.0003057795949943506,1.0,0.0,2.0,0.0003057795949943506,-0.00029422040500564934,-0.0006942204050056494,-0.0016942204050056494,correlation_risk_20_120__csz,fold_2025,2025
2025-03-07,30,6,6,0.027522226820592164,0.01332637639523905,0.007097925212676557,1.0,0.0,2.0,0.007097925212676557,0.006497925212676557,0.006097925212676557,0.005097925212676557,correlation_risk_20_120__csz,fold_2025,2025
2025-03-14,30,6,6,-0.03480818153448055,-0.006279309220950334,-0.014264436156765108,1.0,0.0,2.0,-0.014264436156765108,-0.014864436156765108,-0.015264436156765107,-0.016264436156765108,correlation_risk_20_120__csz,fold_2025,2025
2025-03-21,30,6,6,0.019500742230895148,0.005690212873742884,0.006905264678576132,1.0,0.0,2.0,0.006905264678576132,0.0063052646785761324,0.005905264678576132,0.004905264678576132,correlation_risk_20_120__csz,fold_2025,2025
2025-03-28,30,6,6,-0.034752803163809916,-0.04871042392853229,0.006978810382361186,1.0,0.0,2.0,0.006978810382361186,0.0063788103823611865,0.005978810382361186,0.004978810382361186,correlation_risk_20_120__csz,fold_2025,2025
2025-04-07,30,6,6,-0.012254914740467198,0.030900410274403527,-0.021577662507435362,1.0,0.0,2.0,-0.021577662507435362,-0.022177662507435362,-0.022577662507435363,-0.023577662507435364,correlation_risk_20_120__csz,fold_2025,2025
2025-04-14,30,6,6,-0.0155098029056868,0.011777874828083982,-0.013643838866885392,1.0,0.0,2.0,-0.013643838866885392,-0.014243838866885392,-0.014643838866885393,-0.01564383886688539,correlation_risk_20_120__csz,fold_2025,2025
2025-04-21,30,6,6,0.00120735093636915,-0.00632360587402545,0.0037654784051973,1.0,0.0,2.0,0.0037654784051973,0.0031654784051973,0.0027654784051973,0.0017654784051972998,correlation_risk_20_120__csz,fold_2025,2025
2025-04-28,30,6,6,-0.030236775421983584,-0.016529887395659283,-0.00685344401316215,1.0,0.0,2.0,-0.00685344401316215,-0.00745344401316215,-0.00785344401316215,-0.00885344401316215,correlation_risk_20_120__csz,fold_2025,2025
2025-05-08,30,6,6,-0.013690930891682251,0.017563981661183097,-0.015627456276432673,1.0,0.0,2.0,-0.015627456276432673,-0.016227456276432673,-0.016627456276432674,-0.017627456276432675,correlation_risk_20_120__csz,fold_2025,2025
2025-05-15,30,6,6,0.00923612694358085,-0.012900569466090084,0.011068348204835467,1.0,0.0,2.0,0.011068348204835467,0.010468348204835467,0.010068348204835466,0.009068348204835467,correlation_risk_20_120__csz,fold_2025,2025
2025-05-22,30,6,6,-0.0005945587431765497,-0.03694621944965209,0.01817583035323777,1.0,0.0,2.0,0.01817583035323777,0.01757583035323777,0.01717583035323777,0.016175830353237768,correlation_risk_20_120__csz,fold_2025,2025
2025-05-29,30,6,6,0.014825656561978167,0.006442391157740634,0.004191632702118767,1.0,0.0,2.0,0.004191632702118767,0.0035916327021187668,0.0031916327021187666,0.0021916327021187666,correlation_risk_20_120__csz,fold_2025,2025
2025-06-06,30,6,6,0.06082853518019896,0.001547778769877316,0.029640378205160824,1.0,0.0,2.0,0.029640378205160824,0.029040378205160824,0.028640378205160823,0.027640378205160826,correlation_risk_20_120__csz,fold_2025,2025
2025-06-13,30,6,6,0.012311237076002882,0.017948296796446,-0.0028185298602215582,1.0,0.0,2.0,-0.0028185298602215582,-0.003418529860221558,-0.0038185298602215582,-0.004818529860221558,correlation_risk_20_120__csz,fold_2025,2025
2025-06-20,30,6,6,0.0006299960729105493,0.0045919996151521526,-0.001981001771120802,1.0,0.0,2.0,-0.001981001771120802,-0.0025810017711208016,-0.002981001771120802,-0.003981001771120802,correlation_risk_20_120__csz,fold_2025,2025
2025-06-27,30,6,6,0.004155360433963217,-0.0042817127596316,0.0042185365967974085,1.0,0.0,2.0,0.0042185365967974085,0.0036185365967974087,0.0032185365967974085,0.0022185365967974085,correlation_risk_20_120__csz,fold_2025,2025
2025-07-04,30,6,6,-0.005271456083353999,0.009788743296543717,-0.007530099689948859,1.0,0.0,2.0,-0.007530099689948859,-0.008130099689948858,-0.008530099689948858,-0.009530099689948859,correlation_risk_20_120__csz,fold_2025,2025
2025-07-11,30,6,6,0.007625600266096301,0.007293794651518984,0.00016590280728865855,1.0,0.0,2.0,0.00016590280728865855,-0.0004340971927113414,-0.0008340971927113415,-0.0018340971927113415,correlation_risk_20_120__csz,fold_2025,2025
2025-07-18,30,6,6,0.014965829619289899,0.06315322885591661,-0.024093699618313355,1.0,0.0,2.0,-0.024093699618313355,-0.024693699618313355,-0.025093699618313356,-0.026093699618313357,correlation_risk_20_120__csz,fold_2025,2025
2025-07-25,30,6,6,-0.004951606257394267,-0.048146379769283563,0.021597386755944647,1.0,0.0,2.0,0.021597386755944647,0.020997386755944647,0.020597386755944646,0.01959738675594465,correlation_risk_20_120__csz,fold_2025,2025
2025-08-01,30,6,6,-0.01221674713368545,0.02953199812339698,-0.020874372628541214,1.0,0.0,2.0,-0.020874372628541214,-0.021474372628541214,-0.021874372628541215,-0.022874372628541216,correlation_risk_20_120__csz,fold_2025,2025
2025-08-08,30,6,6,0.004394992199021333,0.014948585150410733,-0.0052767964756947,1.0,0.0,2.0,-0.0052767964756947,-0.0058767964756947,-0.0062767964756947,-0.0072767964756947,correlation_risk_20_120__csz,fold_2025,2025
2025-08-15,30,6,6,0.0011135152422095996,-0.03260135764145045,0.016857436441830027,1.0,0.0,2.0,0.016857436441830027,0.016257436441830028,0.015857436441830026,0.014857436441830027,correlation_risk_20_120__csz,fold_2025,2025
2025-08-22,30,6,6,0.0052052144561071665,-0.01498469601202005,0.010094955234063608,1.0,0.0,2.0,0.010094955234063608,0.009494955234063608,0.009094955234063607,0.008094955234063608,correlation_risk_20_120__csz,fold_2025,2025
2025-08-29,30,6,6,-0.010316044988504067,0.005673919995262049,-0.007994982491883058,1.0,0.0,2.0,-0.007994982491883058,-0.008594982491883058,-0.008994982491883057,-0.009994982491883058,correlation_risk_20_120__csz,fold_2025,2025
2025-09-05,30,6,6,0.0010417663588942999,-0.00555074470550045,0.0032962555321973753,1.0,0.0,2.0,0.0032962555321973753,0.0026962555321973754,0.0022962555321973752,0.0012962555321973752,correlation_risk_20_120__csz,fold_2025,2025
2025-09-12,30,6,6,-0.004688245175050434,0.023414918689527445,-0.01405158193228894,1.0,0.0,2.0,-0.01405158193228894,-0.014651581932288939,-0.015051581932288938,-0.01605158193228894,correlation_risk_20_120__csz,fold_2025,2025
2025-09-19,30,6,6,0.002369223914781583,-0.019671277321416648,0.011020250618099116,1.0,0.0,2.0,0.011020250618099116,0.010420250618099116,0.010020250618099115,0.009020250618099116,correlation_risk_20_120__csz,fold_2025,2025
2025-09-26,30,6,6,-0.003363167369589651,-0.00830498701435615,0.0024709098223832495,1.0,0.0,2.0,0.0024709098223832495,0.0018709098223832496,0.0014709098223832495,0.00047090982238324943,correlation_risk_20_120__csz,fold_2025,2025
2025-10-13,30,6,6,-0.019824986804936218,0.007209502605389749,-0.013517244705162983,1.0,0.0,2.0,-0.013517244705162983,-0.014117244705162983,-0.014517244705162982,-0.015517244705162983,correlation_risk_20_120__csz,fold_2025,2025
2025-10-20,30,6,6,0.002822099392396266,-0.0013320372654336496,0.002077068328914958,1.0,0.0,2.0,0.002077068328914958,0.001477068328914958,0.0010770683289149578,7.706832891495779e-05,correlation_risk_20_120__csz,fold_2025,2025
2025-10-27,30,6,6,-0.0155648292421817,0.014674477328066282,-0.01511965328512399,1.0,0.0,2.0,-0.01511965328512399,-0.01571965328512399,-0.01611965328512399,-0.017119653285123992,correlation_risk_20_120__csz,fold_2025,2025
2025-11-03,30,6,6,-0.010428642982612599,0.0016625453811663332,-0.006045594181889466,1.0,0.0,2.0,-0.006045594181889466,-0.006645594181889466,-0.007045594181889466,-0.008045594181889465,correlation_risk_20_120__csz,fold_2025,2025
2025-11-10,30,6,6,-0.005726256032538418,0.00024734878375900013,-0.002986802408148709,1.0,0.0,2.0,-0.002986802408148709,-0.003586802408148709,-0.003986802408148709,-0.0049868024081487095,correlation_risk_20_120__csz,fold_2025,2025
2025-11-17,30,6,6,-0.017891757732381133,0.0031712251016412173,-0.010531491417011174,1.0,0.0,2.0,-0.010531491417011174,-0.011131491417011174,-0.011531491417011173,-0.012531491417011174,correlation_risk_20_120__csz,fold_2025,2025
2025-11-24,30,6,6,-0.001456483778171433,0.03511486660259007,-0.01828567519038075,1.0,0.0,2.0,-0.01828567519038075,-0.01888567519038075,-0.01928567519038075,-0.02028567519038075,correlation_risk_20_120__csz,fold_2025,2025
2025-12-01,30,6,6,-0.01593140923708593,0.014085426800253936,-0.015008418018669933,1.0,0.0,2.0,-0.015008418018669933,-0.015608418018669933,-0.016008418018669934,-0.01700841801866993,correlation_risk_20_120__csz,fold_2025,2025
2025-12-08,30,6,6,-0.017411744038825984,0.022595620492435617,-0.0200036822656308,1.0,0.0,2.0,-0.0200036822656308,-0.0206036822656308,-0.0210036822656308,-0.0220036822656308,correlation_risk_20_120__csz,fold_2025,2025
2025-12-15,30,6,6,0.016130612971583903,0.015988205416463133,7.120377756038472e-05,1.0,0.0,2.0,7.120377756038472e-05,-0.0005287962224396152,-0.0009287962224396153,-0.0019287962224396153,correlation_risk_20_120__csz,fold_2025,2025
2025-12-22,30,6,6,0.017469445366427368,0.026070210740320083,-0.004300382686946358,1.0,0.0,2.0,-0.004300382686946358,-0.0049003826869463574,-0.005300382686946358,-0.006300382686946358,correlation_risk_20_120__csz,fold_2025,2025
2025-01-02,30,6,6,-0.008643717017779867,0.002678744855383467,-0.005661230936581667,1.0,0.0,2.0,-0.005661230936581667,-0.006261230936581667,-0.006661230936581667,-0.007661230936581667,correlation_risk_20_120__missing,fold_2025,2025
2025-01-09,30,6,6,0.0075445210942481486,0.018594971169530666,-0.005525225037641258,1.0,0.0,2.0,-0.005525225037641258,-0.006125225037641258,-0.006525225037641258,-0.007525225037641258,correlation_risk_20_120__missing,fold_2025,2025
2025-01-16,30,6,6,-0.010761841957401931,-0.010041264596301166,-0.0003602886805503828,1.0,0.0,2.0,-0.0003602886805503828,-0.0009602886805503828,-0.0013602886805503828,-0.002360288680550383,correlation_risk_20_120__missing,fold_2025,2025
2025-01-23,30,6,6,0.026902164920274117,0.022760400240047135,0.0020708823401134908,1.0,0.0,2.0,0.0020708823401134908,0.001470882340113491,0.0010708823401134908,7.088234011349073e-05,correlation_risk_20_120__missing,fold_2025,2025
2025-02-07,30,6,6,0.0034579360473451504,0.014863603764137085,-0.005702833858395967,1.0,0.0,2.0,-0.005702833858395967,-0.006302833858395967,-0.006702833858395967,-0.007702833858395967,correlation_risk_20_120__missing,fold_2025,2025
2025-02-14,30,6,6,-0.0019584202884222503,-0.005546947229154684,0.0017942634703662168,1.0,0.0,2.0,0.0017942634703662168,0.001194263470366217,0.0007942634703662168,-0.0002057365296337832,correlation_risk_20_120__missing,fold_2025,2025
2025-02-21,30,6,6,-0.01620415741924312,-0.01981034273051052,0.0018030926556336993,1.0,0.0,2.0,0.0018030926556336993,0.0012030926556336995,0.0008030926556336993,-0.00019690734436630074,correlation_risk_20_120__missing,fold_2025,2025
2025-02-28,30,6,6,0.0017574808783526665,0.005772026116737082,-0.002007272619192208,1.0,0.0,2.0,-0.002007272619192208,-0.002607272619192208,-0.003007272619192208,-0.004007272619192208,correlation_risk_20_120__missing,fold_2025,2025
2025-03-07,30,6,6,0.01790988762657575,0.01117074853885155,0.0033695695438620997,1.0,0.0,2.0,0.0033695695438620997,0.0027695695438621,0.0023695695438620996,0.0013695695438620996,correlation_risk_20_120__missing,fold_2025,2025
2025-03-14,30,6,6,-0.00670018249429645,-0.005378130145819351,-0.0006610261742385497,1.0,0.0,2.0,-0.0006610261742385497,-0.0012610261742385495,-0.0016610261742385497,-0.0026610261742385497,correlation_risk_20_120__missing,fold_2025,2025
2025-03-21,30,6,6,0.008953652940416067,0.010443650073667751,-0.0007449985666258419,1.0,0.0,2.0,-0.0007449985666258419,-0.0013449985666258418,-0.001744998566625842,-0.002744998566625842,correlation_risk_20_120__missing,fold_2025,2025
2025-03-28,30,6,6,-0.05285900986506967,-0.042894403238588376,-0.004982303313240646,1.0,0.0,2.0,-0.004982303313240646,-0.0055823033132406455,-0.005982303313240646,-0.006982303313240646,correlation_risk_20_120__missing,fold_2025,2025
2025-04-07,30,6,6,0.0006071785515274665,0.015950776796268846,-0.00767179912237069,1.0,0.0,2.0,-0.00767179912237069,-0.00827179912237069,-0.00867179912237069,-0.00967179912237069,correlation_risk_20_120__missing,fold_2025,2025
2025-04-14,30,6,6,-0.00027935445437895037,0.013286368781465817,-0.006782861617922384,1.0,0.0,2.0,-0.006782861617922384,-0.0073828616179223835,-0.007782861617922384,-0.008782861617922383,correlation_risk_20_120__missing,fold_2025,2025
2025-04-21,30,6,6,0.0040523527979588825,0.002419965293180782,0.0008161937523890504,1.0,0.0,2.0,0.0008161937523890504,0.00021619375238905042,-0.00018380624761094966,-0.0011838062476109497,correlation_risk_20_120__missing,fold_2025,2025
2025-04-28,30,6,6,-0.00718951193955315,-0.003936962928007667,-0.0016262745057727414,1.0,0.0,2.0,-0.0016262745057727414,-0.0022262745057727413,-0.0026262745057727415,-0.0036262745057727415,correlation_risk_20_120__missing,fold_2025,2025
2025-05-08,30,6,6,0.019815468992626633,0.0028483170635519007,0.008483575964537367,1.0,0.0,2.0,0.008483575964537367,0.007883575964537367,0.007483575964537367,0.006483575964537367,correlation_risk_20_120__missing,fold_2025,2025
2025-05-15,30,6,6,-0.008674213807957432,0.010849661334130331,-0.00976193757104388,1.0,0.0,2.0,-0.00976193757104388,-0.01036193757104388,-0.010761937571043882,-0.01176193757104388,correlation_risk_20_120__missing,fold_2025,2025
2025-05-22,30,6,6,-0.00954213346398895,-0.0035272785088116504,-0.003007427477588649,1.0,0.0,2.0,-0.003007427477588649,-0.003607427477588649,-0.004007427477588649,-0.005007427477588649,correlation_risk_20_120__missing,fold_2025,2025
2025-05-29,30,6,6,-0.0005790636159993161,0.014508581917736768,-0.007543822766868042,1.0,0.0,2.0,-0.007543822766868042,-0.008143822766868042,-0.00854382276686804,-0.009543822766868042,correlation_risk_20_120__missing,fold_2025,2025
2025-06-06,30,6,6,0.0033019887739572508,0.019711426020677814,-0.008204718623360282,1.0,0.0,2.0,-0.008204718623360282,-0.008804718623360281,-0.00920471862336028,-0.010204718623360282,correlation_risk_20_120__missing,fold_2025,2025
2025-06-13,30,6,6,0.0173628603516897,-0.0011935753651476004,0.00927821785841865,1.0,0.0,2.0,0.00927821785841865,0.00867821785841865,0.00827821785841865,0.00727821785841865,correlation_risk_20_120__missing,fold_2025,2025
2025-06-20,30,6,6,0.0023028730457931674,-0.008058875973531167,0.005180874509662167,1.0,0.0,2.0,0.005180874509662167,0.004580874509662167,0.004180874509662167,0.003180874509662167,correlation_risk_20_120__missing,fold_2025,2025
2025-06-27,30,6,6,-0.00785162858114365,0.005339474566943615,-0.006595551574043632,1.0,0.0,2.0,-0.006595551574043632,-0.007195551574043632,-0.007595551574043632,-0.008595551574043632,correlation_risk_20_120__missing,fold_2025,2025
2025-07-04,30,6,6,0.0020300883267077665,0.0042093070008472665,-0.00108960933706975,1.0,0.0,2.0,-0.00108960933706975,-0.00168960933706975,-0.00208960933706975,-0.00308960933706975,correlation_risk_20_120__missing,fold_2025,2025
2025-07-11,30,6,6,0.007227328275879533,0.011489358573184434,-0.0021310151486524506,1.0,0.0,2.0,-0.0021310151486524506,-0.0027310151486524504,-0.0031310151486524506,-0.004131015148652451,correlation_risk_20_120__missing,fold_2025,2025
2025-07-18,30,6,6,0.029617424693904177,-0.0029559740183212665,0.01628669935611272,1.0,0.0,2.0,0.01628669935611272,0.01568669935611272,0.01528669935611272,0.01428669935611272,correlation_risk_20_120__missing,fold_2025,2025
2025-07-25,30,6,6,-0.027846398976976383,-0.013499312316345819,-0.007173543330315282,1.0,0.0,2.0,-0.007173543330315282,-0.007773543330315282,-0.008173543330315282,-0.009173543330315281,correlation_risk_20_120__missing,fold_2025,2025
2025-08-01,30,6,6,0.0014243173537378667,0.0005787767275901495,0.0004227703130738586,1.0,0.0,2.0,0.0004227703130738586,-0.00017722968692614134,-0.0005772296869261415,-0.0015772296869261415,correlation_risk_20_120__missing,fold_2025,2025
2025-08-08,30,6,6,0.0025939619157738327,-0.0022418809471628676,0.00241792143146835,1.0,0.0,2.0,0.00241792143146835,0.0018179214314683503,0.0014179214314683501,0.0004179214314683501,correlation_risk_20_120__missing,fold_2025,2025
2025-08-15,30,6,6,0.0012950442177015996,-0.002338449687004533,0.0018167469523530664,1.0,0.0,2.0,0.0018167469523530664,0.0012167469523530665,0.0008167469523530663,-0.00018325304764693368,correlation_risk_20_120__missing,fold_2025,2025
2025-08-22,30,6,6,-0.0019313791185518994,0.012935063055888084,-0.007433221087219992,1.0,0.0,2.0,-0.007433221087219992,-0.008033221087219992,-0.008433221087219993,-0.009433221087219992,correlation_risk_20_120__missing,fold_2025,2025
2025-08-29,30,6,6,-0.0084443572778612,0.013571207026897333,-0.011007782152379266,1.0,0.0,2.0,-0.011007782152379266,-0.011607782152379266,-0.012007782152379267,-0.013007782152379266,correlation_risk_20_120__missing,fold_2025,2025
2025-09-05,30,6,6,-0.0005762771760395334,0.0031450674959040497,-0.0018606723359717915,1.0,0.0,2.0,-0.0018606723359717915,-0.0024606723359717913,-0.0028606723359717915,-0.0038606723359717915,correlation_risk_20_120__missing,fold_2025,2025
2025-09-12,30,6,6,-0.008725268600990018,-0.009176544147441233,0.00022563777322560756,1.0,0.0,2.0,0.00022563777322560756,-0.0003743622267743924,-0.0007743622267743925,-0.0017743622267743925,correlation_risk_20_120__missing,fold_2025,2025
2025-09-19,30,6,6,-0.0011214552514313668,0.014820120683934632,-0.007970787967683,1.0,0.0,2.0,-0.007970787967683,-0.008570787967683,-0.008970787967683,-0.009970787967683,correlation_risk_20_120__missing,fold_2025,2025
2025-09-26,30,6,6,-0.0019246635046771664,0.013588858392057748,-0.007756760948367457,1.0,0.0,2.0,-0.007756760948367457,-0.008356760948367457,-0.008756760948367456,-0.009756760948367457,correlation_risk_20_120__missing,fold_2025,2025
2025-10-13,30,6,6,-0.009679442453695652,0.018394105626528167,-0.014036774040111909,1.0,0.0,2.0,-0.014036774040111909,-0.014636774040111909,-0.01503677404011191,-0.01603677404011191,correlation_risk_20_120__missing,fold_2025,2025
2025-10-20,30,6,6,0.01626273490873525,-0.009894342507996185,0.013078538708365717,1.0,0.0,2.0,0.013078538708365717,0.012478538708365718,0.012078538708365717,0.011078538708365717,correlation_risk_20_120__missing,fold_2025,2025
2025-10-27,30,6,6,-0.0036671327961840337,0.002981589654639483,-0.0033243612254117583,1.0,0.0,2.0,-0.0033243612254117583,-0.003924361225411758,-0.004324361225411758,-0.005324361225411758,correlation_risk_20_120__missing,fold_2025,2025
2025-11-03,30,6,6,0.007028989898778916,0.0011507681810089346,0.002939110858884991,1.0,0.0,2.0,0.002939110858884991,0.002339110858884991,0.0019391108588849909,0.0009391108588849909,correlation_risk_20_120__missing,fold_2025,2025
2025-11-10,30,6,6,0.00019128413961836654,0.0007793811584215337,-0.00029404850940158357,1.0,0.0,2.0,-0.00029404850940158357,-0.0008940485094015836,-0.0012940485094015835,-0.0022940485094015838,correlation_risk_20_120__missing,fold_2025,2025
2025-11-17,30,6,6,-0.008360079258358266,0.0019480626612953837,-0.005154070959826825,1.0,0.0,2.0,-0.005154070959826825,-0.005754070959826825,-0.006154070959826825,-0.007154070959826825,correlation_risk_20_120__missing,fold_2025,2025
2025-11-24,30,6,6,0.015452806013379283,0.027751933698168457,-0.006149563842394587,1.0,0.0,2.0,-0.006149563842394587,-0.0067495638423945865,-0.007149563842394587,-0.008149563842394587,correlation_risk_20_120__missing,fold_2025,2025
2025-12-01,30,6,6,0.001069490256261501,0.0043766118249291336,-0.0016535607843338163,1.0,0.0,2.0,-0.0016535607843338163,-0.002253560784333816,-0.0026535607843338163,-0.0036535607843338164,correlation_risk_20_120__missing,fold_2025,2025
2025-12-08,30,6,6,-0.0016668708379587492,0.018018225342415182,-0.009842548090186965,1.0,0.0,2.0,-0.009842548090186965,-0.010442548090186965,-0.010842548090186966,-0.011842548090186965,correlation_risk_20_120__missing,fold_2025,2025
2025-12-15,30,6,6,0.010940177992106934,0.0229013241673235,-0.005980573087608283,1.0,0.0,2.0,-0.005980573087608283,-0.006580573087608283,-0.006980573087608283,-0.007980573087608283,correlation_risk_20_120__missing,fold_2025,2025
2025-12-22,30,6,6,0.012249848924108886,0.031180981499353954,-0.009465566287622535,1.0,0.0,2.0,-0.009465566287622535,-0.010065566287622535,-0.010465566287622536,-0.011465566287622535,correlation_risk_20_120__missing,fold_2025,2025
