feature_name,source_factor_id,source_factor,horizon,coverage,missing_rate,stale_rate,ic_mean,ic_std,icir,ic_hit_rate,ic_t_nw,ic_p_nw,rank_ic_mean,rank_ic_std,rank_icir,rank_ic_hit_rate,rank_ic_t_nw,rank_ic_p_nw,ic_days,rank_ic_days,nonoverlap_rank_ic_mean,nonoverlap_rank_ic_t,nonoverlap_rank_ic_p,pooled_beta,pooled_t_two_way_cluster,pooled_p_two_way_cluster,pooled_observations,group_spread,group_monotonicity,group_days,gross_annual_return,gross_sharpe,average_one_way_turnover,gross_max_drawdown,net_1bps_annual_return,net_1bps_sharpe,net_3bps_annual_return,net_3bps_sharpe,net_5bps_annual_return,net_5bps_sharpe,rank_ic_q_bh
tsmom_20,1,时间序列动量,1,0.9834333503575077,0.016566649642492326,0.0009895301327885598,-0.0016832246373743092,0.2824498779640054,-0.0059593746313773045,0.49953874538745385,-0.279469894916413,0.7798842383453494,-0.008070880062521608,0.2780107426685495,-0.029030820841854616,0.488929889298893,-1.3657315231243519,0.17202324627309984,2168,2168,-0.008070880062521608,-1.3657315231243519,0.17202324627309984,1.5401350007161884e-06,0.0171323454113914,0.9863310347887142,61483,0.00011732262157711508,0.39999999999999997,2168,0.014782650318716504,0.16512589394882046,0.19777060270602706,-0.20584367928860614,0.009798831130524625,0.10944990087564135,-0.00016880724585914835,-0.0018853175681924391,-0.01013644562224291,-0.11319466968994348,
tsmom_20,1,时间序列动量,5,0.9834333503575077,0.016566649642492326,0.0009895301327885598,-0.0012483485996177461,0.2754133533033364,-0.004532636434090517,0.5013863216266173,-0.1189606456105281,0.9053065345703754,-0.006890637647357478,0.2735821885347689,-0.025186718785538787,0.49029574861367836,-0.6698894581106561,0.5029282604110471,2164,2164,-0.007818673400163739,-0.586979195604724,0.5572176792634169,0.00012821976134256346,0.39157828418814705,0.6953698358071501,61257,0.0009392101079780097,0.39999999999999997,2164,,,,,,,,,,,0.8030240935522357
tsmom_20,1,时间序列动量,20,0.9834333503575077,0.016566649642492326,0.0009895301327885598,0.00624544276760712,0.26354919897516094,0.023697445455699306,0.5104699860400186,0.35863032464637495,0.7198716580921191,-0.003629120348395316,0.2561064517468465,-0.014170358941142928,0.48580735225686367,-0.22263911626210703,0.8238163900658334,2149,2149,-0.01079434245791927,-0.5172076964977572,0.6050111799085125,0.0004455580122092829,0.530327196924747,0.5958850932381543,60691,0.0023177404323932297,0.3,2149,,,,,,,,,,,
csmom_20,2,横截面动量,1,0.9904239019407559,0.009576098059244087,0.2319650153217569,-0.0022269701272715136,0.3075279190621236,-0.007241521791137422,0.5009225092250923,-0.33795228069847416,0.7353991486210083,-0.0105976489127608,0.300393258288593,-0.03527925018403528,0.48662361623616235,-1.6536638695163228,0.09819582761630553,2168,2168,-0.0105976489127608,-1.6536638695163228,0.09819582761630553,-2.0994821437882473e-05,-0.2203100490610662,0.8256296944030284,61574,-2.424793962994099e-05,-0.3,2168,-0.0030552403933725614,-0.029513060342796577,0.18939114391143913,-0.2653735880650743,-0.007827897219940838,-0.07561090993017343,-0.01737321087307737,-0.16778655856929384,-0.02691852452621389,-0.2599331757757965,
csmom_20,2,横截面动量,5,0.9904239019407559,0.009576098059244087,0.2319650153217569,-0.004584521436612469,0.3079486224915173,-0.014887293209888457,0.5046210720887245,-0.3926004791136726,0.694614585632916,-0.010592913207360635,0.300012628669619,-0.035308224371534046,0.4967652495378928,-0.9384441871442056,0.34801618686791846,2164,2164,-0.011827515660103574,-0.8214097270481385,0.4114129248284728,-2.1642063680360698e-05,-0.06786263004244943,0.9458949870497004,61294,0.00031036064164098164,0.09999999999999999,2164,,,,,,,,,,,0.7148302549117042
csmom_20,2,横截面动量,20,0.9904239019407559,0.009576098059244087,0.2319650153217569,-0.003994551832504705,0.29044698720907713,-0.01375311849810734,0.4960446719404374,-0.2113569019199895,0.8326087843262205,-0.010390487854473704,0.27819803843719426,-0.03734924916380908,0.4820846905537459,-0.5932963675484119,0.5529828293250969,2149,2149,-0.010193895376196702,-0.4497983075967157,0.6528558782738474,-0.0001413044578012322,-0.1730009388480584,0.8626506896566066,60711,0.000349871854387049,-0.19999999999999998,2149,,,,,,,,,,,
trend_efficiency_20,3,趋势效率,1,0.9834333503575077,0.016566649642492326,0.0009895301327885598,0.0003252703543390852,0.24840177968879917,0.0013094525922744513,0.5106088560885609,0.062123943145405314,0.9504641299488324,0.0016910127473926126,0.23847962239147358,0.007090806042189842,0.5166051660516605,0.3384360731545112,0.7350345937809468,2168,2168,0.0016910127473926126,0.3384360731545112,0.7350345937809468,5.2156304909531644e-05,0.7121552533481229,0.47636864234715715,61483,-4.7062693329763086e-05,0.09999999999999999,2168,-0.005929899359550154,-0.07712096044595763,0.3476629766297663,-0.2414982661925119,-0.014691006370620256,-0.19105176463018145,-0.03221322039276049,-0.41886236773076374,-0.04973543441490071,-0.6465855749536155,
trend_efficiency_20,3,趋势效率,5,0.9834333503575077,0.016566649642492326,0.0009895301327885598,0.0004203654482316843,0.24722600241442289,0.0017003286229052446,0.49168207024029575,0.047029350643091127,0.9624898349726939,-0.00025312964362102935,0.2407347977908701,-0.001051487553705995,0.5023105360443623,-0.02983645024755526,0.9761974886045724,2164,2164,-0.007633242295004015,-0.6320670634356781,0.5273430561680206,0.0002297235998489053,0.7663046911028525,0.4434950276911427,61257,0.00030605257316502376,0.6,2164,,,,,,,,,,,0.9930284797874099
trend_efficiency_20,3,趋势效率,20,0.9834333503575077,0.016566649642492326,0.0009895301327885598,0.00016488240299670332,0.24047087683731774,0.0006856647472876676,0.4899953466728711,0.011804467356324306,0.9905816164832096,-0.002633770097748222,0.2289172330626799,-0.011505337813632706,0.4927873429502094,-0.20940324474461833,0.8341334599753653,2149,2149,-0.009968750734107301,-0.507153592227389,0.6120470542714742,0.00039977155733911826,0.4511899891017758,0.6518526241646103,60691,0.00088965758902643,0.7999999999999999,2149,,,,,,,,,,,
realized_vol_20,24,已实现波动率,1,0.988061797752809,0.011938202247190999,0.0011970122574055159,0.018461533170411326,0.35723399835883307,0.051679104607135276,0.5183654729109275,2.4728675429162252,0.013403381053075581,0.015386171147423197,0.32830786481337615,0.04686507024791909,0.5160697887970616,2.2675464588358007,0.02335686417839829,2178,2178,0.015386171147423197,2.2675464588358007,0.02335686417839829,0.0002212096833361642,1.8385200132678579,0.06598581557373119,61773,0.00044059212302745114,0.9999999999999999,2178,0.055514607501458826,0.504902683455551,0.07675237220691766,-0.1513049763316091,0.053580447721844504,0.4873167783879785,0.04971212816261586,0.4521422125871625,0.0458438086033872,0.4169643957849037,
realized_vol_20,24,已实现波动率,5,0.988061797752809,0.011938202247190999,0.0011970122574055159,0.028192877037014098,0.36444203665001673,0.0773590151568834,0.531738730450782,2.0126492855109466,0.044151538139728184,0.018369642630254184,0.3304631984947359,0.05558755926205442,0.5220791168353266,1.4623202029207545,0.14365348482218884,2174,2174,0.017198662829363602,1.1316565799828187,0.2577788427941702,0.00094346698931641,1.9457692045287862,0.05168246939707947,61547,0.0017741101240370072,0.8999999999999998,2174,,,,,,,,,,,0.44608187392153376
realized_vol_20,24,已实现波动率,20,0.988061797752809,0.011938202247190999,0.0011970122574055159,0.048864835380126335,0.351905391125343,0.13885787661241447,0.5493283927744326,1.8489068782448848,0.06447126033718904,0.034185243822914414,0.31561295752069224,0.10831381604690028,0.5511811023622047,1.4555482598549692,0.1455175399947629,2159,2159,0.05171935941123928,1.767075881571277,0.07721552107366025,0.0030766327741681945,1.5356367064759415,0.12462750631603337,60981,0.006699987564141169,0.9999999999999999,2159,,,,,,,,,,,
momentum_quality_20,41,动量质量,1,0.9834333503575077,0.016566649642492326,0.0009735699693564862,0.0002979965445832211,0.2807889320782396,0.0010612830868283183,0.4976937269372694,0.05029305534431932,0.9598888578006621,-0.00821615834582718,0.277545122425711,-0.029602964282055992,0.488929889298893,-1.3922219926167607,0.16385518498349616,2168,2168,-0.00821615834582718,-1.3922219926167607,0.16385518498349616,4.0467483708341255e-05,0.4292355006456253,0.6677518501796602,61483,0.00011432656495559705,0.3,2168,0.014405147184405226,0.16101565747864854,0.19657134071340712,-0.2042015657927264,0.00945154939842737,0.10564148295679375,-0.00045564617352835264,-0.005092338552992496,-0.01036284174548408,-0.11580332532614755,
momentum_quality_20,41,动量质量,5,0.9834333503575077,0.016566649642492326,0.0009735699693564862,0.0032508939999025266,0.2670573228397298,0.012173019505080183,0.5046210720887245,0.32376822757078805,0.7461135123166268,-0.007019656752945332,0.27353106638757274,-0.025663106007121735,0.4856746765249538,-0.682461917628419,0.49494691527058665,2164,2164,-0.008060795131520367,-0.6045648229545131,0.5454681857726535,0.0002480031016056275,0.7096140662821259,0.4779434944031413,61257,0.001009389231055227,0.39999999999999997,2164,,,,,,,,,,,0.8030240935522357
momentum_quality_20,41,动量质量,20,0.9834333503575077,0.016566649642492326,0.0009735699693564862,0.015691972583793522,0.2631948019664626,0.05962113410504612,0.5216379711493718,0.9273181639780566,0.3537613662115605,-0.0038990204761593316,0.25606422237649473,-0.01522672882596831,0.4862726849697534,-0.23962071376405167,0.8106243052744724,2149,2149,-0.01317809658218755,-0.6264331350985691,0.5310308815406528,0.0009085565693110025,1.0144614474744686,0.31036261643380614,60691,0.0022972118857276236,0.3,2149,,,,,,,,,,,
vol_managed_momentum_20,42,波动率管理动量,1,0.9834333503575077,0.016566649642492326,0.0009735699693564862,-0.0010361669742860206,0.20674149580457038,-0.0050118964760973465,0.5059963099630996,-0.23051424540780419,0.8176921952825886,-0.003200189815393528,0.23469475910317444,-0.013635540169802805,0.492619926199262,-0.6317925110183229,0.5275224678771819,2168,2168,-0.003200189815393528,-0.6317925110183229,0.5275224678771819,-7.071843595241828e-06,-0.11614199058423763,0.9075400102991479,61483,0.00014010047460160012,0.19999999999999998,2168,0.01765265979980162,0.2759323793041922,0.20400522755227551,-0.16534500596913393,0.012511728065484286,0.19558293569521942,0.0022298645968495882,0.034859436270137115,-0.008051998871785098,-0.1258794902816053,
vol_managed_momentum_20,42,波动率管理动量,5,0.9834333503575077,0.016566649642492326,0.0009735699693564862,0.0005849503993179512,0.20928238036814675,0.0027950293679237124,0.5032347504621072,0.07596589563895431,0.9394462311047898,0.001977597158548882,0.23931550958532233,0.008263556181442625,0.5004621072088724,0.2253961248387857,0.8216711260217289,2164,2164,-0.000322455554853881,-0.02800714900119099,0.9776564493063566,0.00014489062431101757,0.5618684498977792,0.5742056510196508,61257,0.0009060520850359597,0.09999999999999999,2164,,,,,,,,,,,0.9322807006785
vol_managed_momentum_20,42,波动率管理动量,20,0.9834333503575077,0.016566649642492326,0.0009735699693564862,0.006289953930564808,0.19539337333608003,0.03219123465229282,0.5109353187529083,0.5305590404753052,0.5957243856505148,0.010288966576998728,0.22663459657324594,0.0453989229030769,0.5155886458818055,0.744299332748134,0.45669540484957627,2149,2149,-0.00396435889236532,-0.18351660867133068,0.8543926882325912,0.000551368070360723,0.8637030137502026,0.38775105764420703,60691,0.002952971212682587,0.09999999999999999,2149,,,,,,,,,,,
tsmom_60,1,时间序列动量,1,0.9641055924412666,0.03589440755873341,0.0009576098059244127,0.0003661980865605579,0.2843820265082125,0.001287697717949776,0.5023496240601504,0.06049892263825477,0.9517582738900711,-0.0027349491118550838,0.2797477082147541,-0.009776484423441796,0.5112781954887218,-0.46143706946104596,0.6444850611639501,2128,2128,-0.0027349491118550838,-0.46143706946104596,0.6444850611639501,-1.226998155345236e-05,-0.1493359700010656,0.881288533532254,60243,-0.0001362876094324401,-0.3,2128,-0.017172238788487455,-0.1891862320163971,0.1267465538847118,-0.23801451512716554,-0.02036625194638219,-0.22438059676539557,-0.02675427826217167,-0.29477300187600924,-0.03314230457796114,-0.3651687522438675,
tsmom_60,1,时间序列动量,5,0.9641055924412666,0.03589440755873341,0.0009576098059244127,-0.003984955817794739,0.2794159087904503,-0.014261735615001369,0.5056497175141242,-0.3676731520149454,0.7131169619719564,-0.006779761575768438,0.27440192954593046,-0.024707412178140733,0.5,-0.6476645173717969,0.517201958559067,2124,2124,-0.004795510729319535,-0.36072444256711106,0.7183054507320767,4.465172059661603e-05,0.1530982301163084,0.8783208115870448,60028,6.75148851327982e-05,0.09999999999999999,2124,,,,,,,,,,,0.8030240935522357
tsmom_60,1,时间序列动量,20,0.9641055924412666,0.03589440755873341,0.0009576098059244127,-0.005487301910074652,0.2721704246952019,-0.02016127180688265,0.4959696538643907,-0.27368481511268405,0.784326848153541,-0.007640280242001455,0.2670746814978568,-0.028607280177783405,0.4926505452821242,-0.391704959433179,0.6952762251952069,2109,2109,-0.0033511472355470954,-0.14202697290122443,0.887058700353025,0.0004225448539790855,0.42361391385423397,0.6718474063533441,59472,0.0010703856714655608,0.09999999999999999,2109,,,,,,,,,,,
csmom_60,2,横截面动量,1,0.9712717058222676,0.028728294177732372,0.344180924412666,-0.0013252933312565929,0.3076460536305023,-0.004307850907290798,0.5140977443609023,-0.20389727430607,0.838433775126675,-0.004821288560696059,0.30175859057103327,-0.015977303418512417,0.5032894736842105,-0.7588334804959176,0.4479521748783636,2128,2128,-0.004821288560696059,-0.7588334804959176,0.4479521748783636,-4.950329665935154e-05,-0.5404977158859443,0.5888538357733764,60375,-6.325589601847876e-05,-0.6,2128,-0.007970242898328327,-0.07757115650972647,0.11554667919799498,-0.2292908013502959,-0.010882019214117796,-0.10591213079910708,-0.016705571845696748,-0.16259622567848706,-0.0225291244772757,-0.21928226035104312,
csmom_60,2,横截面动量,5,0.9712717058222676,0.028728294177732372,0.344180924412666,-0.0071041408418434145,0.3051917615929605,-0.02327762979171872,0.5080037664783428,-0.6003731798289991,0.5482575579467415,-0.010498275267259011,0.2965115087116841,-0.035405962193080044,0.4990583804143126,-0.9267473531623974,0.3540577252275986,2124,2124,-0.009429932066377794,-0.6547730980281203,0.5126138536521325,-3.4533677276627904e-05,-0.10793205837440611,0.9140495867522215,60095,-0.00015483523277388367,-0.49999999999999994,2124,,,,,,,,,,,0.7148302549117042
csmom_60,2,横截面动量,20,0.9712717058222676,0.028728294177732372,0.344180924412666,-0.007514596204248727,0.29772772928396735,-0.025239826408918198,0.5064011379800853,-0.3447754517812023,0.7302631894287224,-0.009267159219738108,0.2907558089382019,-0.03187265373503777,0.505452821242295,-0.4374191561716336,0.6618073941191565,2109,2109,-0.004767409351223645,-0.18739326079814447,0.8513523061166655,0.00041546854217478055,0.43073193855601893,0.6666632930018478,59512,0.00017455427232478362,0.49999999999999994,2109,,,,,,,,,,,
trend_efficiency_60,3,趋势效率,1,0.9641055924412666,0.03589440755873341,0.0009576098059244127,0.0025285781589695923,0.2644932288321077,0.009560086547904247,0.5075187969924813,0.4412819917895376,0.6590088615089529,0.002547755757899145,0.2526390826068762,0.01008456701002049,0.5145676691729323,0.4695827688607703,0.6386531378448085,2128,2128,0.002547755757899145,0.4695827688607703,0.6386531378448085,5.0812473840412797e-05,0.7125158970092774,0.4761453709539326,60243,0.00012801553466905966,0.7,2128,0.01612995736830153,0.1938683486724467,0.22295582706766917,-0.1780139576529266,0.010511470526196252,0.1263410040307322,-0.0007255031580142765,-0.008720215181075092,-0.011962476842224807,-0.14378261139421378,
trend_efficiency_60,3,趋势效率,5,0.9641055924412666,0.03589440755873341,0.0009576098059244127,-0.00217816522969504,0.26084130490995194,-0.008350538004120896,0.4995291902071563,-0.21938953277659906,0.8263466230645627,-0.005063174348522791,0.24918538054840694,-0.02031890609866342,0.4929378531073446,-0.5492573745688124,0.5828288352224742,2124,2124,-0.006119663935851858,-0.5285871658431122,0.5970918653021173,4.783624300780495e-05,0.17704772847446873,0.8594708998083391,60028,4.0698288584071084e-05,0.3,2124,,,,,,,,,,,0.8596725319531494
trend_efficiency_60,3,趋势效率,20,0.9641055924412666,0.03589440755873341,0.0009576098059244127,-0.007143364926574118,0.23932207221554988,-0.029848333087055645,0.4822190611664296,-0.4469819837267178,0.6548880681417634,-0.012496607595255215,0.2279606685650911,-0.05481913908182357,0.48411569464201043,-0.8349510784998718,0.4037452537270457,2109,2109,-0.023261546882236542,-1.1294087533622155,0.2587254419566174,-9.012169271630737e-05,-0.10015076017363286,0.9202246370786463,59472,-0.0003953094008766768,0.19999999999999998,2109,,,,,,,,,,,
realized_vol_60,24,已实现波动率,1,0.9782462972420838,0.021753702757916216,0.0013885342185903985,0.015172644265495338,0.3620369801143628,0.041909100724192586,0.5111214087117701,2.0052142619057314,0.04494014603866953,0.013827226685696054,0.3341467436392866,0.04138070158966633,0.5129749768303985,1.9936097734738902,0.04619471645444782,2158,2158,0.013827226685696054,1.9936097734738902,0.04619471645444782,0.00016513972205667443,1.3410419975423862,0.17990681744810844,61129,0.00043858548833297396,0.8999999999999998,2158,0.05526177152995469,0.4913085907153656,0.027463700957676862,-0.17791483822997944,0.054569686265821246,0.4851522063812952,0.053185515737554326,0.4728390356274258,0.05180134520928741,0.46052538587103076,
realized_vol_60,24,已实现波动率,5,0.9782462972420838,0.021753702757916216,0.0013885342185903985,0.02428356709936756,0.3681753502717869,0.06595652609942909,0.5352831940575673,1.706709535026333,0.08787605406983931,0.016639400744162765,0.3360207575699318,0.049518966817696713,0.5176415970287837,1.294557533213643,0.195472910062783,2154,2154,0.016936130895828315,1.075099381115791,0.2823302365329302,0.0007631311393749174,1.4985869898807862,0.13398080992828093,60914,0.0019220075318809862,0.8999999999999998,2154,,,,,,,,,,,0.5418097442152242
realized_vol_60,24,已实现波动率,20,0.9782462972420838,0.021753702757916216,0.0013885342185903985,0.04374951650213615,0.36455301976682764,0.12000865204770172,0.5479195885928003,1.555184366263844,0.11990216656909891,0.03022540727643951,0.328535595600732,0.09200040324754438,0.5446470313230481,1.2032079392506534,0.22889586337769974,2139,2139,0.042749409964072144,1.345604214307626,0.17843019182578046,0.002872828678298837,1.3536857262219066,0.1758366638976968,60358,0.00782009934568065,0.8999999999999998,2139,,,,,,,,,,,
momentum_quality_60,41,动量质量,1,0.9641055924412666,0.03589440755873341,0.0009576098059244127,-0.000969068592152452,0.28582362879195194,-0.003390442547553782,0.5051691729323309,-0.15885886711260422,0.8737800683706611,-0.0027131884693310103,0.27970403100181496,-0.009700212255122647,0.5079887218045113,-0.45754011440708586,0.6472828761710054,2128,2128,-0.0027131884693310103,-0.45754011440708586,0.6472828761710054,-2.229253072852928e-05,-0.28381858012262584,0.7765494149214714,60243,-8.270063351698546e-05,-0.09999999999999999,2128,-0.010420279823140172,-0.11461866825096943,0.12542293233082705,-0.22753984948842343,-0.013580937717877023,-0.14938670374026003,-0.01990225350735071,-0.2189243436391405,-0.026223569296824387,-0.28846257797558716,
momentum_quality_60,41,动量质量,5,0.9641055924412666,0.03589440755873341,0.0009576098059244127,-0.0054085324881816745,0.27890645037937567,-0.01939192328045784,0.4952919020715631,-0.5009304506423916,0.6164200711021757,-0.006971152389822223,0.2738373501572068,-0.025457273764225977,0.5042372881355932,-0.6677114216633013,0.504317817815818,2124,2124,-0.005027430208271662,-0.3791588875882792,0.7045698791383456,-1.5984647079741475e-05,-0.057530450422435986,0.9541226503405464,60028,0.0001484978516337449,0.09999999999999999,2124,,,,,,,,,,,0.8030240935522357
momentum_quality_60,41,动量质量,20,0.9641055924412666,0.03589440755873341,0.0009576098059244127,-0.008993112037551012,0.27744405529994903,-0.032414145719678225,0.4917022285443338,-0.4477867284404741,0.6543071224108795,-0.008258691554751507,0.26585703735658006,-0.03106440828825817,0.4902797534376482,-0.42579343577349826,0.6702583705344448,2109,2109,-0.0034113966127524175,-0.14564684471128123,0.8842001855276393,1.2721612669073273e-05,0.012519395373378,0.9900112286537897,59472,0.00107758258918685,0.09999999999999999,2109,,,,,,,,,,,
vol_managed_momentum_60,42,波动率管理动量,1,0.9641055924412666,0.03589440755873341,0.0009097293156281921,0.006964466878458192,0.20696349521417606,0.0336507018846537,0.5084586466165414,1.597100903003414,0.11024321694281933,0.004445878566763567,0.23786367450236248,0.018690868103609534,0.4976503759398496,0.8835637690646219,0.3769317444643927,2128,2128,0.004445878566763567,0.8835637690646219,0.3769317444643927,9.067608059600677e-05,1.4609722066459174,0.14402306896951392,60243,0.00026904692176891385,0.7,2128,0.03389991214288315,0.5056794305000241,0.12640977443609022,-0.15104613479371531,0.030714385827093675,0.45820457071016524,0.024343333195514724,0.3632194461462985,0.017972280563935773,0.26819458615542296,
vol_managed_momentum_60,42,波动率管理动量,5,0.9641055924412666,0.03589440755873341,0.0009097293156281921,0.011659307261412434,0.20073914128754303,0.05808188271918227,0.5282485875706214,1.5582796010801454,0.11916698240378897,0.007973164426898332,0.23437787685005215,0.0340184173269874,0.5131826741996234,0.9087672240622293,0.363473010972053,2124,2124,0.001933067338341168,0.1659926536158359,0.8681627315354071,0.0003866210025618157,1.568754820653166,0.11670507936235246,60028,0.000860445283923749,0.09999999999999999,2124,,,,,,,,,,,0.7148302549117042
vol_managed_momentum_60,42,波动率管理动量,20,0.9641055924412666,0.03589440755873341,0.0009097293156281921,0.022398288781774387,0.20408677682109738,0.10974884865475015,0.5320056899004267,1.5677504624439902,0.11693937987968447,0.013815555835343902,0.2384055231809867,0.05794981446321508,0.49122807017543857,0.8293066219870273,0.40693092472971637,2109,2109,0.006724990891884919,0.28258814036452823,0.7774925725537469,0.001757962213875241,2.116636743370459,0.03429068920159379,59472,0.0046541501354828265,0.19999999999999998,2109,,,,,,,,,,,
tsmom_120,1,时间序列动量,1,0.9358720633299284,0.06412793667007155,0.0010054902962206333,0.0019475673233808769,0.2812690130496167,0.006924215725951014,0.5091876208897486,0.3197747215538041,0.74913911152355,-0.0011111011381299805,0.28044312453421916,-0.003961948220251005,0.5111218568665378,-0.18337588394213275,0.8545030968393889,2068,2068,-0.0011111011381299805,-0.18337588394213275,0.8545030968393889,5.847984025239048e-07,0.006048061118468853,0.9951743748302582,58453,-0.00011816532318673324,-0.3,2068,-0.014888830721528386,-0.16248597938028958,0.09053030303030303,-0.22710505251905833,-0.017170194357892035,-0.187386347452783,-0.021732921630619302,-0.23718850267501423,-0.026295648903346566,-0.28699175307397723,
tsmom_120,1,时间序列动量,5,0.9358720633299284,0.06412793667007155,0.0010054902962206333,0.0041322348331117595,0.28098130577843416,0.014706440421948228,0.5140503875968992,0.3750109812647969,0.7076522997928643,-7.743070351395875e-06,0.278088114723127,-2.7843945646886464e-05,0.5130813953488372,-0.0007240847023695961,0.9994222640457501,2064,2064,0.005443093656739708,0.4161326829703023,0.6773129154231166,0.00016763645463679051,0.49991033107160454,0.6171382175084561,58239,6.359130596164896e-05,0.6,2064,,,,,,,,,,,0.9994222640457502
tsmom_120,1,时间序列动量,20,0.9358720633299284,0.06412793667007155,0.0010054902962206333,0.007214438139482304,0.2723463141892394,0.0264899422669233,0.5261102977061981,0.33888757348887477,0.7346944260446637,0.008971890784088167,0.26418882850901076,0.033960144472127675,0.529526598340654,0.44328147788506705,0.6575621513219388,2049,2049,0.014167829259678888,0.5472127862980879,0.5842325527700616,0.0007045396095054982,0.6072595610363034,0.5436786706954093,57688,0.0019731740663392226,0.7,2049,,,,,,,,,,,
csmom_120,2,横截面动量,1,0.9425434116445353,0.057456588355464744,0.4115008937691522,0.0018053247049904227,0.30404249620881174,0.005937738071162767,0.5111218568665378,0.2764192670074782,0.7822260600569442,0.000667898225561199,0.2986065749214117,0.002236716407657731,0.5169245647969052,0.10433503309922415,0.916903477223307,2068,2068,0.000667898225561199,0.10433503309922415,0.916903477223307,-3.2365120861948212e-06,-0.029401535497480827,0.9765443481855073,58583,-5.714614130864356e-06,-0.3,2068,-0.0007200413804889055,-0.0070263990737147244,0.08850741457124436,-0.209126601953184,-0.002950428227684281,-0.028790834659099495,-0.007411201922074991,-0.07231757132061106,-0.011871975616465696,-0.11584089316048589,
csmom_120,2,横截面动量,5,0.9425434116445353,0.057456588355464744,0.4115008937691522,0.005450571550801124,0.30731491371400305,0.017736111420461675,0.5237403100775194,0.4540099140790993,0.6498216911377268,0.0027515505026208145,0.29809102236898016,0.009230571523938472,0.5266472868217055,0.23986267566460437,0.810436716746533,2064,2064,0.008917904583440953,0.6424288932015075,0.5205947445899415,0.00024047371295246925,0.6301433519357826,0.5286007981757028,58316,0.0006618545502781516,0.8999999999999998,2064,,,,,,,,,,,0.9322807006785
csmom_120,2,横截面动量,20,0.9425434116445353,0.057456588355464744,0.4115008937691522,0.014621254252952638,0.29652338805518835,0.0493089410209739,0.5392874572962421,0.6370889719574707,0.524066891484257,0.010496670083473054,0.2862436635925746,0.03667040154437622,0.5309907271839922,0.48277442461275044,0.6292559121924282,2049,2049,0.02370662475147501,0.8716099801144853,0.38342118428497063,0.0011876150950553787,0.9395164509166234,0.34746564996474805,57755,0.0026206186157679795,0.6,2049,,,,,,,,,,,
trend_efficiency_120,3,趋势效率,1,0.9358720633299284,0.06412793667007155,0.0010054902962206333,0.0021948180284054337,0.2616069203065999,0.00838975523213658,0.5053191489361702,0.3788063655723836,0.7048316600147015,0.0007297445361129339,0.254939652015096,0.002862420695819114,0.504835589941973,0.1305168172342061,0.8961575497185078,2068,2068,0.0007297445361129339,0.1305168172342061,0.8961575497185078,4.2960395798023854e-05,0.5130746082429203,0.6078991325139536,58453,-6.248911696450592e-06,0.0,2068,-0.0007873628737527763,-0.009408547789384917,0.16645712443584784,-0.2651059761729879,-0.004982082409536135,-0.059535800760490934,-0.013371521481102882,-0.15980215236372572,-0.021760960552669597,-0.26008063966806133,
trend_efficiency_120,3,趋势效率,5,0.9358720633299284,0.06412793667007155,0.0010054902962206333,-0.0033230432009491388,0.2653789510997565,-0.012521879324558787,0.4888565891472868,-0.3160798248398856,0.751941919775149,-0.006626139425050358,0.2565356975376945,-0.025829307533610346,0.4796511627906977,-0.66313400326144,0.5072447347825155,2064,2064,-0.00998324331726794,-0.8029942566384242,0.42197805418701617,3.209796401125272e-05,0.10706765231584918,0.914735309330242,58239,-0.00027368002269131996,-0.09999999999999999,2064,,,,,,,,,,,0.8030240935522357
trend_efficiency_120,3,趋势效率,20,0.9358720633299284,0.06412793667007155,0.0010054902962206333,-0.024578795176280758,0.2625392780563432,-0.09361949708342664,0.48560273304050755,-1.2273088615954992,0.2197065262042911,-0.01575967895620284,0.25338540417240785,-0.06219647500090288,0.5041483650561249,-0.8367891461950686,0.40271109938001426,2049,2049,-0.027541770374367534,-1.2643853603607298,0.20609174482644554,-0.0008282643220188586,-0.7814632598827612,0.43453007731808657,57688,-0.0022970569449400824,0.0,2049,,,,,,,,,,,
realized_vol_120,24,已实现波动率,1,0.9643769152196119,0.035623084780388115,0.0017715781409601635,0.01685601849232627,0.3618510023313416,0.046582760262444886,0.5159774436090225,2.2192860086724067,0.026467272863248792,0.01224738124726698,0.33539387198051823,0.03651641329922207,0.512687969924812,1.7526198051283866,0.07966728940586248,2128,2128,0.01224738124726698,1.7526198051283866,0.07966728940586248,0.00017816332868131557,1.351325263380195,0.176591262746007,60231,0.00048009394807200595,0.7,2128,0.06049183745707275,0.5313743094541923,0.01734022556390977,-0.15575579851628996,0.06005486377286223,0.5275341726416608,0.05918091640444117,0.5198535212229856,0.058306969036020125,0.5121723882733572,
realized_vol_120,24,已实现波动率,5,0.9643769152196119,0.035623084780388115,0.0017715781409601635,0.024288610363888134,0.36716944100554894,0.06615095825341594,0.5329566854990584,1.693641906295325,0.09033334978191891,0.012997096716106537,0.33638450048263574,0.038637620631921624,0.513653483992467,1.0023132787802405,0.3161923112247691,2124,2124,0.010026365253611214,0.6293056906561766,0.5291489465252556,0.0007314832636341568,1.3600628002004622,0.17381005164571572,60004,0.002139477801145911,0.6,2124,,,,,,,,,,,0.7148302549117042
realized_vol_120,24,已实现波动率,20,0.9643769152196119,0.035623084780388115,0.0017715781409601635,0.03108515545933186,0.3706637779125274,0.0838634830584056,0.5410146989094358,1.0711762498807436,0.28409018843174705,0.017935334256392748,0.33327877423783897,0.05381481103142047,0.5282124229492651,0.6952947004272251,0.4868706347697338,2109,2109,0.01283136375870441,0.40955819267551263,0.682130070539102,0.0022098393485457104,0.9657788418586054,0.33415485797200095,59431,0.008184484874304098,0.6,2109,,,,,,,,,,,
momentum_quality_120,41,动量质量,1,0.9358720633299284,0.06412793667007155,0.0010054902962206333,-0.0010422169837335051,0.27818763178454664,-0.0037464533453474705,0.5058027079303675,-0.17184729207110155,0.8635575848316289,-0.0014099311097143178,0.2799492012505024,-0.005036381970072821,0.5091876208897486,-0.2331131729512492,0.8156735261282404,2068,2068,-0.0014099311097143178,-0.2331131729512492,0.8156735261282404,-3.548521832639307e-05,-0.36163845286714713,0.7176222255925172,58453,-0.0001316059988940049,-0.3,2068,-0.016582355860644608,-0.18097101957203982,0.09188426821405545,-0.2212899707823569,-0.018897839419638823,-0.20624366115569254,-0.02352880653762721,-0.25678969304518007,-0.0281597736556156,-0.3073359193553798,
momentum_quality_120,41,动量质量,5,0.9358720633299284,0.06412793667007155,0.0010054902962206333,-0.0029810916081027825,0.2781969826961007,-0.01071575823437055,0.5087209302325582,-0.27188812783543687,0.7857080401074809,-0.00042251336906897423,0.27760026239406943,-0.0015220207842209902,0.5140503875968992,-0.03957804898784589,0.9684295280944094,2064,2064,0.00521577917142534,0.39893275884262713,0.6899427505399056,-5.208536559932021e-05,-0.1472943469127421,0.8828996943232827,58239,1.4827076242084608e-05,0.6,2064,,,,,,,,,,,0.9930284797874099
momentum_quality_120,41,动量质量,20,0.9358720633299284,0.06412793667007155,0.0010054902962206333,-0.0034327213870941945,0.27092146082588486,-0.012670540667504844,0.5148853099072719,-0.16255739913172004,0.8708669313065867,0.008372482470333181,0.26319846644312067,0.03181052907898513,0.5285505124450952,0.41532096061114004,0.6779069589468443,2049,2049,0.01404166172679192,0.5437655031888899,0.5866028503590501,-5.35630358795399e-05,-0.04823205003423051,0.9615313076694323,57688,0.0016247957203307365,0.7,2049,,,,,,,,,,,
vol_managed_momentum_120,42,波动率管理动量,1,0.9358720633299284,0.06412793667007155,0.0009416496424923391,0.002016092748290493,0.20351209443166635,0.009906500908069818,0.5024177949709865,0.4622892559485009,0.6438739033474974,-0.0013461111233680342,0.23281114903618133,-0.0057819873701960645,0.49806576402321084,-0.27077796838986296,0.7865618057364152,2068,2068,-0.0013461111233680342,-0.27077796838986296,0.7865618057364152,1.1674059523048014e-05,0.21263823480496452,0.8316091463106389,58453,-1.1700169573680364e-05,0.19999999999999998,2068,-0.0014742213662837257,-0.02241558267077043,0.08908768536428112,-0.2585022171143724,-0.003719231037463615,-0.05654650034570312,-0.008209250379823374,-0.12478984442735522,-0.012699269722183153,-0.193004709583254,
vol_managed_momentum_120,42,波动率管理动量,5,0.9358720633299284,0.06412793667007155,0.0009416496424923391,0.008404941238005193,0.20031990483034517,0.04195759400506655,0.5155038759689923,1.111700370521443,0.26626700045904905,0.0025658176838428796,0.2320603741970293,0.011056681661921261,0.5140503875968992,0.2893667604341647,0.7723007287756624,2064,2064,0.0075859080647020976,0.6585217770255821,0.5102029083882651,0.00020270316169897532,0.845533580705636,0.3978129917234605,58239,-0.0002584865000237476,0.0,2064,,,,,,,,,,,0.9322807006785
vol_managed_momentum_120,42,波动率管理动量,20,0.9358720633299284,0.06412793667007155,0.0009416496424923391,0.008546730681524553,0.1995660710816004,0.042826571847625776,0.5012201073694486,0.5696398927353785,0.5689219654133952,0.009812675937750655,0.23111407226149336,0.04245814995916013,0.5148853099072719,0.5700564096549116,0.5686394389367949,2049,2049,0.0015958830249790015,0.0656937719010268,0.9476216310065604,0.0006266693907108684,0.6687671496136568,0.5036440250742549,57688,-0.0016623807674227631,-0.09999999999999999,2049,,,,,,,,,,,
multi_horizon_trend,4,多周期趋势一致性,1,0.9425434116445353,0.057456588355464744,0.7804200715015321,-0.00020737857023354247,0.2556504313629425,-0.0008111802085682018,0.5019342359767892,-0.0376362480784503,0.9699777065978233,-0.005334133855026976,0.26345250245050883,-0.02024704189715953,0.4922630560928433,-0.9422603703087198,0.3460593523523191,2068,2068,-0.005334133855026976,-0.9422603703087198,0.3460593523523191,-1.7822794193981836e-05,-0.2194137068965095,0.8263277936029989,58583,-7.080602479591142e-05,-0.39999999999999997,2068,-0.00892155912428484,-0.11482698067011517,0.1869277885235332,-0.22458954938943465,-0.01363213939507788,-0.1754329703084164,-0.02305329993666396,-0.29659314218936417,-0.03247446047825003,-0.4176775640582115,
multi_horizon_trend,4,多周期趋势一致性,5,0.9425434116445353,0.057456588355464744,0.7804200715015321,0.003764164298664469,0.2542272549155168,0.014806297223778594,0.5082364341085271,0.3828471945888246,0.7018330662895687,-0.0003866609002194325,0.25729185525801934,-0.0015028104944545498,0.5053294573643411,-0.039686366136552624,0.9683431713612402,2064,2064,-0.002421354042453841,-0.18778321843941395,0.8510465914856298,0.00018570726258024074,0.6012414770323236,0.5476791624063697,58316,0.00027726465896410653,0.0,2064,,,,,,,,,,,0.9930284797874099
multi_horizon_trend,4,多周期趋势一致性,20,0.9425434116445353,0.057456588355464744,0.7804200715015321,0.01412922361400912,0.24061486612935742,0.05872132441897036,0.5226939970717424,0.8138681706757054,0.41572047661888856,0.013404992956504195,0.24300782328058937,0.05516280412514168,0.5256222547584187,0.7874866789431486,0.43099702341441926,2049,2049,0.028702220047443716,1.221677405506607,0.22182964392051763,0.0012917631090884395,1.3517963630956384,0.176440467923611,57755,0.0026352967617854087,0.39999999999999997,2049,,,,,,,,,,,
carry,5,Carry,1,0.9897695352400409,0.010230464759959146,0.0009097293156281921,0.01611849381098427,0.2701980704226501,0.059654363133575854,0.5315356489945156,2.8091241751706963,0.004967648184975968,0.020548539842732142,0.24286971036463204,0.0846072563428417,0.5383912248628885,4.017167134426614,5.890194977947512e-05,2188,2188,0.020548539842732142,4.017167134426614,5.890194977947512e-05,0.00019922651615890177,2.432600593853069,0.014990826791801276,61939,0.0007380471292605425,0.3,2188,0.09299393828682834,1.1773909809086118,0.29012797074954294,-0.10803447322635573,0.08568271342393986,1.0849076449252748,0.0710602636981629,0.8998759304378035,0.056437813972385925,0.7147727025416677,
carry,5,Carry,5,0.9897695352400409,0.010230464759959146,0.0009097293156281921,0.027525210992625324,0.2660165497804448,0.10347179908672259,0.5540293040293041,2.8788286199531283,0.00399155180390387,0.03368888406210376,0.2367392871555203,0.1423037319529168,0.5554029304029304,4.027480521126875,5.6377736502368125e-05,2184,2184,0.03861243175829217,3.3181274343592144,0.0009062312890189625,0.0008845517090512172,2.5920832041826456,0.009539669655212971,61751,0.002576742368231495,0.8999999999999998,2184,,,,,,,,,,,0.0017274728679706921
carry,5,Carry,20,0.9897695352400409,0.010230464759959146,0.0009097293156281921,0.06370526659097223,0.2776713858575329,0.22942683270813505,0.6067312125403411,3.2958023406207455,0.00098141038373059,0.0752331043464792,0.24417255625451645,0.3081144969791732,0.6173351775011526,4.585481551082253,4.5294127081883676e-06,2169,2169,0.06574233668682035,3.0417645633132215,0.002351957769543559,0.003927119825471963,3.905751293652714,9.393308489314457e-05,61249,0.010092499282589486,0.8999999999999998,2169,,,,,,,,,,,
curve_curvature,10,期限结构曲率,1,0.9813904494382022,0.018609550561797805,0.0001436414708886619,-0.007997991248276609,0.2341414639224407,-0.03415879919041568,0.4835466179159049,-1.6053754984456656,0.10841119315221735,-0.0077424871105625645,0.20773741846501292,-0.0372705464801304,0.47989031078610606,-1.7553349582127207,0.07920203025087344,2188,2188,-0.0077424871105625645,-1.7553349582127207,0.07920203025087344,-0.00010909601027602322,-1.3298013335794363,0.18358373644771409,61447,-0.0003245269646444862,-0.6,2188,-0.04089039754520525,-0.5897171216284864,0.40052940280316884,-0.3895718236030502,-0.05098373849584511,-0.7352281406443292,-0.07117042039712483,-1.0261377859530196,-0.09135710229840453,-1.316852203541767,
curve_curvature,10,期限结构曲率,5,0.9813904494382022,0.018609550561797805,0.0001436414708886619,-0.011194809492123533,0.22765075359425466,-0.049175367598721896,0.4665750915750916,-1.5466116765081495,0.1219569123950417,-0.01547427181907733,0.20002897172655115,-0.07736015280942089,0.47023809523809523,-2.502289846742248,0.012339285809661583,2184,2184,-0.016133226571151106,-1.6958862066678033,0.0899074323310363,-0.0003505076304130318,-1.2749814371861663,0.20231581234906193,61303,-0.001032401294121943,-0.39999999999999997,2184,,,,,,,,,,,0.12133631046167222
curve_curvature,10,期限结构曲率,20,0.9813904494382022,0.018609550561797805,0.0001436414708886619,-0.01647591591726687,0.23217829384167551,-0.0709623438291865,0.4661134163208852,-1.4395164045352045,0.15000426550840743,-0.021899259910044655,0.20640942107637578,-0.10609622272009316,0.45597049331489165,-2.2461142680873176,0.02469668966766166,2169,2169,-0.008724543916063282,-0.4249624357687446,0.6708640586726877,-0.001020657906772384,-1.5553698908601048,0.11985800068475062,60821,-0.0024157176547539914,-0.39999999999999997,2169,,,,,,,,,,,
term_structure_slope,44,期限结构斜率,1,0.9897695352400409,0.010230464759959146,0.0,0.02493139814991923,0.29854556664497534,0.08350952395674718,0.5452468007312614,3.922930934639593,8.74782342663743e-05,0.026822771062812747,0.2740889130154057,0.09786156896213134,0.5507312614259597,4.63613993996843,3.549756918124886e-06,2188,2188,0.026822771062812747,4.63613993996843,3.549756918124886e-06,0.0002774389207662839,3.117655175718554,0.001822959521335201,61939,0.0006995720135726365,0.9999999999999999,2188,0.08814607371015219,0.9728285834858189,0.07201401584399757,-0.11038155868095734,0.08633132051088342,0.9528113464635405,0.08270181411234596,0.9127710122854469,0.07907230771380849,0.8727235111637699,
term_structure_slope,44,期限结构斜率,5,0.9897695352400409,0.010230464759959146,0.0,0.04646020109505589,0.3104436079789358,0.1496574575895546,0.565018315018315,3.898694027224633,9.671288880526756e-05,0.04324956116158862,0.28131618512995055,0.15374003860321803,0.5627289377289377,4.018545902513136,5.855840230409126e-05,2184,2184,0.04885798499812634,3.5626897702645124,0.00036707437604143313,0.001233720224043554,3.054589902541895,0.002253684567925363,61751,0.002920738032821453,0.9999999999999999,2184,,,,,,,,,,,0.0017274728679706921
term_structure_slope,44,期限结构斜率,20,0.9897695352400409,0.010230464759959146,0.0,0.09774879802514536,0.3049320268900366,0.320559303075092,0.6542185338865837,4.205149028534183,2.609101799308615e-05,0.09418123608522186,0.27544164463962073,0.3419280922768438,0.6685108344859382,4.55113342189025,5.335769736279726e-06,2169,2169,0.09623967098520886,3.69596255933248,0.00021905525581709248,0.005609764496842552,3.518467456069347,0.0004340470494689666,61249,0.014417304640243971,0.9999999999999999,2169,,,,,,,,,,,
carry_change_5,6,Carry变化,1,0.9854922114402451,0.014507788559754875,0.0,0.007492116721925796,0.24434174399459638,0.03066245087491675,0.515803939532753,1.4578742277407173,0.14487521358383743,0.00691723007216779,0.21163205135871302,0.03268517234397163,0.5213009619789281,1.550385642005753,0.12104898264137529,2183,2183,0.00691723007216779,1.550385642005753,0.12104898264137529,9.649757520087414e-05,1.501023247767158,0.1333495487131163,61700,0.0004559201002210881,0.09999999999999999,2183,0.0574459326278571,0.7973434870725677,0.5282104138036342,-0.08559648279797272,0.044135030200005525,0.6125936159841349,0.017513225344302354,0.2430778062667886,-0.009108579511400795,-0.12641515748110685,
carry_change_5,6,Carry变化,5,0.9854922114402451,0.014507788559754875,0.0,-0.00437461966194813,0.23838495006851312,-0.01835107317257587,0.4905920146856356,-0.667907923252559,0.5041923694449715,0.007057950657564048,0.2034948888866223,0.03468367533052097,0.5098669114272603,1.2757872041273215,0.20203075208025312,2179,2179,0.012500144832988844,1.2680368840447265,0.2047847791046271,-0.00015524704584850746,-1.001468674750694,0.3166002772078991,61547,0.0002433989999229775,0.39999999999999997,2179,,,,,,,,,,,0.5418097442152242
carry_change_5,6,Carry变化,20,0.9854922114402451,0.014507788559754875,0.0,-0.00420097593896015,0.25268068006654104,-0.016625631757259254,0.4856746765249538,-0.5443107680105649,0.5862276382537829,0.009733645960521491,0.21320619165977456,0.04565367396109224,0.5184842883548983,1.5060251722262132,0.13206071183517135,2164,2164,0.018494607817491505,0.9658262786692987,0.33413111658341565,-0.00030856539451787986,-0.8173240087354309,0.41374328990631026,61066,0.00031718277404313476,0.09999999999999999,2164,,,,,,,,,,,
basis_momentum_5,9,基差动量,1,0.9854922114402451,0.014507788559754875,0.0,0.011235302029594869,0.24323761186736587,0.04619064437995438,0.5185524507558406,2.1972831027313497,0.028000233672067408,0.009250979038901291,0.21012920871601354,0.04402519333427772,0.5180943655519926,2.08776180187498,0.03681932684145895,2183,2183,0.009250979038901291,2.08776180187498,0.03681932684145895,0.00014477987745640082,2.840835702428432,0.004499548719515073,61700,0.00032273125391249057,0.6,2183,0.04066413799297381,0.5666188236465228,0.5203580699343412,-0.10898524761185957,0.02755111463062843,0.3838864300645047,0.00132506790593762,0.018460966809107117,-0.02490097881875317,-0.3468683367418121,
basis_momentum_5,9,基差动量,5,0.9854922114402451,0.014507788559754875,0.0,-0.00040478135840140637,0.23629930668240126,-0.0017130027340514116,0.4956402019274897,-0.06145724789957109,0.9509950612458721,0.009771936030570692,0.2037881907953551,0.04795143424372273,0.5222579164754475,1.7144556822535126,0.08644506963974806,2179,2179,0.01583383744361705,1.5814483802398307,0.11377555285168404,-7.998592478896082e-05,-0.5330013881211948,0.5940326194071035,61547,0.00028762906139196385,0.39999999999999997,2179,,,,,,,,,,,0.4197039103751561
basis_momentum_5,9,基差动量,20,0.9854922114402451,0.014507788559754875,0.0,-0.002709437347221144,0.24723088420310477,-0.010959137876137235,0.48475046210720885,-0.35705302211203943,0.7210521123829652,0.009380237270449565,0.21158060798072617,0.04433410679727347,0.5240295748613678,1.4044887822722556,0.16017334977691922,2164,2164,0.009083178418414614,0.486773730471567,0.6264186885163858,-0.0002501670746229382,-0.7493898242827145,0.4536222823294397,61066,-0.0002150672050298013,-0.09999999999999999,2164,,,,,,,,,,,
term_structure_momentum_5,45,期限结构动量,1,0.9854922114402451,0.014507788559754875,0.0,0.018702232925802843,0.2688781696566528,0.06955653168007236,0.5203847915712323,3.2898284129603264,0.0010024849436077192,0.01846298817151082,0.22664762958352772,0.08146120127281786,0.5290884104443426,3.842634964986804,0.00012172043929089184,2183,2183,0.01846298817151082,3.842634964986804,0.00012172043929089184,0.00020851098847814243,3.2775007027103626,0.001047304698494263,61700,0.0005607759277914434,0.8999999999999998,2183,0.07065776690172187,0.9103043227962142,0.34092609558711257,-0.13164000408343002,0.06206642929292663,0.7995821818555949,0.04488375407533615,0.5781567994318279,0.02770107885774568,0.3567722183606499,
term_structure_momentum_5,45,期限结构动量,5,0.9854922114402451,0.014507788559754875,0.0,0.01579438126489494,0.271981272961911,0.05807157637322636,0.5250114731528224,1.742286303446861,0.08145835886228964,0.012666521260876322,0.22719208988848175,0.05575247477627298,0.5213400642496558,1.692016056406712,0.09064291222894125,2179,2179,0.010972032659627753,0.9446410581073378,0.3448421580801557,0.0002549865030759569,0.7102243111177298,0.4775650473190327,61547,0.0007423749282848084,0.8999999999999998,2179,,,,,,,,,,,0.4197039103751561
term_structure_momentum_5,45,期限结构动量,20,0.9854922114402451,0.014507788559754875,0.0,0.0018461846595137672,0.2772643977789852,0.006658570931942766,0.506007393715342,0.14835800936341714,0.8820602369610614,0.007108868621064121,0.24044308426525057,0.029565702181817803,0.5069316081330869,0.6705426869214544,0.5025119041406703,2164,2164,-0.0074625727582986745,-0.3400832760521866,0.7337938157591543,7.262122494649404e-05,0.08776008021285851,0.9300673666715564,61066,0.0003979814753900614,0.39999999999999997,2164,,,,,,,,,,,
term_structure_acceleration_5,46,期限结构加速度,1,0.9822363381001021,0.017763661899897865,0.0,0.01652125020452558,0.26326642248657406,0.06275487032672435,0.5160697887970616,2.9710905832458194,0.0029674424101613357,0.017222838634514296,0.22226527769751034,0.07748776062968118,0.5312213039485767,3.674351333888318,0.00023845443472617994,2178,2178,0.017222838634514296,3.674351333888318,0.00023845443472617994,0.000224632189885,4.444361719275234,8.815318417354747e-06,61506,0.0006569698466259084,0.9999999999999999,2178,0.08277820067486445,1.1074817913061201,0.40637434955616775,-0.10181019194336816,0.07253756706604901,0.9704474585627572,0.05205629984841818,0.6963824286620015,0.03157503263078732,0.42234621013091556,
term_structure_acceleration_5,46,期限结构加速度,5,0.9822363381001021,0.017763661899897865,0.0,0.013919003817860574,0.2742764873311906,0.05074807524807363,0.5193192272309107,1.6189645759373055,0.10545488518596702,0.01547342594454214,0.23182465562852048,0.06674624794584837,0.5303587856485741,2.157835534520223,0.030940621046056986,2174,2174,0.0015433275476068313,0.1360748881319236,0.8917620792219355,0.00023494781208711842,1.0513714568419068,0.29308801986515354,61371,0.0007687047143702118,0.6,2174,,,,,,,,,,,0.21152175140386043
term_structure_acceleration_5,46,期限结构加速度,20,0.9822363381001021,0.017763661899897865,0.0,0.008322263818182964,0.27185184463291645,0.03061323284166263,0.5145900880037054,1.15294783476704,0.24893179647937447,0.0074930993966178215,0.2296215293497284,0.03263239042888416,0.5210745715609079,1.1814638423619042,0.23741850914618579,2159,2159,0.05294627503525742,2.527208407637502,0.011497325379706104,0.0002606994818352951,0.676267784192439,0.49887064283129934,60892,0.0003312890643397736,0.3,2159,,,,,,,,,,,
carry_change_20,6,Carry变化,1,0.9780228549540347,0.021977145045965263,0.0,-0.0014149317088483976,0.24312918497951289,-0.005819670349191628,0.5046125461254612,-0.2734681268552494,0.7844933899523417,0.006012154384442905,0.20595626863481503,0.029191412450296283,0.5106088560885609,1.384725042210569,0.16613655875142463,2168,2168,0.006012154384442905,1.384725042210569,0.16613655875142463,1.1319376000191255e-05,0.19661490581404806,0.8441289051459926,61233,0.0002670217765264051,0.3,2168,0.033644743842327046,0.4918535300169778,0.3967789052890529,-0.14354007691515303,0.023645915429042912,0.3456812582409905,0.0036482586024746406,0.053332143387028526,-0.016349398224093623,-0.23898144756805012,
carry_change_20,6,Carry变化,5,0.9780228549540347,0.021977145045965263,0.0,-0.010795342733341845,0.24372529268312165,-0.04429307526723278,0.4819778188539741,-1.305591455306483,0.19169152766147968,-0.0006337453713926459,0.20779821788876882,-0.0030498113883338502,0.4926062846580407,-0.09447080147509603,0.9247351757383682,2164,2164,0.005293251446380277,0.5410059397826719,0.5885034886436628,-0.00016478598381729386,-0.6605680936809846,0.5088893362996356,61091,4.367028410279866e-06,0.3,2164,,,,,,,,,,,0.9930284797874099
carry_change_20,6,Carry变化,20,0.9780228549540347,0.021977145045965263,0.0,-0.029959327075944606,0.25839647105900393,-0.11594325167507222,0.44765006979990696,-2.1287664264185846,0.03327358993137851,-0.005804438232353577,0.2162747529553865,-0.026838260837366096,0.48022335970218705,-0.5218540432273926,0.6017719581935119,2149,2149,-0.01692089642003126,-0.7313082745667014,0.46459087744108685,-0.0014370273553492546,-1.1222804037284073,0.26174323548908807,60612,-0.0018830849968126014,-0.39999999999999997,2149,,,,,,,,,,,
basis_momentum_20,9,基差动量,1,0.9780228549540347,0.021977145045965263,0.0,-0.0007781504504577087,0.23785327849779542,-0.0032715565468437345,0.507380073800738,-0.1534225967515352,0.8780650262073877,0.005728242258110221,0.2038941397610039,0.028094197630322407,0.5092250922509225,1.3240997321739172,0.18546992452715838,2168,2168,0.005728242258110221,1.3240997321739172,0.18546992452715838,1.739592773663927e-05,0.37579136429387666,0.7070720083486446,61233,0.00020344406232890563,0.39999999999999997,2168,0.025633951853442118,0.3727901464774186,0.38347939729397296,-0.16772561080991122,0.015970271041634003,0.23223476540688381,-0.0033570905819822455,-0.04880814662786006,-0.02268445220559848,-0.329722109582492,
basis_momentum_20,9,基差动量,5,0.9780228549540347,0.021977145045965263,0.0,-0.00787627726476305,0.23756253711489772,-0.03315454263293066,0.48706099815157117,-0.9801664773936318,0.3270039489574247,-0.0005502732396357303,0.20844109868072197,-0.0026399459757147367,0.48937153419593343,-0.08062866004456831,0.9357372729828969,2164,2164,0.0019027981505630408,0.19369300093766273,0.8464162725040316,-0.00013977714967476954,-0.7271380983192934,0.4671413620421144,61091,-1.4826048499869968e-05,-0.09999999999999999,2164,,,,,,,,,,,0.9930284797874099
basis_momentum_20,9,基差动量,20,0.9780228549540347,0.021977145045965263,0.0,-0.027996605868327275,0.2494577831363775,-0.11222983511010218,0.4406700791065612,-2.1439317564431857,0.03203835524363446,-0.006657742952070605,0.2181390704058809,-0.030520635022799274,0.4723127035830619,-0.5971683691270815,0.5503949751332321,2149,2149,-0.030356799917422825,-1.4348924572969313,0.1513177454110359,-0.0013253858175167597,-1.1854189573094676,0.23585184000480397,60612,-0.0026347417283118066,0.0,2149,,,,,,,,,,,
term_structure_momentum_20,45,期限结构动量,1,0.9780228549540347,0.021977145045965263,0.0,0.008701133770292399,0.28191618493882853,0.030864257659347978,0.5272140221402214,1.4336661041984966,0.15166756944555837,0.0067403251250953535,0.23834665343592729,0.028279503940705834,0.5129151291512916,1.3071632200046752,0.19115728394933873,2168,2168,0.0067403251250953535,1.3071632200046752,0.19115728394933873,7.415920463046776e-05,0.6258214457603938,0.5314320636580225,61233,0.00015774514591393717,0.8999999999999998,2168,0.01987588838515609,0.24427879957699875,0.17993542435424353,-0.20797328083480848,0.015341515691429148,0.1885482888217375,0.006272770303975266,0.07709016116686201,-0.0027959750834786116,-0.03435986916381688,
term_structure_momentum_20,45,期限结构动量,5,0.9780228549540347,0.021977145045965263,0.0,-0.0024785111647997087,0.28290274536457605,-0.008761000751709418,0.5078558225508318,-0.2332005766888373,0.8156056580612785,-0.0024449620870517054,0.24063753225209852,-0.010160352228389275,0.5036968576709797,-0.27910680514378733,0.7801628608295307,2164,2164,0.0017226218832090984,0.14874301674777532,0.8817564163208129,-0.00016252842011077443,-0.38887298905556683,0.6973701042195816,61091,-0.00021968278565176325,-0.39999999999999997,2164,,,,,,,,,,,0.9322807006785
term_structure_momentum_20,45,期限结构动量,20,0.9780228549540347,0.021977145045965263,0.0,-0.014904368351729166,0.2737452177394127,-0.05444613233724922,0.48534201954397393,-0.8695577087388252,0.3845421579570304,-0.001466785359251981,0.22411364150017246,-0.006544828549630489,0.49092601209865055,-0.10919235257464778,0.9130499258030416,2149,2149,-0.00398971580747628,-0.17668385414701274,0.8597567238669177,-0.0008444632480587751,-0.6225402113131471,0.5335867113531068,60612,-0.0006922272511059622,-0.3,2149,,,,,,,,,,,
term_structure_acceleration_20,46,期限结构加速度,1,0.967664708886619,0.03233529111338096,0.0,0.005465479164976492,0.27582494611681274,0.019815028487894074,0.515828677839851,0.9218040929308077,0.3566307721570122,0.005774990183129702,0.2400387877335921,0.024058570857052885,0.5102420856610801,1.115284639982915,0.26472846544670525,2148,2148,0.005774990183129702,1.115284639982915,0.26472846544670525,4.3854659625515454e-05,0.3767046416119605,0.7063931130502692,60593,0.00014409636848457429,0.6,2148,0.018156142429056357,0.2270961891893861,0.20785614525139665,-0.1921929588936444,0.012918167568721163,0.16158424750215358,0.0024422178480507655,0.030549241573922522,-0.008033731872619614,-0.10049480560738643,
term_structure_acceleration_20,46,期限结构加速度,5,0.967664708886619,0.03233529111338096,0.0,0.0024197646162946794,0.27685915196880856,0.008740056447790082,0.5004664179104478,0.23358244605712286,0.8153091568139996,0.0030452355262203753,0.2355214897282349,0.01292975655739199,0.5083955223880597,0.3564891387594218,0.721474284563844,2144,2144,0.004830798914113675,0.43375685650319795,0.6644650141943129,-8.437003730838326e-05,-0.15530904125586534,0.8765776882113243,60462,-0.00019878771558130734,0.0,2144,,,,,,,,,,,0.9253691910710173
term_structure_acceleration_20,46,期限结构加速度,20,0.967664708886619,0.03233529111338096,0.0,-0.017342347760811304,0.2811795040970535,-0.061677140432061225,0.4715829027712541,-0.9938727314751964,0.32028483142297703,-0.005864611862829817,0.23771375193263003,-0.024670898570865577,0.4960075152653828,-0.41491142661441355,0.678206744631358,2129,2129,-0.013086263654392314,-0.6146326976296476,0.5387973156907406,-0.0008065879554693685,-0.5637269540102133,0.5729399706162479,59985,-0.0023720108079290014,0.0,2129,,,,,,,,,,,
carry_change_60,6,Carry变化,1,0.9586791368743616,0.04132086312563843,0.0,0.00492516292218471,0.24780505829851388,0.019875150878686673,0.5084586466165414,0.9372730987203635,0.34861809696607904,0.006744249984750067,0.21712519349579262,0.03106157270911427,0.5155075187969925,1.477463409186967,0.1395514597340595,2128,2128,0.006744249984750067,1.477463409186967,0.1395514597340595,4.435630983795525e-05,0.4577215600947289,0.6471524963328774,60022,0.00025323136805622057,0.0,2128,0.031907152375083785,0.43115383353685105,0.34463502506265664,-0.16231004570759833,0.023222349743504837,0.31380867924940165,0.0058527444803469384,0.07909228001939805,-0.011516860782810964,-0.15563471890831448,
carry_change_60,6,Carry变化,5,0.9586791368743616,0.04132086312563843,0.0,-0.003334568031378118,0.24312522355130464,-0.013715434304472536,0.5042372881355932,-0.3969502047904007,0.6914041810199156,0.002732602909831134,0.2060082372364127,0.013264532265742509,0.5112994350282486,0.40297974787923757,0.6869631230987272,2124,2124,-0.006338408081039991,-0.6392876014386708,0.5226358527237938,3.0702943564669315e-05,0.07442392857271207,0.9406730693512175,59871,0.00013191859272309374,0.39999999999999997,2124,,,,,,,,,,,0.9006849836183313
carry_change_60,6,Carry变化,20,0.9586791368743616,0.04132086312563843,0.0,-0.01589473395425128,0.2426520776314678,-0.06550421537454006,0.49122807017543857,-1.0914754552808426,0.27506372633795595,0.0028226708510675183,0.20527757857156378,0.013750507340885648,0.51683262209578,0.24171221506796312,0.8090031639257351,2109,2109,0.005696169297340414,0.2798156025759265,0.7796189805641204,-0.0006489573755651785,-0.4730925745046679,0.6361471341983429,59387,-0.002199783225595151,0.0,2109,,,,,,,,,,,
basis_momentum_60,9,基差动量,1,0.9586791368743616,0.04132086312563843,1.5960163432073545e-05,0.005329278178487996,0.242132903082015,0.02200972321668678,0.5098684210526315,1.030905047909857,0.3025853491947682,0.004336984725312158,0.21583488739304718,0.020093993041144783,0.5014097744360902,0.9523830667454448,0.34090274401267595,2128,2128,0.004336984725312158,0.9523830667454448,0.34090274401267595,5.86692037633481e-05,0.641158215937314,0.521419893973274,60022,0.00014943146761567372,0.09999999999999999,2128,0.018828364919574875,0.25498274732806214,0.32825031328320803,-0.1586979317830285,0.010556457024838041,0.14297155886228674,-0.005987358764635655,-0.08109990691573,-0.022531174554109332,-0.3052145479052739,
basis_momentum_60,9,基差动量,5,0.9586791368743616,0.04132086312563843,1.5960163432073545e-05,0.00041267091340789307,0.23993062300443116,0.0017199593292444026,0.5141242937853108,0.04958165551378957,0.960455765429232,0.003011797135523271,0.20660442455763886,0.014577602304364176,0.518361581920904,0.44008898360680127,0.6598726604469467,2124,2124,-0.011352509409978206,-1.1073166226715567,0.26815705996331884,7.105971274522704e-05,0.19344550198843039,0.8466100829219065,59871,-1.5948761543745034e-05,0.0,2124,,,,,,,,,,,0.8848292492356786
basis_momentum_60,9,基差动量,20,0.9586791368743616,0.04132086312563843,1.5960163432073545e-05,-0.012685959407092984,0.2360737730350156,-0.05373726714323045,0.48933143669985774,-0.9040537634643984,0.365966893796017,-0.0011456251076678561,0.20534013659090683,-0.005579158203981581,0.49834044570886676,-0.09810465991093865,0.9218491873051172,2109,2109,-0.00813601070018053,-0.40944896754820426,0.6822102103861205,-0.0006201374146135757,-0.4865596924139409,0.6265703938797,59387,-0.002227615789138773,0.0,2109,,,,,,,,,,,
term_structure_momentum_60,45,期限结构动量,1,0.9586791368743616,0.04132086312563843,0.0,0.009010496370554249,0.2598758232140198,0.034672314873760636,0.512687969924812,1.623815380583646,0.10441521647919147,0.00778582383703992,0.2286468463223447,0.03405174382358863,0.518796992481203,1.5784075959007127,0.11447200129464057,2128,2128,0.00778582383703992,1.5784075959007127,0.11447200129464057,5.839283677495138e-05,0.7426472187248124,0.45769529289056554,60022,0.00013685532180686579,0.7999999999999999,2128,0.01724377054766509,0.21832204756163562,0.11539003759398496,-0.16560772248527988,0.014335941600296673,0.18150327385608025,0.00852028370555983,0.10786846029688116,0.002704625810822985,0.034239312061018386,
term_structure_momentum_60,45,期限结构动量,5,0.9586791368743616,0.04132086312563843,0.0,0.0077117209028639425,0.2635566622440248,0.029260200964769115,0.5240112994350282,0.7584073502846101,0.4482071589647111,0.004095960077351557,0.22176493284391874,0.018469827599994586,0.518361581920904,0.49892763411349333,0.617830365467902,2124,2124,0.005214015173647501,0.48354788296887813,0.6287067696168425,0.00011745739386753562,0.30765519868703023,0.7583447134510446,59871,0.0004950933077112407,0.3,2124,,,,,,,,,,,0.8848292492356786
term_structure_momentum_60,45,期限结构动量,20,0.9586791368743616,0.04132086312563843,0.0,0.014056201639356402,0.25851488004851453,0.054372891946175506,0.5429113323850165,0.7581583232670452,0.44835620774112206,0.015606868388092379,0.21466489844545827,0.07270340191206318,0.5372214319582741,1.052638604621835,0.2925066569658845,2109,2109,0.013249418873172731,0.6048084671899008,0.5453062670032516,0.0006168309098349641,0.33898153128224745,0.7346236432465707,59387,0.001801129514780294,0.6,2109,,,,,,,,,,,
value_60,11,价值因子,1,0.9838163942798774,0.016183605720122562,0.0,0.0005863270227610122,0.2748189198829758,0.0021335031191108814,0.4909680407596109,0.10098393682189834,0.9195632115449307,0.009297324139025627,0.27888147049195655,0.033337905607801144,0.5002315886984715,1.5796880121831947,0.11417833229240203,2159,2159,0.009297324139025627,1.5796880121831947,0.11417833229240203,5.502884901610847e-06,0.06525126938975212,0.9479739410007604,61304,-2.782135635919411e-05,-0.09999999999999999,2159,-0.003505490901258469,-0.03995616800882341,0.1827389223405898,-0.27780068539227976,-0.008110511744241329,-0.09244422569414242,-0.01732055343020705,-0.1974159881893289,-0.026530595116172787,-0.302378672665699,
value_60,11,价值因子,5,0.9838163942798774,0.016183605720122562,0.0,0.0008295904745514247,0.2680698393319209,0.003094680388584243,0.5025522041763341,0.08164753516727373,0.9349269998549777,0.004639907231020327,0.2695902081169632,0.017210963496891097,0.4997679814385151,0.46127110284935163,0.6446041144867852,2155,2155,0.0024855559991532193,0.194242416983802,0.8459860713587288,-0.00010332160209718276,-0.3450671022970086,0.7300439247623624,61024,-0.0002918427155840409,-0.3,2155,,,,,,,,,,,0.8848292492356786
value_60,11,价值因子,20,0.9838163942798774,0.016183605720122562,0.0,-0.005672648873065358,0.25710905082419133,-0.022063201800485273,0.47990654205607475,-0.3213492028044156,0.7479457735237137,0.002841318900657935,0.25655838066452774,0.011074746002443807,0.505607476635514,0.1651458958830611,0.8688291492345812,2140,2140,-0.017584930083136812,-0.6697818219314747,0.5029968832620131,-0.0007709929079310062,-0.8888062860437659,0.374107196970762,60441,-0.0013600441117055445,-0.09999999999999999,2140,,,,,,,,,,,
value_120,11,价值因子,1,0.9704098569969356,0.029590143003064395,0.0,0.00018496304684254805,0.274000618908588,0.0006750460914260028,0.49084077031470175,0.032020704026865035,0.9744555399364924,0.0061561796992619195,0.27806561715260536,0.0221393056872736,0.506341005166745,1.0503537774224467,0.29355548873932846,2129,2129,0.0061561796992619195,1.0503537774224467,0.29355548873932846,4.342806534251833e-06,0.05076234584332579,0.9595148958367391,60404,-2.4048671247007682e-05,0.09999999999999999,2129,-0.0030301325771229697,-0.03459051503145265,0.13179896665100987,-0.28422218330112503,-0.006351466536728403,-0.07250601699503566,-0.012994134455939315,-0.14833832582409406,-0.01963680237515021,-0.22417045957150095,
value_120,11,价值因子,5,0.9704098569969356,0.029590143003064395,0.0,0.0016921391086514295,0.264003240150288,0.0064095391696259215,0.5011764705882353,0.16736744666496697,0.8670809376574624,0.007950394917157988,0.26572540110568643,0.02991958948627532,0.5101176470588236,0.7965257740090673,0.4257265008649891,2125,2125,0.0043700745008079965,0.35282400763294464,0.724220384303032,-0.00012623092617527923,-0.41875441292329596,0.6753956244460135,60124,-0.0008132783579991778,-0.3,2125,,,,,,,,,,,0.8030240935522357
value_120,11,价值因子,20,0.9704098569969356,0.029590143003064395,0.0,-0.004096739155835445,0.2508943313775927,-0.016328544105964297,0.4938388625592417,-0.22506005588847966,0.8219325546056846,0.0025383359875396825,0.2463730134909181,0.010302816658258928,0.5137440758293839,0.1444107330616774,0.8851761418908209,2110,2110,-0.024970910152663468,-1.18632099721653,0.2354955576237674,-0.0009413407595982757,-0.9287930270404037,0.3529963588429257,59541,-0.002768669404572725,-0.7,2110,,,,,,,,,,,
value_252,11,价值因子,1,0.9401493871297242,0.05985061287027582,0.0,0.0010971009548683378,0.2783167461273167,0.003941914994818408,0.4958797867183713,0.1812717163951234,0.8561543052819344,0.003548501812748215,0.2834579760996683,0.01251861690955031,0.49878817256422686,0.5767910919859474,0.5640805879199224,2063,2063,0.003548501812748215,0.5767910919859474,0.5640805879199224,4.01949439467619e-05,0.4124493734628683,0.6800100806939038,58433,2.7973659528954377e-05,0.6,2063,0.003524681100648255,0.03785672981031043,0.09638067539182421,-0.3206586947676495,0.0010958880807742895,0.011770651933199632,-0.0037616979589736575,-0.04040527152877767,-0.008619283998721574,-0.09258529652975628,
value_252,11,价值因子,5,0.9401493871297242,0.05985061287027582,0.0,0.002585449975877923,0.2735026177363301,0.009453108702493015,0.5143273433705683,0.24145220765541286,0.8092046535328972,0.006889632098706345,0.2736232501409187,0.025179264171294347,0.5143273433705683,0.6559724440507847,0.5118418543973162,2059,2059,0.006001015890105172,0.46075705824797164,0.6449729134506703,-3.636870593822942e-06,-0.010700597659529904,0.9914623212677482,58167,-0.0003125138847993918,-0.19999999999999998,2059,,,,,,,,,,,0.8030240935522357
value_252,11,价值因子,20,0.9401493871297242,0.05985061287027582,0.0,-0.0024198893477184427,0.262547673705979,-0.009216952157909502,0.4965753424657534,-0.11915163915338954,0.905155219974818,-0.006388922305095743,0.25970098816762444,-0.024601070447109744,0.5019569471624267,-0.3207380534517465,0.7484089070919698,2044,2044,-0.0006454370134618972,-0.02386166945412728,0.9809629489150837,-0.0006663624568564046,-0.5364373631224648,0.5916563147420273,57610,-0.002486317364134437,-0.6,2044,,,,,,,,,,,
reversal_5,12,短期反转,1,0.9976059754851889,0.0023940245148110773,0.006160623084780388,0.014590276872979629,0.31501758506143723,0.04631575367493887,0.5116811726981219,2.257141695964428,0.023999222197210672,0.024345733007054858,0.2892573183702022,0.08416635106841545,0.5267979844251031,4.0996239753928405,4.138219475580356e-05,2183,2183,0.024345733007054858,4.0996239753928405,4.138219475580356e-05,0.00014945888551117834,1.7201091686215289,0.08541259943320775,62015,0.00047861558203861874,0.9999999999999999,2183,0.060305563336865944,0.611644635605229,0.3614750343563902,-0.1566375975351323,0.051196392471084914,0.5192724799188055,0.032978050739522854,0.3345054640176306,0.014759709007960779,0.14971671369157338,
reversal_5,12,短期反转,5,0.9976059754851889,0.0023940245148110773,0.006160623084780388,0.01007329929479764,0.2992417739954295,0.0336627442094749,0.5135383203304268,0.9990002520480461,0.3177945691841789,0.013802576114454833,0.27213084590899006,0.05072036603697212,0.5185865075722809,1.5362837772683593,0.12446879650550627,2179,2179,0.015330204037202639,1.1562794439413624,0.24756687364405672,0.00023580768224793684,0.8171612516932881,0.4138362829264909,61729,0.0006614708558988389,0.7,2179,,,,,,,,,,,0.44608187392153376
reversal_5,12,短期反转,20,0.9976059754851889,0.0023940245148110773,0.006160623084780388,-0.0024761840166694226,0.316663145931317,-0.007819615413049983,0.49630314232902034,-0.16714091687962834,0.867259171801796,0.003864558138352803,0.28812085072211646,0.013412976286398821,0.5009242144177449,0.2993084956359896,0.764704672972789,2164,2164,0.037072112064713426,1.1242789350900833,0.26089471184189106,-0.0005263092629939941,-0.8174932057896385,0.413646630428096,61146,-0.0010089828414961983,-0.39999999999999997,2164,,,,,,,,,,,
oi_growth_5,18,持仓量增长,1,0.9913017109295199,0.008698289070480092,0.00038304392236976505,-0.013176844478985303,0.23057166428542206,-0.05714858553770005,0.4791571232249198,-2.690210793528565,0.00714068984281028,-0.017048316620223956,0.22011345101983165,-0.07745240711658256,0.46495648190563443,-3.6801269382479513,0.00023311787926171026,2183,2183,-0.017048316620223956,-3.6801269382479513,0.00023311787926171026,-0.00018118514137381987,-2.7317315030678806,0.006300246136137833,61972,-0.0005283595187949574,-0.8999999999999998,2183,-0.06657329936816464,-0.9521176190173163,0.33638723469231946,-0.5004342321114948,-0.07505025768241108,-1.0734582618286312,-0.09200417431090398,-1.3161819655606644,-0.10895809093939687,-1.5589445439960645,
oi_growth_5,18,持仓量增长,5,0.9913017109295199,0.008698289070480092,0.00038304392236976505,-0.011179569215440981,0.22987308456538175,-0.04863365903223536,0.48416704910509406,-1.4690695756978753,0.14181391886450645,-0.014349945959229844,0.21559549760192054,-0.06655958087643299,0.4667278568150528,-2.0349234633404056,0.04185857470181224,2179,2179,-0.01778556701695051,-1.7281920403002025,0.08395380030967813,-0.00012035108227457981,-0.46764345397991386,0.6400395845645706,61712,-0.00034940812626918716,-0.7999999999999999,2179,,,,,,,,,,,0.24696559074069224
oi_growth_5,18,持仓量增长,20,0.9913017109295199,0.008698289070480092,0.00038304392236976505,-0.011252048745479765,0.22728549918719765,-0.049506232406900344,0.48290203327171904,-1.199676863105306,0.23026486213367314,-0.013550589075931468,0.2190716083507944,-0.06185461081854668,0.4852125693160813,-1.4534367004293671,0.1461025428248454,2164,2164,0.0027773108265194287,0.13938408237032948,0.8891466500026974,-0.0001676117744521869,-0.3922594795950697,0.6948664999616752,61140,-0.00016220083244694722,-0.7999999999999999,2164,,,,,,,,,,,
reversal_20,12,短期反转,1,0.9904239019407559,0.009576098059244087,0.005777579162410623,0.0030864118453491616,0.3303400888743094,0.009343134391791926,0.5,0.43765380107297086,0.6616372641152521,0.0105976489127608,0.300393258288593,0.03527925018403528,0.5133763837638377,1.6536638695163228,0.09819582761630553,2168,2168,0.0105976489127608,1.6536638695163228,0.09819582761630553,2.6812059496861116e-05,0.265946522001467,0.7902803954218731,61574,-5.573173184329023e-05,-0.09999999999999999,2168,-0.007022198212254569,-0.06761088469733535,0.18814575645756457,-0.2982561640121789,-0.011763471274985202,-0.11326901424543469,-0.021246017400446463,-0.20460402070802589,-0.030728563525907727,-0.29596180153603546,
reversal_20,12,短期反转,5,0.9904239019407559,0.009576098059244087,0.005777579162410623,0.003973072974699115,0.3271881439425899,0.012143083569055763,0.49168207024029575,0.31887962302962536,0.7498177967872881,0.010592913207360635,0.300012628669619,0.035308224371534046,0.5027726432532348,0.9384441871442056,0.34801618686791846,2164,2164,0.011827515660103574,0.8214097270481385,0.4114129248284728,5.459780681527114e-06,0.016564395484572617,0.9867841289466066,61294,-0.0002903977635551766,0.0,2164,,,,,,,,,,,0.7148302549117042
reversal_20,12,短期反转,20,0.9904239019407559,0.009576098059244087,0.005777579162410623,-0.0006793581880293913,0.3162522359173258,-0.0021481529958478716,0.4974406700791066,-0.032646405413360356,0.973956563366567,0.010390487854473704,0.27819803843719426,0.03734924916380908,0.5174499767333643,0.5932963675484119,0.5529828293250969,2149,2149,0.010193895376196702,0.4497983075967157,0.6528558782738474,-7.042797580787201e-05,-0.0751133775163844,0.9401245041754742,60711,-0.0005123098246059397,-0.09999999999999999,2149,,,,,,,,,,,
oi_growth_20,18,持仓量增长,1,0.9838323544433095,0.01616764555669048,0.0003990040858018386,-0.0069607795896284965,0.23675670377895905,-0.0294005596400228,0.48662361623616235,-1.3765909091269244,0.16863876312176296,-0.008442255641988021,0.22602256726067832,-0.03735138373263111,0.4833948339483395,-1.7489442998131144,0.08030064803420428,2168,2168,-0.008442255641988021,-1.7489442998131144,0.08030064803420428,-9.474737142873668e-05,-1.584518876793062,0.11307568941466026,61499,-0.0002580065043752084,-0.7999999999999999,2168,-0.032508819551276255,-0.45354006360449317,0.19933118081180812,-0.3190241962591035,-0.03753196530773382,-0.5236016526962387,-0.04757825682064896,-0.6637014093698556,-0.05762454833356409,-0.80376351573396,
oi_growth_20,18,持仓量增长,5,0.9838323544433095,0.01616764555669048,0.0003990040858018386,-0.004847528702318252,0.2284586913974986,-0.021218403522604297,0.49722735674676527,-0.5844959623362117,0.5588866809767055,-0.009531485785179046,0.2157989331736603,-0.04416836378662148,0.4801293900184843,-1.2290805161008025,0.21904161948789735,2164,2164,-0.008662235947903628,-0.869390616819642,0.384633513600775,-1.2141064563481807e-05,-0.04651681584877595,0.9628983314847439,61249,-2.9751841884693757e-05,-0.49999999999999994,2164,,,,,,,,,,,0.5538882534171242
oi_growth_20,18,持仓量增长,20,0.9838323544433095,0.01616764555669048,0.0003990040858018386,-0.004056160769721224,0.22412130122801538,-0.0180980600571946,0.47696603071195903,-0.29127952566691834,0.7708375450363104,-0.005851550026008901,0.22154210889832587,-0.026412811790531437,0.47975802698929737,-0.4265002386648792,0.669743374140739,2149,2149,-0.005224639224144845,-0.23799617105388338,0.8118840639492068,0.0002556481933477883,0.26392695642446073,0.7918362036614952,60677,0.001066349804518095,0.3,2149,,,,,,,,,,,
price_oi_20,19,价格—持仓量交互,1,0.9838323544433095,0.01616764555669048,0.00011172114402451482,-0.002809740426935075,0.2771528066727479,-0.010137874700481444,0.5009225092250923,-0.4742649587411388,0.635310976207756,-0.004284521591071899,0.23744969075653713,-0.0180439131229062,0.49169741697416974,-0.8440192168988523,0.39865866724202714,2168,2168,-0.004284521591071899,-0.8440192168988523,0.39865866724202714,-5.8051712134391696e-05,-1.0329062086333558,0.3016477929989162,61499,-5.971358758589761e-05,-0.6,2168,-0.007523912035823099,-0.0929532408320397,0.24875461254612544,-0.23037151101945985,-0.013792528271985469,-0.17040496155745613,-0.026329760744310187,-0.3253218854108055,-0.038866993216634914,-0.48024841660911916,
price_oi_20,19,价格—持仓量交互,5,0.9838323544433095,0.01616764555669048,0.00011172114402451482,-0.006694605033463688,0.2692059862434488,-0.02486796496200352,0.49168207024029575,-0.6921954952072528,0.4888145673166573,-0.01222288283354286,0.230029395973214,-0.05313617758213027,0.4810536044362292,-1.5202186706234315,0.1284560264418645,2164,2164,-0.009175612246871818,-0.8404538444964976,0.40065397003688086,-0.0002021796607767581,-0.8316839290676492,0.4055873742236088,61249,-0.0009076289771411721,-0.7,2164,,,,,,,,,,,0.44608187392153376
price_oi_20,19,价格—持仓量交互,20,0.9838323544433095,0.01616764555669048,0.00011172114402451482,-0.03191993064551764,0.26145546168141226,-0.12208553778238755,0.4374127501163332,-2.1107916250641714,0.03479022630276895,-0.03738493277840808,0.22643727784203319,-0.1651006103530731,0.42810609585853887,-3.025416072405905,0.002482913032008006,2149,2149,-0.0533524988471843,-2.466438141273444,0.01364642969738023,-0.0014450459645477525,-1.1258428217438947,0.26023205509374014,60677,-0.004833741991468811,-0.8999999999999998,2149,,,,,,,,,,,
volume_shock_20,21,成交量冲击,1,0.9894184116445353,0.010581588355464744,0.0001436414708886619,-0.008750776282318615,0.23282017468747582,-0.03758598795858282,0.4866850321395776,-1.7821328541810486,0.07472756928217636,-0.011062300454316429,0.23120510843913022,-0.047846263125405034,0.4889807162534435,-2.289669304825973,0.022040494083788532,2178,2178,-0.011062300454316429,-2.289669304825973,0.022040494083788532,-9.732930815303732e-05,-1.4069946223162146,0.15942898341159106,61841,-0.0003879224402431609,-0.8999999999999998,2178,-0.04887822747063827,-0.6632498498457836,0.5733318028772575,-0.48533728091686956,-0.06332618890314515,-0.8592519130281807,-0.09222211176815893,-1.2511508827968731,-0.12111803463317268,-1.642869356214262,
volume_shock_20,21,成交量冲击,5,0.9894184116445353,0.010581588355464744,0.0001436414708886619,-0.004357603510197385,0.2296420843792137,-0.018975631239270437,0.48574057037718493,-0.647092023451911,0.5175723874288847,-0.009989898529638585,0.22831510434970076,-0.04375487359056838,0.47194112235510577,-1.517642597808028,0.12910452204694842,2174,2174,-0.022231811108724155,-2.036413821824872,0.04170881867369429,5.950263092863173e-07,0.0022686340615580875,0.9981898934608509,61570,-0.00026335079945531193,-0.8999999999999998,2174,,,,,,,,,,,0.44608187392153376
volume_shock_20,21,成交量冲击,20,0.9894184116445353,0.010581588355464744,0.0001436414708886619,-0.01309770519463985,0.23322048804054876,-0.056160182600949814,0.4770727188513201,-1.4130919192263671,0.15762869890989484,-0.019418869714705602,0.23216677080643477,-0.08364189951582592,0.47105141269106066,-2.137502908223277,0.03255710943109662,2159,2159,-0.05263305482654141,-2.335490540499489,0.019517809497718513,-0.0005261332270201834,-0.9339592501826658,0.35032491355495887,60991,-0.0017115723447444053,-0.7,2159,,,,,,,,,,,
oi_surprise_20,52,持仓意外,1,0.9878223953013279,0.012177604698672129,0.00011172114402451482,-0.013176395620892551,0.21006547433161263,-0.06272518443507803,0.47083141938447404,-2.936686295214369,0.0033173949825299883,-0.014489068524769316,0.2151861097962294,-0.0673327313667678,0.467156637574644,-3.1732142226240874,0.0015076123992392438,2177,2177,-0.014489068524769316,-3.1732142226240874,0.0015076123992392438,-0.00017147487536419746,-3.037990640533783,0.002381613515069831,61766,-0.0006830484613888526,-0.7,2177,-0.08606410613499542,-1.2448037244757746,0.735308528556117,-0.5539194793305298,-0.10459388105460958,-1.5128901048927965,-0.1416534308938379,-2.049086489923562,-0.17871298073306618,-2.5852629559890117,
oi_surprise_20,52,持仓意外,5,0.9878223953013279,0.012177604698672129,0.00011172114402451482,-0.012087978529377822,0.2115878747231203,-0.057129826296501686,0.4767602393005062,-2.609269915985982,0.009073564114822519,-0.010615789382164252,0.2120053899032048,-0.050073205152996805,0.4809019788311091,-2.211276245085235,0.02701671330517519,2173,2173,0.0012872082024780436,0.1328532705170133,0.8943094239325635,-0.000337253649876237,-2.2823362710916357,0.022469494689408464,61521,-0.0009992216939310758,-0.8999999999999998,2173,,,,,,,,,,,0.21152175140386043
oi_surprise_20,52,持仓意外,20,0.9878223953013279,0.012177604698672129,0.00011172114402451482,-0.013804478293144526,0.21536891634908753,-0.06409689256535563,0.48285449490268767,-2.6556009976573574,0.007916722304794656,-0.010110726269927978,0.2165401745263451,-0.04669214981489667,0.4860982391102873,-1.9171157671222354,0.05522322596953938,2158,2158,-0.006611006179353721,-0.31118473589214096,0.7556601863696549,-0.0006692446282887057,-2.4034666937213323,0.016240446343518053,60956,-0.0017697817081844874,-0.7,2158,,,,,,,,,,,
volume_shock_60,21,成交量冲击,1,0.9795390704800817,0.02046092951991829,0.0001436414708886619,-0.009173176491056556,0.2353415669937777,-0.038978139766100435,0.4911955514365153,-1.8262943285730673,0.06780593906677117,-0.009522604096976355,0.23068479834254355,-0.04127972092394338,0.48841519925857274,-1.95177481550318,0.05096494557264425,2158,2158,-0.009522604096976355,-1.95177481550318,0.05096494557264425,-0.0001091860899281566,-1.4815954248219745,0.13844797713199009,61223,-0.0002611151107232168,-0.9999999999999999,2158,-0.03290050395112532,-0.4426547552774539,0.47160951498300896,-0.36614941823511127,-0.044785063728697144,-0.602486211228157,-0.0685541832838408,-0.9220170822376986,-0.09232330283898445,-1.241343628160912,
volume_shock_60,21,成交量冲击,5,0.9795390704800817,0.02046092951991829,0.0001436414708886619,-0.0028769008963960654,0.23398949500559232,-0.01229500023634526,0.49442896935933145,-0.3710197375733597,0.7106228308122092,-0.006872420283979398,0.22979941876777757,-0.029906169131455815,0.4883936861652739,-0.9185565846575613,0.3583275493265826,2154,2154,-0.016835149387869734,-1.4944508125202933,0.1350578290348356,-9.06962687886341e-06,-0.030156854025220597,0.9759419583670516,60957,-2.8256231795434543e-05,-0.3,2154,,,,,,,,,,,0.7148302549117042
volume_shock_60,21,成交量冲击,20,0.9795390704800817,0.02046092951991829,0.0001436414708886619,0.0006974676578794293,0.24028353712760078,0.0029026859942928355,0.49368863955119213,0.05249679631102446,0.9581328479902336,-0.005544987286754278,0.23683977011793667,-0.023412399378673173,0.4908835904628331,-0.4292761511564544,0.667722270436697,2139,2139,-0.013094394184910131,-0.5656842954839169,0.5716084128910235,5.589268989457246e-05,0.05937146339427046,0.9526562418644405,60378,0.000580530820031244,0.0,2139,,,,,,,,,,,
oi_surprise_60,52,持仓意外,1,0.9781505362614913,0.021849463738508712,3.192032686414709e-05,-0.016701386290084396,0.21354213659589888,-0.07821119782879024,0.46267964765878533,-3.6470249072520176,0.00026529421695429796,-0.01867362046865207,0.2179363283996527,-0.08568383530077782,0.4585071859063514,-4.0080201327695795,6.122990169134832e-05,2157,2157,-0.01867362046865207,-4.0080201327695795,6.122990169134832e-05,-0.00021319795502536924,-3.6648988677274263,0.000247436338148859,61159,-0.0006774750324248649,-0.9999999999999999,2157,-0.08536185408553297,-1.2229509107226288,0.7258538093030443,-0.5454085663903865,-0.1036533700799697,-1.484956894396242,-0.14023640206884314,-2.008856400754593,-0.17681943405771658,-2.5325547263834665,
oi_surprise_60,52,持仓意外,5,0.9781505362614913,0.021849463738508712,3.192032686414709e-05,-0.015574008866319279,0.21296177178691272,-0.07313053763424952,0.47097073850441246,-3.2450812624822283,0.001174171111420079,-0.01553867726215388,0.21136047988889098,-0.073517420429412,0.46261031119368323,-3.1726866013641937,0.0015103546535123473,2153,2153,-0.004696498418680067,-0.4806381539122014,0.6307736936060426,-0.00041954158838993855,-2.826651646038212,0.00470374665507547,60916,-0.0010546312207205446,-0.7999999999999999,2153,,,,,,,,,,,0.022277731139307123
oi_surprise_60,52,持仓意外,20,0.9781505362614913,0.021849463738508712,3.192032686414709e-05,-0.012561739244806164,0.21580197292514602,-0.05820956627288751,0.46913002806361087,-2.3971552175095416,0.01652292276538738,-0.00965940241764851,0.21580797221605028,-0.04475924739229866,0.48737137511693174,-1.7927571021044668,0.07301177154715904,2138,2138,-0.002815769228294052,-0.12615592753130989,0.8996084972930503,-0.0005900085815262709,-2.0615993115223747,0.03924589964461079,60344,-0.0007331384843297527,-0.8999999999999998,2138,,,,,,,,,,,
amihud_20,22,Amihud非流动性,1,0.988061797752809,0.011938202247190999,0.0009097293156281921,0.019014646053808076,0.26239827459748744,0.07246482882929044,0.5179063360881543,3.3575754540297837,0.0007862927957818288,0.0064865486082731575,0.2107036071610241,0.030785180641525522,0.51010101010101,1.4315977254266086,0.15225898097991178,2178,2178,0.0064865486082731575,1.4315977254266086,0.15225898097991178,0.00028338940619460355,1.8322088666517848,0.06692030836945494,61773,0.00043698155454645034,0.49999999999999994,2178,0.05505967587285274,0.7722868831110417,0.05091062136516682,-0.1644442770813842,0.05377672821445053,0.7543238499616574,0.05121083289764613,0.7183893675361779,0.04864493758084172,0.68244430005939,
amihud_20,22,Amihud非流动性,5,0.988061797752809,0.011938202247190999,0.0009097293156281921,0.031099899959116883,0.25718668749606316,0.12092344382946703,0.5234590616375345,3.1255274943883435,0.0017748647765646849,0.013112503743686504,0.20893366243706868,0.06275917241261217,0.5188592456301748,1.6824731210498571,0.09247713279452592,2174,2174,0.008826134362400711,0.9511604569908502,0.34152292843816734,0.0010241230893806629,2.2926367075629535,0.021868929203222903,61547,0.0014754421551418059,0.3,2174,,,,,,,,,,,0.4197039103751561
amihud_20,22,Amihud非流动性,20,0.988061797752809,0.011938202247190999,0.0009097293156281921,0.038070826658479474,0.2256896372275479,0.16868664031789454,0.5493283927744326,2.370102216259364,0.01778316811467552,0.018924632795162603,0.19393878099017653,0.09758044625495084,0.539138490041686,1.3806519678932567,0.16738599644065166,2159,2159,0.03041009315233762,1.7188253920471024,0.08564617049858055,0.0024769935637121003,1.9943282810872593,0.04611619053360101,60981,0.004459098270082858,0.3,2159,,,,,,,,,,,
volume_oi_turnover,23,成交量—持仓量换手率,1,0.9948608273748724,0.0051391726251276415,0.0004309244126659857,-0.002779952345066586,0.2731415772601001,-0.010177697489164625,0.5073126142595978,-0.4852855592008658,0.6274737976440379,-0.0030956622591020297,0.2699037404739742,-0.011469504845193254,0.4986288848263254,-0.5481497080282222,0.5835891113472537,2188,2188,-0.0030956622591020297,-0.5481497080282222,0.5835891113472537,-8.732097742393032e-05,-1.1612587162370693,0.2455367029689215,62161,-0.0003397819426444412,-0.7,2188,-0.0428125247731996,-0.5206163603248426,0.2608546617915905,-0.35279910218386756,-0.049386062250347675,-0.6005700059000384,-0.06253313720464383,-0.7604800532656847,-0.07568021215894001,-0.9203862073854353,
volume_oi_turnover,23,成交量—持仓量换手率,5,0.9948608273748724,0.0051391726251276415,0.0004309244126659857,-0.008934680714578256,0.27503133985671724,-0.032486045842022755,0.4908424908424908,-0.8632084345076069,0.3880228771154123,-0.0044956562784674615,0.2703048017107386,-0.016631803245872042,0.48214285714285715,-0.44788082875024354,0.6542392049987904,2184,2184,-0.008166840477595116,-0.6531909058433405,0.5136332123503855,-0.0003254571629139105,-0.9849608065205714,0.3246433231734611,61874,-0.0006028129172417504,-0.19999999999999998,2184,,,,,,,,,,,0.8848292492356786
volume_oi_turnover,23,成交量—持仓量换手率,20,0.9948608273748724,0.0051391726251276415,0.0004309244126659857,-0.016880022443093036,0.27591455845299456,-0.061178440665604655,0.47118487782388196,-0.845757202211909,0.397688205070689,-0.003465385725188765,0.26780380974545137,-0.012940016531066635,0.48086675887505764,-0.1804413773544615,0.85680607295867,2169,2169,0.0002153695084678549,0.008739324237717479,0.9930271168788952,-0.0012692072082697103,-1.1006920609395998,0.27103070269697394,61291,-0.0018592598057502927,0.0,2169,,,,,,,,,,,
low_vol_20,25,低波动,1,0.988061797752809,0.011938202247190999,0.49186031664964247,-0.016430465738316413,0.33168616515936805,-0.04953618047476273,0.480257116620753,-2.3783438349187884,0.017390601466974416,-0.015386171147423197,0.32830786481337615,-0.04686507024791909,0.4834710743801653,-2.2675464588358007,0.02335686417839829,2178,2178,-0.015386171147423197,-2.2675464588358007,0.02335686417839829,-0.00017632726173978254,-1.4856348897844145,0.13737572123434813,61773,-0.00042221425105552275,-0.8999999999999998,2178,-0.05319899563299585,-0.4740533592118431,0.07664524028160392,-0.42789386480314906,-0.05513045568809227,-0.49125627189457954,-0.058993375798285105,-0.5256586114167893,-0.06285629590847795,-0.5600559202766161,
low_vol_20,25,低波动,5,0.988061797752809,0.011938202247190999,0.49186031664964247,-0.02574371691918728,0.3360582050968267,-0.07660493488552043,0.46182152713891444,-2.0051769305878167,0.044944135421559075,-0.018369642630254184,0.3304631984947359,-0.05558755926205442,0.4779208831646734,-1.4623202029207545,0.14365348482218884,2174,2174,-0.017198662829363602,-1.1316565799828187,0.2577788427941702,-0.0007775100824882816,-1.5991166205380338,0.10979469230635626,61547,-0.0018110105014511803,-0.8999999999999998,2174,,,,,,,,,,,0.44608187392153376
low_vol_20,25,低波动,20,0.988061797752809,0.011938202247190999,0.49186031664964247,-0.04606358953606891,0.3246403419315607,-0.14189114409502387,0.4427975914775359,-1.8840747792414405,0.059554861166496886,-0.034185243822914414,0.31561295752069224,-0.10831381604690028,0.44881889763779526,-1.4555482598549692,0.1455175399947629,2159,2159,-0.05171935941123928,-1.767075881571277,0.07721552107366025,-0.002740261082231735,-1.4286175644589063,0.15311418297288631,60981,-0.00674618625419964,-0.7999999999999999,2159,,,,,,,,,,,
low_vol_60,25,低波动,1,0.9782462972420838,0.021753702757916216,0.7181913942798774,-0.014652475799482844,0.3386650829807522,-0.0432653867665348,0.49443929564411493,-2.0704614701077078,0.03840915059708088,-0.013827226685696054,0.3341467436392866,-0.04138070158966633,0.4870250231696015,-1.9936097734738902,0.04619471645444782,2158,2158,-0.013827226685696054,-1.9936097734738902,0.04619471645444782,-0.00015037420186650248,-1.2144357261223404,0.2245813798072629,61129,-0.0005476982700113159,-0.8999999999999998,2158,-0.0690099820214258,-0.5976455668739797,0.027880753784368238,-0.5092434843426381,-0.0697125770167919,-0.6037397803625103,-0.07111776700752405,-0.6159279877655897,-0.0725229569982562,-0.6281158496771603,
low_vol_60,25,低波动,5,0.9782462972420838,0.021753702757916216,0.7181913942798774,-0.02195288642310358,0.34387910030336094,-0.06383896667095305,0.4647168059424327,-1.6592924957529722,0.09705686670057069,-0.016639400744162765,0.3360207575699318,-0.049518966817696713,0.4818941504178273,-1.294557533213643,0.195472910062783,2154,2154,-0.016936130895828315,-1.075099381115791,0.2823302365329302,-0.0006572711801185917,-1.2731342613857046,0.2029704030731332,60914,-0.0021816162101640575,-0.8999999999999998,2154,,,,,,,,,,,0.5418097442152242
low_vol_60,25,低波动,20,0.9782462972420838,0.021753702757916216,0.7181913942798774,-0.03951398118582907,0.33729666899746324,-0.11714904064506564,0.453015427769986,-1.5189887066837613,0.12876533865806344,-0.03022540727643951,0.328535595600732,-0.09200040324754438,0.4544179523141655,-1.2032079392506534,0.22889586337769974,2139,2139,-0.042749409964072144,-1.345604214307626,0.17843019182578046,-0.0024394640035581934,-1.170074994150421,0.24197079048867476,60358,-0.007957263615975974,-0.8999999999999998,2139,,,,,,,,,,,
realized_skew_60,26,已实现偏度,1,0.9782462972420838,0.021753702757916216,0.0008618488253319714,-0.007460751298522635,0.22283529186340226,-0.03348101297659828,0.48980537534754404,-1.573033164527397,0.11571113913919343,-0.008968457884707688,0.22289805742685376,-0.04023569333999592,0.4902687673772011,-1.8978243279363143,0.05771922734210651,2158,2158,-0.008968457884707688,-1.8978243279363143,0.05771922734210651,-5.210423733526322e-05,-0.718774893631514,0.47227962922268396,61129,-9.684993875474043e-05,-0.6,2158,-0.012203092283097301,-0.1754690852534673,0.08710997837503863,-0.23769806109810276,-0.014398263738148264,-0.20703692871479673,-0.018788606648250206,-0.27017247496561203,-0.023178949558352164,-0.33330535399975053,
realized_skew_60,26,已实现偏度,5,0.9782462972420838,0.021753702757916216,0.0008618488253319714,-0.021403618858661582,0.21870193128969106,-0.0978666202554494,0.45357474466109565,-2.5799234351462035,0.009882222269067183,-0.02571722705047879,0.21976918849763263,-0.11701925654949497,0.4438254410399257,-3.106118575428871,0.0018956068583531511,2154,2154,-0.0229768319155083,-2.2022731144551337,0.027646022132151424,-0.0003696301688788656,-1.1277328815465428,0.25943274657258275,60914,-0.0012037926093311788,-0.8999999999999998,2154,,,,,,,,,,,0.022368160928567183
realized_skew_60,26,已实现偏度,20,0.9782462972420838,0.021753702757916216,0.0008618488253319714,-0.03448349114227468,0.22376575092271972,-0.1541053132576307,0.4417952314165498,-2.1336343979549217,0.032872719944210635,-0.03879604276514042,0.22244910970546455,-0.17440412693271112,0.43899018232819076,-2.467162581072793,0.013618850675325762,2139,2139,-0.04732321582778478,-2.315264006365457,0.020598488290804035,-0.0013709253279555241,-1.3519131952670564,0.1764030858434874,60358,-0.004149245021913078,-0.7,2139,,,,,,,,,,,
realized_skew_120,26,已实现偏度,1,0.9643769152196119,0.035623084780388115,0.0010214504596527069,-0.00881134593926464,0.22232171078180163,-0.03963331295121494,0.4891917293233083,-1.8518112076157556,0.06405293769979017,-0.013093527485698387,0.22502199258771494,-0.058187767938258084,0.48637218045112784,-2.751039523751716,0.005940647522484557,2128,2128,-0.013093527485698387,-2.751039523751716,0.005940647522484557,-8.296355835563699e-05,-1.221335422630822,0.22195904676384026,60231,-0.00022437084345911946,-0.8999999999999998,2128,-0.02827072627584906,-0.4118031385157008,0.05852130325814536,-0.31334214361478874,-0.029745463117954323,-0.43329977533388075,-0.03269493680216484,-0.47629309233094436,-0.035644410486375386,-0.5192851349113993,
realized_skew_120,26,已实现偏度,5,0.9643769152196119,0.035623084780388115,0.0010214504596527069,-0.021625967283511172,0.21906146536640708,-0.09872100164827756,0.4552730696798493,-2.5674662626034976,0.010244475777612031,-0.027880446580194576,0.2224886058744106,-0.12531179504955148,0.4463276836158192,-3.3011193901504647,0.0009629989462458185,2124,2124,-0.02419893581231015,-2.268390528755232,0.02330541453351777,-0.00047249762924934534,-1.48006182585811,0.13885674791718416,60004,-0.001382389181972353,-0.7,2124,,,,,,,,,,,0.018938979276167764
realized_skew_120,26,已实现偏度,20,0.9643769152196119,0.035623084780388115,0.0010214504596527069,-0.035621818621947215,0.21537087777524686,-0.16539756437785816,0.4523470839260313,-2.2297641476735115,0.025763104722191354,-0.04002507770027237,0.2170516032354824,-0.1844035109791315,0.422475106685633,-2.509992487632869,0.012073373006127756,2109,2109,-0.03516630776195912,-1.7119431163575505,0.0869071518616515,-0.002111613344351315,-1.7412091661627391,0.08164692113242113,59431,-0.005061335384367871,-0.8999999999999998,2109,,,,,,,,,,,
seasonality_3y_month,27,季节性,1,0.650408580183861,0.34959141981613895,0.618264811031665,0.00534210314305867,0.26670035051465774,0.02003035666338605,0.5206043956043956,0.7770419765514281,0.43713400514143874,0.009481400505705043,0.2628528077167376,0.03607114030116293,0.5212912087912088,1.4177490155115384,0.15626405415279543,1456,1456,0.009481400505705043,1.4177490155115384,0.15626405415279543,8.343762095918531e-05,0.7283709488332859,0.46638654185928075,40605,0.0003828785144622048,0.09999999999999999,1456,0.0482426928222378,0.6091261065210563,0.03803800366300366,-0.1448205157061112,0.047284135129930106,0.5970106831055793,0.04536701974531472,0.5727611516744666,0.04344990436069934,0.5484895677607975,
seasonality_3y_month,27,季节性,5,0.650408580183861,0.34959141981613895,0.618264811031665,0.011771553839842606,0.27094166346755977,0.043446820578231335,0.546831955922865,0.9253203479784926,0.35479929743667005,0.01949006918670181,0.26276849070801933,0.074172017863278,0.550275482093664,1.5962767142501955,0.1104270265886406,1452,1452,0.02376225532561897,1.5282611356730782,0.12644771516744277,0.0003418516874117719,0.7486740825311112,0.45405366847749384,40481,0.0015918503086799758,0.09999999999999999,1452,,,,,,,,,,,0.44608187392153376
seasonality_3y_month,27,季节性,20,0.650408580183861,0.34959141981613895,0.618264811031665,-0.0007368224818090587,0.27428682014375344,-0.0026863211342888836,0.5219206680584552,-0.03136661836878784,0.9749771627274617,0.0033010668069106946,0.2617350817566091,0.012612244353167759,0.4954766875434934,0.1456141333590207,0.8842260101065462,1437,1437,-0.00020733196066900308,-0.006438243596242124,0.9948630603244262,-0.00044144993888521546,-0.2929740410192596,0.7695419937849849,40016,0.0013030859489681372,0.09999999999999999,1437,,,,,,,,,,,
idiosyncratic_vol_60,43,特质波动,1,0.9782462972420838,0.021753702757916216,0.0005586057201225741,0.007827949961441427,0.29004039061051873,0.02698917190452003,0.5157553290083411,1.2844585786546916,0.19898154782554223,0.006652552746336305,0.25687264084968325,0.025898253408113036,0.5180722891566265,1.2543645850304628,0.20970951878916622,2158,2158,0.006652552746336305,1.2543645850304628,0.20970951878916622,9.420043314157331e-05,0.8095092262283865,0.41822229803858857,61129,0.0001520567335330537,0.7999999999999999,2158,0.019159148425164765,0.21749989977040984,0.041674389867160946,-0.1788763763916733,0.018108953800512313,0.2055767645728344,0.016008564551207402,0.18173029717425587,0.013908175301902487,0.15788381132407428,
idiosyncratic_vol_60,43,特质波动,5,0.9782462972420838,0.021753702757916216,0.0005586057201225741,0.00835856937551568,0.2880613457805821,0.029016629610147168,0.5148560817084494,0.7514985377534954,0.4523526804582798,0.0011042730235519506,0.25132703135698203,0.004393769415051315,0.5116063138347261,0.11620512220601865,0.9074899773244915,2154,2154,0.00035001783954603566,0.029525457527386115,0.9764455156186355,0.00033994210811690565,0.6641987641409244,0.5065631043568424,60914,0.000461528501100848,0.6,2154,,,,,,,,,,,0.9930284797874099
idiosyncratic_vol_60,43,特质波动,20,0.9782462972420838,0.021753702757916216,0.0005586057201225741,0.02243416405553949,0.28582064425350334,0.07849035577584774,0.5170640486208509,1.023248908615906,0.3061901736323137,0.011641626614395176,0.2536861829711651,0.04588987259001964,0.5081813931743806,0.6035612462515865,0.5461353846354051,2139,2139,0.01876880585019431,0.8058435512898455,0.42033306285589345,0.0014663037836551334,0.6829053285010717,0.4946666666902165,60358,0.002905210846842191,0.7,2139,,,,,,,,,,,
relative_value_residual_60,29,相对价值残差,1,0.9641055924412666,0.03589440755873341,0.0,0.0019657517368047253,0.241510354497088,0.008139409761118243,0.4901315789473684,0.38279786926451614,0.7018696414644601,-0.000565131466932887,0.2222080127005425,-0.002543254224115147,0.49624060150375937,-0.11791689213625092,0.9061335086372181,2128,2128,-0.000565131466932887,-0.11791689213625092,0.9061335086372181,1.3405852492919028e-05,0.2534369306490868,0.7999305924117472,60243,-0.00016756923752904315,-0.7,2128,-0.02111372392865944,-0.28712109666440305,0.11518640350877193,-0.2730055286671632,-0.02401642129708048,-0.3265903415903002,-0.029821816033922588,-0.40552224448644075,-0.03562721077076469,-0.4844429399176732,
relative_value_residual_60,29,相对价值残差,5,0.9641055924412666,0.03589440755873341,0.0,0.004833158016702355,0.23170232401749427,0.020859341990619982,0.5131826741996234,0.5419299558513098,0.5878667595281566,0.002601097019345795,0.2167147591716592,0.01200239904881362,0.5193032015065914,0.31823777823364574,0.7503045782754137,2124,2124,0.0031594425625702197,0.30762275449221793,0.7583694037227537,-2.2825406941428447e-05,-0.08993155905952363,0.9283416022518229,60028,-0.0003031047033327317,-0.7999999999999999,2124,,,,,,,,,,,0.9322807006785
relative_value_residual_60,29,相对价值残差,20,0.9641055924412666,0.03589440755873341,0.0,0.004868053838077949,0.21587210734403767,0.022550638421848915,0.5163584637268848,0.30436250238472684,0.7608517322143581,-0.0015985619316806015,0.2034114235783802,-0.007858761831361109,0.4997629208155524,-0.1097217639567755,0.9126300394857056,2109,2109,0.0017823962974759455,0.08792425587644667,0.929936877858808,-0.0003158376535814386,-0.3543426155668351,0.7230821342220062,59472,-0.0004853764237861451,-0.6,2109,,,,,,,,,,,
correlation_risk_20_120,57,相关性风险,1,0.9625414964249234,0.03745850357507663,9.576098059244126e-05,0.0030177730470609264,0.23926794462757217,0.012612525475396137,0.5023496240601504,0.5911071182864535,0.5544486506956243,0.00539110395075948,0.24665116323103234,0.021857200591062123,0.4981203007518797,1.0355017621266875,0.3004346439346942,2128,2128,0.00539110395075948,1.0355017621266875,0.3004346439346942,4.832353591303034e-05,0.7053691228530315,0.4805805542109497,60203,0.00021678024908519943,0.49999999999999994,2128,0.027314311384735123,0.36307505879503404,0.16786497493734337,-0.11434492013448283,0.023084114016314074,0.3068583105659948,0.014623719279471956,0.19440655334897775,0.006163324542629859,0.08193791892398761,
correlation_risk_20_120,57,相关性风险,5,0.9625414964249234,0.03745850357507663,9.576098059244126e-05,0.007494140406298534,0.23628116296608603,0.03171704554109624,0.5230696798493408,0.8365987585282778,0.40281814366283064,0.010897093635525539,0.2409124456360564,0.04523258898789998,0.5188323917137476,1.2125276212865879,0.22531047596628784,2124,2124,0.009527557133917142,0.8383330720171979,0.4018436666200118,0.0002646757301201328,0.9969179633263584,0.3188043316209319,59997,0.0007375026530876214,0.6,2124,,,,,,,,,,,0.5538882534171242
correlation_risk_20_120,57,相关性风险,20,0.9625414964249234,0.03745850357507663,9.576098059244126e-05,0.016625765293526464,0.23765434383121659,0.0699577589262756,0.5267899478425794,1.0664345163717464,0.28622726561926715,0.012292703499892772,0.24739326225478508,0.04968891791092021,0.5248933143669986,0.7737909935179976,0.439054399445332,2109,2109,-0.0013299198498686394,-0.059039188599384555,0.9529208945456653,0.0009508937044023917,0.9676738102320382,0.33320730184634284,59431,0.0018176607234019683,0.3,2109,,,,,,,,,,,
volume_price_divergence_20,53,量价背离,1,0.9539708886618999,0.04602911133810006,0.0,0.006082649449367034,0.255247691031935,0.023830379913626763,0.5080645161290323,1.108318507083872,0.2677242855112587,-0.002833931929276283,0.2517309581010455,-0.01125778073008698,0.5090132827324478,-0.5263604597698959,0.5986377827985585,2108,2108,-0.002833931929276283,-0.5263604597698959,0.5986377827985585,0.00010973776140615516,1.3707529545477266,0.17045198101972714,59633,0.00030362410396654344,0.39999999999999997,2108,0.038256637099784475,0.46269491112777134,0.4131957621758381,-0.13120267105473538,0.02784410389295336,0.3367748884079624,0.007019037479291112,0.08490090433955967,-0.01380602893437113,-0.16700142090806402,
volume_price_divergence_20,53,量价背离,5,0.9539708886618999,0.04602911133810006,0.0,0.0043790110969053496,0.24748146021397072,0.01769429957750891,0.5142585551330798,0.49773267893617545,0.6186724716264447,0.0020808210413528097,0.24283630285279886,0.008568821946750483,0.49477186311787075,0.24500061667450465,0.8064559538717234,2104,2104,0.006843045417497369,0.6208160752041698,0.5347206451609692,0.00021861915224603344,0.8843148038729518,0.37652629902578416,59389,0.0005633875134785214,0.7999999999999999,2104,,,,,,,,,,,0.9322807006785
volume_price_divergence_20,53,量价背离,20,0.9539708886618999,0.04602911133810006,0.0,0.00014691342240345312,0.23474587176797915,0.0006258402812240341,0.5136428913355673,0.010736671477280675,0.9914335401788819,-0.00182719438807928,0.23580693038045128,-0.0077486882388540556,0.5011967448539971,-0.13970723901966745,0.8888913065951333,2089,2089,-0.014110175585783404,-0.6475408333331363,0.5172819759720153,5.5628290762594154e-05,0.08700218094301278,0.9306697785410943,58825,4.327352644778786e-05,0.09999999999999999,2089,,,,,,,,,,,
interaction__tsmom_60__carry,54,因子交互,1,0.9602591930541369,0.03974080694586313,0.0005426455566905005,0.0023701957318570514,0.26076749442882513,0.00908930669080759,0.5042293233082706,0.42972570496370227,0.6673951826262583,0.0035408184205662605,0.22284699379440817,0.01588901138075442,0.5155075187969925,0.7489907925135965,0.4538627550417822,2128,2128,0.0035408184205662605,0.7489907925135965,0.4538627550417822,4.878307107967067e-05,1.0635878395324336,0.287515453620548,60111,4.402555132012422e-05,0.0,2128,0.005547219466335659,0.07437679188954284,0.2993969298245614,-0.165176746096655,-0.0019975831652432967,-0.026784955802036915,-0.017087188428401193,-0.229135905218272,-0.03217679369155908,-0.43150564604985636,
interaction__tsmom_60__carry,54,因子交互,5,0.9602591930541369,0.03974080694586313,0.0005426455566905005,0.00047376863486739423,0.26204325290454744,0.0018079787577662625,0.4905838041431262,0.049837314919883836,0.9602520306101268,-0.004858429442345061,0.22175951113761372,-0.021908550471732163,0.4948210922787194,-0.6232089255462243,0.5331472371209576,2124,2124,-0.012697732557195376,-1.2018058841599253,0.22943874517339224,0.0001389630158564171,0.5150838929602208,0.6064943976411592,59946,-0.00015491260831819654,-0.3,2124,,,,,,,,,,,0.8065560766701666
interaction__tsmom_60__carry,54,因子交互,20,0.9602591930541369,0.03974080694586313,0.0005426455566905005,-0.015518738529072033,0.27560030420124565,-0.05630885849001139,0.4826932195353248,-0.8614274951516323,0.38900263815952807,-0.013769291090911523,0.22030842156083097,-0.06250006692145259,0.46325272641062115,-1.0277080428950678,0.3040871833467841,2109,2109,-0.015541102847421284,-0.8617801092912766,0.3888085325363514,-0.0006136319382706849,-0.7515204965763815,0.4523394701905872,59451,-0.0013536562074253384,-0.3,2109,,,,,,,,,,,
interaction__momentum_quality_60__carry,54,因子交互,1,0.9602591930541369,0.03974080694586313,0.0005426455566905005,0.0017610364130101264,0.25906692615458526,0.006797611872537198,0.4967105263157895,0.32024719019358805,0.7487809527079696,0.0017267308708300768,0.22218813441333904,0.007771481026155161,0.5140977443609023,0.36658848701536656,0.7139259972699751,2128,2128,0.0017267308708300768,0.36658848701536656,0.7139259972699751,5.3777358996526134e-05,1.203862136054001,0.22864286866485484,60111,-1.4403995325382646e-05,-0.09999999999999999,2128,-0.0018149034109982167,-0.02459069501615361,0.28464129072681704,-0.20393923218466903,-0.008987863937314006,-0.12178513586340799,-0.023333784989945597,-0.31619329464605667,-0.03767970604257718,-0.5106102171436602,
interaction__momentum_quality_60__carry,54,因子交互,5,0.9602591930541369,0.03974080694586313,0.0005426455566905005,0.005479177211506695,0.26190180690560627,0.0209207308504041,0.4967043314500942,0.5812528240865004,0.5610700705850831,-0.005502201618073584,0.2194651757616004,-0.02507095533029117,0.4891713747645951,-0.7126088161239797,0.4760878548215568,2124,2124,-0.01644561815255193,-1.5893317108234946,0.11198552309132287,0.00028362562027882035,1.0431029310136974,0.2969006233702841,59946,-0.0002071948673542894,-0.3,2124,,,,,,,,,,,0.8030240935522357
interaction__momentum_quality_60__carry,54,因子交互,20,0.9602591930541369,0.03974080694586313,0.0005426455566905005,-0.009296064926526999,0.27650518628964316,-0.03361985737507736,0.48601232811759126,-0.5238717494953127,0.6003677450928211,-0.01582131469119541,0.2182121877702983,-0.07250426684622109,0.4604077761972499,-1.2000014566054766,0.2301387747389686,2109,2109,-0.020349865620436742,-1.1247319399319808,0.26070264273786736,-0.0002945983277449744,-0.34967679802660284,0.7265812682053983,59451,-0.001976290870639827,-0.19999999999999998,2109,,,,,,,,,,,
interaction__tsmom_20__oi_surprise_20,54,因子交互,1,0.9824917007150153,0.017508299284984652,3.192032686414709e-05,-0.00847764648971103,0.2215144618120128,-0.03827130030411082,0.48477859778597787,-1.7574754465672573,0.07883680338423733,-0.012870091882940726,0.22016455330868728,-0.058456693820716395,0.47509225092250923,-2.718951893463807,0.006548913192609822,2168,2168,-0.012870091882940726,-2.718951893463807,0.006548913192609822,-0.00011387811884092596,-2.2319737103254047,0.025616700528434875,61469,-0.0004692888458744396,-0.8999999999999998,2168,-0.05913039458017939,-0.8173657661386062,0.6871233087330874,-0.4157394335530872,-0.0764459019602532,-1.0568028577841355,-0.11107691672040079,-1.5357442860249453,-0.14570793148054842,-2.014727983177389,
interaction__tsmom_20__oi_surprise_20,54,因子交互,5,0.9824917007150153,0.017508299284984652,3.192032686414709e-05,-0.013155642800929719,0.21652456887172322,-0.06075819880155764,0.47966728280961185,-2.7644726577905185,0.005701488522088148,-0.010418797984839738,0.20927413448339185,-0.04978540711951472,0.48151571164510165,-2.1410993155692513,0.03226602987516515,2164,2164,-0.017467018574433283,-1.7286552198000245,0.083870820343259,-0.0004081598940685447,-3.1240297107778865,0.0017839244267674242,61251,-0.001192980161514023,-0.9999999999999999,2164,,,,,,,,,,,0.21152175140386043
interaction__tsmom_20__oi_surprise_20,54,因子交互,20,0.9824917007150153,0.017508299284984652,3.192032686414709e-05,-0.008036015145281721,0.21924929409092653,-0.03665241057491864,0.47091670544439274,-1.7257176554254972,0.0843982201662112,-0.006650637680363588,0.21099650000219328,-0.0315201327050186,0.48859934853420195,-1.2911276203711022,0.19665942793863345,2149,2149,-0.0753719663542306,-4.433452449217569,9.273596786870965e-06,-0.0004615088881419441,-2.090643126240775,0.03656006677901124,60690,-0.0012673678041947782,-0.8999999999999998,2149,,,,,,,,,,,
