feature_name,fold_id,test_year,catalog_direction,applied_direction,direction_source,train_start,train_end,train_rows,test_rows,score_transform,pearson_ic_mean,rank_ic_mean,rank_ic_hit_rate,rank_icir,ic_days,prediction_rows,prediction_days,strategy_days,target_r2,target_mae,strategy_coverage,gross_annual_return,gross_annual_volatility,gross_sharpe,gross_max_drawdown,gross_total_return,gross_hit_rate,net_0bps_annual_return,net_0bps_annual_volatility,net_0bps_sharpe,net_0bps_max_drawdown,net_0bps_total_return,net_0bps_hit_rate,net_3bps_annual_return,net_3bps_annual_volatility,net_3bps_sharpe,net_3bps_max_drawdown,net_3bps_total_return,net_3bps_hit_rate,net_5bps_annual_return,net_5bps_annual_volatility,net_5bps_sharpe,net_5bps_max_drawdown,net_5bps_total_return,net_5bps_hit_rate,net_10bps_annual_return,net_10bps_annual_volatility,net_10bps_sharpe,net_10bps_max_drawdown,net_10bps_total_return,net_10bps_hit_rate
tsmom_60__csz,fold_2019,2019,1,1,catalog,2015-01-05,2018-12-20,26220,7092,cs_rank_centered,0.0015368667557422858,-0.014582239633397224,0.47540983606557374,-0.05883958120924412,244,7092,244,49,-1.0291860399335877,0.6911419652755203,0.20081967213114754,0.020753547003748762,0.07402070285840212,0.2803748978640375,-0.04132802045190165,0.017706849575066297,0.5714285714285714,0.020753547003748762,0.07402070285840212,0.2803748978640375,-0.04132802045190165,0.017706849575066297,0.5714285714285714,-0.009486452996251225,0.07402070285840212,-0.1281594557997961,-0.044224991334343544,-0.011778050267840956,0.5306122448979592,-0.029646452996251255,0.07402070285840212,-0.4005156915756857,-0.04615241140119797,-0.030968035259108184,0.5306122448979592,-0.08004645299625124,0.07402070285840212,-1.0814062810154084,-0.056876467631867045,-0.0773601759809025,0.5102040816326531
tsmom_60__csz,fold_2020,2020,1,1,catalog,2015-01-05,2019-12-23,33306,7268,cs_rank_centered,0.03398056398163753,0.03624961169220416,0.5596707818930041,0.12381828206742146,243,7268,243,49,-0.9280584315578004,0.6668644962228549,0.20164609053497942,0.02999289314969551,0.11930594125437197,0.25139479923927444,-0.07280601166702594,0.022499107549719843,0.5714285714285714,0.02999289314969551,0.11930594125437197,0.25139479923927444,-0.07280601166702594,0.022499107549719843,0.5714285714285714,-0.00024710685030448804,0.11930594125437197,-0.002071203225140582,-0.07673756474761906,-0.007124458946652257,0.5510204081632653,-0.020407106850304505,0.11930594125437197,-0.17104853820141744,-0.07935065565529953,-0.026404698431302887,0.5510204081632653,-0.07080710685030447,0.11930594125437197,-0.5934918756421089,-0.08799223802385925,-0.07301504612749221,0.5306122448979592
tsmom_60__csz,fold_2021,2021,1,1,catalog,2015-01-05,2020-12-23,40574,7287,cs_rank_centered,-0.04216125928063723,-0.04170717120107917,0.448559670781893,-0.14000650739899176,243,7287,243,49,-1.0835277656878728,0.7012089144512023,0.20164609053497942,-0.09268582198836446,0.13211687190300314,-0.7015441756478465,-0.1403754223543997,-0.09388125831041128,0.4489795918367347,-0.09268582198836446,0.13211687190300314,-0.7015441756478465,-0.1403754223543997,-0.09388125831041128,0.4489795918367347,-0.12292582198836445,0.13211687190300314,-0.930432428634955,-0.1527471871199878,-0.1201977147111487,0.4489795918367347,-0.14308582198836445,0.13211687190300314,-1.0830245972930275,-0.16184390772542134,-0.13732452177779952,0.42857142857142855,-0.19348582198836442,0.13211687190300314,-1.4645050189382083,-0.1843287150941335,-0.17872544162827608,0.42857142857142855
tsmom_60__csz,fold_2022,2022,1,1,catalog,2015-01-05,2021-12-23,47861,7252,cs_rank_centered,0.010367447051644127,0.004436578920357216,0.5247933884297521,0.01955622608314634,242,7252,242,49,-0.9909229243476441,0.6855326473553075,0.2024793388429752,-0.07261724015784875,0.10731970403132204,-0.676644059106377,-0.11290379787644611,-0.07334939200472912,0.5102040816326531,-0.07261724015784875,0.10731970403132204,-0.676644059106377,-0.11290379787644611,-0.07334939200472912,0.5102040816326531,-0.10285724015784874,0.10731970403132204,-0.9584189696221033,-0.12617961672604994,-0.10024846636508711,0.4897959183673469,-0.12301724015784876,0.10731970403132204,-1.1462689099659211,-0.13492397500835762,-0.11775465932208362,0.46938775510204084,-0.17341724015784873,0.10731970403132203,-1.615893760825465,-0.16553882487305838,-0.1600734053719125,0.42857142857142855
tsmom_60__csz,fold_2023,2023,1,1,catalog,2015-01-05,2022-12-22,55113,7259,cs_rank_centered,-0.009003740111601592,-0.0184255544155415,0.47520661157024796,-0.07649691268057945,242,7259,242,49,-1.0367567032246003,0.6895893461963645,0.2024793388429752,0.027096092119678825,0.077772648686866,0.3484013027352987,-0.054977254115915475,0.02373722470632389,0.4897959183673469,0.027096092119678825,0.077772648686866,0.3484013027352987,-0.054977254115915475,0.02373722470632389,0.4897959183673469,-0.003143907880321179,0.077772648686866,-0.04042433854836826,-0.058971638984031016,-0.005919005439863234,0.4897959183673469,-0.023303907880321193,0.077772648686866,-0.2996414327374796,-0.06162651522825291,-0.025220553025934955,0.46938775510204084,-0.07370390788032119,0.077772648686866,-0.9476841682102578,-0.08483346312047535,-0.07188257948800325,0.42857142857142855
tsmom_60__csz,fold_2024,2024,1,1,catalog,2015-01-05,2023-12-21,62372,7076,cs_rank_centered,-0.01151998710302906,-0.006756366370466984,0.4661016949152542,-0.023420570876650147,236,7076,236,48,-1.0133961160577107,0.6859533457942847,0.2033898305084746,-0.028205662051293795,0.09107822938096377,-0.30968610438521604,-0.09020074582739435,-0.030279514958424847,0.4166666666666667,-0.028205662051293795,0.09107822938096377,-0.30968610438521604,-0.09020074582739435,-0.030279514958424847,0.4166666666666667,-0.05844566205129381,0.09107822938096377,-0.6417083692616177,-0.10326387813571014,-0.05783687643908053,0.4166666666666667,-0.0786056620512938,0.09107822938096378,-0.8630565458458851,-0.11187256655797084,-0.07578089307899072,0.3958333333333333,-0.12900566205129382,0.09107822938096378,-1.4164269873065543,-0.13304917545470785,-0.11918968109432138,0.375
tsmom_60__missing,fold_2019,2019,1,1,catalog,2015-01-05,2018-12-20,26220,7092,cs_rank_centered,-0.06696831714953982,-0.0834315026509712,0.3888888888888889,-0.44328923602499337,18,7092,244,49,-0.011296894770414623,0.5189824089020854,0.20081967213114754,-0.03241810817535633,0.048797221133034994,-0.664343325759789,-0.07097341777373356,-0.032135144787394876,0.40816326530612246,-0.03241810817535633,0.048797221133034994,-0.664343325759789,-0.07097341777373356,-0.032135144787394876,0.40816326530612246,-0.06265810817535632,0.048797221133034994,-1.284050745523657,-0.0843003761167378,-0.060203517858708255,0.3673469387755102,-0.08281810817535634,0.048797221133034994,-1.6971890253662358,-0.0980079495837648,-0.07847113132312222,0.3469387755102041,-0.13321810817535634,0.048797221133034994,-2.730034724972682,-0.13609156441003734,-0.12263194827756674,0.32653061224489793
tsmom_60__missing,fold_2020,2020,1,1,catalog,2015-01-05,2019-12-23,33306,7268,cs_rank_centered,0.02497382477201383,0.026619606259202414,0.5238095238095238,0.19393120346713125,42,7268,243,49,-0.013855053570498432,0.5205219820770748,0.20164609053497942,-0.04163335190944628,0.06929186206660608,-0.600840425812582,-0.09010850921203528,-0.04188920104542215,0.5918367346938775,-0.04163335190944628,0.06929186206660608,-0.600840425812582,-0.09010850921203528,-0.04188920104542215,0.5918367346938775,-0.07187335190944627,0.06929186206660608,-1.037255310592733,-0.1047861338403715,-0.06968102085428562,0.5510204081632653,-0.09203335190944631,0.06929186206660608,-1.3281985671128338,-0.11444426441739441,-0.08776854636012443,0.5510204081632653,-0.1424333519094463,0.06929186206660608,-2.0555567084130857,-0.1385057925121035,-0.13149367500397335,0.3673469387755102
tsmom_60__missing,fold_2021,2021,1,1,catalog,2015-01-05,2020-12-23,40574,7287,cs_rank_centered,,,,,0,7287,243,49,,,0.20164609053497942,0.09956031512754779,0.06364895006663829,1.5642098577166086,-0.03185982834243506,0.09942441508669186,0.6122448979591837,0.09956031512754779,0.06364895006663829,1.5642098577166086,-0.03185982834243506,0.09942441508669186,0.6122448979591837,0.0693203151275478,0.06364895006663829,1.0891038273996947,-0.0342001480954961,0.06762191977827103,0.5510204081632653,0.04916031512754779,0.06364895006663829,0.7723664738550851,-0.03702124342559965,0.04692275701568094,0.5102040816326531,-0.0012396848724521995,0.06364895006663829,-0.01947691000643831,-0.04591235930672988,-0.0031205136219883967,0.4897959183673469
tsmom_60__missing,fold_2022,2022,1,1,catalog,2015-01-05,2021-12-23,47861,7252,cs_rank_centered,,,,,0,7252,242,49,,,0.2024793388429752,-0.013131117549257876,0.05669772568975125,-0.23159866448807973,-0.054758892501525436,-0.014198288690814187,0.40816326530612246,-0.013131117549257876,0.05669772568975125,-0.23159866448807973,-0.054758892501525436,-0.014198288690814187,0.40816326530612246,-0.043371117549257876,0.05669772568975125,-0.7649533913685307,-0.06911526227657949,-0.04277650683091827,0.3877551020408163,-0.06353111754925791,0.05669772568975125,-1.1205232092888318,-0.07994725398837654,-0.06137610480533018,0.3673469387755102,-0.1139311175492579,0.05669772568975125,-2.0094477540895834,-0.11168280578626011,-0.10634002694384381,0.3469387755102041
tsmom_60__missing,fold_2023,2023,1,1,catalog,2015-01-05,2022-12-22,55113,7259,cs_rank_centered,,,,,0,7259,242,49,,,0.2024793388429752,-0.021702896790836226,0.04739479057379983,-0.45791734762583247,-0.04807116574478476,-0.021932085120865086,0.4489795918367347,-0.021702896790836226,0.04739479057379983,-0.45791734762583247,-0.04807116574478476,-0.021932085120865086,0.4489795918367347,-0.0519428967908362,0.04739479057379983,-1.095962154531612,-0.0624381958588166,-0.05029033188977017,0.40816326530612246,-0.07210289679083624,0.04739479057379983,-1.5213253591354663,-0.07845368247406326,-0.06874669820110146,0.40816326530612246,-0.12250289679083622,0.04739479057379983,-2.5847333706450994,-0.11806160337365712,-0.11336413546975632,0.32653061224489793
tsmom_60__missing,fold_2024,2024,1,1,catalog,2015-01-05,2023-12-21,62372,7076,cs_rank_centered,,,,,0,7076,236,48,,,0.2033898305084746,-0.01768121837238859,0.048704968501364534,-0.36302699532375693,-0.0352231758928232,-0.017788303737489963,0.5,-0.01768121837238859,0.048704968501364534,-0.36302699532375693,-0.0352231758928232,-0.017788303737489963,0.5,-0.04792121837238859,0.048704968501364534,-0.9839082099200209,-0.05925971736561253,-0.04569170810283241,0.4583333333333333,-0.06808121837238859,0.048704968501364534,-1.3978290196508638,-0.07495824865156164,-0.06386118905228433,0.4375,-0.11848121837238858,0.048704968501364534,-2.432631043977971,-0.11450033542034599,-0.10781586811375465,0.4166666666666667
csmom_60__csz,fold_2019,2019,1,1,catalog,2015-01-05,2018-12-20,26220,7092,cs_rank_centered,0.005026078857799709,-0.013701326374898378,0.5,-0.05169144584971793,244,7092,244,49,-1.027259478136135,0.682322298237268,0.20081967213114754,0.028477754081071033,0.07693812743605113,0.3701383830109586,-0.03378035124022061,0.0251639854001533,0.4897959183673469,0.028477754081071033,0.07693812743605113,0.3701383830109586,-0.03378035124022061,0.0251639854001533,0.4897959183673469,-0.001762245918928957,0.07693812743605113,-0.02290471548574779,-0.03611723744283857,-0.00453272104364888,0.46938775510204084,-0.021922245918928968,0.07693812743605113,-0.28493344781688557,-0.03767280490107294,-0.023860625910114064,0.4489795918367347,-0.072322245918929,0.07693812743605113,-0.9400052786447303,-0.04334385949509112,-0.07058641751961026,0.42857142857142855
csmom_60__csz,fold_2020,2020,1,1,catalog,2015-01-05,2019-12-23,33306,7268,cs_rank_centered,0.02369008559369749,0.02464978204197525,0.5802469135802469,0.07998309195164215,243,7268,243,49,-0.951380103485473,0.6655585490859152,0.20164609053497942,0.03590889566979558,0.1272197436182492,0.28225882750988807,-0.0743232301323048,0.027450465633149346,0.5714285714285714,0.03590889566979558,0.1272197436182492,0.28225882750988807,-0.0743232301323048,0.027450465633149346,0.5714285714285714,0.005668895669795555,0.12721974361824923,0.04455987340146134,-0.07603256869249075,-0.0023142019934994096,0.5714285714285714,-0.014491104330204441,0.1272197436182492,-0.1139060960041563,-0.07717095838247323,-0.021686313567105597,0.5714285714285714,-0.06489110433020444,0.12721974361824923,-0.5100710195182004,-0.0839259199331408,-0.06851889054238902,0.4897959183673469
csmom_60__csz,fold_2021,2021,1,1,catalog,2015-01-05,2020-12-23,40574,7287,cs_rank_centered,-0.053843813134548724,-0.046441190737256076,0.448559670781893,-0.1464117655073288,243,7287,243,49,-1.0929803567758687,0.6955310793700367,0.20164609053497942,-0.18383966559742965,0.13934769024136953,-1.3192874979053753,-0.19057354052625997,-0.1717373911569141,0.4489795918367347,-0.18383966559742965,0.13934769024136953,-1.3192874979053753,-0.19057354052625997,-0.1717373911569141,0.4489795918367347,-0.21407966559742972,0.13934769024136953,-1.5362986298991685,-0.21271927996356965,-0.19583665087608482,0.42857142857142855,-0.23423966559742967,0.13934769024136953,-1.6809727178950302,-0.22715265016576802,-0.21151980015955263,0.42857142857142855,-0.28463966559742965,0.13934769024136953,-2.0426579378846847,-0.26211305238010485,-0.249428580274748,0.40816326530612246
csmom_60__csz,fold_2022,2022,1,1,catalog,2015-01-05,2021-12-23,47861,7252,cs_rank_centered,0.021140826894740977,0.014636734229702181,0.5165289256198347,0.05522616797402265,242,7252,242,49,-0.970542244959613,0.6727948668483503,0.2024793388429752,0.04528144992971051,0.12099426150298262,0.3742446076964922,-0.10673059605843549,0.03771406292029855,0.5102040816326531,0.04528144992971051,0.12099426150298262,0.3742446076964922,-0.10673059605843549,0.03771406292029855,0.5102040816326531,0.015041449929710505,0.12099426150298262,0.12431539928312815,-0.11850940395876408,0.007658640839099062,0.5102040816326531,-0.0051185500702895055,0.12099426150298262,-0.04230407299244791,-0.12627941865358172,-0.011902810116994678,0.5102040816326531,-0.05551855007028949,0.12099426150298262,-0.45885275368138767,-0.14693884899834841,-0.05919347022244248,0.5102040816326531
csmom_60__csz,fold_2023,2023,1,1,catalog,2015-01-05,2022-12-22,55113,7259,cs_rank_centered,-0.010825718446525733,-0.021423939862009505,0.47520661157024796,-0.08407414925143118,242,7259,242,49,-1.0427367220406842,0.6814662552414973,0.2024793388429752,-0.022615687422727872,0.08098056811263815,-0.27927301511729424,-0.06529831639855799,-0.02480203129777847,0.42857142857142855,-0.022615687422727872,0.08098056811263815,-0.27927301511729424,-0.06529831639855799,-0.02480203129777847,0.42857142857142855,-0.052855687422727865,0.08098056811263815,-0.6526959325502558,-0.07404376476525243,-0.05307990273237373,0.42857142857142855,-0.07301568742272789,0.08098056811263815,-0.9016445441722305,-0.0840212373306225,-0.07148391412208899,0.42857142857142855,-0.1234156874227279,0.08098056811263815,-1.5240160732271668,-0.11435191154472535,-0.11597463635945693,0.42857142857142855
csmom_60__csz,fold_2024,2024,1,1,catalog,2015-01-05,2023-12-21,62372,7076,cs_rank_centered,-0.015349379560852843,-0.009724435110746487,0.461864406779661,-0.031002317570764916,236,7076,236,48,-1.0193250376748262,0.6771509038521377,0.2033898305084746,-0.07776169408376045,0.13996260711098316,-0.5555890654573148,-0.1403139934230465,-0.08024617908080522,0.3958333333333333,-0.07776169408376045,0.13996260711098316,-0.5555890654573148,-0.1403139934230465,-0.08024617908080522,0.3958333333333333,-0.10800169408376044,0.13996260711098316,-0.7716467727563882,-0.1526894061387819,-0.10641526796841927,0.375,-0.12816169408376046,0.13996260711098316,-0.9156852442891039,-0.1608446400583975,-0.12345481734239516,0.375,-0.17856169408376046,0.13996260711098316,-1.275781423120893,-0.18392794720365557,-0.1646739309559847,0.375
csmom_60__missing,fold_2019,2019,1,1,catalog,2015-01-05,2018-12-20,26220,7092,cs_rank_centered,-0.06696831714953982,-0.0834315026509712,0.3888888888888889,-0.44328923602499337,18,7092,244,49,-0.011296894770414623,0.5189824089020854,0.20081967213114754,-0.03241810817535633,0.048797221133034994,-0.664343325759789,-0.07097341777373356,-0.032135144787394876,0.40816326530612246,-0.03241810817535633,0.048797221133034994,-0.664343325759789,-0.07097341777373356,-0.032135144787394876,0.40816326530612246,-0.06265810817535632,0.048797221133034994,-1.284050745523657,-0.0843003761167378,-0.060203517858708255,0.3673469387755102,-0.08281810817535634,0.048797221133034994,-1.6971890253662358,-0.0980079495837648,-0.07847113132312222,0.3469387755102041,-0.13321810817535634,0.048797221133034994,-2.730034724972682,-0.13609156441003734,-0.12263194827756674,0.32653061224489793
csmom_60__missing,fold_2020,2020,1,1,catalog,2015-01-05,2019-12-23,33306,7268,cs_rank_centered,0.02497382477201383,0.026619606259202414,0.5238095238095238,0.19393120346713125,42,7268,243,49,-0.013855053570498432,0.5205219820770748,0.20164609053497942,-0.04163335190944628,0.06929186206660608,-0.600840425812582,-0.09010850921203528,-0.04188920104542215,0.5918367346938775,-0.04163335190944628,0.06929186206660608,-0.600840425812582,-0.09010850921203528,-0.04188920104542215,0.5918367346938775,-0.07187335190944627,0.06929186206660608,-1.037255310592733,-0.1047861338403715,-0.06968102085428562,0.5510204081632653,-0.09203335190944631,0.06929186206660608,-1.3281985671128338,-0.11444426441739441,-0.08776854636012443,0.5510204081632653,-0.1424333519094463,0.06929186206660608,-2.0555567084130857,-0.1385057925121035,-0.13149367500397335,0.3673469387755102
csmom_60__missing,fold_2021,2021,1,1,catalog,2015-01-05,2020-12-23,40574,7287,cs_rank_centered,,,,,0,7287,243,49,,,0.20164609053497942,0.09956031512754779,0.06364895006663829,1.5642098577166086,-0.03185982834243506,0.09942441508669186,0.6122448979591837,0.09956031512754779,0.06364895006663829,1.5642098577166086,-0.03185982834243506,0.09942441508669186,0.6122448979591837,0.0693203151275478,0.06364895006663829,1.0891038273996947,-0.0342001480954961,0.06762191977827103,0.5510204081632653,0.04916031512754779,0.06364895006663829,0.7723664738550851,-0.03702124342559965,0.04692275701568094,0.5102040816326531,-0.0012396848724521995,0.06364895006663829,-0.01947691000643831,-0.04591235930672988,-0.0031205136219883967,0.4897959183673469
csmom_60__missing,fold_2022,2022,1,1,catalog,2015-01-05,2021-12-23,47861,7252,cs_rank_centered,,,,,0,7252,242,49,,,0.2024793388429752,-0.013131117549257876,0.05669772568975125,-0.23159866448807973,-0.054758892501525436,-0.014198288690814187,0.40816326530612246,-0.013131117549257876,0.05669772568975125,-0.23159866448807973,-0.054758892501525436,-0.014198288690814187,0.40816326530612246,-0.043371117549257876,0.05669772568975125,-0.7649533913685307,-0.06911526227657949,-0.04277650683091827,0.3877551020408163,-0.06353111754925791,0.05669772568975125,-1.1205232092888318,-0.07994725398837654,-0.06137610480533018,0.3673469387755102,-0.1139311175492579,0.05669772568975125,-2.0094477540895834,-0.11168280578626011,-0.10634002694384381,0.3469387755102041
csmom_60__missing,fold_2023,2023,1,1,catalog,2015-01-05,2022-12-22,55113,7259,cs_rank_centered,,,,,0,7259,242,49,,,0.2024793388429752,-0.021702896790836226,0.04739479057379983,-0.45791734762583247,-0.04807116574478476,-0.021932085120865086,0.4489795918367347,-0.021702896790836226,0.04739479057379983,-0.45791734762583247,-0.04807116574478476,-0.021932085120865086,0.4489795918367347,-0.0519428967908362,0.04739479057379983,-1.095962154531612,-0.0624381958588166,-0.05029033188977017,0.40816326530612246,-0.07210289679083624,0.04739479057379983,-1.5213253591354663,-0.07845368247406326,-0.06874669820110146,0.40816326530612246,-0.12250289679083622,0.04739479057379983,-2.5847333706450994,-0.11806160337365712,-0.11336413546975632,0.32653061224489793
csmom_60__missing,fold_2024,2024,1,1,catalog,2015-01-05,2023-12-21,62372,7076,cs_rank_centered,,,,,0,7076,236,48,,,0.2033898305084746,-0.01768121837238859,0.048704968501364534,-0.36302699532375693,-0.0352231758928232,-0.017788303737489963,0.5,-0.01768121837238859,0.048704968501364534,-0.36302699532375693,-0.0352231758928232,-0.017788303737489963,0.5,-0.04792121837238859,0.048704968501364534,-0.9839082099200209,-0.05925971736561253,-0.04569170810283241,0.4583333333333333,-0.06808121837238859,0.048704968501364534,-1.3978290196508638,-0.07495824865156164,-0.06386118905228433,0.4375,-0.11848121837238858,0.048704968501364534,-2.432631043977971,-0.11450033542034599,-0.10781586811375465,0.4166666666666667
trend_efficiency_60__csz,fold_2019,2019,0,-1,train_rank_ic,2015-01-05,2018-12-20,26220,7092,cs_rank_centered,-0.029144708233075446,-0.013905057658598653,0.48770491803278687,-0.05682656987964979,244,7092,244,49,-1.0283213743020378,0.6901989161553119,0.20081967213114754,-0.1367573853082878,0.06746961464772154,-2.0269477752665086,-0.11930695068772013,-0.1265703509322107,0.4489795918367347,-0.1367573853082878,0.06746961464772154,-2.0269477752665086,-0.11930695068772013,-0.1265703509322107,0.4489795918367347,-0.1669973853082878,0.06746961464772154,-2.475149534797697,-0.13923201030842647,-0.1519529801389532,0.4489795918367347,-0.18715738530828785,0.06746961464772154,-2.7739507078184893,-0.1524196351734547,-0.16847180033431008,0.40816326530612246,-0.23755738530828785,0.06746961464772154,-3.520953640370469,-0.1906795151799,-0.20840218139455113,0.3469387755102041
trend_efficiency_60__csz,fold_2020,2020,0,-1,train_rank_ic,2015-01-05,2019-12-23,33306,7268,cs_rank_centered,0.021920941283241235,0.028186832693865516,0.551440329218107,0.10233501978635484,243,7268,243,49,-0.9444555023219818,0.671697779802082,0.20164609053497942,0.06359083580381387,0.1108771424800798,0.5735252043967369,-0.10231413975451553,0.05747867022423936,0.6326530612244898,0.06359083580381387,0.1108771424800798,0.5735252043967369,-0.10231413975451553,0.05747867022423936,0.6326530612244898,0.03335083580381385,0.1108771424800798,0.3007909029564472,-0.115742343018855,0.026863074139655385,0.5714285714285714,0.013190835803813855,0.1108771424800798,0.11896803532958766,-0.1245871210471935,0.006936841817206663,0.5714285714285714,-0.03720916419618613,0.1108771424800798,-0.33558913373756133,-0.14632905852348965,-0.04123634768586937,0.4897959183673469
trend_efficiency_60__csz,fold_2021,2021,0,-1,train_rank_ic,2015-01-05,2020-12-23,40574,7287,cs_rank_centered,0.015353314902810422,0.018032820066056124,0.5061728395061729,0.06876488363013558,243,7287,243,49,-0.9639491936488029,0.6812726084173111,0.20164609053497942,0.022685797269886763,0.11188704934696683,0.20275623856642316,-0.09989908359689004,0.016241349786612735,0.4897959183673469,0.022685797269886763,0.11188704934696683,0.20275623856642316,-0.09989908359689004,0.016241349786612735,0.4897959183673469,-0.007554202730113242,0.11188704934696683,-0.06751632806659613,-0.10480534542592335,-0.013203894908939362,0.46938775510204084,-0.027714202730113262,0.11188704934696683,-0.2476980391552758,-0.10962153251330564,-0.03236802743366218,0.46938775510204084,-0.07811420273011326,0.11188704934696683,-0.6981523168769744,-0.13777913976037992,-0.0786975235152183,0.4489795918367347
trend_efficiency_60__csz,fold_2022,2022,0,-1,train_rank_ic,2015-01-05,2021-12-23,47861,7252,cs_rank_centered,-0.016747710002484043,-0.017095159326837132,0.44214876033057854,-0.07943239291989987,242,7252,242,49,-1.0344077753251737,0.697634625678257,0.2024793388429752,0.022572641589334082,0.08904976577942136,0.2534834470564147,-0.047249275118434464,0.01834968036291329,0.46938775510204084,0.022572641589334082,0.08904976577942136,0.2534834470564147,-0.047249275118434464,0.01834968036291329,0.46938775510204084,-0.007667358410665896,0.08904976577942136,-0.08610194921408494,-0.05729130705922392,-0.01115412601348642,0.4489795918367347,-0.027827358410665918,0.08904976577942136,-0.31249221339441846,-0.06669582987623424,-0.030356412085083773,0.4489795918367347,-0.0782273584106659,0.08904976577942136,-0.8784678738452514,-0.08981474505822995,-0.07677827714789032,0.42857142857142855
trend_efficiency_60__csz,fold_2023,2023,0,-1,train_rank_ic,2015-01-05,2022-12-22,55113,7259,cs_rank_centered,-0.025428733594604944,-0.03381661636741616,0.4628099173553719,-0.15501078807853033,242,7259,242,49,-1.0677267985381187,0.694985060163127,0.2024793388429752,-0.08784461601351772,0.066430892987627,-1.3223458554121665,-0.10759465842505989,-0.08385882760082142,0.3673469387755102,-0.08784461601351772,0.066430892987627,-1.3223458554121665,-0.10759465842505989,-0.08385882760082142,0.3673469387755102,-0.1180846160135177,0.066430892987627,-1.7775557530968524,-0.1314346657251393,-0.1104570846107884,0.3469387755102041,-0.13824461601351773,0.066430892987627,-2.0810290182199767,-0.1469808533888055,-0.12776743362410226,0.32653061224489793,-0.1886446160135177,0.066430892987627,-2.839712181027786,-0.18466570079948408,-0.16961252266132376,0.30612244897959184
trend_efficiency_60__csz,fold_2024,2024,0,-1,train_rank_ic,2015-01-05,2023-12-21,62372,7076,cs_rank_centered,-0.015089338117783685,-0.011712398659586086,0.4915254237288136,-0.04951988794223999,236,7076,236,48,-1.023238788177233,0.6911532299926287,0.2033898305084746,-0.07398085990919465,0.07228281627431804,-1.0234916640274836,-0.09249603215848001,-0.07036755843976383,0.4583333333333333,-0.07398085990919465,0.07228281627431804,-1.0234916640274836,-0.09249603215848001,-0.07036755843976383,0.4583333333333333,-0.10422085990919465,0.07228281627431804,-1.4418483573422158,-0.10981204535410483,-0.09680785551439275,0.3958333333333333,-0.12438085990919466,0.07228281627431804,-1.7207528195520374,-0.12117777004253472,-0.1140241482814841,0.3958333333333333,-0.17478085990919465,0.07228281627431804,-2.418013975076591,-0.15716993541973667,-0.15567131749578433,0.375
trend_efficiency_60__missing,fold_2019,2019,0,-1,train_rank_ic,2015-01-05,2018-12-20,26220,7092,cs_rank_centered,0.06696831714953982,0.0834315026509712,0.6111111111111112,0.44328923602499337,18,7092,244,49,-0.0034087886963096725,0.5175820938311942,0.20081967213114754,-0.02892437065760154,0.04875878888377607,-0.5932134763754519,-0.07097341777373356,-0.02883821624819405,0.42857142857142855,-0.02892437065760154,0.04875878888377607,-0.5932134763754519,-0.07097341777373356,-0.02883821624819405,0.42857142857142855,-0.05916437065760153,0.04875878888377607,-1.2134093567957305,-0.0843003761167378,-0.0570002737737082,0.3877551020408163,-0.07932437065760155,0.04875878888377607,-1.6268732770759167,-0.0949323252758909,-0.07532889011644839,0.3673469387755102,-0.12972437065760153,0.04875878888377607,-2.6605330777763814,-0.13314283794261228,-0.11963728091560222,0.3469387755102041
trend_efficiency_60__missing,fold_2020,2020,0,-1,train_rank_ic,2015-01-05,2019-12-23,33306,7268,cs_rank_centered,-0.02497382477201383,-0.026619606259202414,0.47619047619047616,-0.19393120346713125,42,7268,243,49,-0.019714952996693125,0.5215509773242774,0.20164609053497942,-0.04187040974219966,0.06418934967263941,-0.6522952788232851,-0.09033534911710794,-0.0417995908646116,0.5714285714285714,-0.04187040974219966,0.06418934967263941,-0.6522952788232851,-0.09033534911710794,-0.0417995908646116,0.5714285714285714,-0.07211040974219964,0.06418934967263941,-1.1234014694019647,-0.10554626710028603,-0.06959377668825939,0.5306122448979592,-0.09227040974219966,0.0641893496726394,-1.4374722631210854,-0.11555030314425574,-0.08768284564035134,0.5306122448979592,-0.14267040974219966,0.06418934967263941,-2.222649247418886,-0.14009061986361693,-0.13141171754810432,0.3673469387755102
trend_efficiency_60__missing,fold_2021,2021,0,-1,train_rank_ic,2015-01-05,2020-12-23,40574,7287,cs_rank_centered,,,,,0,7287,243,49,,,0.20164609053497942,0.09956031512754779,0.06364895006663829,1.5642098577166086,-0.03185982834243506,0.09942441508669186,0.6122448979591837,0.09956031512754779,0.06364895006663829,1.5642098577166086,-0.03185982834243506,0.09942441508669186,0.6122448979591837,0.0693203151275478,0.06364895006663829,1.0891038273996947,-0.0342001480954961,0.06762191977827103,0.5510204081632653,0.04916031512754779,0.06364895006663829,0.7723664738550851,-0.03702124342559965,0.04692275701568094,0.5102040816326531,-0.0012396848724521995,0.06364895006663829,-0.01947691000643831,-0.04591235930672988,-0.0031205136219883967,0.4897959183673469
trend_efficiency_60__missing,fold_2022,2022,0,-1,train_rank_ic,2015-01-05,2021-12-23,47861,7252,cs_rank_centered,,,,,0,7252,242,49,,,0.2024793388429752,-0.013131117549257876,0.05669772568975125,-0.23159866448807973,-0.054758892501525436,-0.014198288690814187,0.40816326530612246,-0.013131117549257876,0.05669772568975125,-0.23159866448807973,-0.054758892501525436,-0.014198288690814187,0.40816326530612246,-0.043371117549257876,0.05669772568975125,-0.7649533913685307,-0.06911526227657949,-0.04277650683091827,0.3877551020408163,-0.06353111754925791,0.05669772568975125,-1.1205232092888318,-0.07994725398837654,-0.06137610480533018,0.3673469387755102,-0.1139311175492579,0.05669772568975125,-2.0094477540895834,-0.11168280578626011,-0.10634002694384381,0.3469387755102041
trend_efficiency_60__missing,fold_2023,2023,0,-1,train_rank_ic,2015-01-05,2022-12-22,55113,7259,cs_rank_centered,,,,,0,7259,242,49,,,0.2024793388429752,-0.021702896790836226,0.04739479057379983,-0.45791734762583247,-0.04807116574478476,-0.021932085120865086,0.4489795918367347,-0.021702896790836226,0.04739479057379983,-0.45791734762583247,-0.04807116574478476,-0.021932085120865086,0.4489795918367347,-0.0519428967908362,0.04739479057379983,-1.095962154531612,-0.0624381958588166,-0.05029033188977017,0.40816326530612246,-0.07210289679083624,0.04739479057379983,-1.5213253591354663,-0.07845368247406326,-0.06874669820110146,0.40816326530612246,-0.12250289679083622,0.04739479057379983,-2.5847333706450994,-0.11806160337365712,-0.11336413546975632,0.32653061224489793
trend_efficiency_60__missing,fold_2024,2024,0,-1,train_rank_ic,2015-01-05,2023-12-21,62372,7076,cs_rank_centered,,,,,0,7076,236,48,,,0.2033898305084746,-0.01768121837238859,0.048704968501364534,-0.36302699532375693,-0.0352231758928232,-0.017788303737489963,0.5,-0.01768121837238859,0.048704968501364534,-0.36302699532375693,-0.0352231758928232,-0.017788303737489963,0.5,-0.04792121837238859,0.048704968501364534,-0.9839082099200209,-0.05925971736561253,-0.04569170810283241,0.4583333333333333,-0.06808121837238859,0.048704968501364534,-1.3978290196508638,-0.07495824865156164,-0.06386118905228433,0.4375,-0.11848121837238858,0.048704968501364534,-2.432631043977971,-0.11450033542034599,-0.10781586811375465,0.4166666666666667
multi_horizon_trend__csz,fold_2019,2019,1,1,catalog,2015-01-05,2018-12-20,26220,7092,cs_rank_centered,0.00831976686465892,-0.013639987104440792,0.5286885245901639,-0.06125856924856226,244,7092,244,49,-0.9256697161417065,0.6772615273621749,0.20081967213114754,0.03952732004018451,0.062572427249892,0.6317050780582073,-0.04441378716318933,0.03722897948542814,0.5306122448979592,0.03952732004018451,0.062572427249892,0.6317050780582073,-0.04441378716318933,0.03722897948542814,0.5306122448979592,0.009287320040184517,0.062572427249892,0.14842512027053495,-0.051297609748096495,0.00719043786920448,0.5306122448979592,-0.010872679959815505,0.062572427249892,-0.17376151825458033,-0.05586153904785762,-0.012360069405967788,0.5102040816326531,-0.06127267995981549,0.06257242724989201,-0.9792281145673671,-0.07358938316531938,-0.05962441737311719,0.42857142857142855
multi_horizon_trend__csz,fold_2020,2020,1,1,catalog,2015-01-05,2019-12-23,33306,7268,cs_rank_centered,0.029056565004479423,0.03316489370890605,0.5596707818930041,0.11808396694060164,243,7268,243,49,-0.753654180022397,0.6418576333191652,0.20164609053497942,0.012192218259314254,0.09874099000363798,0.1234767674383764,-0.08590869929833411,0.0072183544025612445,0.4897959183673469,0.012192218259314254,0.09874099000363798,0.1234767674383764,-0.08590869929833411,0.0072183544025612445,0.4897959183673469,-0.01804778174068571,0.09874099000363798,-0.18277902358504575,-0.09415093243672346,-0.02196995661596224,0.4897959183673469,-0.03820778174068579,0.09874099000363798,-0.38694955093399486,-0.10166120288171543,-0.04096679448202034,0.46938775510204084,-0.08860778174068573,0.09874099000363798,-0.8973758693063651,-0.12043545406118972,-0.08689161141018298,0.42857142857142855
multi_horizon_trend__csz,fold_2021,2021,1,1,catalog,2015-01-05,2020-12-23,40574,7287,cs_rank_centered,-0.037741500035592894,-0.03980031206364396,0.41975308641975306,-0.15477189700414443,243,7287,243,49,-0.8576648929158806,0.6693497631587665,0.20164609053497942,0.05618864421523832,0.09581434099298337,0.5864325072105135,-0.06762344098390605,0.05154700533395329,0.46938775510204084,0.05618864421523832,0.09581434099298337,0.5864325072105135,-0.06762344098390605,0.05154700533395329,0.46938775510204084,0.025948644215238313,0.09581434099298337,0.27082213316207615,-0.07130259747471335,0.021100705699040434,0.46938775510204084,0.005788644215238303,0.09581434099298337,0.06041521712978451,-0.07540847541948226,0.0012846997045004027,0.46938775510204084,-0.044611355784761685,0.09581434099298337,-0.46560207295094413,-0.08560107534157158,-0.04662187683323338,0.42857142857142855
multi_horizon_trend__csz,fold_2022,2022,1,1,catalog,2015-01-05,2021-12-23,47861,7252,cs_rank_centered,-0.020256751063445995,-0.022349171203037786,0.4834710743801653,-0.09983299746272246,242,7252,242,49,-0.8511846072934108,0.6634137278929679,0.2024793388429752,-0.01501046785280846,0.09818168161096794,-0.15288460745952057,-0.04533188507252939,-0.01901334665379284,0.5714285714285714,-0.01501046785280846,0.09818168161096794,-0.15288460745952057,-0.04533188507252939,-0.01901334665379284,0.5714285714285714,-0.04525046785280846,0.09818168161096795,-0.46088503588793184,-0.058544059496611345,-0.047456539548544674,0.5510204081632653,-0.06541046785280845,0.09818168161096794,-0.6662186548402061,-0.0720302462824286,-0.06596818749814004,0.5510204081632653,-0.11581046785280845,0.09818168161096794,-1.1795527022208916,-0.10492922969807883,-0.11071925286159001,0.4897959183673469
multi_horizon_trend__csz,fold_2023,2023,1,1,catalog,2015-01-05,2022-12-22,55113,7259,cs_rank_centered,-0.017984594839038748,-0.02846188341832665,0.4834710743801653,-0.12569628374506406,242,7259,242,49,-0.9052552235169533,0.6769568200372291,0.2024793388429752,-0.10464070162478606,0.06244054514520667,-1.6758454203345299,-0.10769304380719391,-0.09851100988584072,0.4489795918367347,-0.10464070162478606,0.06244054514520667,-1.6758454203345299,-0.10769304380719391,-0.09851100988584072,0.4489795918367347,-0.13488070162478608,0.06244054514520667,-2.1601461247834792,-0.12630218950557692,-0.12469223846594468,0.42857142857142855,-0.1550407016247861,0.06244054514520667,-2.4830132610827786,-0.14002686263233077,-0.14173104887450616,0.40816326530612246,-0.20544070162478612,0.06244054514520667,-3.290181101831028,-0.17883421051440596,-0.1829192865021092,0.3469387755102041
multi_horizon_trend__csz,fold_2024,2024,1,1,catalog,2015-01-05,2023-12-21,62372,7076,cs_rank_centered,0.01015455038510394,0.014524090417911311,0.4957627118644068,0.048540399160825136,236,7076,236,48,-0.8472192796774292,0.6573213142188407,0.2033898305084746,0.013513144407764612,0.08985292691061093,0.1503918110670785,-0.0546740218159526,0.00914451646614034,0.4166666666666667,0.013513144407764612,0.08985292691061093,0.1503918110670785,-0.0546740218159526,0.00914451646614034,0.4166666666666667,-0.016726855592235374,0.08985292691061093,-0.1861581605335559,-0.05753863958659555,-0.019509658045305023,0.4166666666666667,-0.036886855592235375,0.08985292691061093,-0.41052480826731225,-0.06009156320932485,-0.03816823221980159,0.4166666666666667,-0.08728685559223541,0.08985292691061093,-0.9714414276017035,-0.08489342100521546,-0.08330685682371008,0.375
multi_horizon_trend__missing,fold_2019,2019,1,1,catalog,2015-01-05,2018-12-20,26220,7092,cs_rank_centered,-0.06696831714953982,-0.0834315026509712,0.3888888888888889,-0.44328923602499337,18,7092,244,49,-0.011296894770414623,0.5189824089020854,0.20081967213114754,-0.03241810817535633,0.048797221133034994,-0.664343325759789,-0.07097341777373356,-0.032135144787394876,0.40816326530612246,-0.03241810817535633,0.048797221133034994,-0.664343325759789,-0.07097341777373356,-0.032135144787394876,0.40816326530612246,-0.06265810817535632,0.048797221133034994,-1.284050745523657,-0.0843003761167378,-0.060203517858708255,0.3673469387755102,-0.08281810817535634,0.048797221133034994,-1.6971890253662358,-0.0980079495837648,-0.07847113132312222,0.3469387755102041,-0.13321810817535634,0.048797221133034994,-2.730034724972682,-0.13609156441003734,-0.12263194827756674,0.32653061224489793
multi_horizon_trend__missing,fold_2020,2020,1,1,catalog,2015-01-05,2019-12-23,33306,7268,cs_rank_centered,-0.04757460814765185,-0.05522269134896106,0.3627450980392157,-0.36180598113969265,102,7268,243,49,-0.05514870967354191,0.527852516628967,0.20164609053497942,-0.06288104845103959,0.07452922711751536,-0.8437099227111362,-0.11025390223239606,-0.06184011548671775,0.5510204081632653,-0.06288104845103959,0.07452922711751536,-0.8437099227111362,-0.11025390223239606,-0.06184011548671775,0.5510204081632653,-0.09312104845103955,0.07452922711751536,-1.2494567843056952,-0.12343861408379408,-0.08906494355092398,0.5306122448979592,-0.11328104845103962,0.07452922711751536,-1.5199546920354026,-0.13290295634499383,-0.10678327202087201,0.5306122448979592,-0.1636810484510396,0.07452922711751538,-2.196199461359668,-0.1564810771155175,-0.14961526913191492,0.3469387755102041
multi_horizon_trend__missing,fold_2021,2021,1,1,catalog,2015-01-05,2020-12-23,40574,7287,cs_rank_centered,,,,,0,7287,243,49,,,0.20164609053497942,0.09956031512754779,0.06364895006663829,1.5642098577166086,-0.03185982834243506,0.09942441508669186,0.6122448979591837,0.09956031512754779,0.06364895006663829,1.5642098577166086,-0.03185982834243506,0.09942441508669186,0.6122448979591837,0.0693203151275478,0.06364895006663829,1.0891038273996947,-0.0342001480954961,0.06762191977827103,0.5510204081632653,0.04916031512754779,0.06364895006663829,0.7723664738550851,-0.03702124342559965,0.04692275701568094,0.5102040816326531,-0.0012396848724521995,0.06364895006663829,-0.01947691000643831,-0.04591235930672988,-0.0031205136219883967,0.4897959183673469
multi_horizon_trend__missing,fold_2022,2022,1,1,catalog,2015-01-05,2021-12-23,47861,7252,cs_rank_centered,,,,,0,7252,242,49,,,0.2024793388429752,-0.013131117549257876,0.05669772568975125,-0.23159866448807973,-0.054758892501525436,-0.014198288690814187,0.40816326530612246,-0.013131117549257876,0.05669772568975125,-0.23159866448807973,-0.054758892501525436,-0.014198288690814187,0.40816326530612246,-0.043371117549257876,0.05669772568975125,-0.7649533913685307,-0.06911526227657949,-0.04277650683091827,0.3877551020408163,-0.06353111754925791,0.05669772568975125,-1.1205232092888318,-0.07994725398837654,-0.06137610480533018,0.3673469387755102,-0.1139311175492579,0.05669772568975125,-2.0094477540895834,-0.11168280578626011,-0.10634002694384381,0.3469387755102041
multi_horizon_trend__missing,fold_2023,2023,1,1,catalog,2015-01-05,2022-12-22,55113,7259,cs_rank_centered,,,,,0,7259,242,49,,,0.2024793388429752,-0.021702896790836226,0.04739479057379983,-0.45791734762583247,-0.04807116574478476,-0.021932085120865086,0.4489795918367347,-0.021702896790836226,0.04739479057379983,-0.45791734762583247,-0.04807116574478476,-0.021932085120865086,0.4489795918367347,-0.0519428967908362,0.04739479057379983,-1.095962154531612,-0.0624381958588166,-0.05029033188977017,0.40816326530612246,-0.07210289679083624,0.04739479057379983,-1.5213253591354663,-0.07845368247406326,-0.06874669820110146,0.40816326530612246,-0.12250289679083622,0.04739479057379983,-2.5847333706450994,-0.11806160337365712,-0.11336413546975632,0.32653061224489793
multi_horizon_trend__missing,fold_2024,2024,1,1,catalog,2015-01-05,2023-12-21,62372,7076,cs_rank_centered,,,,,0,7076,236,48,,,0.2033898305084746,-0.01768121837238859,0.048704968501364534,-0.36302699532375693,-0.0352231758928232,-0.017788303737489963,0.5,-0.01768121837238859,0.048704968501364534,-0.36302699532375693,-0.0352231758928232,-0.017788303737489963,0.5,-0.04792121837238859,0.048704968501364534,-0.9839082099200209,-0.05925971736561253,-0.04569170810283241,0.4583333333333333,-0.06808121837238859,0.048704968501364534,-1.3978290196508638,-0.07495824865156164,-0.06386118905228433,0.4375,-0.11848121837238858,0.048704968501364534,-2.432631043977971,-0.11450033542034599,-0.10781586811375465,0.4166666666666667
carry_annualized__csz,fold_2019,2019,1,1,catalog,2015-01-05,2018-12-20,26220,7092,cs_rank_centered,0.02329919061655966,0.01485856752938398,0.5040983606557377,0.053228015956836544,244,7092,244,49,-0.9708627503695451,0.6729391685145618,0.20081967213114754,0.06762333719155302,0.07490746456846506,0.9027583243021877,-0.0715835938020647,0.06507420220213822,0.5918367346938775,0.06762333719155302,0.07490746456846506,0.9027583243021877,-0.0715835938020647,0.06507420220213822,0.5918367346938775,0.03738333719155304,0.07490746456846506,0.4990602392820926,-0.08435289078022157,0.03424519746192756,0.5918367346938775,0.017223337191553008,0.07490746456846506,0.2299281826020284,-0.09277224051431321,0.014179965938185823,0.5714285714285714,-0.03317666280844697,0.07490746456846505,-0.4429019590981306,-0.11392190737398689,-0.03432960730369117,0.46938775510204084
carry_annualized__csz,fold_2020,2020,1,1,catalog,2015-01-05,2019-12-23,33306,7268,cs_rank_centered,0.08305751596866483,0.08900957052765673,0.6625514403292181,0.31354823717090186,243,7268,243,49,-0.8222783917221392,0.640108297267882,0.20164609053497942,0.11077445108387222,0.10274670390912384,1.0781314326330962,-0.05291884508722389,0.10796730523068798,0.5714285714285714,0.11077445108387222,0.10274670390912384,1.0781314326330962,-0.05291884508722389,0.10796730523068798,0.5714285714285714,0.08053445108387225,0.10274670390912384,0.7838154220022706,-0.05351884508722393,0.07592062128429311,0.5714285714285714,0.0603744510838722,0.10274670390912384,0.5876047482483864,-0.05391884508722389,0.055062476647087744,0.5510204081632653,0.009974451083872215,0.10274670390912384,0.0970780638636768,-0.055672333234610294,0.00463468313959603,0.5102040816326531
carry_annualized__csz,fold_2021,2021,1,1,catalog,2015-01-05,2020-12-23,40574,7287,cs_rank_centered,0.0005634327699997228,0.009515205905260239,0.5308641975308642,0.04020397185601914,243,7287,243,49,-0.9806780422212522,0.667664800194151,0.20164609053497942,-0.1488367637519747,0.10565221177654134,-1.4087425265338547,-0.16434140456596336,-0.13955987497341604,0.3673469387755102,-0.1488367637519747,0.10565221177654134,-1.4087425265338547,-0.16434140456596336,-0.13955987497341604,0.3673469387755102,-0.17907676375197473,0.10565221177654134,-1.6949646461801413,-0.184254806896193,-0.16457418961217019,0.3673469387755102,-0.1992367637519747,0.10565221177654133,-1.8857793926109987,-0.19727256785178482,-0.1808531683978819,0.3673469387755102,-0.2496367637519747,0.10565221177654134,-2.3628162586881425,-0.22893719727571504,-0.22020330028005675,0.3673469387755102
carry_annualized__csz,fold_2022,2022,1,1,catalog,2015-01-05,2021-12-23,47861,7252,cs_rank_centered,0.008577657621229633,0.0022493794051491223,0.5330578512396694,0.00835893981904731,242,7252,242,49,-0.9954502760560158,0.6781957890332274,0.2024793388429752,0.03289577717169316,0.09870654626207605,0.33326844487448165,-0.10115523798651305,0.027709497330410837,0.4897959183673469,0.03289577717169316,0.09870654626207605,0.33326844487448165,-0.10115523798651305,0.027709497330410837,0.4897959183673469,0.002655777171693152,0.09870654626207605,0.026905785606577606,-0.10829337990326249,-0.0020605450197729303,0.46938775510204084,-0.017504222828306857,0.09870654626207605,-0.1773359872386918,-0.11473319080366118,-0.02143618716521667,0.46938775510204084,-0.06790422282830684,0.09870654626207605,-0.6879404193518648,-0.13487720305751694,-0.06827740888118938,0.40816326530612246
carry_annualized__csz,fold_2023,2023,1,1,catalog,2015-01-05,2022-12-22,55113,7259,cs_rank_centered,-0.00839023325087495,-0.014192191319527387,0.45867768595041325,-0.06148182576379869,242,7259,242,49,-1.028116404919134,0.6797479873803677,0.2024793388429752,-0.03464943486868478,0.08555055264251524,-0.40501707818852106,-0.11737457950240981,-0.03651515630103297,0.46938775510204084,-0.03464943486868478,0.08555055264251524,-0.40501707818852106,-0.11737457950240981,-0.03651515630103297,0.46938775510204084,-0.06488943486868476,0.08555055264251524,-0.7584922933208184,-0.12636200535058983,-0.06446039329693587,0.46938775510204084,-0.0850494348686848,0.08555055264251524,-0.9941424367423503,-0.13386177249844622,-0.08264780574977737,0.46938775510204084,-0.13544943486868477,0.08555055264251524,-1.583267795296179,-0.16462568106485997,-0.12661453656159172,0.42857142857142855
carry_annualized__csz,fold_2024,2024,1,1,catalog,2015-01-05,2023-12-21,62372,7076,cs_rank_centered,0.0657342923560592,0.07422833162658121,0.5932203389830508,0.29421291023075946,236,7076,236,48,-0.8515511519676511,0.6480842550899664,0.2033898305084746,0.12743767532560688,0.07505634330300004,1.697893471990037,-0.04876352328579747,0.1259221146834819,0.5833333333333334,0.12743767532560688,0.07505634330300004,1.697893471990037,-0.04876352328579747,0.1259221146834819,0.5833333333333334,0.09719767532560691,0.07505634330300004,1.2949961462047657,-0.05767998199642432,0.09402468065745473,0.5416666666666666,0.07703767532560687,0.07505634330300004,1.0263979290145842,-0.06408983519352507,0.07325308552558929,0.5208333333333334,0.02663767532560687,0.07505634330300004,0.3549023860391311,-0.07993540212553796,0.022998866959473396,0.5
carry_annualized__missing,fold_2019,2019,1,1,catalog,2015-01-05,2018-12-20,26220,7092,cs_rank_centered,-0.01100875056105204,-0.0204701009251971,0.4375,-0.14913496213319244,32,7092,244,49,-0.014781615590822694,0.5206053435068158,0.20081967213114754,-0.028679006960345352,0.049228476316754664,-0.5825694619474663,-0.06550021466982181,-0.02862774459860673,0.4489795918367347,-0.028679006960345352,0.049228476316754664,-0.5825694619474663,-0.06550021466982181,-0.02862774459860673,0.4489795918367347,-0.05891900696034535,0.049228476316754664,-1.1968480718606471,-0.07973327034098698,-0.05679579516148392,0.3877551020408163,-0.07907900696034535,0.049228476316754664,-1.6063671451361012,-0.0947360011620908,-0.07512831369407225,0.3673469387755102,-0.12947900696034537,0.049228476316754664,-2.630164828324736,-0.1329546329903829,-0.11944614374705576,0.32653061224489793
carry_annualized__missing,fold_2020,2020,1,1,catalog,2015-01-05,2019-12-23,33306,7268,cs_rank_centered,,,,,0,7268,243,49,,,0.20164609053497942,-0.03642505470238662,0.0650628418607837,-0.559844200785543,-0.08555292056774289,-0.03676077036056169,0.5918367346938775,-0.03642505470238662,0.0650628418607837,-0.559844200785543,-0.08555292056774289,-0.03676077036056169,0.5918367346938775,-0.0666650547023866,0.0650628418607837,-1.0246256203353548,-0.10030118561389911,-0.06469819786023867,0.5510204081632653,-0.08682505470238663,0.0650628418607837,-1.3344799000352305,-0.1100058233871487,-0.08288053806989837,0.5510204081632653,-0.1372250547023866,0.06506284186078372,-2.1091155992849173,-0.13438018719978995,-0.12683504204703555,0.3673469387755102
carry_annualized__missing,fold_2021,2021,1,1,catalog,2015-01-05,2020-12-23,40574,7287,cs_rank_centered,,,,,0,7287,243,49,,,0.20164609053497942,0.09956031512754779,0.06364895006663829,1.5642098577166086,-0.03185982834243506,0.09942441508669186,0.6122448979591837,0.09956031512754779,0.06364895006663829,1.5642098577166086,-0.03185982834243506,0.09942441508669186,0.6122448979591837,0.0693203151275478,0.06364895006663829,1.0891038273996947,-0.0342001480954961,0.06762191977827103,0.5510204081632653,0.04916031512754779,0.06364895006663829,0.7723664738550851,-0.03702124342559965,0.04692275701568094,0.5102040816326531,-0.0012396848724521995,0.06364895006663829,-0.01947691000643831,-0.04591235930672988,-0.0031205136219883967,0.4897959183673469
carry_annualized__missing,fold_2022,2022,1,1,catalog,2015-01-05,2021-12-23,47861,7252,cs_rank_centered,,,,,0,7252,242,49,,,0.2024793388429752,-0.013131117549257876,0.05669772568975125,-0.23159866448807973,-0.054758892501525436,-0.014198288690814187,0.40816326530612246,-0.013131117549257876,0.05669772568975125,-0.23159866448807973,-0.054758892501525436,-0.014198288690814187,0.40816326530612246,-0.043371117549257876,0.05669772568975125,-0.7649533913685307,-0.06911526227657949,-0.04277650683091827,0.3877551020408163,-0.06353111754925791,0.05669772568975125,-1.1205232092888318,-0.07994725398837654,-0.06137610480533018,0.3673469387755102,-0.1139311175492579,0.05669772568975125,-2.0094477540895834,-0.11168280578626011,-0.10634002694384381,0.3469387755102041
carry_annualized__missing,fold_2023,2023,1,1,catalog,2015-01-05,2022-12-22,55113,7259,cs_rank_centered,,,,,0,7259,242,49,,,0.2024793388429752,-0.021702896790836226,0.04739479057379983,-0.45791734762583247,-0.04807116574478476,-0.021932085120865086,0.4489795918367347,-0.021702896790836226,0.04739479057379983,-0.45791734762583247,-0.04807116574478476,-0.021932085120865086,0.4489795918367347,-0.0519428967908362,0.04739479057379983,-1.095962154531612,-0.0624381958588166,-0.05029033188977017,0.40816326530612246,-0.07210289679083624,0.04739479057379983,-1.5213253591354663,-0.07845368247406326,-0.06874669820110146,0.40816326530612246,-0.12250289679083622,0.04739479057379983,-2.5847333706450994,-0.11806160337365712,-0.11336413546975632,0.32653061224489793
carry_annualized__missing,fold_2024,2024,1,1,catalog,2015-01-05,2023-12-21,62372,7076,cs_rank_centered,,,,,0,7076,236,48,,,0.2033898305084746,-0.01768121837238859,0.048704968501364534,-0.36302699532375693,-0.0352231758928232,-0.017788303737489963,0.5,-0.01768121837238859,0.048704968501364534,-0.36302699532375693,-0.0352231758928232,-0.017788303737489963,0.5,-0.04792121837238859,0.048704968501364534,-0.9839082099200209,-0.05925971736561253,-0.04569170810283241,0.4583333333333333,-0.06808121837238859,0.048704968501364534,-1.3978290196508638,-0.07495824865156164,-0.06386118905228433,0.4375,-0.11848121837238858,0.048704968501364534,-2.432631043977971,-0.11450033542034599,-0.10781586811375465,0.4166666666666667
carry_change_20__csz,fold_2019,2019,1,1,catalog,2015-01-05,2018-12-20,26220,7092,cs_rank_centered,0.01749126653328221,0.013394563690916138,0.5614754098360656,0.06498222081303386,244,7092,244,49,-0.9724186772250527,0.6695356378024561,0.20081967213114754,-0.03164999003668647,0.07459656901998095,-0.42428211447913794,-0.0869986884493259,-0.03288320295693281,0.5102040816326531,-0.03164999003668647,0.07459656901998095,-0.42428211447913794,-0.0869986884493259,-0.03288320295693281,0.5102040816326531,-0.06188999003668644,0.07459656901998095,-0.8296626889114564,-0.09920938970379445,-0.06093117829239947,0.4897959183673469,-0.08204999003668646,0.07459656901998095,-1.0999164051996695,-0.10749806940026829,-0.07918549634363425,0.4489795918367347,-0.13244999003668645,0.07459656901998095,-1.775550695920201,-0.13917691129972132,-0.12331410490511441,0.40816326530612246
carry_change_20__csz,fold_2020,2020,1,1,catalog,2015-01-05,2019-12-23,33306,7268,cs_rank_centered,-0.018719301736683104,-0.026270477488156845,0.3868312757201646,-0.11308130726565306,243,7268,243,49,-1.0533202958967207,0.6927062157087017,0.20164609053497942,-0.09123817329018648,0.1013266824636448,-0.9004358089284331,-0.15309383318633674,-0.08942094440231696,0.3469387755102041,-0.09123817329018648,0.1013266824636448,-0.9004358089284331,-0.15309383318633674,-0.08942094440231696,0.3469387755102041,-0.12147817329018641,0.1013266824636448,-1.1988764492883877,-0.17128044149273058,-0.1158624307295506,0.3469387755102041,-0.14163817329018646,0.1013266824636448,-1.397836876195025,-0.18319330134692657,-0.13307067809749473,0.3469387755102041,-0.1920381732901864,0.1013266824636448,-1.895237943461617,-0.2122517080639954,-0.1746687026555227,0.32653061224489793
carry_change_20__csz,fold_2021,2021,1,1,catalog,2015-01-05,2020-12-23,40574,7287,cs_rank_centered,-0.006046654729231691,-0.005514019581832227,0.4691358024691358,-0.025548692031345358,243,7287,243,49,-1.0105601131212323,0.6748829314096702,0.20164609053497942,-0.003979983529714856,0.09628918190886494,-0.041333651930720534,-0.07848537643866615,-0.008244495971073462,0.3877551020408163,-0.003979983529714856,0.09628918190886494,-0.041333651930720534,-0.07848537643866615,-0.008244495971073462,0.3877551020408163,-0.03421998352971484,0.09628918190886494,-0.3553876235245525,-0.09482095793924794,-0.03699349217596681,0.3877551020408163,-0.054379983529714855,0.09628918190886494,-0.5647569379204407,-0.10601478702519151,-0.05570426788771676,0.3673469387755102,-0.10477998352971489,0.09628918190886494,-1.0881802239101612,-0.1428833710478291,-0.10093705959722343,0.32653061224489793
carry_change_20__csz,fold_2022,2022,1,1,catalog,2015-01-05,2021-12-23,47861,7252,cs_rank_centered,-0.012529214970866077,-0.014123551057431316,0.5165289256198347,-0.06489898028771938,242,7252,242,49,-1.027858775208697,0.6832625075059982,0.2024793388429752,-0.019868791505724855,0.09523783716473772,-0.20862287613017502,-0.05996817659430964,-0.023395954318831347,0.4897959183673469,-0.019868791505724855,0.09523783716473772,-0.20862287613017502,-0.05996817659430964,-0.023395954318831347,0.4897959183673469,-0.050108791505724844,0.09523783716473772,-0.5261437365387576,-0.06929710387133892,-0.05171449847865284,0.46938775510204084,-0.07026879150572486,0.09523783716473772,-0.7378243101444794,-0.08446677570244332,-0.07014498285483617,0.4489795918367347,-0.12066879150572488,0.09523783716473773,-1.2670257441587838,-0.12134336719844463,-0.11469970903757287,0.42857142857142855
carry_change_20__csz,fold_2023,2023,1,1,catalog,2015-01-05,2022-12-22,55113,7259,cs_rank_centered,0.003821986486661219,0.014700788346066326,0.49173553719008267,0.07763840076806919,242,7259,242,49,-0.9702858113687851,0.6670761012149347,0.2024793388429752,-0.044121475047141506,0.0674858009371118,-0.6537890109396067,-0.08997295949422823,-0.04408433823746727,0.42857142857142855,-0.044121475047141506,0.0674858009371118,-0.6537890109396067,-0.08997295949422823,-0.04408433823746727,0.42857142857142855,-0.07436147504714151,0.0674858009371118,-1.1018832704739916,-0.10787085190867007,-0.07181368676122735,0.3469387755102041,-0.09452147504714152,0.0674858009371118,-1.4006127768302483,-0.11961371479405458,-0.0898605354009161,0.3469387755102041,-0.14492147504714153,0.0674858009371118,-2.14743654272089,-0.15317162432878195,-0.13348726642154085,0.32653061224489793
carry_change_20__csz,fold_2024,2024,1,1,catalog,2015-01-05,2023-12-21,62372,7076,cs_rank_centered,-0.0383874030275255,-0.03730945238078162,0.4322033898305085,-0.16193685357299714,236,7076,236,48,-1.0743474911206823,0.6950138868132669,0.2033898305084746,-0.06946303529822509,0.0755244637374886,-0.9197421849914473,-0.09119930054869507,-0.06656577185368995,0.5416666666666666,-0.06946303529822509,0.0755244637374886,-0.9197421849914473,-0.09119930054869507,-0.06656577185368995,0.5416666666666666,-0.0997030352982251,0.0755244637374886,-1.32014224748126,-0.10960877722377271,-0.09311209892315897,0.5208333333333334,-0.11986303529822512,0.0755244637374886,-1.5870756224744682,-0.12168012930291516,-0.11039746468928102,0.5,-0.17026303529822506,0.0755244637374886,-2.2544090599574886,-0.15237117284559198,-0.1522118358451009,0.4375
carry_change_20__missing,fold_2019,2019,1,1,catalog,2015-01-05,2018-12-20,26220,7092,cs_rank_centered,-0.017807812314926962,-0.02669558412267034,0.46987951807228917,-0.13730328964469757,83,7092,244,49,-0.04790038159907195,0.52517651090837,0.20081967213114754,-0.024756292607070504,0.046055988386502426,-0.537526030259418,-0.060320632713092626,-0.024773091341440456,0.40816326530612246,-0.024756292607070504,0.046055988386502426,-0.537526030259418,-0.060320632713092626,-0.024773091341440456,0.40816326530612246,-0.0549962926070705,0.046055988386502426,-1.1941181708129012,-0.07379401664858531,-0.053050584579042104,0.3673469387755102,-0.07515629260707052,0.046055988386502426,-1.6318462645152239,-0.08765466503878627,-0.07145436839610153,0.3469387755102041,-0.12555629260707052,0.046055988386502426,-2.7261664987710295,-0.12440356941367903,-0.11594460309657761,0.30612244897959184
carry_change_20__missing,fold_2020,2020,1,1,catalog,2015-01-05,2019-12-23,33306,7268,cs_rank_centered,0.026513531218440366,0.06436251898326777,1.0,1.414213562373095,2,7268,243,49,-0.00046823233602788505,0.5174368371369871,0.20164609053497942,-0.037013330323780395,0.06504129241590775,-0.5690743364553393,-0.08555292056774277,-0.037310640025554065,0.5918367346938775,-0.037013330323780395,0.06504129241590775,-0.5690743364553393,-0.08555292056774277,-0.037310640025554065,0.5918367346938775,-0.06725333032378035,0.06504129241590775,-1.0340097471269127,-0.10030118561389889,-0.0652324392523479,0.5510204081632653,-0.08741333032378042,0.06504129241590775,-1.3439666875746297,-0.1100058233871487,-0.08340460312313658,0.5510204081632653,-0.13781333032378038,0.06504129241590777,-2.118859038693919,-0.13438018719979006,-0.127334489397108,0.3673469387755102
carry_change_20__missing,fold_2021,2021,1,1,catalog,2015-01-05,2020-12-23,40574,7287,cs_rank_centered,,,,,0,7287,243,49,,,0.20164609053497942,0.09956031512754779,0.06364895006663829,1.5642098577166086,-0.03185982834243506,0.09942441508669186,0.6122448979591837,0.09956031512754779,0.06364895006663829,1.5642098577166086,-0.03185982834243506,0.09942441508669186,0.6122448979591837,0.0693203151275478,0.06364895006663829,1.0891038273996947,-0.0342001480954961,0.06762191977827103,0.5510204081632653,0.04916031512754779,0.06364895006663829,0.7723664738550851,-0.03702124342559965,0.04692275701568094,0.5102040816326531,-0.0012396848724521995,0.06364895006663829,-0.01947691000643831,-0.04591235930672988,-0.0031205136219883967,0.4897959183673469
carry_change_20__missing,fold_2022,2022,1,1,catalog,2015-01-05,2021-12-23,47861,7252,cs_rank_centered,,,,,0,7252,242,49,,,0.2024793388429752,-0.013131117549257876,0.05669772568975125,-0.23159866448807973,-0.054758892501525436,-0.014198288690814187,0.40816326530612246,-0.013131117549257876,0.05669772568975125,-0.23159866448807973,-0.054758892501525436,-0.014198288690814187,0.40816326530612246,-0.043371117549257876,0.05669772568975125,-0.7649533913685307,-0.06911526227657949,-0.04277650683091827,0.3877551020408163,-0.06353111754925791,0.05669772568975125,-1.1205232092888318,-0.07994725398837654,-0.06137610480533018,0.3673469387755102,-0.1139311175492579,0.05669772568975125,-2.0094477540895834,-0.11168280578626011,-0.10634002694384381,0.3469387755102041
carry_change_20__missing,fold_2023,2023,1,1,catalog,2015-01-05,2022-12-22,55113,7259,cs_rank_centered,,,,,0,7259,242,49,,,0.2024793388429752,-0.021702896790836226,0.04739479057379983,-0.45791734762583247,-0.04807116574478476,-0.021932085120865086,0.4489795918367347,-0.021702896790836226,0.04739479057379983,-0.45791734762583247,-0.04807116574478476,-0.021932085120865086,0.4489795918367347,-0.0519428967908362,0.04739479057379983,-1.095962154531612,-0.0624381958588166,-0.05029033188977017,0.40816326530612246,-0.07210289679083624,0.04739479057379983,-1.5213253591354663,-0.07845368247406326,-0.06874669820110146,0.40816326530612246,-0.12250289679083622,0.04739479057379983,-2.5847333706450994,-0.11806160337365712,-0.11336413546975632,0.32653061224489793
carry_change_20__missing,fold_2024,2024,1,1,catalog,2015-01-05,2023-12-21,62372,7076,cs_rank_centered,,,,,0,7076,236,48,,,0.2033898305084746,-0.01768121837238859,0.048704968501364534,-0.36302699532375693,-0.0352231758928232,-0.017788303737489963,0.5,-0.01768121837238859,0.048704968501364534,-0.36302699532375693,-0.0352231758928232,-0.017788303737489963,0.5,-0.04792121837238859,0.048704968501364534,-0.9839082099200209,-0.05925971736561253,-0.04569170810283241,0.4583333333333333,-0.06808121837238859,0.048704968501364534,-1.3978290196508638,-0.07495824865156164,-0.06386118905228433,0.4375,-0.11848121837238858,0.048704968501364534,-2.432631043977971,-0.11450033542034599,-0.10781586811375465,0.4166666666666667
basis_fresh__csz,fold_2019,2019,1,1,catalog,2015-01-05,2018-12-20,26220,7092,cs_rank_centered,0.022528728707327975,0.026254989073336232,0.5578512396694215,0.11489583965714266,242,7092,244,49,-0.9388763599466832,0.6834811237878317,0.20081967213114754,0.03309102273236821,0.0659304130720986,0.5019083180349763,-0.07712330495486042,0.03053767378009442,0.5510204081632653,0.03309102273236821,0.0659304130720986,0.5019083180349763,-0.07712330495486042,0.03053767378009442,0.5510204081632653,0.0028510227323682354,0.0659304130720986,0.04324290717321129,-0.08434063328584107,0.0006888894401386736,0.5102040816326531,-0.017308977267631778,0.0659304130720986,-0.26253403340129905,-0.08912320196390422,-0.018738050972167075,0.5102040816326531,-0.06770897726763178,0.0659304130720986,-1.0269763848375746,-0.11103893487751781,-0.06570345479969175,0.42857142857142855
basis_fresh__csz,fold_2020,2020,1,1,catalog,2015-01-05,2019-12-23,33306,7268,cs_rank_centered,0.05263877434802025,0.06819973693500246,0.5975103734439834,0.33477702250177754,241,7268,243,49,-0.8549286409861208,0.6534355471450533,0.20164609053497942,0.027505554122460068,0.08452157680056094,0.3254264196627899,-0.05040856650763359,0.02361600491044391,0.4897959183673469,0.027505554122460068,0.08452157680056094,0.3254264196627899,-0.05040856650763359,0.02361600491044391,0.4897959183673469,-0.002734445877539922,0.08452157680056094,-0.032352045253393504,-0.0555535803462498,-0.006037089836995357,0.4897959183673469,-0.02289444587753993,0.08452157680056094,-0.2708710218641826,-0.058969808763630005,-0.025336590994602948,0.46938775510204084,-0.07329444587753993,0.08452157680056094,-0.867168463391155,-0.08708024114193913,-0.0719936506867358,0.42857142857142855
basis_fresh__csz,fold_2021,2021,1,1,catalog,2015-01-05,2020-12-23,40574,7287,cs_rank_centered,0.0005657961678270982,0.007501673800292229,0.5394190871369294,0.03354856206467214,241,7287,243,49,-0.9745398982808144,0.6766172433397487,0.20164609053497942,-0.021636434636945343,0.11194134830315364,-0.1932836701086599,-0.1487320217464042,-0.026731610380177573,0.5714285714285714,-0.021636434636945343,0.11194134830315364,-0.1932836701086599,-0.1487320217464042,-0.026731610380177573,0.5714285714285714,-0.051876434636945384,0.11194134830315362,-0.4634251366747556,-0.15340159571205114,-0.05495637241811524,0.5510204081632653,-0.07203643463694537,0.11194134830315364,-0.6435194477188189,-0.156501982882023,-0.07332577472334845,0.5306122448979592,-0.12243643463694537,0.11194134830315364,-1.0937552253289775,-0.16986090530990094,-0.11773268292286188,0.4897959183673469
basis_fresh__csz,fold_2022,2022,1,1,catalog,2015-01-05,2021-12-23,47861,7252,cs_rank_centered,0.04949637143356065,0.04221814402937636,0.6041666666666666,0.19746237398576708,240,7252,242,49,-0.9057864885951274,0.6693115403530604,0.2024793388429752,0.20115070290230896,0.08475821263743373,2.37322964516444,-0.028294188200304382,0.2114056221232572,0.5918367346938775,0.20115070290230896,0.08475821263743373,2.37322964516444,-0.028294188200304382,0.2114056221232572,0.5918367346938775,0.170910702902309,0.08475821263743373,2.0164500593400407,-0.028894188200304316,0.176431161360173,0.5918367346938775,0.15075070290230894,0.08475821263743373,1.7785970021237734,-0.029294188200304383,0.15366640881926186,0.5918367346938775,0.10035070290230898,0.08475821263743373,1.1839643590831077,-0.03460221168602262,0.09862568335859923,0.5510204081632653
basis_fresh__csz,fold_2023,2023,1,1,catalog,2015-01-05,2022-12-22,55113,7259,cs_rank_centered,0.015696050881407218,0.0010740220623621048,0.49166666666666664,0.004707904039908776,240,7259,242,49,-0.9870377870005966,0.6812138083045542,0.2024793388429752,0.008406514879442124,0.06647509663798035,0.12646111558473597,-0.1005679051228755,0.006093233578374324,0.46938775510204084,0.008406514879442124,0.06647509663798035,0.12646111558473597,-0.1005679051228755,0.006093233578374324,0.46938775510204084,-0.021833485120557872,0.06647509663798035,-0.32844608319205326,-0.10815083140476178,-0.02306160891224107,0.4489795918367347,-0.04199348512055789,0.06647509663798035,-0.6317175490432463,-0.1131730893939783,-0.04203667693080804,0.42857142857142855,-0.09239348512055787,0.06647509663798035,-1.3898962136712283,-0.12561407116324297,-0.08790890821847697,0.3877551020408163
basis_fresh__csz,fold_2024,2024,1,1,catalog,2015-01-05,2023-12-21,62372,7076,cs_rank_centered,-0.17371212781487666,-0.1333000730137653,0.25,-1.1141756688053737,4,7076,236,48,-0.021419319660200387,0.520867400606587,0.2033898305084746,-0.027973258157166225,0.04931051242145825,-0.5672879226660241,-0.03522317589282298,-0.027400269943967603,0.4791666666666667,-0.027973258157166225,0.04931051242145825,-0.5672879226660241,-0.03522317589282298,-0.027400269943967603,0.4791666666666667,-0.058213258157166214,0.04931051242145825,-1.1805445796145042,-0.05925971736561231,-0.055036207991019936,0.4375,-0.07837325815716623,0.049310512421458244,-1.5893823509134917,-0.07495824865156198,-0.07303143938295309,0.4166666666666667,-0.1287732581571662,0.04931051242145825,-2.6114767791609586,-0.11450033542034532,-0.11656428913661199,0.4166666666666667
basis_fresh__missing,fold_2019,2019,1,1,catalog,2015-01-05,2018-12-20,26220,7092,cs_rank_centered,0.07606964002823724,0.054581954250260176,0.5661157024793388,0.19235459364773355,242,7092,244,49,-0.21850556955695977,0.5388775102998998,0.20081967213114754,0.06480240022848453,0.07107029278449022,0.9118071375474405,-0.061310264280935,0.06242184738081047,0.5918367346938775,0.06480240022848453,0.07107029278449022,0.9118071375474405,-0.061310264280935,0.06242184738081047,0.5918367346938775,0.034562400228484544,0.07107029278449022,0.48631290057140664,-0.06528158427192488,0.03166821316251922,0.5714285714285714,0.014402400228484536,0.07107029278449022,0.20265007592071713,-0.06792112285699892,0.011652059317049712,0.5714285714285714,-0.03599759977151547,0.07107029278449022,-0.5065069857060064,-0.08037180265999921,-0.03673878879741865,0.5510204081632653
basis_fresh__missing,fold_2020,2020,1,1,catalog,2015-01-05,2019-12-23,33306,7268,cs_rank_centered,-0.014930837803620816,-0.008755333375814587,0.46473029045643155,-0.032598301113417494,241,7268,243,49,-0.2753312723214505,0.550786774083322,0.20164609053497942,-0.028020481681366182,0.09473640089756304,-0.29577312855345106,-0.07690061343009069,-0.031020566146425455,0.4897959183673469,-0.028020481681366182,0.09473640089756304,-0.29577312855345106,-0.07690061343009069,-0.031020566146425455,0.4897959183673469,-0.05826048168136617,0.09473640089756304,-0.6149746151361851,-0.09822108232026339,-0.059122371739418145,0.4489795918367347,-0.07842048168136619,0.09473640089756304,-0.8277756061913416,-0.11222054637086143,-0.07741172744892555,0.4489795918367347,-0.1288204816813662,0.09473640089756304,-1.3597780838292322,-0.1462992145380433,-0.12162504926688222,0.42857142857142855
basis_fresh__missing,fold_2021,2021,1,1,catalog,2015-01-05,2020-12-23,40574,7287,cs_rank_centered,0.0009781807286447569,0.010437808411483247,0.5020746887966805,0.040100329946764116,241,7287,243,49,-0.2574402498041066,0.5510332524145503,0.20164609053497942,0.08144400560726975,0.09521162007789633,0.8553998507812097,-0.06427085160110313,0.07769044737590902,0.5306122448979592,0.08144400560726975,0.09521162007789633,0.8553998507812097,-0.06427085160110313,0.07769044737590902,0.5306122448979592,0.051204005607269766,0.09521162007789633,0.5377915591119842,-0.06711226707012563,0.046502616720320855,0.5306122448979592,0.031044005607269737,0.09521162007789633,0.32605269799916686,-0.07304381902614676,0.02620373979484003,0.5102040816326531,-0.019355994392730242,0.09521162007789633,-0.20329445478287578,-0.09611468113473287,-0.022871034888323427,0.42857142857142855
basis_fresh__missing,fold_2022,2022,1,1,catalog,2015-01-05,2021-12-23,47861,7252,cs_rank_centered,0.03058717303947341,0.028291220969754845,0.4875,0.11323278708786938,240,7252,242,49,-0.2391418525942648,0.5431469219294693,0.2024793388429752,0.0606801551657379,0.10471085214700906,0.5795020661329912,-0.058030823474983895,0.05523439541120845,0.46938775510204084,0.0606801551657379,0.10471085214700906,0.5795020661329912,-0.058030823474983895,0.05523439541120845,0.46938775510204084,0.030440155165737875,0.10471085214700909,0.2907067848421417,-0.07431863216202039,0.02468294489190992,0.46938775510204084,0.010280155165737883,0.10471085214700906,0.098176597314909,-0.08502574043265743,0.004798475370092481,0.46938775510204084,-0.040119844834262106,0.10471085214700909,-0.3831488715031728,-0.11127297785649648,-0.04327370391449448,0.42857142857142855
basis_fresh__missing,fold_2023,2023,1,1,catalog,2015-01-05,2022-12-22,55113,7259,cs_rank_centered,0.0786825842444219,0.07533961810936886,0.5875,0.2902416319650442,240,7259,242,49,-0.18989091307852357,0.5342482951348996,0.2024793388429752,0.044319214873291594,0.06137081141885153,0.7221546179472199,-0.05508053572296934,0.042143136110848856,0.5102040816326531,0.044319214873291594,0.06137081141885153,0.7221546179472199,-0.05508053572296934,0.042143136110848856,0.5102040816326531,0.014079214873291607,0.06137081141885153,0.22941223275022296,-0.06245664549584129,0.011965192005177983,0.4897959183673469,-0.006080785126708404,0.06137081141885153,-0.09908269071444188,-0.06734448526448455,-0.007676091245895189,0.46938775510204084,-0.056480785126708406,0.06137081141885153,-0.9203199993761038,-0.07946136088987965,-0.0551600504262284,0.40816326530612246
basis_fresh__missing,fold_2024,2024,1,1,catalog,2015-01-05,2023-12-21,62372,7076,cs_rank_centered,0.054398662553597564,0.05134855883366221,0.5,0.2321035412742637,4,7076,236,48,-0.0036783508002984355,0.517475653857011,0.2033898305084746,-0.01825784389816469,0.04868432894395739,-0.37502507057624385,-0.0352231758928232,-0.018326827216164188,0.5,-0.01825784389816469,0.04868432894395739,-0.37502507057624385,-0.0352231758928232,-0.018326827216164188,0.5,-0.04849784389816467,0.04868432894395739,-0.9961695056738405,-0.059259717365611975,-0.0462152464172787,0.4583333333333333,-0.0686578438981647,0.04868432894395739,-1.4102657957389058,-0.07495824865156209,-0.06437496479829785,0.4375,-0.11905784389816469,0.04868432894395739,-2.445506520901567,-0.11450033542034543,-0.10830601029912312,0.4166666666666667
basis_shock_20__csz,fold_2019,2019,1,1,catalog,2015-01-05,2018-12-20,26220,7092,cs_rank_centered,0.010350123815408393,0.017304225401358356,0.5208333333333334,0.07670789372715295,240,7092,244,49,-0.9482686353855587,0.6839545842258952,0.20081967213114754,0.03026458792369322,0.05310180876411602,0.5699351609308035,-0.04511437470644075,0.028472165269404215,0.6122448979591837,0.03026458792369322,0.05310180876411602,0.5699351609308035,-0.04511437470644075,0.028472165269404215,0.6122448979591837,2.4587923693221534e-05,0.05310180876411603,0.00046303363793959916,-0.049753627659709254,-0.0013175432753932403,0.5714285714285714,-0.020135412076306786,0.05310180876411602,-0.3791850512239699,-0.05659166444150854,-0.020706022270339797,0.5714285714285714,-0.07053541207630677,0.05310180876411602,-1.328305263378743,-0.08142317791778853,-0.06757840298601314,0.5102040816326531
basis_shock_20__csz,fold_2020,2020,1,1,catalog,2015-01-05,2019-12-23,33306,7268,cs_rank_centered,-0.005328398800089395,-0.004702373714120852,0.5146443514644351,-0.020524345486919268,239,7268,243,49,-0.9912557636990422,0.6924324812679054,0.20164609053497942,-0.05191751792195841,0.08720887904308053,-0.5953237616586213,-0.13891400135938314,-0.052701806356799774,0.5102040816326531,-0.05191751792195841,0.08720887904308053,-0.5953237616586213,-0.13891400135938314,-0.052701806356799774,0.5102040816326531,-0.08215751792195838,0.08720887904308054,-0.9420774446759393,-0.15028631596743502,-0.0801870040723478,0.4897959183673469,-0.1023175179219584,0.08720887904308053,-1.1732465666874852,-0.15778805670775997,-0.09807486204461247,0.46938775510204084,-0.15271751792195845,0.08720887904308054,-1.7511693717163497,-0.1769111665990516,-0.1413169362614506,0.40816326530612246
basis_shock_20__csz,fold_2021,2021,1,1,catalog,2015-01-05,2020-12-23,40574,7287,cs_rank_centered,0.016651866654746068,0.019388337495564803,0.5230125523012552,0.08396767747650283,239,7287,243,49,-0.9432926705525151,0.6827037284157427,0.20164609053497942,-0.06709150887561638,0.10954984127453803,-0.6124290833747655,-0.11413141365306301,-0.06854639464609036,0.46938775510204084,-0.06709150887561638,0.10954984127453803,-0.6124290833747655,-0.11413141365306301,-0.06854639464609036,0.46938775510204084,-0.09733150887561635,0.10954984127453803,-0.8884678219815778,-0.13186909964917248,-0.09558218349465486,0.42857142857142855,-0.1174915088756164,0.10954984127453801,-1.0724936477194533,-0.14501760681860976,-0.11317739480062561,0.3877551020408163,-0.16789150887561635,0.10954984127453801,-1.5325582120641403,-0.17704629624666635,-0.15571147544172736,0.32653061224489793
basis_shock_20__csz,fold_2022,2022,1,1,catalog,2015-01-05,2021-12-23,47861,7252,cs_rank_centered,-0.015486844667353773,-0.01944883991291107,0.46638655462184875,-0.09300244015777143,238,7252,242,49,-1.0194590254453217,0.7005609459867025,0.2024793388429752,-0.098554695458377,0.0771687701690458,-1.2771318662003193,-0.12977934741197272,-0.09404657140286399,0.3673469387755102,-0.098554695458377,0.0771687701690458,-1.2771318662003193,-0.12977934741197272,-0.09404657140286399,0.3673469387755102,-0.12879469545837702,0.0771687701690458,-1.6690002338541814,-0.14691787547519986,-0.12035536987162276,0.3469387755102041,-0.14895469545837697,0.0771687701690458,-1.9302458122900887,-0.15816123960573925,-0.13747723667144318,0.3469387755102041,-0.19935469545837703,0.0771687701690458,-2.583359758379859,-0.1856446317280075,-0.17886636111460852,0.32653061224489793
basis_shock_20__csz,fold_2023,2023,1,1,catalog,2015-01-05,2022-12-22,55113,7259,cs_rank_centered,0.0008892422329133895,-0.00680097445823007,0.5,-0.030715248475104286,238,7259,242,49,-0.994792194076414,0.6952103622681407,0.2024793388429752,-0.0701318665858174,0.055107956471360076,-1.2726268777951388,-0.09245296319873553,-0.06730984424014164,0.4489795918367347,-0.0701318665858174,0.055107956471360076,-1.2726268777951388,-0.09245296319873553,-0.06730984424014164,0.4489795918367347,-0.10037186658581738,0.055107956471360076,-1.8213679659484603,-0.11403343994569226,-0.09437846227866653,0.42857142857142855,-0.12053186658581741,0.055107956471360076,-2.1871953580506753,-0.12814159329511032,-0.11199508639912081,0.3877551020408163,-0.17093186658581738,0.055107956471360076,-3.1017638383062103,-0.16246053040304276,-0.15458108872465626,0.30612244897959184
basis_shock_20__csz,fold_2024,2024,1,1,catalog,2015-01-05,2023-12-21,62372,7076,cs_rank_centered,0.1259842473188158,0.10295106606062096,0.75,0.3429824202544734,4,7076,236,48,-0.013432582589192998,0.5193469624085012,0.2033898305084746,-0.02097745055952005,0.048674645580610465,-0.4309728465260036,-0.03522317589282342,-0.020866728719705407,0.4791666666666667,-0.02097745055952005,0.048674645580610465,-0.4309728465260036,-0.03522317589282342,-0.020866728719705407,0.4791666666666667,-0.051217450559520046,0.048674645580610465,-1.0522408524721238,-0.05925971736561242,-0.048684471631559534,0.4375,-0.07137745055952005,0.048674645580610465,-1.466419523102871,-0.07495824865156175,-0.06679814566497755,0.4166666666666667,-0.12177745055952002,0.048674645580610465,-2.501866199679738,-0.11450033542034566,-0.11061772542922776,0.4166666666666667
basis_shock_20__missing,fold_2019,2019,1,1,catalog,2015-01-05,2018-12-20,26220,7092,cs_rank_centered,0.07063764239433958,0.04894158594187382,0.5541666666666667,0.17274490388795555,240,7092,244,49,-0.2258475162750082,0.5401312646168434,0.20081967213114754,0.06432098120933616,0.07103981348607438,0.9054215946378394,-0.061310264280935,0.06192753588392552,0.5918367346938775,0.06432098120933616,0.07103981348607438,0.9054215946378394,-0.061310264280935,0.06192753588392552,0.5918367346938775,0.03408098120933617,0.07103981348607438,0.47974480135729675,-0.06528158427192488,0.031187923915808602,0.5714285714285714,0.013920981209336162,0.07103981348607438,0.19596027250360154,-0.06792112285699892,0.011180901067827653,0.5714285714285714,-0.03647901879066385,0.07103981348607438,-0.5135010496306366,-0.08037180265999921,-0.037187856728637114,0.5306122448979592
basis_shock_20__missing,fold_2020,2020,1,1,catalog,2015-01-05,2019-12-23,33306,7268,cs_rank_centered,-0.01571852881101609,-0.009299076988540772,0.46443514644351463,-0.034555531312960255,239,7268,243,49,-0.2733757137415702,0.5505969955548646,0.20164609053497942,-0.028020481681366182,0.09473640089756304,-0.29577312855345106,-0.07690061343009069,-0.031020566146425455,0.4897959183673469,-0.028020481681366182,0.09473640089756304,-0.29577312855345106,-0.07690061343009069,-0.031020566146425455,0.4897959183673469,-0.05826048168136617,0.09473640089756304,-0.6149746151361851,-0.09822108232026339,-0.059122371739418145,0.4489795918367347,-0.07842048168136619,0.09473640089756304,-0.8277756061913416,-0.11222054637086143,-0.07741172744892555,0.4489795918367347,-0.1288204816813662,0.09473640089756304,-1.3597780838292322,-0.1462992145380433,-0.12162504926688222,0.42857142857142855
basis_shock_20__missing,fold_2021,2021,1,1,catalog,2015-01-05,2020-12-23,40574,7287,cs_rank_centered,0.0014198897592694632,0.01090113725994297,0.502092050209205,0.04176469275592368,239,7287,243,49,-0.25483003589315145,0.5504654013051111,0.20164609053497942,0.08144400560726975,0.09521162007789633,0.8553998507812097,-0.06427085160110313,0.07769044737590902,0.5306122448979592,0.08144400560726975,0.09521162007789633,0.8553998507812097,-0.06427085160110313,0.07769044737590902,0.5306122448979592,0.051204005607269766,0.09521162007789633,0.5377915591119842,-0.06711226707012563,0.046502616720320855,0.5306122448979592,0.031044005607269737,0.09521162007789633,0.32605269799916686,-0.07304381902614676,0.02620373979484003,0.5102040816326531,-0.019355994392730242,0.09521162007789633,-0.20329445478287578,-0.09611468113473287,-0.022871034888323427,0.42857142857142855
basis_shock_20__missing,fold_2022,2022,1,1,catalog,2015-01-05,2021-12-23,47861,7252,cs_rank_centered,0.03279197021828397,0.02933802574944283,0.48739495798319327,0.11738610391533903,238,7252,242,49,-0.23607744320494595,0.5427855471838582,0.2024793388429752,0.06948510687601764,0.10395952142748792,0.6683861749448675,-0.05803082347498345,0.06437462535377048,0.46938775510204084,0.06948510687601764,0.10395952142748792,0.6683861749448675,-0.05803082347498345,0.06437462535377048,0.46938775510204084,0.039245106876017614,0.10395952142748792,0.3775037277695742,-0.07431863216201973,0.03356393599396856,0.46938775510204084,0.01908510687601762,0.10395952142748792,0.18358209631937888,-0.08502574043265787,0.01351065483821845,0.46938775510204084,-0.03131489312398237,0.10395952142748792,-0.3012219823061094,-0.11127297785649692,-0.034969927153302605,0.42857142857142855
basis_shock_20__missing,fold_2023,2023,1,1,catalog,2015-01-05,2022-12-22,55113,7259,cs_rank_centered,0.07813443055785448,0.0755951612113009,0.5882352941176471,0.29160485476593845,238,7259,242,49,-0.18804288222468313,0.5339632743996411,0.2024793388429752,0.043806688221864155,0.06143156053304639,0.7130974346370196,-0.05508053572296989,0.04162070918993388,0.5102040816326531,0.043806688221864155,0.06143156053304639,0.7130974346370196,-0.05508053572296989,0.04162070918993388,0.5102040816326531,0.013566688221864168,0.06143156053304639,0.22084231792493905,-0.062456645495841734,0.011457586900776473,0.4897959183673469,-0.006593311778135843,0.06143156053304639,-0.10732775988311496,-0.06734448526448444,-0.008174044723229579,0.46938775510204084,-0.056993311778135845,0.06143156053304639,-0.9277529544032498,-0.07946136088987954,-0.05563465414951607,0.40816326530612246
basis_shock_20__missing,fold_2024,2024,1,1,catalog,2015-01-05,2023-12-21,62372,7076,cs_rank_centered,0.054398662553597564,0.05134855883366221,0.5,0.2321035412742637,4,7076,236,48,-0.0036783508002984355,0.517475653857011,0.2033898305084746,-0.01825784389816469,0.04868432894395739,-0.37502507057624385,-0.0352231758928232,-0.018326827216164188,0.5,-0.01825784389816469,0.04868432894395739,-0.37502507057624385,-0.0352231758928232,-0.018326827216164188,0.5,-0.04849784389816467,0.04868432894395739,-0.9961695056738405,-0.059259717365611975,-0.0462152464172787,0.4583333333333333,-0.0686578438981647,0.04868432894395739,-1.4102657957389058,-0.07495824865156209,-0.06437496479829785,0.4375,-0.11905784389816469,0.04868432894395739,-2.445506520901567,-0.11450033542034543,-0.10830601029912312,0.4166666666666667
basis_momentum_20__csz,fold_2019,2019,1,1,catalog,2015-01-05,2018-12-20,26220,7092,cs_rank_centered,-0.048628341670397895,-0.04615325696849805,0.4166666666666667,-0.19649454230975383,240,7092,244,49,-1.0733864180666477,0.7045862968344833,0.20081967213114754,-0.12194570767119936,0.04995344120473546,-2.4411873282443497,-0.11465100310572585,-0.11298714733739101,0.3673469387755102,-0.12194570767119936,0.04995344120473546,-2.4411873282443497,-0.11465100310572585,-0.11298714733739101,0.3673469387755102,-0.15218570767119938,0.04995344120473546,-3.0465510283358133,-0.13363903798525678,-0.13875599537555283,0.3469387755102041,-0.1723457076711994,0.04995344120473546,-3.4501268283967885,-0.1483181108147653,-0.1555262992024654,0.32653061224489793,-0.22274570767119936,0.04995344120473546,-4.459066328549226,-0.188384334368343,-0.19606503893978466,0.30612244897959184
basis_momentum_20__csz,fold_2020,2020,1,1,catalog,2015-01-05,2019-12-23,33306,7268,cs_rank_centered,0.011524552901238924,-0.0019662043299728247,0.49372384937238495,-0.008973746508180655,239,7268,243,49,-0.9851997365179399,0.6898286721618093,0.20164609053497942,-0.011323761371886724,0.0846111785572639,-0.133832923320208,-0.09185753710070632,-0.014358137393992831,0.5714285714285714,-0.011323761371886724,0.0846111785572639,-0.133832923320208,-0.09185753710070632,-0.014358137393992831,0.5714285714285714,-0.04156376137188672,0.0846111785572639,-0.4912325071061011,-0.09354465021079217,-0.04293294305121398,0.5306122448979592,-0.06172376137188675,0.0846111785572639,-0.729498896296697,-0.10180263921923238,-0.06153030141418081,0.5102040816326531,-0.11212376137188672,0.0846111785572639,-1.3251648692731852,-0.12774195552009715,-0.10648874644814055,0.4897959183673469
basis_momentum_20__csz,fold_2021,2021,1,1,catalog,2015-01-05,2020-12-23,40574,7287,cs_rank_centered,0.009652733775508343,0.007320804072387199,0.5104602510460251,0.03023342544276336,239,7287,243,49,-0.9667501059751056,0.6757289619614119,0.20164609053497942,-0.09539318228824958,0.0860100065929902,-1.1090940004185992,-0.11354587875640287,-0.09188853068515668,0.4897959183673469,-0.09539318228824958,0.0860100065929902,-1.1090940004185992,-0.11354587875640287,-0.09188853068515668,0.4897959183673469,-0.12563318228824957,0.0860100065929902,-1.4606809982326947,-0.13671321784800117,-0.11825911413035606,0.46938775510204084,-0.14579318228824964,0.0860100065929902,-1.6950723301087591,-0.15206381763906596,-0.13542120516106082,0.4489795918367347,-0.19619318228824964,0.0860100065929902,-2.281050659798919,-0.1895302528565419,-0.17690761288984824,0.40816326530612246
basis_momentum_20__csz,fold_2022,2022,1,1,catalog,2015-01-05,2021-12-23,47861,7252,cs_rank_centered,0.04811953747413378,0.035189167566073536,0.5714285714285714,0.15433764113507567,238,7252,242,49,-0.9124380688158513,0.6719461116892504,0.2024793388429752,0.21983936541985333,0.0793557696374515,2.770300967708105,-0.04251491154508669,0.23403764352840906,0.6530612244897959,0.21983936541985333,0.0793557696374515,2.770300967708105,-0.04251491154508669,0.23403764352840906,0.6530612244897959,0.1895993654198533,0.0793557696374515,2.3892322673709283,-0.045408996594860085,0.19842333330641493,0.6122448979591837,0.16943936541985335,0.07935576963745149,2.135186467146145,-0.047334495699092205,0.17524189066766827,0.5918367346938775,0.11903936541985335,0.0793557696374515,1.5000719665841842,-0.0521346526769888,0.11919296800204959,0.5306122448979592
basis_momentum_20__csz,fold_2023,2023,1,1,catalog,2015-01-05,2022-12-22,55113,7259,cs_rank_centered,-0.037189561633693184,-0.018279890089308384,0.4369747899159664,-0.07265767847869793,238,7259,242,49,-1.0170800566956504,0.6815850138811884,0.2024793388429752,-0.10946364581798475,0.07219709733501299,-1.5161779331660032,-0.15722339073361746,-0.10329571377078839,0.40816326530612246,-0.10946364581798475,0.07219709733501299,-1.5161779331660032,-0.15722339073361746,-0.10329571377078839,0.40816326530612246,-0.13970364581798472,0.07219709733501299,-1.935031337475025,-0.17631251596293895,-0.12934109523701598,0.3877551020408163,-0.15986364581798473,0.07219709733501299,-2.214266940347706,-0.18880401111423106,-0.14629144665926708,0.3673469387755102,-0.2102636458179847,0.07219709733501298,-2.9123559475294094,-0.21923124234871172,-0.18726568456739368,0.3469387755102041
basis_momentum_20__csz,fold_2024,2024,1,1,catalog,2015-01-05,2023-12-21,62372,7076,cs_rank_centered,-0.28129480908235865,-0.25070069554583174,0.0,-1.8365311667861328,4,7076,236,48,-0.025398540692626037,0.5216081269082186,0.2033898305084746,-0.027505344409008675,0.049238707326995125,-0.5586122362300294,-0.035223175892823644,-0.026963274826490413,0.4791666666666667,-0.027505344409008675,0.049238707326995125,-0.5586122362300294,-0.035223175892823644,-0.026963274826490413,0.4791666666666667,-0.057745344409008664,0.049238707326995125,-1.1727632089429323,-0.0592597173656122,-0.054611372870016384,0.4375,-0.07790534440900868,0.049238707326995125,-1.5821971907515344,-0.07495824865156164,-0.0726145262837522,0.4166666666666667,-0.12830534440900868,0.049238707326995125,-2.6057821452730394,-0.11450033542034554,-0.11616655393961861,0.4166666666666667
basis_momentum_20__missing,fold_2019,2019,1,1,catalog,2015-01-05,2018-12-20,26220,7092,cs_rank_centered,0.07098327643610733,0.049230745767361514,0.5541666666666667,0.17473595116808002,240,7092,244,49,-0.2267960581557451,0.5403684707660046,0.20081967213114754,0.066227459599283,0.07108181412515864,0.9317075037318513,-0.061310264280935,0.06389210406012324,0.5918367346938775,0.066227459599283,0.07108181412515864,0.9317075037318513,-0.061310264280935,0.06389210406012324,0.5918367346938775,0.03598745959928301,0.07108181412515864,0.5062822332575448,-0.06528158427192488,0.03309676687680829,0.5714285714285714,0.015827459599283007,0.07108181412515864,0.22266538627467372,-0.06792112285699892,0.013053456863929114,0.5714285714285714,-0.034572540400717,0.07108181412515864,-0.48637673118250396,-0.08037180265999921,-0.03540308947893478,0.5510204081632653
basis_momentum_20__missing,fold_2020,2020,1,1,catalog,2015-01-05,2019-12-23,33306,7268,cs_rank_centered,-0.014047916870800776,-0.008819818528664572,0.4602510460251046,-0.03308608623948755,239,7268,243,49,-0.2764357906074235,0.5514517708495561,0.20164609053497942,-0.028750042445362296,0.09505581197803911,-0.3024543354803435,-0.07583759616585128,-0.031735034113053895,0.4897959183673469,-0.028750042445362296,0.09505581197803911,-0.3024543354803435,-0.07583759616585128,-0.031735034113053895,0.4897959183673469,-0.05899004244536229,0.09505581197803911,-0.6205832259787635,-0.09718201088937073,-0.0598165509179579,0.4489795918367347,-0.0791500424453623,0.09505581197803911,-0.8326691529777104,-0.11119720748163242,-0.07809269532145668,0.4489795918367347,-0.12955004244536233,0.09505581197803913,-1.3628839704750768,-0.14531419915064625,-0.12227405658107171,0.40816326530612246
basis_momentum_20__missing,fold_2021,2021,1,1,catalog,2015-01-05,2020-12-23,40574,7287,cs_rank_centered,0.002802395015619906,0.012458781827072888,0.5062761506276151,0.04785870974329908,239,7287,243,49,-0.25323643161067366,0.5502382608613354,0.20164609053497942,0.08144400560726975,0.09521162007789633,0.8553998507812097,-0.06427085160110313,0.07769044737590902,0.5306122448979592,0.08144400560726975,0.09521162007789633,0.8553998507812097,-0.06427085160110313,0.07769044737590902,0.5306122448979592,0.051204005607269766,0.09521162007789633,0.5377915591119842,-0.06711226707012563,0.046502616720320855,0.5306122448979592,0.031044005607269737,0.09521162007789633,0.32605269799916686,-0.07304381902614676,0.02620373979484003,0.5102040816326531,-0.019355994392730242,0.09521162007789633,-0.20329445478287578,-0.09611468113473287,-0.022871034888323427,0.42857142857142855
basis_momentum_20__missing,fold_2022,2022,1,1,catalog,2015-01-05,2021-12-23,47861,7252,cs_rank_centered,0.03327926727175841,0.03084927223603911,0.49159663865546216,0.12381968740504959,238,7252,242,49,-0.2345587663180222,0.54252300707262,0.2024793388429752,0.0606801551657379,0.10471085214700906,0.5795020661329912,-0.058030823474983895,0.05523439541120845,0.46938775510204084,0.0606801551657379,0.10471085214700906,0.5795020661329912,-0.058030823474983895,0.05523439541120845,0.46938775510204084,0.030440155165737875,0.10471085214700909,0.2907067848421417,-0.07431863216202039,0.02468294489190992,0.46938775510204084,0.010280155165737883,0.10471085214700906,0.098176597314909,-0.08502574043265743,0.004798475370092481,0.46938775510204084,-0.040119844834262106,0.10471085214700909,-0.3831488715031728,-0.11127297785649648,-0.04327370391449448,0.42857142857142855
basis_momentum_20__missing,fold_2023,2023,1,1,catalog,2015-01-05,2022-12-22,55113,7259,cs_rank_centered,0.07841212430988323,0.07489397290790005,0.5882352941176471,0.28886658378455465,238,7259,242,49,-0.18876002852617346,0.5343052992819513,0.2024793388429752,0.044319214873291594,0.06137081141885153,0.7221546179472199,-0.05508053572296934,0.042143136110848856,0.5102040816326531,0.044319214873291594,0.06137081141885153,0.7221546179472199,-0.05508053572296934,0.042143136110848856,0.5102040816326531,0.014079214873291607,0.06137081141885153,0.22941223275022296,-0.06245664549584129,0.011965192005177983,0.4897959183673469,-0.006080785126708404,0.06137081141885153,-0.09908269071444188,-0.06734448526448455,-0.007676091245895189,0.46938775510204084,-0.056480785126708406,0.06137081141885153,-0.9203199993761038,-0.07946136088987965,-0.0551600504262284,0.40816326530612246
basis_momentum_20__missing,fold_2024,2024,1,1,catalog,2015-01-05,2023-12-21,62372,7076,cs_rank_centered,0.054398662553597564,0.05134855883366221,0.5,0.2321035412742637,4,7076,236,48,-0.0036783508002984355,0.517475653857011,0.2033898305084746,-0.01825784389816469,0.04868432894395739,-0.37502507057624385,-0.0352231758928232,-0.018326827216164188,0.5,-0.01825784389816469,0.04868432894395739,-0.37502507057624385,-0.0352231758928232,-0.018326827216164188,0.5,-0.04849784389816467,0.04868432894395739,-0.9961695056738405,-0.059259717365611975,-0.0462152464172787,0.4583333333333333,-0.0686578438981647,0.04868432894395739,-1.4102657957389058,-0.07495824865156209,-0.06437496479829785,0.4375,-0.11905784389816469,0.04868432894395739,-2.445506520901567,-0.11450033542034543,-0.10830601029912312,0.4166666666666667
curve_curvature__csz,fold_2019,2019,0,-1,train_rank_ic,2015-01-05,2018-12-20,26220,7092,cs_rank_centered,-0.04244290286288183,-0.03785317706577882,0.45491803278688525,-0.1806089724068676,244,7092,244,49,-1.0502444167663922,0.6906912465798631,0.20081967213114754,-0.049246539290294884,0.058207336656568166,-0.8460538158764539,-0.06734647403168792,-0.04831080663444054,0.5102040816326531,-0.049246539290294884,0.058207336656568166,-0.8460538158764539,-0.06734647403168792,-0.04831080663444054,0.5102040816326531,-0.07948653929029488,0.058207336656568166,-1.3655759540979713,-0.0794916566607603,-0.07591970477703736,0.46938775510204084,-0.09964653929029489,0.058207336656568166,-1.7119240462456498,-0.09703083230880749,-0.09388812732481033,0.4489795918367347,-0.1500465392902949,0.058207336656568166,-2.5777942766148456,-0.13945964885573303,-0.13732515399721823,0.3673469387755102
curve_curvature__csz,fold_2020,2020,0,1,train_rank_ic,2015-01-05,2019-12-23,33306,7268,cs_rank_centered,-0.041816637304176146,-0.03230110888242364,0.45267489711934156,-0.15116666466135179,243,7268,243,49,-1.0576553706595049,0.6914171154326394,0.20164609053497942,-0.06676956174819733,0.0715696496623077,-0.93293123640036,-0.1031737942231985,-0.06519132294679575,0.5102040816326531,-0.06676956174819733,0.0715696496623077,-0.93293123640036,-0.1031737942231985,-0.06519132294679575,0.5102040816326531,-0.09700956174819729,0.0715696496623077,-1.3554567083383056,-0.12345450396839863,-0.09232074034176296,0.4897959183673469,-0.11716956174819732,0.0715696496623077,-1.6371403562969364,-0.13672614725655385,-0.1099769447678901,0.4489795918367347,-0.16756956174819726,0.0715696496623077,-2.3413494761935123,-0.16905505713017321,-0.15265866544154694,0.42857142857142855
curve_curvature__csz,fold_2021,2021,0,-1,train_rank_ic,2015-01-05,2020-12-23,40574,7287,cs_rank_centered,0.04088891307401432,0.030606772896491646,0.5473251028806584,0.14775413122206005,243,7287,243,49,-0.937933252110791,0.6668143755564433,0.20164609053497942,0.056252291242881634,0.09684419987272479,0.5808534875274916,-0.09419314735079032,0.051480044998529095,0.5510204081632653,0.056252291242881634,0.09684419987272479,0.5808534875274916,-0.09419314735079032,0.051480044998529095,0.5510204081632653,0.026012291242881642,0.09684419987272479,0.2685993717441797,-0.1114779594025217,0.021035549589670577,0.5306122448979592,0.00585229124288163,0.09684419987272479,0.06042996122197165,-0.12282319249391482,0.0012207199388492018,0.5306122448979592,-0.04454770875711836,0.09684419987272479,-0.4599935650835481,-0.1505757347598835,-0.04668300575672135,0.5102040816326531
curve_curvature__csz,fold_2022,2022,0,-1,train_rank_ic,2015-01-05,2021-12-23,47861,7252,cs_rank_centered,0.0076523097074705565,0.006520090422269295,0.512396694214876,0.034324851901347896,242,7252,242,49,-0.9863237655098984,0.6754331742016471,0.2024793388429752,0.07899953533586619,0.07123055430668085,1.1090680973186908,-0.04603818519681524,0.07716589712395061,0.6326530612244898,0.07899953533586619,0.07123055430668085,1.1090680973186908,-0.04603818519681524,0.07716589712395061,0.6326530612244898,0.04875953533586621,0.07123055430668085,0.6845311792174692,-0.05177382397567942,0.045994119389101584,0.5510204081632653,0.02859953533586622,0.07123055430668085,0.40150656714998806,-0.05558032121446954,0.02570567756987452,0.5306122448979592,-0.02180046466413378,0.07123055430668083,-0.30605496301871515,-0.0650364705934744,-0.023343913221184676,0.46938775510204084
curve_curvature__csz,fold_2023,2023,0,-1,train_rank_ic,2015-01-05,2022-12-22,55113,7259,cs_rank_centered,-0.04570713467609681,-0.031179784894406162,0.4132231404958678,-0.16823000252327766,242,7259,242,49,-1.0618448877565885,0.6899116910755256,0.2024793388429752,-0.10337598680711577,0.054806543991843565,-1.886197874883343,-0.13026456440550893,-0.0970094566486367,0.40816326530612246,-0.10337598680711577,0.054806543991843565,-1.886197874883343,-0.13026456440550893,-0.0970094566486367,0.40816326530612246,-0.13361598680711573,0.054806543991843565,-2.4379568036072623,-0.14878088976484016,-0.12323318552520024,0.32653061224489793,-0.1537759868071158,0.054806543991843565,-2.80579608942321,-0.16387925166425588,-0.14029967272725197,0.2857142857142857,-0.20417598680711582,0.054806543991843565,-3.725394303963077,-0.20083305230651638,-0.18155487290235472,0.24489795918367346
curve_curvature__csz,fold_2024,2024,0,-1,train_rank_ic,2015-01-05,2023-12-21,62372,7076,cs_rank_centered,0.05736972600726237,0.04957468548561567,0.6059322033898306,0.23323255308911828,236,7076,236,48,-0.8987368952704311,0.6672666116536606,0.2033898305084746,0.1612294877812314,0.08029414482337616,2.0079856150892392,-0.027784528783763807,0.16222200340907267,0.6041666666666666,0.1612294877812314,0.08029414482337616,2.0079856150892392,-0.027784528783763807,0.16222200340907267,0.6041666666666666,0.1309894877812314,0.08029414482337616,1.631370357942915,-0.02838452878376385,0.12931741206662362,0.6041666666666666,0.1108294877812314,0.08029414482337616,1.3802935198453654,-0.028784528783763808,0.10788962717382367,0.5833333333333334,0.060429487781231424,0.08029414482337614,0.7526014246014924,-0.02978452878376381,0.05604673130396365,0.5
curve_curvature__missing,fold_2019,2019,0,-1,train_rank_ic,2015-01-05,2018-12-20,26220,7092,cs_rank_centered,0.04210667223212869,0.04235003183626382,0.5967078189300411,0.24210950943302678,243,7092,244,49,-0.37621195272751873,0.5861555346866625,0.20081967213114754,-0.017836757378348538,0.04862745737247137,-0.3668042365802609,-0.0430917961959002,-0.018299805881064946,0.40816326530612246,-0.017836757378348538,0.04862745737247137,-0.3668042365802609,-0.0430917961959002,-0.018299805881064946,0.40816326530612246,-0.04807675737834854,0.04862745737247137,-0.9886751225772584,-0.05519791859404377,-0.0467612741258131,0.3877551020408163,-0.06823675737834853,0.04862745737247137,-1.4032557132419234,-0.06456570668657391,-0.06528485324958766,0.3877551020408163,-0.11863675737834853,0.04862745737247137,-2.439707189903586,-0.10792183707778169,-0.11006488658300717,0.3469387755102041
curve_curvature__missing,fold_2020,2020,0,-1,train_rank_ic,2015-01-05,2019-12-23,33306,7268,cs_rank_centered,-0.010427980193896604,-0.027754900490253948,0.42727272727272725,-0.1321476231208226,110,7268,243,49,-0.20210876210367568,0.5564112574012371,0.20164609053497942,-0.0789892214745369,0.060163791880226906,-1.3129029771226415,-0.12477860050926648,-0.07558303256191945,0.5306122448979592,-0.0789892214745369,0.060163791880226906,-1.3129029771226415,-0.12477860050926648,-0.07558303256191945,0.5306122448979592,-0.10922922147453688,0.060163791880226906,-1.8155308709927833,-0.13943341124523223,-0.10241651216493242,0.5102040816326531,-0.1293892214745369,0.060163791880226906,-2.150616133572878,-0.14907152343298624,-0.11988002605700432,0.4897959183673469,-0.17978922147453688,0.060163791880226906,-2.988329290023114,-0.17271360083255827,-0.162095637590011,0.3469387755102041
curve_curvature__missing,fold_2021,2021,0,-1,train_rank_ic,2015-01-05,2020-12-23,40574,7287,cs_rank_centered,0.003039609260547179,-0.0006448476377416338,0.475,-0.003206167635924529,120,7287,243,49,-0.04800594353090504,0.5242448763267604,0.20164609053497942,0.07856181999311797,0.059601958524082545,1.3181080276309138,-0.03412799754554252,0.07749885660055744,0.5306122448979592,0.07856181999311797,0.059601958524082545,1.3181080276309138,-0.03412799754554252,0.07749885660055744,0.5306122448979592,0.04832181999311795,0.059601958524082545,0.8107421499176612,-0.03704231428346738,0.04631810539646941,0.46938775510204084,0.02816181999311795,0.059601958524082545,0.4724982314421597,-0.040240299166531934,0.02602381291969369,0.4489795918367347,-0.02223818000688205,0.059601958524082545,-0.3731115647465943,-0.05930193962318031,-0.023039956847502152,0.4489795918367347
curve_curvature__missing,fold_2022,2022,0,-1,train_rank_ic,2015-01-05,2021-12-23,47861,7252,cs_rank_centered,-0.018303285816574574,-0.016945774761692532,0.43386243386243384,-0.05885585257042122,189,7252,242,49,-0.1359586463990834,0.5343937734859621,0.2024793388429752,-0.02224473720343663,0.05928105033791561,-0.3752419546657241,-0.048581698967491205,-0.023035526526964167,0.3673469387755102,-0.02224473720343663,0.05928105033791561,-0.3752419546657241,-0.048581698967491205,-0.023035526526964167,0.3673469387755102,-0.05248473720343663,0.05928105033791561,-0.8853543738557529,-0.06867626377644698,-0.05136276484970603,0.3673469387755102,-0.07264473720343666,0.05928105033791561,-1.225429319982439,-0.08458783756671129,-0.06979893453379216,0.3469387755102041,-0.12304473720343664,0.05928105033791561,-2.0756166852991536,-0.12432041037416253,-0.11436749536639024,0.32653061224489793
curve_curvature__missing,fold_2023,2023,0,-1,train_rank_ic,2015-01-05,2022-12-22,55113,7259,cs_rank_centered,-0.02200726791716765,-0.01129833788809397,0.4690265486725664,-0.041397321164431816,113,7259,242,49,-0.07787933008684522,0.5276921396031562,0.2024793388429752,-0.0128406551097854,0.04707124767457433,-0.2727919004518191,-0.025338987201576235,-0.013449792663915106,0.46938775510204084,-0.0128406551097854,0.04707124767457433,-0.2727919004518191,-0.025338987201576235,-0.013449792663915106,0.46938775510204084,-0.04308065510978538,0.04707124767457433,-0.9152222904228544,-0.04918357325978373,-0.04204899827259845,0.42857142857142855,-0.0632406551097854,0.04707124767457433,-1.343509217070212,-0.06654126827606699,-0.06066226667327024,0.42857142857142855,-0.11364065510978538,0.04707124767457433,-2.4142265336886046,-0.10859060845429513,-0.10565927410367959,0.32653061224489793
curve_curvature__missing,fold_2024,2024,0,-1,train_rank_ic,2015-01-05,2023-12-21,62372,7076,cs_rank_centered,0.06813837867116807,0.05901014492055264,0.6217616580310881,0.2514623134627905,193,7076,236,48,-0.14930265210722848,0.5382885468263922,0.2033898305084746,0.050460321052153645,0.05369839271960766,0.939698908971783,-0.03323569853151731,0.04779030769078996,0.5625,0.050460321052153645,0.05369839271960766,0.939698908971783,-0.03323569853151731,0.04779030769078996,0.5625,0.020220321052153677,0.05369839271960766,0.3765535619983341,-0.03846350337540849,0.018063234388064675,0.5625,6.0321052153662445e-05,0.05369839271960766,0.0011233306827009846,-0.04193473157915528,-0.0012943519659812663,0.5416666666666666,-0.05033967894784633,0.05369839271960766,-0.9374522476063811,-0.07326642997969779,-0.04812529628643092,0.4791666666666667
value_252__csz,fold_2019,2019,1,1,catalog,2015-01-05,2018-12-20,26220,7092,cs_rank_centered,-0.016229174673669338,-0.0014327841852329567,0.47950819672131145,-0.005929976890728546,244,7092,244,49,-1.003417797600994,0.6839404606777265,0.20081967213114754,-0.048922791298778794,0.07457060895669078,-0.6560599676367433,-0.1211038218589543,-0.04899327853681046,0.42857142857142855,-0.048922791298778794,0.07457060895669078,-0.6560599676367433,-0.1211038218589543,-0.04899327853681046,0.42857142857142855,-0.07916279129877879,0.07457060895669078,-1.061581666105946,-0.13737273829177077,-0.07658334707236891,0.3877551020408163,-0.0993227912987788,0.07457060895669078,-1.331929465085415,-0.14805636492534313,-0.0945394998920589,0.3877551020408163,-0.1497227912987788,0.07457060895669078,-2.0077989625340864,-0.17420824236696464,-0.1379468149187798,0.3673469387755102
value_252__csz,fold_2020,2020,1,1,catalog,2015-01-05,2019-12-23,33306,7268,cs_rank_centered,0.009270840729459398,0.017729366775976193,0.48148148148148145,0.05479820028529174,243,7268,243,49,-0.9638685449660502,0.669792369487348,0.20164609053497942,-0.008062839814430381,0.12908063108266055,-0.062463591530375374,-0.09073922193676742,-0.015612343573362941,0.4489795918367347,-0.008062839814430381,0.12908063108266055,-0.062463591530375374,-0.09073922193676742,-0.015612343573362941,0.4489795918367347,-0.038302839814430376,0.12908063108266052,-0.29673576502660615,-0.1046180758731382,-0.04415402728245865,0.40816326530612246,-0.0584628398144304,0.12908063108266052,-0.45291721402409346,-0.11569425850698745,-0.0627297789939737,0.40816326530612246,-0.1088628398144304,0.12908063108266052,-0.8433708365178115,-0.14280773244694678,-0.10763582261513571,0.3673469387755102
value_252__csz,fold_2021,2021,1,1,catalog,2015-01-05,2020-12-23,40574,7287,cs_rank_centered,0.049109116999089875,0.04759439195223229,0.5349794238683128,0.1610931961091691,243,7287,243,49,-0.9046633060263807,0.6661725009988095,0.20164609053497942,0.11503189245335746,0.13123613208991505,0.8765260802912461,-0.1398082021693049,0.10915913471872218,0.5306122448979592,0.11503189245335746,0.13123613208991505,0.8765260802912461,-0.1398082021693049,0.10915913471872218,0.5306122448979592,0.08479189245335746,0.13123613208991505,0.6461017335931784,-0.14605934211538718,0.0770767658147522,0.5102040816326531,0.06463189245335743,0.13123613208991505,0.4924855024611331,-0.15020360480019956,0.056195413026945085,0.5102040816326531,0.014231892453357443,0.13123613208991505,0.10844492463102016,-0.1604837335135264,0.005711571062023246,0.4897959183673469
value_252__csz,fold_2022,2022,1,1,catalog,2015-01-05,2021-12-23,47861,7252,cs_rank_centered,-0.001956099611125843,0.006450398334115849,0.48760330578512395,0.02844145514113199,242,7252,242,49,-0.9873523577998167,0.6874488844932195,0.2024793388429752,-0.01742529091750194,0.09107751833100641,-0.19132373429601537,-0.06330500342620293,-0.02066242463720236,0.4489795918367347,-0.01742529091750194,0.09107751833100641,-0.19132373429601537,-0.06330500342620293,-0.02066242463720236,0.4489795918367347,-0.047665290917501914,0.09107751833100644,-0.52334859129857,-0.07067338367725051,-0.04905836886877857,0.4489795918367347,-0.06782529091750193,0.09107751833100644,-0.7446984959669405,-0.08437084037518705,-0.0675392567708748,0.42857142857142855,-0.11822529091750196,0.09107751833100641,-1.2980732576378662,-0.12101189197929652,-0.11221592997354835,0.42857142857142855
value_252__csz,fold_2023,2023,1,1,catalog,2015-01-05,2022-12-22,55113,7259,cs_rank_centered,0.028714873463775454,0.02940943721678162,0.5785123966942148,0.1139054416153669,242,7259,242,49,-0.9411476805427892,0.6665535632002942,0.2024793388429752,0.016009912567825132,0.08653144876566483,0.18501842736022436,-0.09662954469901974,0.012083418208204355,0.46938775510204084,0.016009912567825132,0.08653144876566483,0.18501842736022436,-0.09662954469901974,0.012083418208204355,0.46938775510204084,-0.014230087432174857,0.08653144876566483,-0.1644498923242491,-0.10424344144330189,-0.01724236262067158,0.42857142857142855,-0.03439008743217487,0.08653144876566483,-0.3974287721138983,-0.10928622134773003,-0.03632872634648443,0.40816326530612246,-0.08479008743217485,0.08653144876566483,-0.9798759715880208,-0.12177807343346392,-0.08247015844707961,0.3877551020408163
value_252__csz,fold_2024,2024,1,1,catalog,2015-01-05,2023-12-21,62372,7076,cs_rank_centered,-0.014315996676594575,-0.025395845169121762,0.4830508474576271,-0.08624309553170299,236,7076,236,48,-1.0509405682466038,0.6989947492179418,0.2033898305084746,-0.07129768603358239,0.08318838990690168,-0.8570629400734106,-0.09808135548336394,-0.06871871370810967,0.4583333333333333,-0.07129768603358239,0.08318838990690168,-0.8570629400734106,-0.09808135548336394,-0.06871871370810967,0.4583333333333333,-0.10153768603358239,0.08318838990690168,-1.2205752046315106,-0.11741600321716816,-0.0952053678516116,0.4583333333333333,-0.1216976860335824,0.08318838990690168,-1.4629167143369104,-0.13008125674432802,-0.11245185416080439,0.4583333333333333,-0.1720976860335824,0.08318838990690168,-2.06877048860041,-0.16143069278725086,-0.15417209243491514,0.3958333333333333
value_252__missing,fold_2019,2019,1,1,catalog,2015-01-05,2018-12-20,26220,7092,cs_rank_centered,-0.06696831714953982,-0.0834315026509712,0.3888888888888889,-0.44328923602499337,18,7092,244,49,-0.011296894770414623,0.5189824089020854,0.20081967213114754,-0.03241810817535633,0.048797221133034994,-0.664343325759789,-0.07097341777373356,-0.032135144787394876,0.40816326530612246,-0.03241810817535633,0.048797221133034994,-0.664343325759789,-0.07097341777373356,-0.032135144787394876,0.40816326530612246,-0.06265810817535632,0.048797221133034994,-1.284050745523657,-0.0843003761167378,-0.060203517858708255,0.3673469387755102,-0.08281810817535634,0.048797221133034994,-1.6971890253662358,-0.0980079495837648,-0.07847113132312222,0.3469387755102041,-0.13321810817535634,0.048797221133034994,-2.730034724972682,-0.13609156441003734,-0.12263194827756674,0.32653061224489793
value_252__missing,fold_2020,2020,1,1,catalog,2015-01-05,2019-12-23,33306,7268,cs_rank_centered,-0.046866652781594416,-0.0539424239476432,0.3611111111111111,-0.3543719897091751,108,7268,243,49,-0.05804073292547751,0.5284408300671847,0.20164609053497942,-0.06390744704664755,0.07448075009972596,-0.8580397882819213,-0.11113938840436921,-0.06277378364993946,0.5510204081632653,-0.06390744704664755,0.07448075009972596,-0.8580397882819213,-0.11113938840436921,-0.06277378364993946,0.5510204081632653,-0.09414744704664753,0.07448075009972596,-1.2640507368761575,-0.12431150099770027,-0.08997206004381086,0.5306122448979592,-0.11430744704664758,0.07448075009972596,-1.534724702605649,-0.1337667633931744,-0.10767309964838756,0.5306122448979592,-0.16470744704664755,0.07448075009972596,-2.2114096169293758,-0.15732223524503774,-0.15046327385378155,0.32653061224489793
value_252__missing,fold_2021,2021,1,1,catalog,2015-01-05,2020-12-23,40574,7287,cs_rank_centered,,,,,0,7287,243,49,,,0.20164609053497942,0.09956031512754779,0.06364895006663829,1.5642098577166086,-0.03185982834243506,0.09942441508669186,0.6122448979591837,0.09956031512754779,0.06364895006663829,1.5642098577166086,-0.03185982834243506,0.09942441508669186,0.6122448979591837,0.0693203151275478,0.06364895006663829,1.0891038273996947,-0.0342001480954961,0.06762191977827103,0.5510204081632653,0.04916031512754779,0.06364895006663829,0.7723664738550851,-0.03702124342559965,0.04692275701568094,0.5102040816326531,-0.0012396848724521995,0.06364895006663829,-0.01947691000643831,-0.04591235930672988,-0.0031205136219883967,0.4897959183673469
value_252__missing,fold_2022,2022,1,1,catalog,2015-01-05,2021-12-23,47861,7252,cs_rank_centered,,,,,0,7252,242,49,,,0.2024793388429752,-0.013131117549257876,0.05669772568975125,-0.23159866448807973,-0.054758892501525436,-0.014198288690814187,0.40816326530612246,-0.013131117549257876,0.05669772568975125,-0.23159866448807973,-0.054758892501525436,-0.014198288690814187,0.40816326530612246,-0.043371117549257876,0.05669772568975125,-0.7649533913685307,-0.06911526227657949,-0.04277650683091827,0.3877551020408163,-0.06353111754925791,0.05669772568975125,-1.1205232092888318,-0.07994725398837654,-0.06137610480533018,0.3673469387755102,-0.1139311175492579,0.05669772568975125,-2.0094477540895834,-0.11168280578626011,-0.10634002694384381,0.3469387755102041
value_252__missing,fold_2023,2023,1,1,catalog,2015-01-05,2022-12-22,55113,7259,cs_rank_centered,,,,,0,7259,242,49,,,0.2024793388429752,-0.021702896790836226,0.04739479057379983,-0.45791734762583247,-0.04807116574478476,-0.021932085120865086,0.4489795918367347,-0.021702896790836226,0.04739479057379983,-0.45791734762583247,-0.04807116574478476,-0.021932085120865086,0.4489795918367347,-0.0519428967908362,0.04739479057379983,-1.095962154531612,-0.0624381958588166,-0.05029033188977017,0.40816326530612246,-0.07210289679083624,0.04739479057379983,-1.5213253591354663,-0.07845368247406326,-0.06874669820110146,0.40816326530612246,-0.12250289679083622,0.04739479057379983,-2.5847333706450994,-0.11806160337365712,-0.11336413546975632,0.32653061224489793
value_252__missing,fold_2024,2024,1,1,catalog,2015-01-05,2023-12-21,62372,7076,cs_rank_centered,,,,,0,7076,236,48,,,0.2033898305084746,-0.01768121837238859,0.048704968501364534,-0.36302699532375693,-0.0352231758928232,-0.017788303737489963,0.5,-0.01768121837238859,0.048704968501364534,-0.36302699532375693,-0.0352231758928232,-0.017788303737489963,0.5,-0.04792121837238859,0.048704968501364534,-0.9839082099200209,-0.05925971736561253,-0.04569170810283241,0.4583333333333333,-0.06808121837238859,0.048704968501364534,-1.3978290196508638,-0.07495824865156164,-0.06386118905228433,0.4375,-0.11848121837238858,0.048704968501364534,-2.432631043977971,-0.11450033542034599,-0.10781586811375465,0.4166666666666667
short_reversal_5__csz,fold_2019,2019,1,1,catalog,2015-01-05,2018-12-20,26220,7092,cs_rank_centered,-0.014655434872397089,0.0018854324653008053,0.5040983606557377,0.007249602073922848,244,7092,244,49,-0.9967460306893874,0.6751191214525326,0.20081967213114754,0.004648014795135658,0.07629172848148981,0.060924229764480656,-0.05628754612399123,0.0017500412885571581,0.4897959183673469,0.004648014795135658,0.07629172848148981,0.060924229764480656,-0.05628754612399123,0.0017500412885571581,0.4897959183673469,-0.025591985204864325,0.07629172848148981,-0.3354490154338757,-0.07669920641035477,-0.027281865452883358,0.4489795918367347,-0.04575198520486433,0.07629172848148981,-0.5996978455661134,-0.09138711049260162,-0.04617687608632015,0.4489795918367347,-0.09615198520486434,0.07629172848148981,-1.260319920896708,-0.1271173146093305,-0.09185541310998535,0.3673469387755102
short_reversal_5__csz,fold_2020,2020,1,1,catalog,2015-01-05,2019-12-23,33306,7268,cs_rank_centered,0.033493883311345535,0.0290086058586529,0.5267489711934157,0.11530062041304848,243,7268,243,49,-0.9418529264895401,0.6672690593622216,0.20164609053497942,0.08931824003324329,0.09548578657586117,0.9354087475865542,-0.052878511987793586,0.08593382710916897,0.6122448979591837,0.08931824003324329,0.09548578657586117,0.9354087475865542,-0.052878511987793586,0.08593382710916897,0.6122448979591837,0.059078240033243294,0.09548578657586118,0.618712398481496,-0.05461366771628984,0.05451223960616147,0.6122448979591837,0.03891824003324326,0.09548578657586117,0.4075814990781236,-0.0557692602130373,0.03406114375947378,0.5918367346938775,-0.011481759966756731,0.09548578657586117,-0.12024574943030658,-0.05865412129369674,-0.015381893560093673,0.4897959183673469
short_reversal_5__csz,fold_2021,2021,1,1,catalog,2015-01-05,2020-12-23,40574,7287,cs_rank_centered,0.018972774965953402,0.016097152904992505,0.5308641975308642,0.05836724280334021,243,7287,243,49,-0.9677867921951839,0.6738655315052584,0.20164609053497942,-0.11659094526159823,0.11409681296412422,-1.0218597893550125,-0.20085745860835102,-0.11284542061690706,0.4489795918367347,-0.11659094526159823,0.11409681296412422,-1.0218597893550125,-0.20085745860835102,-0.11284542061690706,0.4489795918367347,-0.14683094526159823,0.11409681296412422,-1.2868978672328621,-0.2199216182437851,-0.13862094113676438,0.42857142857142855,-0.16699094526159824,0.11409681296412422,-1.463589919151429,-0.23238394136973273,-0.15539554843584535,0.42857142857142855,-0.21739094526159822,0.11409681296412422,-1.9053200489478448,-0.26269659111116694,-0.19594455955338796,0.3877551020408163
short_reversal_5__csz,fold_2022,2022,1,1,catalog,2015-01-05,2021-12-23,47861,7252,cs_rank_centered,0.029148980681193874,0.03047730403039892,0.5454545454545454,0.10670799559770998,242,7252,242,49,-0.9394504152568639,0.6684366330742122,0.2024793388429752,0.12598607424300012,0.1388264676744883,0.907507598179365,-0.07100607874966547,0.1199599087524299,0.5714285714285714,0.12598607424300012,0.1388264676744883,0.907507598179365,-0.07100607874966547,0.1199599087524299,0.5714285714285714,0.09574607424300008,0.1388264676744883,0.6896817000883402,-0.08102983986650092,0.08757085629203187,0.5510204081632653,0.07558607424300008,0.1388264676744883,0.5444644346943237,-0.09215005905273821,0.06648980212658562,0.5510204081632653,0.02518607424300009,0.13882646767448834,0.1814212712092829,-0.12260266081597782,0.01552284468242604,0.5306122448979592
short_reversal_5__csz,fold_2023,2023,1,1,catalog,2015-01-05,2022-12-22,55113,7259,cs_rank_centered,-0.022403042890858007,-0.006299097762103198,0.5,-0.023043365403851004,242,7259,242,49,-1.0127041238290628,0.674872775565851,0.2024793388429752,-0.012081747241802157,0.07346999822631488,-0.1644446377225421,-0.08478816893050756,-0.014219462009263162,0.5306122448979592,-0.012081747241802157,0.07346999822631488,-0.1644446377225421,-0.08478816893050756,-0.014219462009263162,0.5306122448979592,-0.04232174724180214,0.07346999822631488,-0.576041217687735,-0.09792512082655591,-0.04279767915211641,0.5102040816326531,-0.06248174724180218,0.07346999822631488,-0.8504389376645308,-0.11048540338172108,-0.06139726713083116,0.5102040816326531,-0.11288174724180215,0.07346999822631488,-1.5364332376065188,-0.14377135064977553,-0.1063611335902277,0.46938775510204084
short_reversal_5__csz,fold_2024,2024,1,1,catalog,2015-01-05,2023-12-21,62372,7076,cs_rank_centered,0.04975762400048904,0.0384867464116225,0.5508474576271186,0.12861257519079486,236,7076,236,48,-0.9237321590266652,0.6569170191614198,0.2033898305084746,0.1930333397546931,0.12751524080873944,1.51380602452239,-0.05675173631143915,0.19265393329017666,0.6041666666666666,0.1930333397546931,0.12751524080873944,1.51380602452239,-0.05675173631143915,0.19265393329017666,0.6041666666666666,0.1627933397546931,0.12751524080873944,1.2766579016140307,-0.06073974508135904,0.1589028058741382,0.6041666666666666,0.14263333975469306,0.12751524080873944,1.1185591530084573,-0.06339038120857576,0.13692351346662557,0.5833333333333334,0.09223333975469307,0.12751524080873944,0.7233122814945249,-0.06998893863330458,0.08374549481275273,0.5625
inventory_scarcity__csz,fold_2019,2019,1,1,catalog,2015-01-05,2018-12-20,26220,7092,cs_rank_centered,0.018701377068779557,0.014204275398434588,0.5020576131687243,0.08140777392099068,243,7092,244,49,-0.5819003699419956,0.6190033189566417,0.20081967213114754,0.0742511187461889,0.04684836192352369,1.584924545865618,-0.03263434499594198,0.07368194997381705,0.5918367346938775,0.0742511187461889,0.04684836192352369,1.584924545865618,-0.03263434499594198,0.07368194997381705,0.5918367346938775,0.044011118746188876,0.04684836192352369,0.9394377292856816,-0.041066967191880854,0.04260982729020246,0.5510204081632653,0.02385111874618887,0.04684836192352369,0.5091131848990573,-0.04758297320680149,0.02238626595057336,0.5510204081632653,-0.026548881253811128,0.04684836192352369,-0.566698176067503,-0.06801010787221606,-0.026506404851429077,0.4489795918367347
inventory_scarcity__csz,fold_2020,2020,1,1,catalog,2015-01-05,2019-12-23,33306,7268,cs_rank_centered,0.0182031822300041,0.007886905161623188,0.5041666666666667,0.05002139511541441,240,7268,243,49,-0.5861567165325341,0.6241869059442552,0.20164609053497942,-0.03154784014395636,0.05583369549496458,-0.5650322778079688,-0.05703448678347367,-0.031660013097649986,0.4489795918367347,-0.03154784014395636,0.05583369549496458,-0.5650322778079688,-0.05703448678347367,-0.031660013097649986,0.4489795918367347,-0.06178784014395636,0.05583369549496458,-1.1066407049758826,-0.0638295003251762,-0.05974209182225798,0.42857142857142855,-0.08194784014395635,0.05583369549496458,-1.4677129897544918,-0.07562997748933808,-0.0780186265766819,0.42857142857142855,-0.1323478401439563,0.05583369549496458,-2.3703937017010146,-0.11083828644126514,-0.12220101456032417,0.3469387755102041
inventory_scarcity__csz,fold_2021,2021,1,1,catalog,2015-01-05,2020-12-23,40574,7287,cs_rank_centered,0.011590617635756658,0.014259428631124714,0.5390946502057613,0.07855402683656836,243,7287,243,49,-0.5839747145877583,0.6270793321800548,0.20164609053497942,0.002446293729590425,0.06310839225627912,0.03876336636268887,-0.0632183262364775,0.0004815991510318529,0.4897959183673469,0.002446293729590425,0.06310839225627912,0.03876336636268887,-0.0632183262364775,0.0004815991510318529,0.4897959183673469,-0.02779370627040957,0.06310839225627912,-0.440412206312294,-0.0716507724666936,-0.02851377663767307,0.42857142857142855,-0.04795370627040959,0.06310839225627912,-0.7598625880956161,-0.07737001731226034,-0.04738500762359721,0.40816326530612246,-0.09835370627040957,0.06310839225627912,-1.5584885425539208,-0.09750343478327583,-0.09300604414754066,0.3469387755102041
inventory_scarcity__csz,fold_2022,2022,1,1,catalog,2015-01-05,2021-12-23,47861,7252,cs_rank_centered,-0.023762119200345277,-0.025634626065265537,0.44214876033057854,-0.1328969239759971,242,7252,242,49,-0.6443960662651629,0.6305602123687978,0.2024793388429752,-0.05014078995943798,0.07310957823918776,-0.6858306553950521,-0.08977904077778831,-0.05003234219415931,0.3877551020408163,-0.05014078995943798,0.07310957823918776,-0.6858306553950521,-0.08977904077778831,-0.05003234219415931,0.3877551020408163,-0.08038078995943798,0.07310957823918776,-1.0994563488857982,-0.10123094017398859,-0.07759282692401592,0.3877551020408163,-0.10054078995943797,0.07310957823918776,-1.3752068112129623,-0.10883520878002162,-0.09552971707989577,0.3877551020408163,-0.15094078995943794,0.07310957823918776,-2.0645829670308724,-0.14816829359728334,-0.13889043629672893,0.2857142857142857
inventory_scarcity__csz,fold_2023,2023,1,1,catalog,2015-01-05,2022-12-22,55113,7259,cs_rank_centered,-0.02588516142766361,-0.017177635112685496,0.46473029045643155,-0.10170946678617407,241,7259,242,49,-0.6301733377041978,0.6321563108001821,0.2024793388429752,-0.0761445683895704,0.04109906759409758,-1.852707928598017,-0.08728908837275684,-0.07215711986808115,0.3877551020408163,-0.0761445683895704,0.04109906759409758,-1.852707928598017,-0.08728908837275684,-0.07215711986808115,0.3877551020408163,-0.10638456838957039,0.04109906759409758,-2.588491044133779,-0.10577463400018305,-0.09908753348198274,0.32653061224489793,-0.1265445683895704,0.04109906759409758,-3.079013121157621,-0.11817492012483022,-0.11661417269236718,0.30612244897959184,-0.17694456838957037,0.04109906759409758,-4.305318313717224,-0.15787326238175725,-0.1589825143721887,0.2653061224489796
inventory_scarcity__csz,fold_2024,2024,1,1,catalog,2015-01-05,2023-12-21,62372,7076,cs_rank_centered,-0.026099745209545434,-0.02889938737142002,0.46808510638297873,-0.16674466127075147,235,7076,236,48,-0.648055523511817,0.6326957744668901,0.2033898305084746,-0.047522178634582385,0.04743617741670892,-1.001812987946267,-0.0532287423435297,-0.045275019262212446,0.4583333333333333,-0.047522178634582385,0.04743617741670892,-1.001812987946267,-0.0532287423435297,-0.045275019262212446,0.4583333333333333,-0.07776217863458239,0.04743617741670892,-1.6393011171931287,-0.07622794048497505,-0.07241334785570852,0.375,-0.09792217863458239,0.04743617741670892,-2.0642932033577033,-0.09201328840916656,-0.09008439887422581,0.375,-0.1483221786345824,0.04743617741670892,-3.1267734187691403,-0.13088878018519268,-0.13283247295717282,0.3125
inventory_scarcity__missing,fold_2019,2019,1,1,catalog,2015-01-05,2018-12-20,26220,7092,cs_rank_centered,-0.01052774784712871,-0.010049795749056822,0.448559670781893,-0.046285675761604056,243,7092,244,49,-0.6063814259787901,0.6251908351189717,0.20081967213114754,-0.009573188614665919,0.05525332461748064,-0.17325995640879907,-0.04221387505302121,-0.010704194114763532,0.5102040816326531,-0.009573188614665919,0.05525332461748064,-0.17325995640879907,-0.04221387505302121,-0.010704194114763532,0.5102040816326531,-0.03981318861466591,0.05525332461748064,-0.7205573400386862,-0.05650266603019982,-0.039381618552620457,0.4489795918367347,-0.059973188614665905,0.055253324617480636,-1.0854222624586112,-0.06591459488576723,-0.0580458162251567,0.42857142857142855,-0.11037318861466587,0.055253324617480636,-1.9975845685084228,-0.10393016787804654,-0.10316601761599342,0.3673469387755102
inventory_scarcity__missing,fold_2020,2020,1,1,catalog,2015-01-05,2019-12-23,33306,7268,cs_rank_centered,0.006686629646063454,0.0029317745929461534,0.4666666666666667,0.012943463647961218,240,7268,243,49,-0.5764404485166479,0.6203399508302911,0.20164609053497942,-0.06692810770680113,0.060672629600995565,-1.1031021425467098,-0.10665988306757657,-0.06468347225097304,0.40816326530612246,-0.06692810770680113,0.060672629600995565,-1.1031021425467098,-0.10665988306757657,-0.06468347225097304,0.40816326530612246,-0.09716810770680115,0.060672629600995565,-1.6015146919758154,-0.1221341649723201,-0.09182694532764846,0.3877551020408163,-0.11732810770680113,0.060672629600995565,-1.933789724928552,-0.13385246427714503,-0.1094923079963922,0.3673469387755102,-0.16772810770680116,0.060672629600995565,-2.7644773073103948,-0.1629421947332308,-0.15219620335157957,0.3673469387755102
inventory_scarcity__missing,fold_2021,2021,1,1,catalog,2015-01-05,2020-12-23,40574,7287,cs_rank_centered,-0.018957171868038365,-0.016696579370010557,0.4609053497942387,-0.07411086688277845,243,7287,243,49,-0.6130137251785586,0.6306953269233758,0.20164609053497942,0.045585014326029585,0.06931018003673639,0.6576958002687082,-0.06558816374884335,0.042919760909694515,0.5714285714285714,0.045585014326029585,0.06931018003673639,0.6576958002687082,-0.06558816374884335,0.042919760909694515,0.5714285714285714,0.015345014326029596,0.06931018003673639,0.2213962554692009,-0.07177496646764236,0.012719490615231921,0.46938775510204084,-0.004814985673970423,0.06931018003673639,-0.06947010773047108,-0.07587878830437644,-0.006936326386308256,0.46938775510204084,-0.055214985673970415,0.06931018003673639,-0.7966360157296503,-0.08606628293853924,-0.05445543108559581,0.3673469387755102
inventory_scarcity__missing,fold_2022,2022,1,1,catalog,2015-01-05,2021-12-23,47861,7252,cs_rank_centered,0.0024593634236310374,0.0027682011722298073,0.5206611570247934,0.013075286899784455,242,7252,242,49,-0.5818916974581871,0.6181776931249133,0.2024793388429752,0.01983265327755107,0.068188099849805,0.2908521182029651,-0.03831027054959257,0.01721201990715704,0.5510204081632653,0.01983265327755107,0.068188099849805,0.2908521182029651,-0.03831027054959257,0.01721201990715704,0.5510204081632653,-0.010407346722448913,0.068188099849805,-0.1526270235623625,-0.048424725415167846,-0.012258581158696491,0.4897959183673469,-0.030567346722448915,0.068188099849805,-0.44827978473924773,-0.057914129550529214,-0.031439259154304455,0.4489795918367347,-0.08096734672244892,0.068188099849805,-1.1874116876814607,-0.09036515130848399,-0.07780889748978859,0.42857142857142855
inventory_scarcity__missing,fold_2023,2023,1,1,catalog,2015-01-05,2022-12-22,55113,7259,cs_rank_centered,0.014224806333962912,0.0059127349130398245,0.5269709543568465,0.026009698375507716,241,7259,242,49,-0.5758813941716261,0.621725909131318,0.2024793388429752,-0.04734747814804689,0.02995601729656218,-1.580566524558677,-0.04094340970128818,-0.04541818344780135,0.4489795918367347,-0.04734747814804689,0.02995601729656218,-1.580566524558677,-0.04094340970128818,-0.04541818344780135,0.4489795918367347,-0.07758747814804691,0.029956017296562186,-2.590046513190891,-0.06590616175434039,-0.073108646737435,0.40816326530612246,-0.09774747814804689,0.02995601729656218,-3.263033172279034,-0.08369837463894436,-0.091130190472968,0.3877551020408163,-0.1481474781480469,0.029956017296562186,-4.945499819999391,-0.12673977562335859,-0.13469575728259908,0.24489795918367346
inventory_scarcity__missing,fold_2024,2024,1,1,catalog,2015-01-05,2023-12-21,62372,7076,cs_rank_centered,-0.0772892265049059,-0.08589735435430272,0.34893617021276596,-0.319451387375789,235,7076,236,48,-0.7157648030645385,0.6486286095065651,0.2033898305084746,-0.10934853840531093,0.05181060142115058,-2.110543699665909,-0.11104624798118534,-0.1001364939232604,0.4375,-0.10934853840531093,0.05181060142115058,-2.110543699665909,-0.11104624798118534,-0.1001364939232604,0.4375,-0.13958853840531094,0.05181060142115058,-2.694208030334249,-0.13479572923532368,-0.12574659040807812,0.4375,-0.15974853840531092,0.05181060142115058,-3.0833175841131424,-0.1502828596292617,-0.1424220502921546,0.3958333333333333,-0.21014853840531095,0.051810601421150564,-4.0560914685603775,-0.18782446513958118,-0.18276004734798734,0.3125
inventory_change_5__csz,fold_2019,2019,1,1,catalog,2015-01-05,2018-12-20,26220,7092,cs_rank_centered,-0.013221901076729874,-0.010701324731067007,0.47540983606557374,-0.057060957504139004,244,7092,244,49,-0.566838109119123,0.6215200632076373,0.20081967213114754,0.02055430275091626,0.05807971376363526,0.35389814134699943,-0.05129839693261018,0.018543201379314977,0.5102040816326531,0.02055430275091626,0.05807971376363526,0.35389814134699943,-0.05129839693261018,0.018543201379314977,0.5102040816326531,-0.009685697249083733,0.05807971376363526,-0.16676558167110184,-0.0587017166859356,-0.01096483059602471,0.5102040816326531,-0.02984569724908375,0.05807971376363526,-0.5138747303498364,-0.06360759662527904,-0.03016988797459985,0.5102040816326531,-0.08024569724908376,0.05807971376363526,-1.3816476020466724,-0.09288336803213215,-0.07659852390752131,0.4489795918367347
inventory_change_5__csz,fold_2020,2020,1,1,catalog,2015-01-05,2019-12-23,33306,7268,cs_rank_centered,0.02389753723968262,0.03413942810384158,0.5435684647302904,0.16605009379193175,241,7268,243,49,-0.528658917619719,0.6149610868666531,0.20164609053497942,0.004291540704891605,0.06887944430374261,0.06230510057495369,-0.06725808791788457,0.0019098960790746577,0.5918367346938775,0.004291540704891605,0.06887944430374261,0.06230510057495369,-0.06725808791788457,0.0019098960790746577,0.5918367346938775,-0.025948459295108393,0.06887944430374261,-0.376722831570499,-0.07343493750423413,-0.027126257952410082,0.5510204081632653,-0.046108459295108394,0.06887944430374261,-0.6694081196674675,-0.07753215361093502,-0.04602403881137207,0.46938775510204084,-0.0965084592951084,0.06887944430374261,-1.401121339909889,-0.0936685975764806,-0.09170929284229601,0.4489795918367347
inventory_change_5__csz,fold_2021,2021,1,1,catalog,2015-01-05,2020-12-23,40574,7287,cs_rank_centered,0.002743293344646954,-0.003234482936471906,0.4773662551440329,-0.018469839288181775,243,7287,243,49,-0.5934891288679291,0.6284333866707769,0.20164609053497942,-0.009775911529884338,0.06523581533339018,-0.1498549758276824,-0.04815107265099683,-0.011464066906133663,0.46938775510204084,-0.009775911529884338,0.06523581533339018,-0.1498549758276824,-0.04815107265099683,-0.011464066906133663,0.46938775510204084,-0.040015911529884325,0.06523581533339018,-0.613404022397535,-0.06930226826781183,-0.04012023579670676,0.40816326530612246,-0.060175911529884336,0.06523581533339018,-0.9224367201107704,-0.08450606968895469,-0.05877058762337106,0.40816326530612246,-0.1105759115298843,0.06523581533339018,-1.6950184643938577,-0.12313596644948532,-0.10385727646318277,0.3673469387755102
inventory_change_5__csz,fold_2022,2022,1,1,catalog,2015-01-05,2021-12-23,47861,7252,cs_rank_centered,0.027508458949853137,0.025838043731519305,0.5661157024793388,0.15003273657231803,242,7252,242,49,-0.5496988955317916,0.61585456976027,0.2024793388429752,0.08848671787250385,0.0676201144506463,1.308585745401058,-0.06645421958576359,0.0873897743970713,0.5918367346938775,0.08848671787250385,0.0676201144506463,1.308585745401058,-0.06645421958576359,0.0873897743970713,0.5918367346938775,0.058246717872503836,0.06762011445064628,0.8613815333751945,-0.070964452746055,0.055928260960379506,0.5918367346938775,0.038086717872503804,0.06762011445064628,0.5632453920246181,-0.07396067174803267,0.03545114481841649,0.5918367346938775,-0.012313282127496175,0.0676201144506463,-0.1820949613518214,-0.08141425791581813,-0.01405491451928842,0.5714285714285714
inventory_change_5__csz,fold_2023,2023,1,1,catalog,2015-01-05,2022-12-22,55113,7259,cs_rank_centered,0.016036351734183538,0.020182661476146578,0.5375,0.10846571716718557,240,7259,242,49,-0.5782109199512695,0.6233216859383663,0.2024793388429752,-0.001827475678293482,0.044748077757184486,-0.040839199578803664,-0.024586836671598444,-0.00272692042287348,0.5102040816326531,-0.001827475678293482,0.044748077757184486,-0.040839199578803664,-0.024586836671598444,-0.00272692042287348,0.5102040816326531,-0.032067475678293475,0.044748077757184486,-0.7166224178902281,-0.03705893919557368,-0.03163062761197,0.46938775510204084,-0.052227475678293486,0.044748077757184486,-1.167144563431178,-0.05266213415554033,-0.05044217606720325,0.46938775510204084,-0.10262747567829349,0.044748077757184486,-2.293449927283552,-0.09271963215339463,-0.09591885885109941,0.3469387755102041
inventory_change_5__csz,fold_2024,2024,1,1,catalog,2015-01-05,2023-12-21,62372,7076,cs_rank_centered,0.012078314543828473,0.012380766501416944,0.5683760683760684,0.07106977483308168,234,7076,236,48,-0.5871332844131179,0.620648503711212,0.2033898305084746,0.03016884308588743,0.04030737895509167,0.7484694829574492,-0.03463868806344006,0.028356633213147298,0.6041666666666666,0.03016884308588743,0.04030737895509167,0.7484694829574492,-0.03463868806344006,0.028356633213147298,0.6041666666666666,-7.115691411257002e-05,0.04030737895509167,-0.0017653570129640345,-0.039507281814125994,-0.000829950411796232,0.5416666666666666,-0.02023115691411258,0.04030737895509167,-0.5019219169932398,-0.0453565116857243,-0.01983541307842307,0.5416666666666666,-0.07063115691411258,0.04030737895509167,-1.7523133169439287,-0.06991317677632847,-0.06581390993019387,0.3958333333333333
inventory_change_5__missing,fold_2019,2019,1,1,catalog,2015-01-05,2018-12-20,26220,7092,cs_rank_centered,-0.02399302208510925,-0.02592427376261962,0.4139344262295082,-0.11484402191540517,244,7092,244,49,-0.72029471273935,0.6467340825554062,0.20081967213114754,-0.02868384969238423,0.048122780844559856,-0.5960555310599193,-0.060037084335539004,-0.028581309498382335,0.42857142857142855,-0.02868384969238423,0.048122780844559856,-0.5960555310599193,-0.060037084335539004,-0.028581309498382335,0.42857142857142855,-0.05892384969238421,0.048122780844559856,-1.224448144065336,-0.07383187189124141,-0.056750649069349346,0.40816326530612246,-0.07908384969238423,0.048122780844559856,-1.6433765527356143,-0.08740354140858986,-0.0750840074170398,0.3469387755102041,-0.12948384969238425,0.048122780844559856,-2.69069757441131,-0.12853292802690341,-0.11940387068904057,0.32653061224489793
inventory_change_5__missing,fold_2020,2020,1,1,catalog,2015-01-05,2019-12-23,33306,7268,cs_rank_centered,-0.00944560519256813,-0.012793509262008762,0.44398340248962653,-0.053024338357845945,241,7268,243,49,-0.6835842704207278,0.637748607361981,0.20164609053497942,-0.06565340587695973,0.0757884138437508,-0.8662723303896304,-0.13581141861879542,-0.0644480798959165,0.40816326530612246,-0.06565340587695973,0.0757884138437508,-0.8662723303896304,-0.13581141861879542,-0.0644480798959165,0.40816326530612246,-0.09589340587695974,0.0757884138437508,-1.2652779100860774,-0.1456858235480306,-0.09159879000725335,0.3877551020408163,-0.11605340587695975,0.0757884138437508,-1.5312816298837086,-0.15220927427786768,-0.10926885654310925,0.3877551020408163,-0.16645340587695975,0.0757884138437508,-2.1962909293777866,-0.16831206565109091,-0.15198410235797521,0.3469387755102041
inventory_change_5__missing,fold_2021,2021,1,1,catalog,2015-01-05,2020-12-23,40574,7287,cs_rank_centered,-0.001061020471306995,0.0016484891975086405,0.4732510288065844,0.007294949741527476,243,7287,243,49,-0.6648048491980221,0.6352645003146842,0.20164609053497942,0.07790777292421645,0.08106493987745152,0.9610538543788739,-0.06448193334447783,0.07527339469122207,0.5918367346938775,0.07790777292421645,0.08106493987745152,0.9610538543788739,-0.06448193334447783,0.07527339469122207,0.5918367346938775,0.047667772924216464,0.08106493987745152,0.5880195926411268,-0.06955938366515169,0.04415485287388354,0.5306122448979592,0.027507772924216446,0.08106493987745152,0.3393300848159616,-0.07293072756372854,0.02390108415812553,0.5102040816326531,-0.022892227075783523,0.08106493987745152,-0.2823936847469503,-0.0822237460926053,-0.02506459961807017,0.3877551020408163
inventory_change_5__missing,fold_2022,2022,1,1,catalog,2015-01-05,2021-12-23,47861,7252,cs_rank_centered,0.0044084583573168095,0.002936824139367279,0.5247933884297521,0.013630442155966567,242,7252,242,49,-0.6618513939109432,0.6343104942682705,0.2024793388429752,0.022612676879705716,0.06982526798243632,0.32384661789473773,-0.04417406421516834,0.01985377246744302,0.5102040816326531,0.022612676879705716,0.06982526798243632,0.32384661789473773,-0.04417406421516834,0.01985377246744302,0.5102040816326531,-0.0076273231202942755,0.06982526798243634,-0.10923442674380904,-0.05956457590612352,-0.009691888392769243,0.5102040816326531,-0.027787323120294288,0.06982526798243634,-0.3979551231695071,-0.06969204141524277,-0.028921441887861277,0.4897959183673469,-0.07818732312029428,0.06982526798243632,-1.1197568642337519,-0.09455334096829038,-0.07540931676680607,0.40816326530612246
inventory_change_5__missing,fold_2023,2023,1,1,catalog,2015-01-05,2022-12-22,55113,7259,cs_rank_centered,0.011470573474560044,0.0013634194477215042,0.5083333333333333,0.0061027154847940095,240,7259,242,49,-0.6596771144003009,0.6353909568349668,0.2024793388429752,-0.058400611651223344,0.03459256124083309,-1.6882419097169137,-0.056305697935573606,-0.055767266610971866,0.4489795918367347,-0.058400611651223344,0.03459256124083309,-1.6882419097169137,-0.056305697935573606,-0.055767266610971866,0.4489795918367347,-0.08864061165122333,0.03459256124083309,-2.562418290860518,-0.08028569995145118,-0.08316360987794924,0.40816326530612246,-0.10880061165122336,0.03459256124083309,-3.1452025449562555,-0.0978096861344383,-0.10099363727330879,0.3469387755102041,-0.15920061165122332,0.03459256124083309,-4.602163180195596,-0.1402017615852894,-0.1440959036182744,0.2653061224489796
inventory_change_5__missing,fold_2024,2024,1,1,catalog,2015-01-05,2023-12-21,62372,7076,cs_rank_centered,-0.07681705874020359,-0.0787477023783273,0.37606837606837606,-0.27400677545865904,234,7076,236,48,-0.7892358618681063,0.659386106833525,0.2033898305084746,-0.11332055355488795,0.06358590610019116,-1.7821646415847376,-0.11709897178039252,-0.10411183757381148,0.4166666666666667,-0.11332055355488795,0.06358590610019116,-1.7821646415847376,-0.11709897178039252,-0.10411183757381148,0.4166666666666667,-0.14356055355488792,0.06358590610019116,-2.2577417286258714,-0.1391419677513268,-0.12961144798875246,0.4166666666666667,-0.16372055355488793,0.06358590610019116,-2.574793119986628,-0.15429220088712803,-0.14621492611352138,0.3958333333333333,-0.21412055355488793,0.06358590610019116,-3.3674215983885185,-0.1916610224069153,-0.18637866035549933,0.375
inventory_surprise__csz,fold_2019,2019,1,1,catalog,2015-01-05,2018-12-20,26220,7092,cs_rank_centered,-0.014010349099343998,-0.006044323602415849,0.4423076923076923,-0.03027677523170883,52,7092,244,49,-0.12503305469629233,0.5397988981677256,0.20081967213114754,-0.04140978177384887,0.04838976464132638,-0.8557549738211293,-0.07097341777373356,-0.0405475259904009,0.42857142857142855,-0.04140978177384887,0.04838976464132638,-0.8557549738211293,-0.07097341777373356,-0.0405475259904009,0.42857142857142855,-0.07164978177384887,0.04838976464132639,-1.4806805179758553,-0.08512633828691873,-0.06837681336374624,0.3673469387755102,-0.09180978177384887,0.04838976464132639,-1.8972975474123392,-0.10004326544344744,-0.08648874620542402,0.3469387755102041,-0.14220978177384888,0.04838976464132639,-2.938840121003549,-0.13804291092593535,-0.1302729538332159,0.30612244897959184
inventory_surprise__csz,fold_2020,2020,1,1,catalog,2015-01-05,2019-12-23,33306,7268,cs_rank_centered,0.015768666887280663,0.027713448117927142,0.5686274509803921,0.13991162957895156,51,7268,243,49,-0.11186356663305963,0.5383829644350017,0.20164609053497942,-0.035616089000776126,0.05803203402528911,-0.6137315294731079,-0.06799664170074327,-0.035596505030437875,0.5102040816326531,-0.035616089000776126,0.05803203402528911,-0.6137315294731079,-0.06799664170074327,-0.035596505030437875,0.5102040816326531,-0.06585608900077614,0.05803203402528911,-1.1348230353614261,-0.08194691973408241,-0.06356677917425346,0.46938775510204084,-0.08601608900077615,0.05803203402528911,-1.482217372620305,-0.09510626738880046,-0.08177051124707102,0.46938775510204084,-0.13641608900077615,0.05803203402528911,-2.350703215767501,-0.12884638582163155,-0.12577677732256398,0.3469387755102041
inventory_surprise__csz,fold_2021,2021,1,1,catalog,2015-01-05,2020-12-23,40574,7287,cs_rank_centered,-0.03460987928657555,-0.020795979681557778,0.46153846153846156,-0.11442078669984239,52,7287,243,49,-0.13666164173230944,0.5421037937186203,0.20164609053497942,-0.011263299341836877,0.05699082240515222,-0.19763356390552148,-0.046759317282593194,-0.012419055050438721,0.5102040816326531,-0.011263299341836877,0.05699082240515222,-0.19763356390552148,-0.046759317282593194,-0.012419055050438721,0.5102040816326531,-0.04150329934183686,0.05699082240515222,-0.7282453137241406,-0.06371416193664847,-0.04104782045261124,0.42857142857142855,-0.061663299341836876,0.05699082240515222,-1.0819864802698873,-0.07759874334066552,-0.059680332577841444,0.42857142857142855,-0.1120632993418369,0.05699082240515222,-1.9663393966342533,-0.11297027284372785,-0.10472387886756507,0.40816326530612246
inventory_surprise__csz,fold_2022,2022,1,1,catalog,2015-01-05,2021-12-23,47861,7252,cs_rank_centered,-0.020725228103286333,-0.01010910166749919,0.44,-0.05764210484203969,50,7252,242,49,-0.12217381149012474,0.5388233312230498,0.2024793388429752,-0.005970666796727783,0.05690044740491408,-0.10493180755222216,-0.054758892501525214,-0.00732117362049034,0.42857142857142855,-0.005970666796727783,0.05690044740491408,-0.10493180755222216,-0.054758892501525214,-0.00732117362049034,0.42857142857142855,-0.03621066679672778,0.05690044740491408,-0.6363863281960862,-0.06911526227657949,-0.03609474063984364,0.40816326530612246,-0.05637066679672781,0.05690044740491408,-0.9906893419586625,-0.07994725398837688,-0.05482154162493891,0.3877551020408163,-0.10677066679672778,0.05690044740491408,-1.8764468763651019,-0.11168280578626,-0.10009318790482202,0.3673469387755102
inventory_surprise__csz,fold_2023,2023,1,1,catalog,2015-01-05,2022-12-22,55113,7259,cs_rank_centered,-0.015167202668635001,-0.002241269581538793,0.48,-0.012367485024569733,50,7259,242,49,-0.12595531141850635,0.5400274298526646,0.2024793388429752,-0.027543270999109675,0.046636805825523035,-0.590590854402726,-0.05547599236490408,-0.027439401053891643,0.42857142857142855,-0.027543270999109675,0.046636805825523035,-0.590590854402726,-0.05547599236490408,-0.027439401053891643,0.42857142857142855,-0.05778327099910967,0.046636805825523035,-1.239005758998325,-0.06929713539630011,-0.0556411513633287,0.3877551020408163,-0.07794327099910968,0.04663680582552303,-1.6712823620620583,-0.0851981361993569,-0.07399561463082638,0.3877551020408163,-0.12834327099910967,0.046636805825523035,-2.75197386972139,-0.12452260007083871,-0.11836653539327102,0.30612244897959184
inventory_surprise__csz,fold_2024,2024,1,1,catalog,2015-01-05,2023-12-21,62372,7076,cs_rank_centered,-0.0018958825046076488,0.007372864077134821,0.5294117647058824,0.04373904782080779,51,7076,236,48,-0.12634527050996858,0.5398865952363935,0.2033898305084746,-0.015173928956902819,0.04711044340581849,-0.32209267966747107,-0.029212820106450765,-0.01536715239937747,0.4583333333333333,-0.015173928956902819,0.04711044340581849,-0.32209267966747107,-0.029212820106450765,-0.01536715239937747,0.4583333333333333,-0.045413928956902806,0.04711044340581849,-0.9639885697041402,-0.05166739131273157,-0.043337880879336654,0.4375,-0.06557392895690281,0.04711044340581849,-1.3919191630619199,-0.06860817086084792,-0.061551223021464985,0.4166666666666667,-0.11597392895690281,0.047110443405818485,-2.461745646456369,-0.10967607877507679,-0.10561208521647081,0.4166666666666667
inventory_surprise__missing,fold_2019,2019,1,1,catalog,2015-01-05,2018-12-20,26220,7092,cs_rank_centered,-0.00889212958840374,-0.0013986943193800203,0.40384615384615385,-0.006504759153368846,52,7092,244,49,-0.12431443644677698,0.539366856513909,0.20081967213114754,-0.045692914272334455,0.04839789858115284,-0.9441094678050391,-0.07097341777373356,-0.04453833495778259,0.40816326530612246,-0.045692914272334455,0.04839789858115284,-0.9441094678050391,-0.07097341777373356,-0.04453833495778259,0.40816326530612246,-0.07593291427233445,0.04839789858115284,-1.568929984532517,-0.08512633828691885,-0.07225419119041876,0.3469387755102041,-0.09609291427233446,0.04839789858115284,-1.9854769956841696,-0.10004326544344777,-0.0902922635081076,0.32653061224489793,-0.14649291427233443,0.04839789858115284,-3.0268445235632995,-0.13804291092593513,-0.1338977945389459,0.30612244897959184
inventory_surprise__missing,fold_2020,2020,1,1,catalog,2015-01-05,2019-12-23,33306,7268,cs_rank_centered,0.021016191467733526,0.01758337164516476,0.5098039215686274,0.07679897279095714,51,7268,243,49,-0.11488421085156353,0.5379678992129413,0.20164609053497942,-0.07000945083229325,0.05963158700839844,-1.1740329973514407,-0.10334707089982254,-0.06743117856392589,0.5102040816326531,-0.07000945083229325,0.05963158700839844,-1.1740329973514407,-0.10334707089982254,-0.06743117856392589,0.5102040816326531,-0.10024945083229325,0.05963158700839844,-1.6811467858162863,-0.11887696898731392,-0.09449648266555088,0.4897959183673469,-0.12040945083229326,0.05963158700839844,-2.0192226447928503,-0.1290856100682749,-0.1121109468201078,0.4897959183673469,-0.17080945083229324,0.05963158700839844,-2.864412292234259,-0.15765979805072627,-0.1546917168754579,0.3673469387755102
inventory_surprise__missing,fold_2021,2021,1,1,catalog,2015-01-05,2020-12-23,40574,7287,cs_rank_centered,-0.01876887285669295,-0.012728132623786597,0.46153846153846156,-0.05321853346136859,52,7287,243,49,-0.12990622495785153,0.540608452463764,0.20164609053497942,0.08560562823193145,0.06794158265284332,1.2599887269236125,-0.03811070316177079,0.0843496046753549,0.5918367346938775,0.08560562823193145,0.06794158265284332,1.2599887269236125,-0.03811070316177079,0.0843496046753549,0.5918367346938775,0.055365628231931446,0.06794158265284332,0.8149004787661422,-0.04388890025441494,0.05297429433693002,0.4489795918367347,0.03520562823193145,0.06794158265284332,0.5181749799944955,-0.047723656763267064,0.03255331245731763,0.4489795918367347,-0.015194371768068546,0.06794158265284332,-0.2236387669346214,-0.05725006086551321,-0.016816941112348993,0.3877551020408163
inventory_surprise__missing,fold_2022,2022,1,1,catalog,2015-01-05,2021-12-23,47861,7252,cs_rank_centered,-0.006462717540701286,0.003818559688782029,0.48,0.018569879852651367,50,7252,242,49,-0.11732038855591731,0.5375167441493972,0.2024793388429752,-0.010494618785543764,0.05667023291089798,-0.18518750050038343,-0.0547588925015251,-0.011666114948201134,0.42857142857142855,-0.010494618785543764,0.05667023291089798,-0.18518750050038343,-0.0547588925015251,-0.011666114948201134,0.42857142857142855,-0.040734618785543776,0.05667023291089798,-0.7188009770418695,-0.06911526227657938,-0.04031626111301145,0.3877551020408163,-0.06089461878554379,0.05667023291089798,-1.0745432947361937,-0.07994725398837632,-0.05896269560540146,0.3673469387755102,-0.1112946187855438,0.05667023291089798,-1.9638990889720034,-0.11168280578625966,-0.10403992266651396,0.3469387755102041
inventory_surprise__missing,fold_2023,2023,1,1,catalog,2015-01-05,2022-12-22,55113,7259,cs_rank_centered,0.013119814676799433,0.004374603430908535,0.52,0.01854203445492748,50,7259,242,49,-0.11991425917405563,0.5389273855387265,0.2024793388429752,-0.019638451289190513,0.044246429487976434,-0.4438426222510697,-0.03474767615920904,-0.019831023715207063,0.4489795918367347,-0.019638451289190513,0.044246429487976434,-0.4438426222510697,-0.03474767615920904,-0.019831023715207063,0.4489795918367347,-0.04987845128919051,0.044246429487976434,-1.1272875996185079,-0.056186538240333705,-0.04824888316946141,0.40816326530612246,-0.07003845128919053,0.04424642948797643,-1.582917584530134,-0.07230628740991496,-0.0667440678441632,0.40816326530612246,-0.12043845128919053,0.04424642948797643,-2.7219925468091977,-0.11217236381479845,-0.11145541649046331,0.30612244897959184
inventory_surprise__missing,fold_2024,2024,1,1,catalog,2015-01-05,2023-12-21,62372,7076,cs_rank_centered,-0.08139223306893803,-0.09099859764486003,0.35294117647058826,-0.31555524362649556,51,7076,236,48,-0.156047138786789,0.546184212711181,0.2033898305084746,-0.03870302928181488,0.04693708755926767,-0.8245724499404526,-0.05174514893421944,-0.0371939173204926,0.4791666666666667,-0.03870302928181488,0.04693708755926767,-0.8245724499404526,-0.05174514893421944,-0.0371939173204926,0.4791666666666667,-0.06894302928181487,0.04693708755926767,-1.4688390964769642,-0.0763443657436863,-0.0645572031589482,0.4583333333333333,-0.08910302928181486,0.04693708755926767,-1.8983501941679721,-0.09285390208786692,-0.0823748084659317,0.3958333333333333,-0.13950302928181485,0.046937087559267655,-2.9721279383954915,-0.1328756678208023,-0.12547766160354235,0.3958333333333333
warehouse_tightness__csz,fold_2019,2019,1,1,catalog,2015-01-05,2018-12-20,26220,7092,cs_rank_centered,0.008870582252642216,0.0012106936118220113,0.5041666666666667,0.006329122942931499,240,7092,244,49,-0.9797184236038889,0.6906642343292673,0.20081967213114754,0.02575247343289409,0.0451231688282786,0.5707150916394655,-0.03581563770251639,0.024353516736728142,0.5714285714285714,0.02575247343289409,0.0451231688282786,0.5707150916394655,-0.03581563770251639,0.024353516736728142,0.5714285714285714,-0.004487526567105897,0.0451231688282786,-0.09945060782818016,-0.0461969080217387,-0.005319068677201999,0.5102040816326531,-0.02464752656710592,0.04512316882827859,-0.5462277408066114,-0.05377579131152854,-0.024631284017809785,0.4897959183673469,-0.07504752656710592,0.0451231688282786,-1.663170573252688,-0.0779756670899755,-0.07131917775044239,0.42857142857142855
warehouse_tightness__csz,fold_2020,2020,1,1,catalog,2015-01-05,2019-12-23,33306,7268,cs_rank_centered,0.053526097608579626,0.05550505750420659,0.592436974789916,0.2961905054613397,238,7268,243,49,-0.8684957246900691,0.6613927610235469,0.20164609053497942,0.12450664808643097,0.06982349834313999,1.7831625604686345,-0.03826761615519514,0.12590697313198218,0.5306122448979592,0.12450664808643097,0.06982349834313999,1.7831625604686345,-0.03826761615519514,0.12590697313198218,0.5306122448979592,0.09426664808643098,0.06982349834313999,1.3500705396221742,-0.03944408469600946,0.09335375437056359,0.5102040816326531,0.07410664808643096,0.06982349834313997,1.0613425257245335,-0.040227997056552334,0.07216572814251454,0.4897959183673469,0.02370664808643097,0.06982349834313999,0.33952249098043225,-0.042186377957909804,0.02093973952671835,0.4897959183673469
warehouse_tightness__csz,fold_2021,2021,1,1,catalog,2015-01-05,2020-12-23,40574,7287,cs_rank_centered,0.018962167665830136,0.024563232238951294,0.5208333333333334,0.1319596173962129,240,7287,243,49,-0.9386769761642848,0.6821450034848482,0.20164609053497942,0.06160769581629861,0.07790350891901157,0.790820550590936,-0.04618247809324183,0.058626211839487796,0.5714285714285714,0.06160769581629861,0.07790350891901157,0.790820550590936,-0.04618247809324183,0.058626211839487796,0.5714285714285714,0.03136769581629861,0.07790350891901157,0.4026480482273071,-0.04963841264408808,0.02797995262810149,0.5102040816326531,0.01120769581629859,0.07790350891901156,0.14386637998488752,-0.05193656700301308,0.00803372376650957,0.5102040816326531,-0.039192304183701385,0.07790350891901156,-0.5030877906211605,-0.05766170042135943,-0.040187941613958444,0.4897959183673469
warehouse_tightness__csz,fold_2022,2022,1,1,catalog,2015-01-05,2021-12-23,47861,7252,cs_rank_centered,0.015937078180732495,0.017574043073144665,0.5481171548117155,0.08535465461151823,239,7252,242,49,-0.952491809977621,0.6742145533489657,0.2024793388429752,0.02525808373908105,0.07149334608901273,0.3532927904595975,-0.05562685820746627,0.02236106853794806,0.5306122448979592,0.02525808373908105,0.07149334608901273,0.3532927904595975,-0.05562685820746627,0.02236106853794806,0.5306122448979592,-0.004981916260918948,0.07149334608901273,-0.06968363537938509,-0.06362010405281926,-0.0072558376785015755,0.5102040816326531,-0.025141916260918964,0.07149334608901273,-0.3516679192720404,-0.07074638167588099,-0.02653178279589996,0.4897959183673469,-0.07554191626091895,0.07149334608901273,-1.0566286290036777,-0.09648494182988065,-0.07313188507555524,0.46938775510204084
warehouse_tightness__csz,fold_2023,2023,1,1,catalog,2015-01-05,2022-12-22,55113,7259,cs_rank_centered,-0.0034541463918036997,-0.006437136499739456,0.5146443514644351,-0.02947228283617846,239,7259,242,49,-1.000124562420786,0.6907762539724764,0.2024793388429752,-0.026428845247692054,0.05262371529504829,-0.5022230965546995,-0.0335898998008165,-0.026660992187125365,0.4897959183673469,-0.026428845247692054,0.05262371529504829,-0.5022230965546995,-0.0335898998008165,-0.026660992187125365,0.4897959183673469,-0.05666884524769207,0.05262371529504829,-1.0768689540440792,-0.05445656548154276,-0.054885021908707365,0.46938775510204084,-0.07682884524769207,0.05262371529504829,-1.4599661923703324,-0.07172008880513303,-0.07325398997696753,0.4489795918367347,-0.12722884524769204,0.05262371529504829,-2.4177092881859648,-0.11354113579312164,-0.1176599913116887,0.3877551020408163
warehouse_tightness__csz,fold_2024,2024,1,1,catalog,2015-01-05,2023-12-21,62372,7076,cs_rank_centered,0.0465526561683321,0.04640247790135511,0.5622317596566524,0.20397570382336483,233,7076,236,48,-0.8955025108415318,0.6718290091811074,0.2033898305084746,0.11361785530846309,0.06645732559132576,1.7096362861055743,-0.025628090220701782,0.11186793240713433,0.6041666666666666,0.11361785530846309,0.06645732559132576,1.7096362861055743,-0.025628090220701782,0.11186793240713433,0.6041666666666666,0.08337785530846309,0.06645732559132576,1.254607442694713,-0.03185681824669706,0.08036089817997527,0.5625,0.06321785530846309,0.06645732559132576,0.9512548804208051,-0.040353388755056896,0.05984365190393248,0.5625,0.0128178553084631,0.06645732559132576,0.19287347473603622,-0.0612845310115705,0.0102052045783938,0.5
warehouse_tightness__missing,fold_2019,2019,1,1,catalog,2015-01-05,2018-12-20,26220,7092,cs_rank_centered,0.013596974574823497,0.023776381603162575,0.5275229357798165,0.11681490926481056,218,7092,244,49,-0.202786908687417,0.5476790534042999,0.20081967213114754,-0.009983259665885936,0.05615795377070546,-0.1777710724049504,-0.05540695089637182,-0.011144844449911262,0.4897959183673469,-0.009983259665885936,0.05615795377070546,-0.1777710724049504,-0.05540695089637182,-0.011144844449911262,0.4897959183673469,-0.04022325966588593,0.05615795377070546,-0.7162522308080999,-0.07139273973327254,-0.039809778587500455,0.46938775510204084,-0.060383259665885945,0.05615795377070546,-1.0752396697435334,-0.08737819320122298,-0.05846584268415567,0.4489795918367347,-0.11078325966588594,0.05615795377070546,-1.9727082670821159,-0.12850885855787786,-0.10356636627269966,0.42857142857142855
warehouse_tightness__missing,fold_2020,2020,1,1,catalog,2015-01-05,2019-12-23,33306,7268,cs_rank_centered,0.004799858831812805,-0.0038270688483239353,0.47058823529411764,-0.018757898344140277,238,7268,243,49,-0.2379320433923655,0.5534950223803108,0.20164609053497942,-0.0049393151198796606,0.08624797506517114,-0.05726876620752419,-0.08511240747685656,-0.008297404528251784,0.5306122448979592,-0.0049393151198796606,0.08624797506517114,-0.05726876620752419,-0.08511240747685656,-0.008297404528251784,0.5306122448979592,-0.03517931511987968,0.08624797506517114,-0.40788569347045317,-0.09444882338990468,-0.037044385564093285,0.4897959183673469,-0.05533931511987968,0.08624797506517114,-0.6416303116457391,-0.10091738577012255,-0.05575385705313951,0.46938775510204084,-0.10573931511987969,0.08624797506517114,-1.2259918570839536,-0.12817824451462767,-0.10098352050555925,0.3877551020408163
warehouse_tightness__missing,fold_2021,2021,1,1,catalog,2015-01-05,2020-12-23,40574,7287,cs_rank_centered,0.03942348471685642,0.02733949753798578,0.5418994413407822,0.12224284861202943,179,7287,243,49,-0.10364017880684884,0.5298527440390843,0.20164609053497942,-0.0014885069218873931,0.07504126271833095,-0.01983584587954679,-0.08610784368437174,-0.004124799880042329,0.5714285714285714,-0.0014885069218873931,0.07504126271833095,-0.01983584587954679,-0.08610784368437174,-0.004124799880042329,0.5714285714285714,-0.03172850692188739,0.07504126271833095,-0.4228141394819147,-0.08889603869329399,-0.032989816073025424,0.5102040816326531,-0.05188850692188739,0.07504126271833096,-0.6914663352168267,-0.09154000541705043,-0.051776154753939374,0.4897959183673469,-0.1022885069218874,0.07504126271833096,-1.3630968245541066,-0.10474570453836496,-0.09719179781068255,0.4489795918367347
warehouse_tightness__missing,fold_2022,2022,1,1,catalog,2015-01-05,2021-12-23,47861,7252,cs_rank_centered,-0.002381523508737997,-0.011435176311413078,0.49606299212598426,-0.05810608955070433,127,7252,242,49,-0.06512451442623735,0.5269920443213898,0.2024793388429752,-0.006104430486966554,0.06286511066114088,-0.09710363065884042,-0.05604612447015378,-0.007787381103741664,0.46938775510204084,-0.006104430486966554,0.06286511066114088,-0.09710363065884042,-0.05604612447015378,-0.007787381103741664,0.46938775510204084,-0.03634443048696655,0.06286511066114088,-0.5781335641461347,-0.06974711944748957,-0.036547902814654365,0.4489795918367347,-0.05650443048696655,0.06286511066114088,-0.8988201864709978,-0.08270953616279919,-0.05526620616548805,0.4489795918367347,-0.10690443048696656,0.06286511066114088,-1.7005367422831554,-0.1149288927051687,-0.10051728496293955,0.40816326530612246
warehouse_tightness__missing,fold_2023,2023,1,1,catalog,2015-01-05,2022-12-22,55113,7259,cs_rank_centered,-0.0031953469868265115,-0.01757975829274972,0.44537815126050423,-0.08580628028452647,119,7259,242,49,-0.06217466810252903,0.5263396483522748,0.2024793388429752,-0.04694562763922819,0.04681641613340173,-1.0027599614942393,-0.07129991067860775,-0.04563319085353068,0.42857142857142855,-0.04694562763922819,0.04681641613340173,-1.0027599614942393,-0.07129991067860775,-0.04563319085353068,0.42857142857142855,-0.07718562763922818,0.04681641613340173,-1.6486872343942445,-0.09445828140383805,-0.07331788542301654,0.3877551020408163,-0.0973456276392282,0.04681641613340173,-2.079305416327582,-0.10958298851991666,-0.09133566752994127,0.3877551020408163,-0.1477456276392282,0.04681641613340173,-3.1558508711609243,-0.14632400968480974,-0.13489211657490796,0.32653061224489793
warehouse_tightness__missing,fold_2024,2024,1,1,catalog,2015-01-05,2023-12-21,62372,7076,cs_rank_centered,-0.05651639344702654,-0.03667684227078287,0.43010752688172044,-0.17410882573657813,93,7076,236,48,-0.053846988066653,0.5247291403604146,0.2033898305084746,-0.042454751482252084,0.05184012587660897,-0.8189554088526684,-0.0562906129210764,-0.04085242754630036,0.4791666666666667,-0.042454751482252084,0.05184012587660897,-0.8189554088526684,-0.0562906129210764,-0.04085242754630036,0.4791666666666667,-0.07269475148225207,0.05184012587660897,-1.4022873257538333,-0.0814699327307391,-0.06811400120976685,0.4583333333333333,-0.09285475148225208,0.05184012587660897,-1.7911752703546104,-0.09788994846005539,-0.08586534145494484,0.4583333333333333,-0.14325475148225206,0.05184012587660896,-2.7633951318565524,-0.13769454457844177,-0.12880777318339032,0.4166666666666667
tightness_composite__csz,fold_2019,2019,1,1,catalog,2015-01-05,2018-12-20,26220,7092,cs_rank_centered,0.016191432652769483,0.008748080712685239,0.4854771784232365,0.040001337386379586,241,7092,244,49,-0.965117754344385,0.6847582501330289,0.20081967213114754,-0.006646342354921712,0.07204611745101534,-0.09225122171837513,-0.09556235560902093,-0.008916564206597033,0.4897959183673469,-0.006646342354921712,0.07204611745101534,-0.09225122171837513,-0.09556235560902093,-0.008916564206597033,0.4897959183673469,-0.03688634235492172,0.07204611745101534,-0.5119823754555686,-0.10619701500426448,-0.03764537982547611,0.42857142857142855,-0.05704634235492171,0.07204611745101534,-0.7918031446136972,-0.11477854313497471,-0.056343031761055484,0.42857142857142855,-0.10744634235492172,0.07204611745101534,-1.4913550675090195,-0.1422581415853046,-0.10154413219774527,0.3673469387755102
tightness_composite__csz,fold_2020,2020,1,1,catalog,2015-01-05,2019-12-23,33306,7268,cs_rank_centered,0.06022418052517993,0.07321355094491049,0.6234309623430963,0.37572198350509683,239,7268,243,49,-0.8340161558288604,0.6570207934007679,0.20164609053497942,0.08800827547502084,0.06973957124611464,1.2619560731802462,-0.02282648361593531,0.08674426556134218,0.5918367346938775,0.08800827547502084,0.06973957124611464,1.2619560731802462,-0.02282648361593531,0.08674426556134218,0.5918367346938775,0.057768275475020836,0.06973957124611464,0.8283428538892724,-0.02522708579805899,0.055300976610024755,0.5510204081632653,0.03760827547502083,0.06973957124611464,0.5392673743619564,-0.029129239801369278,0.03483572922516531,0.5306122448979592,-0.012791724524979155,0.06973957124611464,-0.18342132445633313,-0.04150628905444598,-0.014641611869206428,0.4897959183673469
tightness_composite__csz,fold_2021,2021,1,1,catalog,2015-01-05,2020-12-23,40574,7287,cs_rank_centered,0.011881086984757861,0.022781179075801725,0.5477178423236515,0.0986172472551941,241,7287,243,49,-0.9423397123406889,0.6750343583721873,0.20164609053497942,0.03017919415742274,0.10311796787495948,0.2926666882537672,-0.07729724658673576,0.02453583175932672,0.5714285714285714,0.03017919415742274,0.10311796787495948,0.2926666882537672,-0.07729724658673576,0.02453583175932672,0.5714285714285714,-6.0805842577271325e-05,0.10311796787495948,-0.0005896726228255808,-0.08286438504412252,-0.005144413209593912,0.5510204081632653,-0.020220805842577273,0.10311796787495948,-0.1960939132072207,-0.08655899772194853,-0.02446157758670431,0.5510204081632653,-0.07062080584257727,0.10311796787495948,-0.6848545146682082,-0.09573699982712602,-0.0711613139117343,0.5102040816326531
tightness_composite__csz,fold_2022,2022,1,1,catalog,2015-01-05,2021-12-23,47861,7252,cs_rank_centered,0.03256610441005006,0.031553037560618065,0.5666666666666667,0.14598178868304618,240,7252,242,49,-0.925070870922915,0.6736483769383135,0.2024793388429752,0.09842888225039986,0.06875756693210627,1.431535271566432,-0.03718995870715425,0.09784754033094689,0.5918367346938775,0.09842888225039986,0.06875756693210627,1.431535271566432,-0.03718995870715425,0.09784754033094689,0.5918367346938775,0.06818888225039987,0.06875756693210627,0.991729133140096,-0.043402523736064125,0.06608951528965501,0.5306122448979592,0.048028882250399856,0.06875756693210627,0.6985250408558716,-0.04762027561662807,0.04541931468825511,0.5306122448979592,-0.0023711177496001335,0.06875756693210627,-0.03448518985468846,-0.05809079619020818,-0.004553875111117267,0.5102040816326531
tightness_composite__csz,fold_2023,2023,1,1,catalog,2015-01-05,2022-12-22,55113,7259,cs_rank_centered,0.0038722137773020285,-0.00792977165458086,0.4583333333333333,-0.03717984442169564,240,7259,242,49,-1.0044388109952616,0.6814872924862427,0.2024793388429752,0.04517767935530153,0.06641823131120787,0.6801999761724751,-0.06949779390409638,0.04269863607001967,0.40816326530612246,0.04517767935530153,0.06641823131120787,0.6801999761724751,-0.06949779390409638,0.04269863607001967,0.40816326530612246,0.014937679355301547,0.06641823131120787,0.22490329929609046,-0.07953614356694716,0.012504750147737553,0.3877551020408163,-0.005222320644698477,0.06641823131120787,-0.07862781862149988,-0.08617146052175684,-0.0071469112213152775,0.3673469387755102,-0.055622320644698464,0.06641823131120787,-0.8374556134154745,-0.10256266917436452,-0.05465596819404006,0.3469387755102041
tightness_composite__csz,fold_2024,2024,1,1,catalog,2015-01-05,2023-12-21,62372,7076,cs_rank_centered,-0.009927494894532853,-0.012950686875719946,0.46551724137931033,-0.06604605956095877,232,7076,236,48,-0.5987557460581858,0.6219379161622004,0.2033898305084746,-0.02674994912638196,0.05019093190744794,-0.5329637866798101,-0.04141028942519642,-0.026303952667759423,0.5,-0.02674994912638196,0.05019093190744794,-0.5329637866798101,-0.04141028942519642,-0.026303952667759423,0.5,-0.056989949126381965,0.05019093190744794,-1.135463059970104,-0.06079741483777257,-0.05397042311884248,0.3958333333333333,-0.07714994912638196,0.05019093190744794,-1.537129242163633,-0.07351016344793027,-0.07198554543524915,0.375,-0.12754994912638196,0.05019093190744794,-2.5412946976474564,-0.10877767447546072,-0.11556654649033637,0.3333333333333333
tightness_composite__missing,fold_2019,2019,1,1,catalog,2015-01-05,2018-12-20,26220,7092,cs_rank_centered,0.05307598542607093,0.04946850173804371,0.5726141078838174,0.21886461597319667,241,7092,244,49,-0.2675241352621174,0.5520354862765933,0.20081967213114754,0.060632314036926545,0.06643852215261317,0.912607807525438,-0.05813324640438988,0.05845718621511775,0.5714285714285714,0.060632314036926545,0.06643852215261317,0.912607807525438,-0.05813324640438988,0.05845718621511775,0.5714285714285714,0.030392314036926566,0.06643852215261317,0.4574501817953392,-0.0654874474820204,0.027816208342362314,0.5510204081632653,0.010232314036926557,0.06643852215261317,0.15401176464193972,-0.07036076162744564,0.00787341101655148,0.5102040816326531,-0.04016768596307342,0.06643852215261317,-0.6045842782415585,-0.09418091684159591,-0.04033997804983558,0.4897959183673469
tightness_composite__missing,fold_2020,2020,1,1,catalog,2015-01-05,2019-12-23,33306,7268,cs_rank_centered,-0.017996704515636106,-0.017661959584674734,0.5062761506276151,-0.087378449803005,239,7268,243,49,-0.3673021881142027,0.5699911569732514,0.20164609053497942,-0.032929624345977127,0.09206076656451456,-0.35769444004032525,-0.10221069485619727,-0.03540082442400805,0.5510204081632653,-0.032929624345977127,0.09206076656451456,-0.35769444004032525,-0.10221069485619727,-0.03540082442400805,0.5510204081632653,-0.06316962434597712,0.09206076656451455,-0.6861731300239496,-0.11820671254038384,-0.06337800386543124,0.5102040816326531,-0.08332962434597711,0.09206076656451456,-0.9051589233463659,-0.12877173636473627,-0.08158621138497113,0.4897959183673469,-0.13372962434597713,0.09206076656451456,-1.4526234066524069,-0.15465173786250164,-0.12560323352342018,0.4489795918367347
tightness_composite__missing,fold_2021,2021,1,1,catalog,2015-01-05,2020-12-23,40574,7287,cs_rank_centered,0.01608080430308477,0.02510657890692565,0.5352697095435685,0.11846507358002892,241,7287,243,49,-0.23917376164566728,0.5459776875074784,0.20164609053497942,0.05708543529334323,0.09363030503146046,0.6096897289201624,-0.10920389992656421,0.052634308245352646,0.5510204081632653,0.05708543529334323,0.09363030503146046,0.6096897289201624,-0.10920389992656421,0.052634308245352646,0.5510204081632653,0.026845435293343236,0.09363030503146046,0.28671737515244644,-0.11193553459478667,0.022157239833094478,0.5102040816326531,0.006685435293343248,0.09363030503146046,0.0714024726406359,-0.1137528984510141,0.0023211966711524923,0.5102040816326531,-0.04371456470665674,0.09363030503146046,-0.46688478363889063,-0.11828329404875282,-0.045633859093322404,0.4489795918367347
tightness_composite__missing,fold_2022,2022,1,1,catalog,2015-01-05,2021-12-23,47861,7252,cs_rank_centered,0.04896002524571148,0.04244004958898603,0.5541666666666667,0.20417168815708248,240,7252,242,49,-0.18403531539790863,0.5363514464499686,0.2024793388429752,0.06478441318726276,0.08765254960735212,0.7391047205982104,-0.03892631317088702,0.06109000955666155,0.5102040816326531,0.06478441318726276,0.08765254960735212,0.7391047205982104,-0.03892631317088702,0.06109000955666155,0.5102040816326531,0.03454441318726279,0.08765254960735212,0.394106199329144,-0.04601306978109454,0.030373396162682864,0.4897959183673469,0.014384413187262768,0.08765254960735211,0.16410718514976586,-0.056420517224767486,0.01038136132094225,0.46938775510204084,-0.03601558681273723,0.08765254960735212,-0.41089035029867876,-0.08345954443213943,-0.03795109667752883,0.4489795918367347
tightness_composite__missing,fold_2023,2023,1,1,catalog,2015-01-05,2022-12-22,55113,7259,cs_rank_centered,0.0606679356829335,0.055803535773149046,0.5791666666666667,0.27192083456512606,240,7259,242,49,-0.16852469463126618,0.534784744875904,0.2024793388429752,0.018217018974515265,0.047441885284736474,0.3839859833811505,-0.05753550883149927,0.016777304297042495,0.5102040816326531,0.018217018974515265,0.047441885284736474,0.3839859833811505,-0.05753550883149927,0.016777304297042495,0.5102040816326531,-0.012022981025484715,0.047441885284736474,-0.25342544785742066,-0.06479868426420432,-0.012680277137228635,0.42857142857142855,-0.03218298102548474,0.047441885284736474,-0.678366402016469,-0.06967514957831511,-0.031852487729332024,0.42857142857142855,-0.08258298102548474,0.047441885284736474,-1.7407187874140881,-0.09504235169640707,-0.07820167725022487,0.40816326530612246
tightness_composite__missing,fold_2024,2024,1,1,catalog,2015-01-05,2023-12-21,62372,7076,cs_rank_centered,-0.06905674287472624,-0.07697076550598787,0.3706896551724138,-0.2903774400372644,232,7076,236,48,-0.676081129382323,0.640287136125424,0.2033898305084746,-0.10633881144371886,0.04851627955020885,-2.191817106125589,-0.10774307305626396,-0.09740804074161058,0.4166666666666667,-0.10633881144371886,0.04851627955020885,-2.191817106125589,-0.10774307305626396,-0.09740804074161058,0.4166666666666667,-0.13657881144371883,0.04851627955020885,-2.815113044733269,-0.13157878526556044,-0.12309410978793733,0.4166666666666667,-0.15673881144371885,0.04851627955020887,-3.230643670471721,-0.14712217663210903,-0.13981906369256403,0.4166666666666667,-0.20713881144371885,0.04851627955020885,-4.269470234817854,-0.1848002610667009,-0.18027687502707967,0.3125
oi_growth_20__csz,fold_2019,2019,0,-1,train_rank_ic,2015-01-05,2018-12-20,26220,7092,cs_rank_centered,-0.016470165666748426,-0.014829851527935905,0.4672131147540984,-0.07136254598269896,244,7092,244,49,-1.0303725818605272,0.689645460866555,0.20081967213114754,-0.06724746225806845,0.06990901236755574,-0.9619283691851654,-0.06545375598414394,-0.06550808183055878,0.4489795918367347,-0.06724746225806845,0.06990901236755574,-0.9619283691851654,-0.06545375598414394,-0.06550808183055878,0.4489795918367347,-0.09748746225806842,0.06990901236755574,-1.3944906236911971,-0.08326931809694094,-0.0926284145810381,0.42857142857142855,-0.11764746225806845,0.06990901236755574,-1.6828654600285524,-0.09496310150167564,-0.11027870481742341,0.42857142857142855,-0.16804746225806844,0.06990901236755574,-2.4038025508719394,-0.13740641275268006,-0.15294612268458452,0.40816326530612246
oi_growth_20__csz,fold_2020,2020,0,-1,train_rank_ic,2015-01-05,2019-12-23,33306,7268,cs_rank_centered,-0.010459351536186129,-0.015027396373964599,0.46502057613168724,-0.06658825924681552,243,7268,243,49,-1.0290274198041978,0.6890636553332736,0.20164609053497942,-0.05205908773490758,0.11198771299805052,-0.46486428145750086,-0.09331376214743203,-0.05504732267509205,0.42857142857142855,-0.05205908773490758,0.11198771299805052,-0.46486428145750086,-0.09331376214743203,-0.05504732267509205,0.42857142857142855,-0.08229908773490763,0.11198771299805052,-0.7348939051585087,-0.10579697965329793,-0.08246711887641212,0.42857142857142855,-0.10245908773490763,0.11198771299805052,-0.9149136542925137,-0.11402761086059532,-0.10031237101916479,0.40816326530612246,-0.15285908773490767,0.11198771299805052,-1.3649630271275266,-0.14697423059299208,-0.1434513106454628,0.3673469387755102
oi_growth_20__csz,fold_2021,2021,0,-1,train_rank_ic,2015-01-05,2020-12-23,40574,7287,cs_rank_centered,-0.052054787374049345,-0.04432481176348252,0.3991769547325103,-0.2216821553697997,243,7287,243,49,-1.0885676373595516,0.7064074561554722,0.20164609053497942,-0.13485988847839162,0.09274072066937866,-1.4541604540595292,-0.1885206457531976,-0.12669861296284746,0.4489795918367347,-0.13485988847839162,0.09274072066937866,-1.4541604540595292,-0.1885206457531976,-0.12669861296284746,0.4489795918367347,-0.16509988847839163,0.09274072066937866,-1.7802308121690575,-0.198786357963319,-0.15207864099066437,0.42857142857142855,-0.1852598884783916,0.09274072066937866,-1.9976110509087424,-0.2055613245943544,-0.1685957511245313,0.42857142857142855,-0.2356598884783916,0.09274072066937866,-2.5410616477579557,-0.22361403539643276,-0.20852194040861038,0.3673469387755102
oi_growth_20__csz,fold_2022,2022,0,1,train_rank_ic,2015-01-05,2021-12-23,47861,7252,cs_rank_centered,-0.02098932909871431,-0.013579937536379738,0.4628099173553719,-0.06334147726223585,242,7252,242,49,-1.0267287272952093,0.6967108105391004,0.2024793388429752,-0.0857350382426563,0.07431406683537137,-1.1536851890044713,-0.10577092418367517,-0.08246535420590029,0.3877551020408163,-0.0857350382426563,0.07431406683537137,-1.1536851890044713,-0.10577092418367517,-0.08246535420590029,0.3877551020408163,-0.11597503824265629,0.07431406683537137,-1.5606068027413555,-0.1296588786069236,-0.10910354274594969,0.3469387755102041,-0.13613503824265633,0.07431406683537138,-1.8318878785659454,-0.14523634431587795,-0.1264398880541443,0.3469387755102041,-0.1865350382426563,0.07431406683537138,-2.510090568127419,-0.18299705028299118,-0.16834784787743629,0.32653061224489793
oi_growth_20__csz,fold_2023,2023,0,1,train_rank_ic,2015-01-05,2022-12-22,55113,7259,cs_rank_centered,-0.011434761078393923,-0.010093286427597182,0.44214876033057854,-0.04899489389639425,242,7259,242,49,-1.020143400270475,0.6873478616997957,0.2024793388429752,-0.011384100628907046,0.05743068337391467,-0.19822331827027792,-0.07846296871762048,-0.0125603018821685,0.5102040816326531,-0.011384100628907046,0.05743068337391467,-0.19822331827027792,-0.07846296871762048,-0.0125603018821685,0.5102040816326531,-0.04162410062890704,0.05743068337391467,-0.724771118565741,-0.09495197141000922,-0.0411850707310375,0.4489795918367347,-0.06178410062890705,0.05743068337391467,-1.0758029854293834,-0.10578580367795976,-0.05981498022506604,0.40816326530612246,-0.11218410062890705,0.05743068337391469,-1.9533826525884883,-0.1327347718809173,-0.10485222952040985,0.3673469387755102
oi_growth_20__csz,fold_2024,2024,0,1,train_rank_ic,2015-01-05,2023-12-21,62372,7076,cs_rank_centered,0.043714044178440305,0.03641966200870176,0.5466101694915254,0.1600938604544729,236,7076,236,48,-0.9272745592441154,0.6704009812818609,0.2033898305084746,0.10737769149808878,0.07683688196430533,1.3974759093942832,-0.04112247704113614,0.10457812984947634,0.5625,0.10737769149808878,0.07683688196430533,1.3974759093942832,-0.04112247704113614,0.10457812984947634,0.5625,0.07713769149808879,0.07683688196430531,1.0039149107315835,-0.052019045826395494,0.07327304710906679,0.5416666666666666,0.05697769149808878,0.07683688196430531,0.741540911623117,-0.059218139894323896,0.052887382287366114,0.5208333333333334,0.0065776914980887734,0.07683688196430531,0.08560591385195004,-0.07698995873054904,0.003567517891848393,0.4583333333333333
oi_growth_20__missing,fold_2019,2019,0,1,train_rank_ic,2015-01-05,2018-12-20,26220,7092,cs_rank_centered,-0.06696831714953982,-0.0834315026509712,0.3888888888888889,-0.44328923602499337,18,7092,244,49,-0.011296894770414623,0.5189824089020854,0.20081967213114754,-0.03241810817535633,0.048797221133034994,-0.664343325759789,-0.07097341777373356,-0.032135144787394876,0.40816326530612246,-0.03241810817535633,0.048797221133034994,-0.664343325759789,-0.07097341777373356,-0.032135144787394876,0.40816326530612246,-0.06265810817535632,0.048797221133034994,-1.284050745523657,-0.0843003761167378,-0.060203517858708255,0.3673469387755102,-0.08281810817535634,0.048797221133034994,-1.6971890253662358,-0.0980079495837648,-0.07847113132312222,0.3469387755102041,-0.13321810817535634,0.048797221133034994,-2.730034724972682,-0.13609156441003734,-0.12263194827756674,0.32653061224489793
oi_growth_20__missing,fold_2020,2020,0,1,train_rank_ic,2015-01-05,2019-12-23,33306,7268,cs_rank_centered,0.026513531218440366,0.06436251898326777,1.0,1.414213562373095,2,7268,243,49,-0.00046823233602788505,0.5174368371369871,0.20164609053497942,-0.037013330323780395,0.06504129241590775,-0.5690743364553393,-0.08555292056774277,-0.037310640025554065,0.5918367346938775,-0.037013330323780395,0.06504129241590775,-0.5690743364553393,-0.08555292056774277,-0.037310640025554065,0.5918367346938775,-0.06725333032378035,0.06504129241590775,-1.0340097471269127,-0.10030118561389889,-0.0652324392523479,0.5510204081632653,-0.08741333032378042,0.06504129241590775,-1.3439666875746297,-0.1100058233871487,-0.08340460312313658,0.5510204081632653,-0.13781333032378038,0.06504129241590777,-2.118859038693919,-0.13438018719979006,-0.127334489397108,0.3673469387755102
oi_growth_20__missing,fold_2021,2021,0,1,train_rank_ic,2015-01-05,2020-12-23,40574,7287,cs_rank_centered,,,,,0,7287,243,49,,,0.20164609053497942,0.09956031512754779,0.06364895006663829,1.5642098577166086,-0.03185982834243506,0.09942441508669186,0.6122448979591837,0.09956031512754779,0.06364895006663829,1.5642098577166086,-0.03185982834243506,0.09942441508669186,0.6122448979591837,0.0693203151275478,0.06364895006663829,1.0891038273996947,-0.0342001480954961,0.06762191977827103,0.5510204081632653,0.04916031512754779,0.06364895006663829,0.7723664738550851,-0.03702124342559965,0.04692275701568094,0.5102040816326531,-0.0012396848724521995,0.06364895006663829,-0.01947691000643831,-0.04591235930672988,-0.0031205136219883967,0.4897959183673469
oi_growth_20__missing,fold_2022,2022,0,1,train_rank_ic,2015-01-05,2021-12-23,47861,7252,cs_rank_centered,,,,,0,7252,242,49,,,0.2024793388429752,-0.013131117549257876,0.05669772568975125,-0.23159866448807973,-0.054758892501525436,-0.014198288690814187,0.40816326530612246,-0.013131117549257876,0.05669772568975125,-0.23159866448807973,-0.054758892501525436,-0.014198288690814187,0.40816326530612246,-0.043371117549257876,0.05669772568975125,-0.7649533913685307,-0.06911526227657949,-0.04277650683091827,0.3877551020408163,-0.06353111754925791,0.05669772568975125,-1.1205232092888318,-0.07994725398837654,-0.06137610480533018,0.3673469387755102,-0.1139311175492579,0.05669772568975125,-2.0094477540895834,-0.11168280578626011,-0.10634002694384381,0.3469387755102041
oi_growth_20__missing,fold_2023,2023,0,1,train_rank_ic,2015-01-05,2022-12-22,55113,7259,cs_rank_centered,,,,,0,7259,242,49,,,0.2024793388429752,-0.021702896790836226,0.04739479057379983,-0.45791734762583247,-0.04807116574478476,-0.021932085120865086,0.4489795918367347,-0.021702896790836226,0.04739479057379983,-0.45791734762583247,-0.04807116574478476,-0.021932085120865086,0.4489795918367347,-0.0519428967908362,0.04739479057379983,-1.095962154531612,-0.0624381958588166,-0.05029033188977017,0.40816326530612246,-0.07210289679083624,0.04739479057379983,-1.5213253591354663,-0.07845368247406326,-0.06874669820110146,0.40816326530612246,-0.12250289679083622,0.04739479057379983,-2.5847333706450994,-0.11806160337365712,-0.11336413546975632,0.32653061224489793
oi_growth_20__missing,fold_2024,2024,0,1,train_rank_ic,2015-01-05,2023-12-21,62372,7076,cs_rank_centered,,,,,0,7076,236,48,,,0.2033898305084746,-0.01768121837238859,0.048704968501364534,-0.36302699532375693,-0.0352231758928232,-0.017788303737489963,0.5,-0.01768121837238859,0.048704968501364534,-0.36302699532375693,-0.0352231758928232,-0.017788303737489963,0.5,-0.04792121837238859,0.048704968501364534,-0.9839082099200209,-0.05925971736561253,-0.04569170810283241,0.4583333333333333,-0.06808121837238859,0.048704968501364534,-1.3978290196508638,-0.07495824865156164,-0.06386118905228433,0.4375,-0.11848121837238858,0.048704968501364534,-2.432631043977971,-0.11450033542034599,-0.10781586811375465,0.4166666666666667
price_oi_interaction_20__csz,fold_2019,2019,1,1,catalog,2015-01-05,2018-12-20,26220,7092,cs_rank_centered,-0.0006449736009237975,0.004552012604621508,0.5368852459016393,0.02148816914737418,244,7092,244,49,-0.9900015556757487,0.6769236812850792,0.20081967213114754,-0.02135852495343071,0.06597334772366442,-0.32374474981765217,-0.038069335046951314,-0.022593797411822214,0.5510204081632653,-0.02135852495343071,0.06597334772366442,-0.32374474981765217,-0.038069335046951314,-0.022593797411822214,0.5510204081632653,-0.05159852495343072,0.06597334772366442,-0.7821116668136351,-0.04174694653113453,-0.0509338259754506,0.5306122448979592,-0.07175852495343074,0.06597334772366442,-1.087689611477624,-0.052781476578745545,-0.06937832035449942,0.5102040816326531,-0.1221585249534307,0.06597334772366442,-1.8516344731375949,-0.09167065846239497,-0.11396700721674546,0.46938775510204084
price_oi_interaction_20__csz,fold_2020,2020,1,1,catalog,2015-01-05,2019-12-23,33306,7268,cs_rank_centered,0.03021026994242699,0.032675847310687116,0.551440329218107,0.15170611270501513,243,7268,243,49,-0.9347160351418549,0.6619486599878681,0.20164609053497942,0.002802758552360546,0.08409765694791074,0.033327427351472434,-0.10470525463048164,-0.000644159207957018,0.46938775510204084,0.002802758552360546,0.08409765694791074,0.033327427351472434,-0.10470525463048164,-0.000644159207957018,0.46938775510204084,-0.027437241447639454,0.08409765694791074,-0.32625452888222334,-0.1122560871688485,-0.02960842410909914,0.4489795918367347,-0.047597241447639445,0.08409765694791074,-0.5659758330380205,-0.11725707715636069,-0.04845938349877177,0.4489795918367347,-0.09799724144763945,0.08409765694791074,-1.1652790934275135,-0.1339731920496433,-0.09403133437524103,0.40816326530612246
price_oi_interaction_20__csz,fold_2021,2021,1,1,catalog,2015-01-05,2020-12-23,40574,7287,cs_rank_centered,0.003221270474244047,-0.00398071402526891,0.49794238683127573,-0.014881466765649805,243,7287,243,49,-1.0074032951375922,0.6816207552284553,0.20164609053497942,0.07239925490158566,0.11382651695293103,0.6360491108721517,-0.07390426353019497,0.06634612147648578,0.5102040816326531,0.07239925490158566,0.11382651695293103,0.6360491108721517,-0.07390426353019497,0.06634612147648578,0.5102040816326531,0.042159254901585674,0.11382651695293103,0.37038166527593186,-0.0799402849407197,0.03547892850627554,0.5102040816326531,0.021999254901585656,0.11382651695293103,0.19327003487845174,-0.09058435205788884,0.01538886236737369,0.5102040816326531,-0.028400745098414337,0.11382651695293103,-0.24950904111524796,-0.11667695463257266,-0.033180682004073536,0.4489795918367347
price_oi_interaction_20__csz,fold_2022,2022,1,1,catalog,2015-01-05,2021-12-23,47861,7252,cs_rank_centered,-0.03897394844749694,-0.0330745622945878,0.4256198347107438,-0.14672724182074395,242,7252,242,49,-1.0656581251114385,0.6966007678534067,0.2024793388429752,-0.08927864002709571,0.07796151977156712,-1.1451628994494796,-0.08871024457887156,-0.08587901463461489,0.46938775510204084,-0.08927864002709571,0.07796151977156712,-1.1451628994494796,-0.08871024457887156,-0.08587901463461489,0.46938775510204084,-0.11951864002709572,0.07796151977156712,-1.53304656421904,-0.10628486996825415,-0.11242023964721182,0.4489795918367347,-0.1396786400270957,0.07796151977156712,-1.7916356740654138,-0.12332438292982528,-0.1296934463072058,0.4489795918367347,-0.19007864002709568,0.07796151977156712,-2.438108448681348,-0.1645436021437604,-0.1714486635852328,0.3877551020408163
price_oi_interaction_20__csz,fold_2023,2023,1,1,catalog,2015-01-05,2022-12-22,55113,7259,cs_rank_centered,0.0190329234780141,0.028177726697222905,0.5537190082644629,0.14309437002849212,242,7259,242,49,-0.9432504125573145,0.6619803376409918,0.2024793388429752,0.045846259763781136,0.0806816150428689,0.5682367629778042,-0.05361619640847648,0.04232606313813325,0.5714285714285714,0.045846259763781136,0.0806816150428689,0.5682367629778042,-0.05361619640847648,0.04232606313813325,0.5714285714285714,0.015606259763781131,0.0806816150428689,0.19343018549503496,-0.05606550512733777,0.012142131343093165,0.5306122448979592,-0.004553740236218866,0.0806816150428689,-0.056440866160144536,-0.057973848714105713,-0.007503038548358987,0.5306122448979592,-0.054953740236218865,0.0806816150428689,-0.6811184952980932,-0.06682301172790228,-0.05499635869581365,0.5102040816326531
price_oi_interaction_20__csz,fold_2024,2024,1,1,catalog,2015-01-05,2023-12-21,62372,7076,cs_rank_centered,0.004721228123556735,0.005840572045777759,0.5,0.025293549148342857,236,7076,236,48,-0.9877573433882629,0.6735151361571898,0.2033898305084746,-0.04035954891506979,0.11937214463149971,-0.3380985492022382,-0.1323063406004894,-0.04434676596858733,0.5416666666666666,-0.04035954891506979,0.11937214463149971,-0.3380985492022382,-0.1323063406004894,-0.04434676596858733,0.5416666666666666,-0.0705995489150698,0.11937214463149973,-0.5914239803013484,-0.14324987356392904,-0.0715143599129957,0.5,-0.0907595489150698,0.11937214463149971,-0.7603076010340886,-0.1504723994906506,-0.08920442448220822,0.4583333333333333,-0.14115954891506977,0.11937214463149971,-1.1825166528659388,-0.16827589110712993,-0.13199835079536115,0.3541666666666667
price_oi_interaction_20__missing,fold_2019,2019,1,1,catalog,2015-01-05,2018-12-20,26220,7092,cs_rank_centered,-0.06696831714953982,-0.0834315026509712,0.3888888888888889,-0.44328923602499337,18,7092,244,49,-0.011296894770414623,0.5189824089020854,0.20081967213114754,-0.03241810817535633,0.048797221133034994,-0.664343325759789,-0.07097341777373356,-0.032135144787394876,0.40816326530612246,-0.03241810817535633,0.048797221133034994,-0.664343325759789,-0.07097341777373356,-0.032135144787394876,0.40816326530612246,-0.06265810817535632,0.048797221133034994,-1.284050745523657,-0.0843003761167378,-0.060203517858708255,0.3673469387755102,-0.08281810817535634,0.048797221133034994,-1.6971890253662358,-0.0980079495837648,-0.07847113132312222,0.3469387755102041,-0.13321810817535634,0.048797221133034994,-2.730034724972682,-0.13609156441003734,-0.12263194827756674,0.32653061224489793
price_oi_interaction_20__missing,fold_2020,2020,1,1,catalog,2015-01-05,2019-12-23,33306,7268,cs_rank_centered,0.026513531218440366,0.06436251898326777,1.0,1.414213562373095,2,7268,243,49,-0.00046823233602788505,0.5174368371369871,0.20164609053497942,-0.037013330323780395,0.06504129241590775,-0.5690743364553393,-0.08555292056774277,-0.037310640025554065,0.5918367346938775,-0.037013330323780395,0.06504129241590775,-0.5690743364553393,-0.08555292056774277,-0.037310640025554065,0.5918367346938775,-0.06725333032378035,0.06504129241590775,-1.0340097471269127,-0.10030118561389889,-0.0652324392523479,0.5510204081632653,-0.08741333032378042,0.06504129241590775,-1.3439666875746297,-0.1100058233871487,-0.08340460312313658,0.5510204081632653,-0.13781333032378038,0.06504129241590777,-2.118859038693919,-0.13438018719979006,-0.127334489397108,0.3673469387755102
price_oi_interaction_20__missing,fold_2021,2021,1,1,catalog,2015-01-05,2020-12-23,40574,7287,cs_rank_centered,,,,,0,7287,243,49,,,0.20164609053497942,0.09956031512754779,0.06364895006663829,1.5642098577166086,-0.03185982834243506,0.09942441508669186,0.6122448979591837,0.09956031512754779,0.06364895006663829,1.5642098577166086,-0.03185982834243506,0.09942441508669186,0.6122448979591837,0.0693203151275478,0.06364895006663829,1.0891038273996947,-0.0342001480954961,0.06762191977827103,0.5510204081632653,0.04916031512754779,0.06364895006663829,0.7723664738550851,-0.03702124342559965,0.04692275701568094,0.5102040816326531,-0.0012396848724521995,0.06364895006663829,-0.01947691000643831,-0.04591235930672988,-0.0031205136219883967,0.4897959183673469
price_oi_interaction_20__missing,fold_2022,2022,1,1,catalog,2015-01-05,2021-12-23,47861,7252,cs_rank_centered,,,,,0,7252,242,49,,,0.2024793388429752,-0.013131117549257876,0.05669772568975125,-0.23159866448807973,-0.054758892501525436,-0.014198288690814187,0.40816326530612246,-0.013131117549257876,0.05669772568975125,-0.23159866448807973,-0.054758892501525436,-0.014198288690814187,0.40816326530612246,-0.043371117549257876,0.05669772568975125,-0.7649533913685307,-0.06911526227657949,-0.04277650683091827,0.3877551020408163,-0.06353111754925791,0.05669772568975125,-1.1205232092888318,-0.07994725398837654,-0.06137610480533018,0.3673469387755102,-0.1139311175492579,0.05669772568975125,-2.0094477540895834,-0.11168280578626011,-0.10634002694384381,0.3469387755102041
price_oi_interaction_20__missing,fold_2023,2023,1,1,catalog,2015-01-05,2022-12-22,55113,7259,cs_rank_centered,,,,,0,7259,242,49,,,0.2024793388429752,-0.021702896790836226,0.04739479057379983,-0.45791734762583247,-0.04807116574478476,-0.021932085120865086,0.4489795918367347,-0.021702896790836226,0.04739479057379983,-0.45791734762583247,-0.04807116574478476,-0.021932085120865086,0.4489795918367347,-0.0519428967908362,0.04739479057379983,-1.095962154531612,-0.0624381958588166,-0.05029033188977017,0.40816326530612246,-0.07210289679083624,0.04739479057379983,-1.5213253591354663,-0.07845368247406326,-0.06874669820110146,0.40816326530612246,-0.12250289679083622,0.04739479057379983,-2.5847333706450994,-0.11806160337365712,-0.11336413546975632,0.32653061224489793
price_oi_interaction_20__missing,fold_2024,2024,1,1,catalog,2015-01-05,2023-12-21,62372,7076,cs_rank_centered,,,,,0,7076,236,48,,,0.2033898305084746,-0.01768121837238859,0.048704968501364534,-0.36302699532375693,-0.0352231758928232,-0.017788303737489963,0.5,-0.01768121837238859,0.048704968501364534,-0.36302699532375693,-0.0352231758928232,-0.017788303737489963,0.5,-0.04792121837238859,0.048704968501364534,-0.9839082099200209,-0.05925971736561253,-0.04569170810283241,0.4583333333333333,-0.06808121837238859,0.048704968501364534,-1.3978290196508638,-0.07495824865156164,-0.06386118905228433,0.4375,-0.11848121837238858,0.048704968501364534,-2.432631043977971,-0.11450033542034599,-0.10781586811375465,0.4166666666666667
volume_shock_20__csz,fold_2019,2019,0,-1,train_rank_ic,2015-01-05,2018-12-20,26220,7092,cs_rank_centered,0.028754789244543017,0.023924740268475384,0.5450819672131147,0.09999762029467996,244,7092,244,49,-0.9524734174463181,0.6806927134737003,0.20081967213114754,0.1646622202945992,0.06872363259776675,2.396005770800162,-0.028834356496946878,0.1706936279261526,0.5306122448979592,0.1646622202945992,0.06872363259776675,2.396005770800162,-0.028834356496946878,0.1706936279261526,0.5306122448979592,0.13442222029459922,0.06872363259776675,1.955982465032959,-0.03199333248730407,0.13687210373534886,0.5306122448979592,0.11426222029459923,0.06872363259776675,1.6626335945214912,-0.034713179313788256,0.11485814977065822,0.5306122448979592,0.06386222029459923,0.06872363259776675,0.9292614182428203,-0.0414841562344892,0.06163390832879778,0.5306122448979592
volume_shock_20__csz,fold_2020,2020,0,-1,train_rank_ic,2015-01-05,2019-12-23,33306,7268,cs_rank_centered,-0.002195201736501923,0.009444339775290238,0.49794238683127573,0.043414780780372184,243,7268,243,49,-0.9800138538545726,0.6853689108831158,0.20164609053497942,0.008715872383186794,0.07987850534464248,0.10911411456162626,-0.07558816633754262,0.005451244913961206,0.4897959183673469,0.008715872383186794,0.07987850534464248,0.10911411456162626,-0.07558816633754262,0.005451244913961206,0.4897959183673469,-0.02152412761681321,0.07987850534464248,-0.2694608208296533,-0.08171497322327426,-0.02368592198247832,0.46938775510204084,-0.041684127616813234,0.07987850534464248,-0.5218441110905065,-0.08577897801372036,-0.042649471677801865,0.42857142857142855,-0.09208412761681321,0.07987850534464248,-1.1528023367426388,-0.09693368061915397,-0.08849380894929293,0.3469387755102041
volume_shock_20__csz,fold_2021,2021,0,-1,train_rank_ic,2015-01-05,2020-12-23,40574,7287,cs_rank_centered,-0.027545982044810194,-0.017842465370747573,0.4403292181069959,-0.07747977170001304,243,7287,243,49,-1.0355273196805377,0.6961949243575001,0.20164609053497942,-0.06513961364096907,0.09152685146200441,-0.7116994914657422,-0.12052190357671311,-0.0651701615559982,0.4897959183673469,-0.06513961364096907,0.09152685146200441,-0.7116994914657422,-0.12052190357671311,-0.0651701615559982,0.4897959183673469,-0.09537961364096907,0.09152685146200443,-1.0420943375350789,-0.13066111381331402,-0.09230104074744694,0.46938775510204084,-0.11553961364096908,0.09152685146200441,-1.2623575682479706,-0.14039434304503484,-0.10995818361059773,0.4489795918367347,-0.1659396136409691,0.09152685146200443,-1.8130156450301984,-0.17098410776571138,-0.1526421292753114,0.3673469387755102
volume_shock_20__csz,fold_2022,2022,0,-1,train_rank_ic,2015-01-05,2021-12-23,47861,7252,cs_rank_centered,-0.02784997958791691,-0.0310820146480112,0.45454545454545453,-0.14126176738660057,242,7252,242,49,-1.0625027912474443,0.7005738522276171,0.2024793388429752,0.01651759735434026,0.08319177573137508,0.19854844074581748,-0.070522131856393,0.01285350867731605,0.5306122448979592,0.01651759735434026,0.08319177573137508,0.19854844074581748,-0.070522131856393,0.01285350867731605,0.5306122448979592,-0.013722402645659737,0.08319177573137508,-0.16494902921617105,-0.07445988743243592,-0.016493980689584298,0.5306122448979592,-0.033882402645659754,0.08319177573137508,-0.40728067585749694,-0.0810636964593463,-0.03559448269527388,0.5102040816326531,-0.08428240264565974,0.08319177573137508,-1.013109792460811,-0.10627100885162133,-0.08177012624917634,0.42857142857142855
volume_shock_20__csz,fold_2023,2023,0,-1,train_rank_ic,2015-01-05,2022-12-22,55113,7259,cs_rank_centered,-0.010956048776806025,-0.00836820721328633,0.5041322314049587,-0.04130582444137583,242,7259,242,49,-1.0167584490874373,0.6901709242204513,0.2024793388429752,-0.023227351760745123,0.05847710865438865,-0.3972041760481593,-0.04959550219182185,-0.02392342167616668,0.3877551020408163,-0.023227351760745123,0.05847710865438865,-0.3972041760481593,-0.04959550219182185,-0.02392342167616668,0.3877551020408163,-0.05346735176074512,0.05847710865438865,-0.9143296067654066,-0.06382179588018866,-0.05222540566860079,0.3877551020408163,-0.07362735176074513,0.05847710865438865,-1.2590798939102383,-0.07760273985618926,-0.07064513130506878,0.3877551020408163,-0.12402735176074511,0.05847710865438865,-2.1209556117723167,-0.11119723473983001,-0.1151739131285563,0.3673469387755102
volume_shock_20__csz,fold_2024,2024,0,-1,train_rank_ic,2015-01-05,2023-12-21,62372,7076,cs_rank_centered,-0.010235689420188598,-0.014670409921237845,0.4830508474576271,-0.06578902448488334,236,7076,236,48,-1.029465333928147,0.6986211372675574,0.2033898305084746,-0.015495458778826457,0.06710100811522672,-0.23092736180978768,-0.10178536706181884,-0.01672642760362264,0.4166666666666667,-0.015495458778826457,0.06710100811522672,-0.23092736180978768,-0.10178536706181884,-0.01672642760362264,0.4166666666666667,-0.04573545877882646,0.06710100811522672,-0.681591231837962,-0.10989337146567335,-0.04465995848551241,0.3958333333333333,-0.06589545877882647,0.06710100811522672,-0.9820338118567449,-0.11526070195572946,-0.06284905751637948,0.3958333333333333,-0.11629545877882645,0.06710100811522672,-1.7331402619037017,-0.12854716460038373,-0.10685119898967244,0.375
volume_shock_20__missing,fold_2019,2019,0,-1,train_rank_ic,2015-01-05,2018-12-20,26220,7092,cs_rank_centered,0.10671709579299977,0.14159503557397912,0.8,0.6876951596562525,10,7092,244,49,-0.00036623349629771873,0.516940282757036,0.20081967213114754,-0.031885410615889134,0.049075136274783486,-0.6497263795123269,-0.07097341777373356,-0.03164601271600209,0.42857142857142855,-0.031885410615889134,0.049075136274783486,-0.6497263795123269,-0.07097341777373356,-0.03164601271600209,0.42857142857142855,-0.062125410615889116,0.049075136274783486,-1.265924362757426,-0.0843003761167378,-0.05972829272126623,0.3877551020408163,-0.08228541061588915,0.049075136274783486,-1.6767230182541595,-0.0975516628632862,-0.07800496159898684,0.3673469387755102,-0.1326854106158891,0.049075136274783486,-2.703719656995991,-0.1356541158941046,-0.12218768435289429,0.3469387755102041
volume_shock_20__missing,fold_2020,2020,0,-1,train_rank_ic,2015-01-05,2019-12-23,33306,7268,cs_rank_centered,,,,,0,7268,243,49,,,0.20164609053497942,-0.03642505470238662,0.0650628418607837,-0.559844200785543,-0.08555292056774289,-0.03676077036056169,0.5918367346938775,-0.03642505470238662,0.0650628418607837,-0.559844200785543,-0.08555292056774289,-0.03676077036056169,0.5918367346938775,-0.0666650547023866,0.0650628418607837,-1.0246256203353548,-0.10030118561389911,-0.06469819786023867,0.5510204081632653,-0.08682505470238663,0.0650628418607837,-1.3344799000352305,-0.1100058233871487,-0.08288053806989837,0.5510204081632653,-0.1372250547023866,0.06506284186078372,-2.1091155992849173,-0.13438018719978995,-0.12683504204703555,0.3673469387755102
volume_shock_20__missing,fold_2021,2021,0,-1,train_rank_ic,2015-01-05,2020-12-23,40574,7287,cs_rank_centered,,,,,0,7287,243,49,,,0.20164609053497942,0.09956031512754779,0.06364895006663829,1.5642098577166086,-0.03185982834243506,0.09942441508669186,0.6122448979591837,0.09956031512754779,0.06364895006663829,1.5642098577166086,-0.03185982834243506,0.09942441508669186,0.6122448979591837,0.0693203151275478,0.06364895006663829,1.0891038273996947,-0.0342001480954961,0.06762191977827103,0.5510204081632653,0.04916031512754779,0.06364895006663829,0.7723664738550851,-0.03702124342559965,0.04692275701568094,0.5102040816326531,-0.0012396848724521995,0.06364895006663829,-0.01947691000643831,-0.04591235930672988,-0.0031205136219883967,0.4897959183673469
volume_shock_20__missing,fold_2022,2022,0,-1,train_rank_ic,2015-01-05,2021-12-23,47861,7252,cs_rank_centered,,,,,0,7252,242,49,,,0.2024793388429752,-0.013131117549257876,0.05669772568975125,-0.23159866448807973,-0.054758892501525436,-0.014198288690814187,0.40816326530612246,-0.013131117549257876,0.05669772568975125,-0.23159866448807973,-0.054758892501525436,-0.014198288690814187,0.40816326530612246,-0.043371117549257876,0.05669772568975125,-0.7649533913685307,-0.06911526227657949,-0.04277650683091827,0.3877551020408163,-0.06353111754925791,0.05669772568975125,-1.1205232092888318,-0.07994725398837654,-0.06137610480533018,0.3673469387755102,-0.1139311175492579,0.05669772568975125,-2.0094477540895834,-0.11168280578626011,-0.10634002694384381,0.3469387755102041
volume_shock_20__missing,fold_2023,2023,0,-1,train_rank_ic,2015-01-05,2022-12-22,55113,7259,cs_rank_centered,,,,,0,7259,242,49,,,0.2024793388429752,-0.021702896790836226,0.04739479057379983,-0.45791734762583247,-0.04807116574478476,-0.021932085120865086,0.4489795918367347,-0.021702896790836226,0.04739479057379983,-0.45791734762583247,-0.04807116574478476,-0.021932085120865086,0.4489795918367347,-0.0519428967908362,0.04739479057379983,-1.095962154531612,-0.0624381958588166,-0.05029033188977017,0.40816326530612246,-0.07210289679083624,0.04739479057379983,-1.5213253591354663,-0.07845368247406326,-0.06874669820110146,0.40816326530612246,-0.12250289679083622,0.04739479057379983,-2.5847333706450994,-0.11806160337365712,-0.11336413546975632,0.32653061224489793
volume_shock_20__missing,fold_2024,2024,0,-1,train_rank_ic,2015-01-05,2023-12-21,62372,7076,cs_rank_centered,,,,,0,7076,236,48,,,0.2033898305084746,-0.01768121837238859,0.048704968501364534,-0.36302699532375693,-0.0352231758928232,-0.017788303737489963,0.5,-0.01768121837238859,0.048704968501364534,-0.36302699532375693,-0.0352231758928232,-0.017788303737489963,0.5,-0.04792121837238859,0.048704968501364534,-0.9839082099200209,-0.05925971736561253,-0.04569170810283241,0.4583333333333333,-0.06808121837238859,0.048704968501364534,-1.3978290196508638,-0.07495824865156164,-0.06386118905228433,0.4375,-0.11848121837238858,0.048704968501364534,-2.432631043977971,-0.11450033542034599,-0.10781586811375465,0.4166666666666667
amihud_20__csz,fold_2019,2019,-1,-1,catalog,2015-01-05,2018-12-20,26220,7092,cs_rank_centered,0.043632731843017775,0.041234776746986335,0.610655737704918,0.2458316787677058,244,7092,244,49,-0.9162918679428811,0.6729018530198101,0.20081967213114754,0.14256928828954146,0.057415826622097335,2.4831008569799393,-0.016696661241652144,0.1466615200541248,0.7551020408163265,0.14256928828954146,0.057415826622097335,2.4831008569799393,-0.016696661241652144,0.1466615200541248,0.7551020408163265,0.1123292882895415,0.057415826622097335,1.956416808711588,-0.019303247091686182,0.11352090966699135,0.6326530612244898,0.0921692882895415,0.057415826622097335,1.6052941098660205,-0.02400796187538079,0.09195036518403721,0.5714285714285714,0.04176928828954149,0.057415826622097335,0.7274873627521016,-0.036681853825218824,0.03979889194018993,0.46938775510204084
amihud_20__csz,fold_2020,2020,-1,-1,catalog,2015-01-05,2019-12-23,33306,7268,cs_rank_centered,0.01796784233072505,0.011117706906570629,0.5308641975308642,0.0503460963970808,243,7268,243,49,-0.9773970438222854,0.6886903343586394,0.20164609053497942,0.038871148636955455,0.09410900051984901,0.4130439003945956,-0.06965309680309517,0.03410093259042912,0.5306122448979592,0.038871148636955455,0.09410900051984901,0.4130439003945956,-0.06965309680309517,0.03410093259042912,0.5306122448979592,0.008631148636955488,0.09410900051984901,0.09171438001974155,-0.07858460470763506,0.004149702651937037,0.5102040816326531,-0.01152885136304454,0.09410900051984901,-0.12250530023016164,-0.08449421633366905,-0.0153439269615806,0.46938775510204084,-0.06192885136304453,0.09410900051984901,-0.6580545008549188,-0.09911316246920465,-0.06247059816665257,0.42857142857142855
amihud_20__csz,fold_2021,2021,-1,-1,catalog,2015-01-05,2020-12-23,40574,7287,cs_rank_centered,-0.03935687153238287,-0.03663999960941308,0.4156378600823045,-0.16867822028292953,243,7287,243,49,-1.072432822726864,0.6954114250291192,0.20164609053497942,-0.1583790619397805,0.10828704261089474,-1.4625855330529274,-0.1844053736048521,-0.14771386722527113,0.4489795918367347,-0.1583790619397805,0.10828704261089474,-1.4625855330529274,-0.1844053736048521,-0.14771386722527113,0.4489795918367347,-0.1886190619397805,0.10828704261089474,-1.741843321158386,-0.20049957568358467,-0.17249595779150595,0.42857142857142855,-0.2087790619397805,0.10828704261089474,-1.9280151798953584,-0.2110574955716752,-0.1886237313895941,0.42857142857142855,-0.2591790619397805,0.10828704261089474,-2.3934448267377895,-0.23686423259167955,-0.22760810577563562,0.40816326530612246
amihud_20__csz,fold_2022,2022,-1,-1,catalog,2015-01-05,2021-12-23,47861,7252,cs_rank_centered,-0.00535712891401437,-0.0009601324220531529,0.5,-0.004579755484042109,242,7252,242,49,-1.0002969039812006,0.6789093683006421,0.2024793388429752,-0.030769048079294255,0.09766300783488434,-0.3150532505748183,-0.07853457783861972,-0.033896799323003046,0.42857142857142855,-0.030769048079294255,0.09766300783488434,-0.3150532505748183,-0.07853457783861972,-0.033896799323003046,0.42857142857142855,-0.061009048079294276,0.09766300783488434,-0.6246894236806662,-0.08409458757166999,-0.06191705135432424,0.3877551020408163,-0.08116904807929429,0.09766300783488434,-0.8311135390845646,-0.08778446800718254,-0.08015330050647629,0.3877551020408163,-0.1315690480792943,0.09766300783488434,-1.3471738275943108,-0.1201149523395203,-0.12423814146049728,0.3469387755102041
amihud_20__csz,fold_2023,2023,-1,-1,catalog,2015-01-05,2022-12-22,55113,7259,cs_rank_centered,-0.010082475257566571,0.001855649119041938,0.512396694214876,0.008924955715805474,242,7259,242,49,-0.996089268183769,0.6803553529947873,0.2024793388429752,-0.0027942339050369062,0.06624551894293258,-0.04217996854163085,-0.08085078760925468,-0.004796693492485238,0.5102040816326531,-0.0027942339050369062,0.06624551894293258,-0.04217996854163085,-0.08085078760925468,-0.004796693492485238,0.5102040816326531,-0.03303423390503692,0.06624551894293258,-0.498663674647856,-0.09569829774076244,-0.03364227969883371,0.4489795918367347,-0.0531942339050369,0.06624551894293258,-0.8029861453853393,-0.10652372175637526,-0.05241597174397283,0.4489795918367347,-0.10359423390503691,0.06624551894293258,-1.5637923222290482,-0.13304206170750432,-0.09780103865167089,0.3877551020408163
amihud_20__csz,fold_2024,2024,-1,-1,catalog,2015-01-05,2023-12-21,62372,7076,cs_rank_centered,0.057078833970735286,0.052548210043442664,0.597457627118644,0.2174349518989733,236,7076,236,48,-0.8939966058490543,0.657004736749771,0.2033898305084746,0.14231996841581135,0.08712251136754892,1.6335613629799723,-0.04740245909213803,0.14087688686934952,0.6041666666666666,0.14231996841581135,0.08712251136754892,1.6335613629799723,-0.04740245909213803,0.14087688686934952,0.6041666666666666,0.11207996841581139,0.08712251136754892,1.2864639305790095,-0.04800245909213807,0.10856389321643611,0.5833333333333334,0.09191996841581138,0.08712251136754892,1.0550656423117,-0.04840245909213814,0.08752155953203666,0.5833333333333334,0.04151996841581136,0.08712251136754892,0.476569921643427,-0.05522111954592901,0.03661189799579034,0.5
amihud_20__missing,fold_2019,2019,-1,-1,catalog,2015-01-05,2018-12-20,26220,7092,cs_rank_centered,0.06696831714953982,0.0834315026509712,0.6111111111111112,0.44328923602499337,18,7092,244,49,-0.0034087886963096725,0.5175820938311942,0.20081967213114754,-0.02892437065760154,0.04875878888377607,-0.5932134763754519,-0.07097341777373356,-0.02883821624819405,0.42857142857142855,-0.02892437065760154,0.04875878888377607,-0.5932134763754519,-0.07097341777373356,-0.02883821624819405,0.42857142857142855,-0.05916437065760153,0.04875878888377607,-1.2134093567957305,-0.0843003761167378,-0.0570002737737082,0.3877551020408163,-0.07932437065760155,0.04875878888377607,-1.6268732770759167,-0.0949323252758909,-0.07532889011644839,0.3673469387755102,-0.12972437065760153,0.04875878888377607,-2.6605330777763814,-0.13314283794261228,-0.11963728091560222,0.3469387755102041
amihud_20__missing,fold_2020,2020,-1,-1,catalog,2015-01-05,2019-12-23,33306,7268,cs_rank_centered,-0.026513531218440366,-0.06436251898326777,0.0,-1.414213562373095,2,7268,243,49,-0.0011292662221844552,0.5175696821069071,0.20164609053497942,-0.035021770529910096,0.06513507824373839,-0.5376791043200572,-0.08555292056774277,-0.03544910050760852,0.5918367346938775,-0.035021770529910096,0.06513507824373839,-0.5376791043200572,-0.08555292056774277,-0.03544910050760852,0.5918367346938775,-0.06526177052991007,0.06513507824373839,-1.0019450699928172,-0.10030118561389889,-0.06342380799507052,0.5510204081632653,-0.08542177052991014,0.06513507824373839,-1.3114557137746583,-0.11000582338714882,-0.08163042304249968,0.5510204081632653,-0.1358217705299101,0.06513507824373839,-2.0852323232292584,-0.1343801871997896,-0.12564365057022797,0.3877551020408163
amihud_20__missing,fold_2021,2021,-1,-1,catalog,2015-01-05,2020-12-23,40574,7287,cs_rank_centered,,,,,0,7287,243,49,,,0.20164609053497942,0.09956031512754779,0.06364895006663829,1.5642098577166086,-0.03185982834243506,0.09942441508669186,0.6122448979591837,0.09956031512754779,0.06364895006663829,1.5642098577166086,-0.03185982834243506,0.09942441508669186,0.6122448979591837,0.0693203151275478,0.06364895006663829,1.0891038273996947,-0.0342001480954961,0.06762191977827103,0.5510204081632653,0.04916031512754779,0.06364895006663829,0.7723664738550851,-0.03702124342559965,0.04692275701568094,0.5102040816326531,-0.0012396848724521995,0.06364895006663829,-0.01947691000643831,-0.04591235930672988,-0.0031205136219883967,0.4897959183673469
amihud_20__missing,fold_2022,2022,-1,-1,catalog,2015-01-05,2021-12-23,47861,7252,cs_rank_centered,-0.00731485729632597,0.033310426491340334,0.631578947368421,0.13349342581199228,19,7252,242,49,-0.005976978673761568,0.5176503033645891,0.2024793388429752,-0.010593713580300586,0.05724176080998029,-0.1850696664532643,-0.05603202054729617,-0.011791795580631925,0.42857142857142855,-0.010593713580300586,0.05724176080998029,-0.1850696664532643,-0.05603202054729617,-0.011791795580631925,0.42857142857142855,-0.040833713580300586,0.05724176080998029,-0.7133553021866703,-0.07235250811478755,-0.040438389397868035,0.40816326530612246,-0.06099371358030059,0.05724176080998029,-1.0655457260089412,-0.08314811256880517,-0.05908251047480961,0.3877551020408163,-0.11139371358030058,0.05724176080998029,-1.9460217855646174,-0.1147763555607152,-0.10415414009086377,0.3469387755102041
amihud_20__missing,fold_2023,2023,-1,-1,catalog,2015-01-05,2022-12-22,55113,7259,cs_rank_centered,,,,,0,7259,242,49,,,0.2024793388429752,-0.021702896790836226,0.04739479057379983,-0.45791734762583247,-0.04807116574478476,-0.021932085120865086,0.4489795918367347,-0.021702896790836226,0.04739479057379983,-0.45791734762583247,-0.04807116574478476,-0.021932085120865086,0.4489795918367347,-0.0519428967908362,0.04739479057379983,-1.095962154531612,-0.0624381958588166,-0.05029033188977017,0.40816326530612246,-0.07210289679083624,0.04739479057379983,-1.5213253591354663,-0.07845368247406326,-0.06874669820110146,0.40816326530612246,-0.12250289679083622,0.04739479057379983,-2.5847333706450994,-0.11806160337365712,-0.11336413546975632,0.32653061224489793
amihud_20__missing,fold_2024,2024,-1,-1,catalog,2015-01-05,2023-12-21,62372,7076,cs_rank_centered,,,,,0,7076,236,48,,,0.2033898305084746,-0.01768121837238859,0.048704968501364534,-0.36302699532375693,-0.0352231758928232,-0.017788303737489963,0.5,-0.01768121837238859,0.048704968501364534,-0.36302699532375693,-0.0352231758928232,-0.017788303737489963,0.5,-0.04792121837238859,0.048704968501364534,-0.9839082099200209,-0.05925971736561253,-0.04569170810283241,0.4583333333333333,-0.06808121837238859,0.048704968501364534,-1.3978290196508638,-0.07495824865156164,-0.06386118905228433,0.4375,-0.11848121837238858,0.048704968501364534,-2.432631043977971,-0.11450033542034599,-0.10781586811375465,0.4166666666666667
turnover_oi__csz,fold_2019,2019,0,1,train_rank_ic,2015-01-05,2018-12-20,26220,7092,cs_rank_centered,0.03044975326646089,0.021864293650483146,0.5122950819672131,0.08482365499969598,244,7092,244,49,-0.9550619430074931,0.6775589451042122,0.20081967213114754,-0.002367904429840666,0.07446045434497615,-0.031800832410585865,-0.08881252035682075,-0.004928134991704636,0.4897959183673469,-0.002367904429840666,0.07446045434497615,-0.031800832410585865,-0.08881252035682075,-0.004928134991704636,0.4897959183673469,-0.032607904429840684,0.07446045434497615,-0.43792244778373085,-0.10874842467974077,-0.03377030316130469,0.46938775510204084,-0.05276790442984068,0.07446045434497615,-0.7086701913658272,-0.12258792208785008,-0.05254176461078508,0.46938775510204084,-0.10316790442984067,0.07446045434497615,-1.3855395503210681,-0.15819044547416938,-0.0979214187977846,0.42857142857142855
turnover_oi__csz,fold_2020,2020,0,1,train_rank_ic,2015-01-05,2019-12-23,33306,7268,cs_rank_centered,-0.033498309663532726,-0.04564918081032301,0.39094650205761317,-0.19762217505264798,243,7268,243,49,-1.091560469858805,0.707249634174273,0.20164609053497942,-0.07333302179968679,0.07264049260430208,-1.0095336522448595,-0.09112649689163999,-0.07120181813094872,0.4489795918367347,-0.07333302179968679,0.07264049260430208,-1.0095336522448595,-0.09112649689163999,-0.07120181813094872,0.4489795918367347,-0.10357302179968679,0.07264049260430208,-1.4258303886220174,-0.11113906411956265,-0.09816032556310517,0.4489795918367347,-0.12373302179968682,0.07264049260430208,-1.7033615462067895,-0.12424188430114669,-0.11570524334377175,0.42857142857142855,-0.17413302179968676,0.07264049260430208,-2.397189440168718,-0.16234637511425354,-0.15811775339587952,0.3877551020408163
turnover_oi__csz,fold_2021,2021,0,-1,train_rank_ic,2015-01-05,2020-12-23,40574,7287,cs_rank_centered,-0.018945433993028407,-0.019972185644896976,0.5061728395061729,-0.08932916880478446,243,7287,243,49,-1.0398992737797066,0.6977950476623125,0.20164609053497942,-0.0812184464796299,0.08215892071761241,-0.9885529869456904,-0.12515905659079207,-0.07895947791075786,0.4489795918367347,-0.0812184464796299,0.08215892071761241,-0.9885529869456904,-0.12515905659079207,-0.07895947791075786,0.4489795918367347,-0.11145844647962992,0.08215892071761241,-1.35662013943346,-0.13462942591963134,-0.10569771302566955,0.40816326530612246,-0.13161844647962992,0.08215892071761241,-1.601998241091973,-0.1408891246646069,-0.12309919729919061,0.40816326530612246,-0.18201844647962992,0.0821589207176124,-2.2154434952382553,-0.15916310649005838,-0.16516471437212898,0.3877551020408163
turnover_oi__csz,fold_2022,2022,0,1,train_rank_ic,2015-01-05,2021-12-23,47861,7252,cs_rank_centered,0.018504895685482522,0.01566645641542525,0.5206611570247934,0.06090458247629436,242,7252,242,49,-0.9684312355510101,0.6832509598167584,0.2024793388429752,0.03039241123778084,0.09510201172761361,0.3195769541114363,-0.06588117513085057,0.025531308845175626,0.5918367346938775,0.03039241123778084,0.09510201172761361,0.3195769541114363,-0.06588117513085057,0.025531308845175626,0.5918367346938775,0.00015241123778083937,0.09510201172761361,0.0016026079260801336,-0.06927765162642241,-0.004176731977932113,0.5918367346938775,-0.020007588762219152,0.09510201172761362,-0.2103802895308238,-0.07153624710515538,-0.02351200333056913,0.5510204081632653,-0.07040758876221914,0.09510201172761361,-0.7403375331730839,-0.08862500049706545,-0.07025556849131687,0.5306122448979592
turnover_oi__csz,fold_2023,2023,0,1,train_rank_ic,2015-01-05,2022-12-22,55113,7259,cs_rank_centered,-0.014725962035972382,-0.017611402277450068,0.512396694214876,-0.07372885025909638,242,7259,242,49,-1.0349414372035004,0.6883732577259282,0.2024793388429752,-0.0802024611740501,0.07061932030427294,-1.1357014033622372,-0.08418560973603495,-0.07727223010060902,0.46938775510204084,-0.0802024611740501,0.07061932030427294,-1.1357014033622372,-0.08418560973603495,-0.07727223010060902,0.46938775510204084,-0.11044246117405011,0.07061932030427294,-1.5639128314771904,-0.10362503592023209,-0.10405800802971776,0.42857142857142855,-0.1306024611740501,0.07061932030427294,-1.8493871168871592,-0.11816607448936556,-0.12149045619842314,0.40816326530612246,-0.18100246117405014,0.07061932030427294,-2.563072830412081,-0.15625220634213866,-0.16363090005266612,0.3469387755102041
turnover_oi__csz,fold_2024,2024,0,1,train_rank_ic,2015-01-05,2023-12-21,62372,7076,cs_rank_centered,0.05049904257890878,0.04981392993868116,0.6016949152542372,0.2104650386906772,236,7076,236,48,-0.8994888580236562,0.6648116021130193,0.2033898305084746,-0.004880504636450936,0.06820496576243566,-0.07155644141000225,-0.06831372908682753,-0.006800484628593839,0.5208333333333334,-0.004880504636450936,0.06820496576243566,-0.07155644141000225,-0.06831372908682753,-0.006800484628593839,0.5208333333333334,-0.03512050463645093,0.06820496576243566,-0.5149259184262179,-0.08464849709543298,-0.03501021610914368,0.5208333333333334,-0.055280504636450956,0.06820496576243566,-0.8105055697703621,-0.09668673822762397,-0.05337925496812568,0.5208333333333334,-0.10568050463645094,0.06820496576243566,-1.5494546981307216,-0.1261145584578629,-0.09781700109292346,0.5208333333333334
realized_volatility_20__csz,fold_2019,2019,0,1,train_rank_ic,2015-01-05,2018-12-20,26220,7092,cs_rank_centered,0.038031792866249484,0.027392024845291966,0.5204918032786885,0.08556821931040574,244,7092,244,49,-0.9439221721532791,0.6713837259473916,0.20081967213114754,0.0658321315274023,0.10117131605199693,0.6506995667978456,-0.07537363006701658,0.06088224734254366,0.5510204081632653,0.0658321315274023,0.10117131605199693,0.6506995667978456,-0.07537363006701658,0.06088224734254366,0.5510204081632653,0.03559213152740231,0.10117131605199692,0.3518006181624618,-0.09033359050320011,0.03017077641464616,0.5306122448979592,0.015432131527402294,0.10117131605199693,0.15253465240553915,-0.10158132591833247,0.010182101914565811,0.5102040816326531,-0.03496786847259771,0.10117131605199693,-0.3456302619867671,-0.1298447064902577,-0.0381421871740647,0.42857142857142855
realized_volatility_20__csz,fold_2020,2020,0,1,train_rank_ic,2015-01-05,2019-12-23,33306,7268,cs_rank_centered,0.008804396721620497,0.0026339972350854835,0.48148148148148145,0.008987638429590668,243,7268,243,49,-0.9942390156984406,0.6819656707712047,0.20164609053497942,0.00344597910270904,0.1281542831481299,0.02688930106788496,-0.09855195906017666,-0.004384204775562561,0.40816326530612246,0.00344597910270904,0.1281542831481299,0.02688930106788496,-0.09855195906017666,-0.004384204775562561,0.40816326530612246,-0.026794020897290986,0.1281542831481299,-0.20907628086312605,-0.10346493644578636,-0.033244746663425695,0.40816326530612246,-0.046954020897291,0.1281542831481299,-0.3663866688171334,-0.10672701807051099,-0.052028126793805085,0.3673469387755102,-0.09735402089729098,0.1281542831481299,-0.7596626387021512,-0.11483611227018209,-0.09743646076113344,0.3673469387755102
realized_volatility_20__csz,fold_2021,2021,0,1,train_rank_ic,2015-01-05,2020-12-23,40574,7287,cs_rank_centered,0.027084073207687968,0.03735365931608274,0.5432098765432098,0.10784719460139948,243,7287,243,49,-0.9252807530148452,0.6621826709417743,0.20164609053497942,0.03543281367419995,0.17068048823227633,0.20759733019968873,-0.19362372173679454,0.020409967277172036,0.5918367346938775,0.03543281367419995,0.17068048823227633,0.20759733019968873,-0.19362372173679454,0.020409967277172036,0.5918367346938775,0.005192813674199902,0.17068048823227633,0.030424178697761196,-0.19614778083146844,-0.009158811882585494,0.5306122448979592,-0.01496718632580003,0.17068048823227633,-0.08769125563685656,-0.19782697376287484,-0.028403305407618262,0.5306122448979592,-0.06536718632580003,0.17068048823227633,-0.382979841473402,-0.2020126857984781,-0.0749269395720289,0.5306122448979592
realized_volatility_20__csz,fold_2022,2022,0,1,train_rank_ic,2015-01-05,2021-12-23,47861,7252,cs_rank_centered,0.04650637985109843,0.038975382635185775,0.5371900826446281,0.11863236852569141,242,7252,242,49,-0.9219484486598841,0.6612600838498093,0.2024793388429752,0.07073564892009193,0.13915564310865136,0.5083203766653015,-0.085276993366172,0.06126646863987251,0.5714285714285714,0.07073564892009193,0.13915564310865136,0.5083203766653015,-0.085276993366172,0.06126646863987251,0.5714285714285714,0.04049564892009189,0.13915564310865136,0.29100975005715923,-0.0924366132652068,0.030541336872272895,0.5714285714285714,0.02033564892009189,0.13915564310865136,0.14613599898506463,-0.09718091781611626,0.010543809616542,0.5510204081632653,-0.030064351079908114,0.13915564310865136,-0.21604837869517204,-0.11071296035292832,-0.03780175206551095,0.5102040816326531
realized_volatility_20__csz,fold_2023,2023,0,1,train_rank_ic,2015-01-05,2022-12-22,55113,7259,cs_rank_centered,0.042739936630606795,0.024082741401478876,0.5537190082644629,0.08539497730620133,242,7259,242,49,-0.9517307860179116,0.6733859173969192,0.2024793388429752,0.08010887521727789,0.08165453792672378,0.9810707065560403,-0.03573513638732029,0.07751990640604145,0.5102040816326531,0.08010887521727789,0.08165453792672378,0.9810707065560403,-0.03573513638732029,0.07751990640604145,0.5102040816326531,0.04986887521727791,0.08165453792672378,0.6107299910512003,-0.03806844834185619,0.04633762579078149,0.5102040816326531,0.02970887521727785,0.08165453792672378,0.36383618071463947,-0.04237534661746312,0.026042351872401337,0.4897959183673469,-0.020691124782722108,0.08165453792672378,-0.2533983451267605,-0.056146584999983706,-0.023023743464000157,0.42857142857142855
realized_volatility_20__csz,fold_2024,2024,0,1,train_rank_ic,2015-01-05,2023-12-21,62372,7076,cs_rank_centered,-0.05295807264995311,-0.05629851323807756,0.4364406779661017,-0.18145316808677142,236,7076,236,48,-1.1125720235505896,0.6997567732056338,0.2033898305084746,-0.09126336775076899,0.14110871558947408,-0.6467592548732456,-0.10740781959562373,-0.09153110845719081,0.3125,-0.09126336775076899,0.14110871558947408,-0.6467592548732456,-0.10740781959562373,-0.09153110845719081,0.3125,-0.12150336775076898,0.14110871558947408,-0.861062105506348,-0.1205066881169804,-0.11738501447760508,0.2916666666666667,-0.141663367750769,0.14110871558947408,-1.0039306725950832,-0.1317404088882732,-0.13421924530845708,0.2916666666666667,-0.19206336775076896,0.14110871558947408,-1.3611020903169204,-0.16884764363794258,-0.17494137579373925,0.2708333333333333
realized_volatility_20__missing,fold_2019,2019,0,1,train_rank_ic,2015-01-05,2018-12-20,26220,7092,cs_rank_centered,-0.06696831714953982,-0.0834315026509712,0.3888888888888889,-0.44328923602499337,18,7092,244,49,-0.011296894770414623,0.5189824089020854,0.20081967213114754,-0.03241810817535633,0.048797221133034994,-0.664343325759789,-0.07097341777373356,-0.032135144787394876,0.40816326530612246,-0.03241810817535633,0.048797221133034994,-0.664343325759789,-0.07097341777373356,-0.032135144787394876,0.40816326530612246,-0.06265810817535632,0.048797221133034994,-1.284050745523657,-0.0843003761167378,-0.060203517858708255,0.3673469387755102,-0.08281810817535634,0.048797221133034994,-1.6971890253662358,-0.0980079495837648,-0.07847113132312222,0.3469387755102041,-0.13321810817535634,0.048797221133034994,-2.730034724972682,-0.13609156441003734,-0.12263194827756674,0.32653061224489793
realized_volatility_20__missing,fold_2020,2020,0,-1,train_rank_ic,2015-01-05,2019-12-23,33306,7268,cs_rank_centered,-0.026513531218440366,-0.06436251898326777,0.0,-1.414213562373095,2,7268,243,49,-0.0011292662221844552,0.5175696821069071,0.20164609053497942,-0.035021770529910096,0.06513507824373839,-0.5376791043200572,-0.08555292056774277,-0.03544910050760852,0.5918367346938775,-0.035021770529910096,0.06513507824373839,-0.5376791043200572,-0.08555292056774277,-0.03544910050760852,0.5918367346938775,-0.06526177052991007,0.06513507824373839,-1.0019450699928172,-0.10030118561389889,-0.06342380799507052,0.5510204081632653,-0.08542177052991014,0.06513507824373839,-1.3114557137746583,-0.11000582338714882,-0.08163042304249968,0.5510204081632653,-0.1358217705299101,0.06513507824373839,-2.0852323232292584,-0.1343801871997896,-0.12564365057022797,0.3877551020408163
realized_volatility_20__missing,fold_2021,2021,0,-1,train_rank_ic,2015-01-05,2020-12-23,40574,7287,cs_rank_centered,,,,,0,7287,243,49,,,0.20164609053497942,0.09956031512754779,0.06364895006663829,1.5642098577166086,-0.03185982834243506,0.09942441508669186,0.6122448979591837,0.09956031512754779,0.06364895006663829,1.5642098577166086,-0.03185982834243506,0.09942441508669186,0.6122448979591837,0.0693203151275478,0.06364895006663829,1.0891038273996947,-0.0342001480954961,0.06762191977827103,0.5510204081632653,0.04916031512754779,0.06364895006663829,0.7723664738550851,-0.03702124342559965,0.04692275701568094,0.5102040816326531,-0.0012396848724521995,0.06364895006663829,-0.01947691000643831,-0.04591235930672988,-0.0031205136219883967,0.4897959183673469
realized_volatility_20__missing,fold_2022,2022,0,-1,train_rank_ic,2015-01-05,2021-12-23,47861,7252,cs_rank_centered,,,,,0,7252,242,49,,,0.2024793388429752,-0.013131117549257876,0.05669772568975125,-0.23159866448807973,-0.054758892501525436,-0.014198288690814187,0.40816326530612246,-0.013131117549257876,0.05669772568975125,-0.23159866448807973,-0.054758892501525436,-0.014198288690814187,0.40816326530612246,-0.043371117549257876,0.05669772568975125,-0.7649533913685307,-0.06911526227657949,-0.04277650683091827,0.3877551020408163,-0.06353111754925791,0.05669772568975125,-1.1205232092888318,-0.07994725398837654,-0.06137610480533018,0.3673469387755102,-0.1139311175492579,0.05669772568975125,-2.0094477540895834,-0.11168280578626011,-0.10634002694384381,0.3469387755102041
realized_volatility_20__missing,fold_2023,2023,0,-1,train_rank_ic,2015-01-05,2022-12-22,55113,7259,cs_rank_centered,,,,,0,7259,242,49,,,0.2024793388429752,-0.021702896790836226,0.04739479057379983,-0.45791734762583247,-0.04807116574478476,-0.021932085120865086,0.4489795918367347,-0.021702896790836226,0.04739479057379983,-0.45791734762583247,-0.04807116574478476,-0.021932085120865086,0.4489795918367347,-0.0519428967908362,0.04739479057379983,-1.095962154531612,-0.0624381958588166,-0.05029033188977017,0.40816326530612246,-0.07210289679083624,0.04739479057379983,-1.5213253591354663,-0.07845368247406326,-0.06874669820110146,0.40816326530612246,-0.12250289679083622,0.04739479057379983,-2.5847333706450994,-0.11806160337365712,-0.11336413546975632,0.32653061224489793
realized_volatility_20__missing,fold_2024,2024,0,-1,train_rank_ic,2015-01-05,2023-12-21,62372,7076,cs_rank_centered,,,,,0,7076,236,48,,,0.2033898305084746,-0.01768121837238859,0.048704968501364534,-0.36302699532375693,-0.0352231758928232,-0.017788303737489963,0.5,-0.01768121837238859,0.048704968501364534,-0.36302699532375693,-0.0352231758928232,-0.017788303737489963,0.5,-0.04792121837238859,0.048704968501364534,-0.9839082099200209,-0.05925971736561253,-0.04569170810283241,0.4583333333333333,-0.06808121837238859,0.048704968501364534,-1.3978290196508638,-0.07495824865156164,-0.06386118905228433,0.4375,-0.11848121837238858,0.048704968501364534,-2.432631043977971,-0.11450033542034599,-0.10781586811375465,0.4166666666666667
low_volatility_20__csz,fold_2019,2019,1,1,catalog,2015-01-05,2018-12-20,26220,7092,cs_rank_centered,-0.038031792866249484,-0.027392024845291966,0.47950819672131145,-0.08556821931040574,244,7092,244,49,-1.0560559731359227,0.6992845638210985,0.20081967213114754,-0.06583213152740232,0.10117131605199693,-0.6506995667978456,-0.06549017668383139,-0.06661400906369386,0.4489795918367347,-0.06583213152740232,0.10117131605199693,-0.6506995667978456,-0.06549017668383139,-0.06661400906369386,0.4489795918367347,-0.09607213152740234,0.10117131605199693,-0.9495985154332294,-0.06776938165788104,-0.09370429339696673,0.4489795918367347,-0.11623213152740233,0.10117131605199693,-1.1488644811901518,-0.07602118568662664,-0.11133499604970765,0.4489795918367347,-0.16663213152740236,0.10117131605199693,-1.6470293955824586,-0.11889833402832428,-0.15395495664318604,0.42857142857142855
low_volatility_20__csz,fold_2020,2020,1,1,catalog,2015-01-05,2019-12-23,33306,7268,cs_rank_centered,-0.00880149108126456,-0.0026267768263343204,0.5185185185185185,-0.008963092440723002,243,7268,243,49,-1.0057536394806021,0.6799746349449347,0.20164609053497942,-0.0034459791027090353,0.1281542831481299,-0.02688930106788492,-0.11401657428557155,-0.011197184597866006,0.5918367346938775,-0.0034459791027090353,0.1281542831481299,-0.02688930106788492,-0.11401657428557155,-0.011197184597866006,0.5918367346938775,-0.03368597910270906,0.1281542831481299,-0.2628548829988959,-0.12633856050693537,-0.039864384313682666,0.5510204081632653,-0.053845979102709045,0.1281542831481299,-0.420165270952903,-0.13853572769706146,-0.058521865285802166,0.5510204081632653,-0.10424597910270904,0.1281542831481299,-0.8134412408379209,-0.16830941634102914,-0.1036256197898,0.5306122448979592
low_volatility_20__csz,fold_2021,2021,1,1,catalog,2015-01-05,2020-12-23,40574,7287,cs_rank_centered,-0.027115422594793694,-0.037385597122266113,0.4567901234567901,-0.10793420507514002,243,7287,243,49,-1.074782441637736,0.693144076670716,0.20164609053497942,-0.03543281367419994,0.17068048823227636,-0.20759733019968865,-0.1600137604256685,-0.04689761147962235,0.40816326530612246,-0.03543281367419994,0.17068048823227636,-0.20759733019968865,-0.1600137604256685,-0.04689761147962235,0.40816326530612246,-0.06567281367419996,0.17068048823227636,-0.38477048170161593,-0.17360454379459167,-0.07455317078512258,0.40816326530612246,-0.08583281367419997,0.17068048823227636,-0.5028859160362341,-0.18321765725769845,-0.09255187539492338,0.3877551020408163,-0.13623281367419995,0.17068048823227636,-0.7981745018727795,-0.20753331189084268,-0.13606181632786785,0.3877551020408163
low_volatility_20__csz,fold_2022,2022,1,1,catalog,2015-01-05,2021-12-23,47861,7252,cs_rank_centered,-0.04650637985109843,-0.038975382635185775,0.4628099173553719,-0.11863236852569141,242,7252,242,49,-1.0780552323123556,0.6981753292449985,0.2024793388429752,-0.07073564892009189,0.13915564310865136,-0.5083203766653013,-0.10166447668578049,-0.07504873760191888,0.42857142857142855,-0.07073564892009189,0.13915564310865136,-0.5083203766653013,-0.10166447668578049,-0.07504873760191888,0.42857142857142855,-0.1009756489200919,0.13915564310865136,-0.7256310032734434,-0.11191005073089189,-0.10190141438628353,0.42857142857142855,-0.12113564892009189,0.13915564310865136,-0.870504754345538,-0.11867882715797651,-0.11937736590884551,0.42857142857142855,-0.1715356489200919,0.13915564310865136,-1.232689132025775,-0.15432831649356682,-0.1616228545104389,0.3673469387755102
low_volatility_20__csz,fold_2023,2023,1,1,catalog,2015-01-05,2022-12-22,55113,7259,cs_rank_centered,-0.04273601199409259,-0.024079856082095136,0.4462809917355372,-0.08538553258207014,242,7259,242,49,-1.0482738110737642,0.690525842897928,0.2024793388429752,-0.08010887521727787,0.08165453792672378,-0.9810707065560401,-0.12657047550225775,-0.07793260691181336,0.4897959183673469,-0.08010887521727787,0.08165453792672378,-0.9810707065560401,-0.12657047550225775,-0.07793260691181336,0.4897959183673469,-0.11034887521727789,0.08165453792672378,-1.3514114220608806,-0.14479740242166728,-0.1047000374567093,0.46938775510204084,-0.13050887521727786,0.08165453792672378,-1.5983052323974405,-0.1567428370074595,-0.12212053216165408,0.40816326530612246,-0.1809088752172779,0.08165453792672378,-2.215539758238841,-0.19207858864824556,-0.1642320370835092,0.3469387755102041
low_volatility_20__csz,fold_2024,2024,1,1,catalog,2015-01-05,2023-12-21,62372,7076,cs_rank_centered,0.05300116995089002,0.05631685043669996,0.5635593220338984,0.18152513254445832,236,7076,236,48,-0.8873959087757668,0.6619046484546183,0.2033898305084746,0.09126336775076895,0.14110871558947408,0.6467592548732454,-0.10093710789525812,0.08027281923050555,0.6875,0.09126336775076895,0.14110871558947408,0.6467592548732454,-0.10093710789525812,0.08027281923050555,0.6875,0.061023367750768956,0.1411087155894741,0.43245640424014287,-0.10153710789525816,0.0496379325362899,0.6458333333333334,0.040863367750768945,0.14110871558947408,0.28958783715140785,-0.10193710789525812,0.029688981496038824,0.6458333333333334,-0.00953663224923107,0.14110871558947408,-0.0675835805704297,-0.10897672498676958,-0.01857335761005241,0.5833333333333334
low_volatility_20__missing,fold_2019,2019,1,1,catalog,2015-01-05,2018-12-20,26220,7092,cs_rank_centered,-0.06696831714953982,-0.0834315026509712,0.3888888888888889,-0.44328923602499337,18,7092,244,49,-0.011296894770414623,0.5189824089020854,0.20081967213114754,-0.03241810817535633,0.048797221133034994,-0.664343325759789,-0.07097341777373356,-0.032135144787394876,0.40816326530612246,-0.03241810817535633,0.048797221133034994,-0.664343325759789,-0.07097341777373356,-0.032135144787394876,0.40816326530612246,-0.06265810817535632,0.048797221133034994,-1.284050745523657,-0.0843003761167378,-0.060203517858708255,0.3673469387755102,-0.08281810817535634,0.048797221133034994,-1.6971890253662358,-0.0980079495837648,-0.07847113132312222,0.3469387755102041,-0.13321810817535634,0.048797221133034994,-2.730034724972682,-0.13609156441003734,-0.12263194827756674,0.32653061224489793
low_volatility_20__missing,fold_2020,2020,1,1,catalog,2015-01-05,2019-12-23,33306,7268,cs_rank_centered,0.026513531218440366,0.06436251898326777,1.0,1.414213562373095,2,7268,243,49,-0.00046823233602788505,0.5174368371369871,0.20164609053497942,-0.037013330323780395,0.06504129241590775,-0.5690743364553393,-0.08555292056774277,-0.037310640025554065,0.5918367346938775,-0.037013330323780395,0.06504129241590775,-0.5690743364553393,-0.08555292056774277,-0.037310640025554065,0.5918367346938775,-0.06725333032378035,0.06504129241590775,-1.0340097471269127,-0.10030118561389889,-0.0652324392523479,0.5510204081632653,-0.08741333032378042,0.06504129241590775,-1.3439666875746297,-0.1100058233871487,-0.08340460312313658,0.5510204081632653,-0.13781333032378038,0.06504129241590777,-2.118859038693919,-0.13438018719979006,-0.127334489397108,0.3673469387755102
low_volatility_20__missing,fold_2021,2021,1,1,catalog,2015-01-05,2020-12-23,40574,7287,cs_rank_centered,,,,,0,7287,243,49,,,0.20164609053497942,0.09956031512754779,0.06364895006663829,1.5642098577166086,-0.03185982834243506,0.09942441508669186,0.6122448979591837,0.09956031512754779,0.06364895006663829,1.5642098577166086,-0.03185982834243506,0.09942441508669186,0.6122448979591837,0.0693203151275478,0.06364895006663829,1.0891038273996947,-0.0342001480954961,0.06762191977827103,0.5510204081632653,0.04916031512754779,0.06364895006663829,0.7723664738550851,-0.03702124342559965,0.04692275701568094,0.5102040816326531,-0.0012396848724521995,0.06364895006663829,-0.01947691000643831,-0.04591235930672988,-0.0031205136219883967,0.4897959183673469
low_volatility_20__missing,fold_2022,2022,1,1,catalog,2015-01-05,2021-12-23,47861,7252,cs_rank_centered,,,,,0,7252,242,49,,,0.2024793388429752,-0.013131117549257876,0.05669772568975125,-0.23159866448807973,-0.054758892501525436,-0.014198288690814187,0.40816326530612246,-0.013131117549257876,0.05669772568975125,-0.23159866448807973,-0.054758892501525436,-0.014198288690814187,0.40816326530612246,-0.043371117549257876,0.05669772568975125,-0.7649533913685307,-0.06911526227657949,-0.04277650683091827,0.3877551020408163,-0.06353111754925791,0.05669772568975125,-1.1205232092888318,-0.07994725398837654,-0.06137610480533018,0.3673469387755102,-0.1139311175492579,0.05669772568975125,-2.0094477540895834,-0.11168280578626011,-0.10634002694384381,0.3469387755102041
low_volatility_20__missing,fold_2023,2023,1,1,catalog,2015-01-05,2022-12-22,55113,7259,cs_rank_centered,,,,,0,7259,242,49,,,0.2024793388429752,-0.021702896790836226,0.04739479057379983,-0.45791734762583247,-0.04807116574478476,-0.021932085120865086,0.4489795918367347,-0.021702896790836226,0.04739479057379983,-0.45791734762583247,-0.04807116574478476,-0.021932085120865086,0.4489795918367347,-0.0519428967908362,0.04739479057379983,-1.095962154531612,-0.0624381958588166,-0.05029033188977017,0.40816326530612246,-0.07210289679083624,0.04739479057379983,-1.5213253591354663,-0.07845368247406326,-0.06874669820110146,0.40816326530612246,-0.12250289679083622,0.04739479057379983,-2.5847333706450994,-0.11806160337365712,-0.11336413546975632,0.32653061224489793
low_volatility_20__missing,fold_2024,2024,1,1,catalog,2015-01-05,2023-12-21,62372,7076,cs_rank_centered,,,,,0,7076,236,48,,,0.2033898305084746,-0.01768121837238859,0.048704968501364534,-0.36302699532375693,-0.0352231758928232,-0.017788303737489963,0.5,-0.01768121837238859,0.048704968501364534,-0.36302699532375693,-0.0352231758928232,-0.017788303737489963,0.5,-0.04792121837238859,0.048704968501364534,-0.9839082099200209,-0.05925971736561253,-0.04569170810283241,0.4583333333333333,-0.06808121837238859,0.048704968501364534,-1.3978290196508638,-0.07495824865156164,-0.06386118905228433,0.4375,-0.11848121837238858,0.048704968501364534,-2.432631043977971,-0.11450033542034599,-0.10781586811375465,0.4166666666666667
realized_skewness_60__csz,fold_2019,2019,-1,-1,catalog,2015-01-05,2018-12-20,26220,7092,cs_rank_centered,0.033777481866753736,0.03293396568092239,0.5819672131147541,0.1602281660033238,244,7092,244,49,-0.9341251344372627,0.6756385670314914,0.20081967213114754,0.02807793593864723,0.051957228227997546,0.5404048078822886,-0.03142253923822225,0.02634863383603614,0.5102040816326531,0.02807793593864723,0.051957228227997546,0.5404048078822886,-0.03142253923822225,0.02634863383603614,0.5102040816326531,-0.002162064061352762,0.051957228227997546,-0.04161238262875073,-0.04187799457381258,-0.0033807675897297162,0.4897959183673469,-0.022322064061352783,0.051957228227997546,-0.42962384296944406,-0.05105027501250059,-0.022729976908732796,0.46938775510204084,-0.07272206406135277,0.05195722822799755,-1.399652493821176,-0.07719461630750257,-0.06950735739452685,0.4489795918367347
realized_skewness_60__csz,fold_2020,2020,-1,-1,catalog,2015-01-05,2019-12-23,33306,7268,cs_rank_centered,0.0018890235489418064,0.009681473453729928,0.5432098765432098,0.04168425445501397,243,7268,243,49,-0.9805445650900919,0.6853806613370028,0.20164609053497942,-0.02034918361536683,0.0791683977274888,-0.25703669897946163,-0.06765412086950173,-0.022533007203476507,0.5102040816326531,-0.02034918361536683,0.0791683977274888,-0.25703669897946163,-0.06765412086950173,-0.022533007203476507,0.5102040816326531,-0.050589183615366844,0.0791683977274888,-0.6390072941668403,-0.08949634958276553,-0.05087529144258485,0.5102040816326531,-0.07074918361536685,0.0791683977274888,-0.8936543576250927,-0.10506071312558973,-0.06932124638950599,0.4897959183673469,-0.12114918361536685,0.0791683977274888,-1.5302720162707237,-0.14284348425046345,-0.11391343884805027,0.46938775510204084
realized_skewness_60__csz,fold_2021,2021,-1,-1,catalog,2015-01-05,2020-12-23,40574,7287,cs_rank_centered,0.025954289607358128,0.03842761355123946,0.5843621399176955,0.1845392493048465,243,7287,243,49,-0.9230932246028933,0.6774700340237456,0.20164609053497942,-0.030150423213482214,0.09149588983939602,-0.32952762431630167,-0.10747880446739144,-0.03280060915060701,0.5102040816326531,-0.030150423213482214,0.09149588983939602,-0.32952762431630167,-0.10747880446739144,-0.03280060915060701,0.5102040816326531,-0.06039042321348223,0.09149588983939605,-0.6600342738836285,-0.11871877744017922,-0.060851727517514664,0.4897959183673469,-0.08055042321348221,0.09149588983939602,-0.8803720402618465,-0.12613705862506064,-0.07910807977748646,0.46938775510204084,-0.13095042321348221,0.09149588983939602,-1.4312164562073912,-0.1444234666410561,-0.12324156761546723,0.4489795918367347
realized_skewness_60__csz,fold_2022,2022,-1,-1,catalog,2015-01-05,2021-12-23,47861,7252,cs_rank_centered,0.03173154833035517,0.016183152318097156,0.5619834710743802,0.07136572643065428,242,7252,242,49,-0.9674787276426478,0.6800902893443358,0.2024793388429752,0.16509894034841333,0.09369607278704664,1.7620689473682833,-0.0454230054321485,0.1689730124021649,0.5510204081632653,0.16509894034841333,0.09369607278704664,1.7620689473682833,-0.0454230054321485,0.1689730124021649,0.5510204081632653,0.1348589403484133,0.09369607278704664,1.4393232964515181,-0.05173103042564153,0.13519892658916133,0.5510204081632653,0.11469894034841331,0.09369607278704664,1.2241595291736742,-0.055915302337803396,0.11321588474319233,0.5306122448979592,0.06429894034841331,0.09369607278704664,0.6862501109790652,-0.06630265227686072,0.06006649953320875,0.5102040816326531
realized_skewness_60__csz,fold_2023,2023,-1,-1,catalog,2015-01-05,2022-12-22,55113,7259,cs_rank_centered,-0.013849933715999563,-0.006958317561179871,0.5206611570247934,-0.031066943891566036,242,7259,242,49,-1.0139382599986426,0.6840022611644997,0.2024793388429752,-0.06440791612846081,0.07288717941480147,-0.8836659155365981,-0.10647245771055536,-0.06311913505058508,0.42857142857142855,-0.06440791612846081,0.07288717941480147,-0.8836659155365981,-0.10647245771055536,-0.06311913505058508,0.42857142857142855,-0.09464791612846081,0.07288717941480147,-1.2985536947426495,-0.12352975833182644,-0.09030752233019568,0.42857142857142855,-0.11480791612846084,0.07288717941480147,-1.575145547546684,-0.13814832462463256,-0.10800212379010887,0.40816326530612246,-0.1652079161284608,0.07288717941480147,-2.2666251795567693,-0.17621516785166458,-0.15077672726189528,0.40816326530612246
realized_skewness_60__csz,fold_2024,2024,-1,-1,catalog,2015-01-05,2023-12-21,62372,7076,cs_rank_centered,0.0006275845903621266,-0.004627243546155891,0.4533898305084746,-0.018397855945460617,236,7076,236,48,-1.0093887035216667,0.6879434160188921,0.2033898305084746,-0.007236305554698496,0.08140474282497424,-0.08889292323245891,-0.06403026556923952,-0.009923314354103763,0.5208333333333334,-0.007236305554698496,0.08140474282497424,-0.08889292323245891,-0.06403026556923952,-0.009923314354103763,0.5208333333333334,-0.03747630555469848,0.08140474282497424,-0.46037005037010076,-0.08260060330404695,-0.0380466817125098,0.5,-0.05763630555469851,0.08140474282497424,-0.7080214684618623,-0.09538917350638132,-0.05635944775326018,0.4791666666666667,-0.10803630555469851,0.08140474282497424,-1.3271500136912655,-0.12660761604713278,-0.10066093930113207,0.4166666666666667
realized_skewness_60__missing,fold_2019,2019,-1,-1,catalog,2015-01-05,2018-12-20,26220,7092,cs_rank_centered,0.06696831714953982,0.0834315026509712,0.6111111111111112,0.44328923602499337,18,7092,244,49,-0.0034087886963096725,0.5175820938311942,0.20081967213114754,-0.02892437065760154,0.04875878888377607,-0.5932134763754519,-0.07097341777373356,-0.02883821624819405,0.42857142857142855,-0.02892437065760154,0.04875878888377607,-0.5932134763754519,-0.07097341777373356,-0.02883821624819405,0.42857142857142855,-0.05916437065760153,0.04875878888377607,-1.2134093567957305,-0.0843003761167378,-0.0570002737737082,0.3877551020408163,-0.07932437065760155,0.04875878888377607,-1.6268732770759167,-0.0949323252758909,-0.07532889011644839,0.3673469387755102,-0.12972437065760153,0.04875878888377607,-2.6605330777763814,-0.13314283794261228,-0.11963728091560222,0.3469387755102041
realized_skewness_60__missing,fold_2020,2020,-1,-1,catalog,2015-01-05,2019-12-23,33306,7268,cs_rank_centered,-0.02497382477201383,-0.026619606259202414,0.47619047619047616,-0.19393120346713125,42,7268,243,49,-0.019714952996693125,0.5215509773242774,0.20164609053497942,-0.04187040974219966,0.06418934967263941,-0.6522952788232851,-0.09033534911710794,-0.0417995908646116,0.5714285714285714,-0.04187040974219966,0.06418934967263941,-0.6522952788232851,-0.09033534911710794,-0.0417995908646116,0.5714285714285714,-0.07211040974219964,0.06418934967263941,-1.1234014694019647,-0.10554626710028603,-0.06959377668825939,0.5306122448979592,-0.09227040974219966,0.0641893496726394,-1.4374722631210854,-0.11555030314425574,-0.08768284564035134,0.5306122448979592,-0.14267040974219966,0.06418934967263941,-2.222649247418886,-0.14009061986361693,-0.13141171754810432,0.3673469387755102
realized_skewness_60__missing,fold_2021,2021,-1,-1,catalog,2015-01-05,2020-12-23,40574,7287,cs_rank_centered,,,,,0,7287,243,49,,,0.20164609053497942,0.09956031512754779,0.06364895006663829,1.5642098577166086,-0.03185982834243506,0.09942441508669186,0.6122448979591837,0.09956031512754779,0.06364895006663829,1.5642098577166086,-0.03185982834243506,0.09942441508669186,0.6122448979591837,0.0693203151275478,0.06364895006663829,1.0891038273996947,-0.0342001480954961,0.06762191977827103,0.5510204081632653,0.04916031512754779,0.06364895006663829,0.7723664738550851,-0.03702124342559965,0.04692275701568094,0.5102040816326531,-0.0012396848724521995,0.06364895006663829,-0.01947691000643831,-0.04591235930672988,-0.0031205136219883967,0.4897959183673469
realized_skewness_60__missing,fold_2022,2022,-1,-1,catalog,2015-01-05,2021-12-23,47861,7252,cs_rank_centered,,,,,0,7252,242,49,,,0.2024793388429752,-0.013131117549257876,0.05669772568975125,-0.23159866448807973,-0.054758892501525436,-0.014198288690814187,0.40816326530612246,-0.013131117549257876,0.05669772568975125,-0.23159866448807973,-0.054758892501525436,-0.014198288690814187,0.40816326530612246,-0.043371117549257876,0.05669772568975125,-0.7649533913685307,-0.06911526227657949,-0.04277650683091827,0.3877551020408163,-0.06353111754925791,0.05669772568975125,-1.1205232092888318,-0.07994725398837654,-0.06137610480533018,0.3673469387755102,-0.1139311175492579,0.05669772568975125,-2.0094477540895834,-0.11168280578626011,-0.10634002694384381,0.3469387755102041
realized_skewness_60__missing,fold_2023,2023,-1,-1,catalog,2015-01-05,2022-12-22,55113,7259,cs_rank_centered,,,,,0,7259,242,49,,,0.2024793388429752,-0.021702896790836226,0.04739479057379983,-0.45791734762583247,-0.04807116574478476,-0.021932085120865086,0.4489795918367347,-0.021702896790836226,0.04739479057379983,-0.45791734762583247,-0.04807116574478476,-0.021932085120865086,0.4489795918367347,-0.0519428967908362,0.04739479057379983,-1.095962154531612,-0.0624381958588166,-0.05029033188977017,0.40816326530612246,-0.07210289679083624,0.04739479057379983,-1.5213253591354663,-0.07845368247406326,-0.06874669820110146,0.40816326530612246,-0.12250289679083622,0.04739479057379983,-2.5847333706450994,-0.11806160337365712,-0.11336413546975632,0.32653061224489793
realized_skewness_60__missing,fold_2024,2024,-1,-1,catalog,2015-01-05,2023-12-21,62372,7076,cs_rank_centered,,,,,0,7076,236,48,,,0.2033898305084746,-0.01768121837238859,0.048704968501364534,-0.36302699532375693,-0.0352231758928232,-0.017788303737489963,0.5,-0.01768121837238859,0.048704968501364534,-0.36302699532375693,-0.0352231758928232,-0.017788303737489963,0.5,-0.04792121837238859,0.048704968501364534,-0.9839082099200209,-0.05925971736561253,-0.04569170810283241,0.4583333333333333,-0.06808121837238859,0.048704968501364534,-1.3978290196508638,-0.07495824865156164,-0.06386118905228433,0.4375,-0.11848121837238858,0.048704968501364534,-2.432631043977971,-0.11450033542034599,-0.10781586811375465,0.4166666666666667
seasonality_3y__csz,fold_2019,2019,1,1,catalog,2015-01-05,2018-12-20,26220,7092,cs_rank_centered,-0.06949795711260538,-0.06561404272863888,0.3729508196721312,-0.26310043330021815,244,7092,244,49,-1.13061658231417,0.7152021499075976,0.20081967213114754,-0.05786408309377746,0.06345028526354488,-0.9119593844761335,-0.08143708931554106,-0.056552140719900224,0.4897959183673469,-0.05786408309377746,0.06345028526354488,-0.9119593844761335,-0.08143708931554106,-0.056552140719900224,0.4897959183673469,-0.08810408309377747,0.06345028526354488,-1.3885529864496504,-0.10111772834059674,-0.08392691705348498,0.46938775510204084,-0.10826408309377747,0.06345028526354488,-1.7062820544319948,-0.11615480087088581,-0.1017428896148701,0.4489795918367347,-0.1586640830937775,0.06345028526354488,-2.5006047243878564,-0.1543255427104009,-0.14481111685175752,0.3877551020408163
seasonality_3y__csz,fold_2020,2020,1,1,catalog,2015-01-05,2019-12-23,33306,7268,cs_rank_centered,0.016584126975835157,0.011257224598670627,0.5390946502057613,0.04869004981408406,243,7268,243,49,-0.9767812048633235,0.6856765345978809,0.20164609053497942,0.036194298539225185,0.08612466855701283,0.42025472080934956,-0.07171370155785206,0.0321407405161811,0.5510204081632653,0.036194298539225185,0.08612466855701283,0.42025472080934956,-0.07171370155785206,0.0321407405161811,0.5510204081632653,0.005954298539225186,0.08612466855701283,0.06913580788161246,-0.0734256188172765,0.0022455796103617587,0.5510204081632653,-0.014205701460774836,0.08612466855701283,-0.1649434674035459,-0.07456572696887842,-0.017211546222289598,0.5306122448979592,-0.06460570146077481,0.08612466855701283,-0.7501416556164408,-0.10190562914064283,-0.06424992933407692,0.4897959183673469
seasonality_3y__csz,fold_2021,2021,1,1,catalog,2015-01-05,2020-12-23,40574,7287,cs_rank_centered,0.01577027675338348,0.016924877777427412,0.5267489711934157,0.07756043157703711,243,7287,243,49,-0.9658805930684502,0.678688885869363,0.20164609053497942,0.16356496502741402,0.08226622242743002,1.9882396468575003,-0.03200231794201669,0.16830077046653136,0.6938775510204082,0.16356496502741402,0.08226622242743002,1.9882396468575003,-0.03200231794201669,0.16830077046653136,0.6938775510204082,0.13332496502741403,0.08226622242743004,1.6206525727497056,-0.032602317942016734,0.1345463087572043,0.6530612244897959,0.11316496502741401,0.08226622242743002,1.3755945233445097,-0.03300231794201658,0.1125760371189235,0.6326530612244898,0.06276496502741404,0.08226622242743002,0.7629493998315195,-0.03919986727474434,0.059457517459998055,0.5714285714285714
seasonality_3y__csz,fold_2022,2022,1,1,catalog,2015-01-05,2021-12-23,47861,7252,cs_rank_centered,-0.029909561249207753,-0.026828182512858036,0.4793388429752066,-0.10626822376717823,242,7252,242,49,-1.0533101734447827,0.696607560611783,0.2024793388429752,-0.07960980207642421,0.09470476437670745,-0.8406103177635292,-0.11855946990141908,-0.0785059978628061,0.4897959183673469,-0.07960980207642421,0.09470476437670745,-0.8406103177635292,-0.11855946990141908,-0.0785059978628061,0.4897959183673469,-0.10984980207642421,0.09470476437670745,-1.1599184349318932,-0.13392395286320657,-0.10525771912544424,0.46938775510204084,-0.13000980207642424,0.09470476437670745,-1.372790513044136,-0.14806494795903224,-0.12266797557912623,0.4489795918367347,-0.1804098020764242,0.09470476437670745,-1.9049707083247422,-0.18243919117939966,-0.1647546821460849,0.40816326530612246
seasonality_3y__csz,fold_2023,2023,1,1,catalog,2015-01-05,2022-12-22,55113,7259,cs_rank_centered,-0.005641895827194228,-0.0025664567437530903,0.5,-0.010412349310895146,242,7259,242,49,-1.0051311142380612,0.6798918549895934,0.2024793388429752,-0.015241200170033947,0.07558398328816363,-0.2016458978078323,-0.06933889875749677,-0.017384449619139097,0.5102040816326531,-0.015241200170033947,0.07558398328816363,-0.2016458978078323,-0.06933889875749677,-0.017384449619139097,0.5102040816326531,-0.045481200170033945,0.07558398328816363,-0.6017306602727863,-0.07827323740604997,-0.04587283329178515,0.4897959183673469,-0.06564120017003396,0.07558398328816363,-0.8684538352494225,-0.08649546832903776,-0.06441392438195115,0.4489795918367347,-0.11604120017003397,0.07558398328816363,-1.5352617726910127,-0.11438882529991579,-0.10923627395656055,0.40816326530612246
seasonality_3y__csz,fold_2024,2024,1,1,catalog,2015-01-05,2023-12-21,62372,7076,cs_rank_centered,-0.022398490282003417,-0.015860815255897835,0.5,-0.05997365503703895,236,7076,236,48,-1.0322049995164426,0.6873828176044507,0.2033898305084746,-0.009573615250622142,0.10912421708123739,-0.0877313533758971,-0.0806669575818707,-0.014446512136451983,0.5,-0.009573615250622142,0.10912421708123739,-0.0877313533758971,-0.0806669575818707,-0.014446512136451983,0.5,-0.039813615250622145,0.10912421708123739,-0.36484674360580244,-0.08895292921136388,-0.04244532375681476,0.5,-0.05997361525062215,0.10912421708123739,-0.5495903370924061,-0.09443812975363042,-0.06067692396658175,0.4791666666666667,-0.11037361525062213,0.10912421708123739,-1.0114493208089148,-0.11259369030886512,-0.10478185910263071,0.375
seasonality_3y__missing,fold_2019,2019,1,1,catalog,2015-01-05,2018-12-20,26220,7092,cs_rank_centered,0.006787174251307434,0.006596734289481011,0.5409836065573771,0.029923048192698212,244,7092,244,49,-0.17501392644123115,0.5438919230077797,0.20081967213114754,-0.0480523571381,0.05488752354515606,-0.8754695791397338,-0.09196452327888138,-0.047035880891596715,0.4489795918367347,-0.0480523571381,0.05488752354515606,-0.8754695791397338,-0.09196452327888138,-0.047035880891596715,0.4489795918367347,-0.07829235713809998,0.05488752354515606,-1.4264144578082256,-0.10500270668278278,-0.07468092383846359,0.4489795918367347,-0.0984523571381,0.05488752354515607,-1.79371104358722,-0.11379425496669449,-0.09267288346612779,0.4489795918367347,-0.1488523571381,0.05488752354515607,-2.711952508034707,-0.14918767823100054,-0.13616685374226967,0.40816326530612246
seasonality_3y__missing,fold_2020,2020,1,1,catalog,2015-01-05,2019-12-23,33306,7268,cs_rank_centered,-0.10151992642742749,-0.09237394336026258,0.32510288065843623,-0.4636660343293933,243,7268,243,49,-0.29656535849620846,0.560956493322557,0.20164609053497942,-0.10250702531542405,0.07786482023938464,-1.3164741792285704,-0.11814058873239752,-0.09756661632304364,0.4489795918367347,-0.10250702531542405,0.07786482023938464,-1.3164741792285704,-0.11814058873239752,-0.09756661632304364,0.4489795918367347,-0.13274702531542404,0.07786482023938464,-1.7048395527956226,-0.13290312941757643,-0.12377526292625751,0.3877551020408163,-0.15290702531542408,0.07786482023938464,-1.9637498018403248,-0.14524781436849876,-0.14083191755670055,0.3877551020408163,-0.20330702531542405,0.07786482023938464,-2.6110254244520785,-0.184328877389902,-0.182063292012011,0.3673469387755102
seasonality_3y__missing,fold_2021,2021,1,1,catalog,2015-01-05,2020-12-23,40574,7287,cs_rank_centered,0.005211813254339685,0.012113168614007972,0.5020576131687243,0.059523387836375216,243,7287,243,49,-0.12126897058588448,0.5341559062261494,0.20164609053497942,0.06187089087674577,0.07245540321489523,0.8539168665343442,-0.062127159520710795,0.05931932086788283,0.5306122448979592,0.06187089087674577,0.07245540321489523,0.8539168665343442,-0.062127159520710795,0.05931932086788283,0.5306122448979592,0.03163089087674578,0.07245540321489523,0.43655668829737704,-0.0672158602660321,0.02865365293365163,0.5306122448979592,0.011470890876745769,0.07245540321489521,0.158316569472732,-0.07060785098398659,0.008694781589378975,0.5102040816326531,-0.03892910912325423,0.07245540321489521,-0.5372837275888802,-0.08954047574261581,-0.039557482561295765,0.4897959183673469
seasonality_3y__missing,fold_2022,2022,1,1,catalog,2015-01-05,2021-12-23,47861,7252,cs_rank_centered,0.03742658034020569,0.03163887446260229,0.5289256198347108,0.1601542170707646,242,7252,242,49,-0.07712091094221951,0.5282228921391483,0.2024793388429752,0.030783507125292483,0.060214416460030264,0.5112315112399416,-0.03588127384005202,0.02859616623488459,0.5102040816326531,0.030783507125292483,0.060214416460030264,0.5112315112399416,-0.03588127384005202,0.02859616623488459,0.5102040816326531,0.0005435071252924864,0.060214416460030264,0.009026196004959396,-0.048318734992846335,-0.0011972920196450243,0.4897959183673469,-0.01961649287470752,0.060214416460030264,-0.3257773474850289,-0.0585626645057864,-0.020588209135233515,0.46938775510204084,-0.0700164928747075,0.060214416460030264,-1.162786206209999,-0.08519008224666036,-0.06746647614093493,0.42857142857142855
seasonality_3y__missing,fold_2023,2023,1,1,catalog,2015-01-05,2022-12-22,55113,7259,cs_rank_centered,0.11612101004697352,0.15661546285928493,1.0,1.8830593584718776,15,7259,242,49,4.137382508595522e-05,0.5171558730897673,0.2024793388429752,-0.02374195525822954,0.04676856916761386,-0.5076476719469598,-0.04807116574478487,-0.02384270721350512,0.4489795918367347,-0.02374195525822954,0.04676856916761386,-0.5076476719469598,-0.04807116574478487,-0.02384270721350512,0.4489795918367347,-0.05398195525822951,0.04676856916761386,-1.1542357660069438,-0.062438195858816825,-0.05214665451916822,0.40816326530612246,-0.07414195525822954,0.04676856916761386,-1.5852944953802675,-0.07845368247406403,-0.07056766371463763,0.40816326530612246,-0.12454195525822952,0.04676856916761386,-2.662941318813574,-0.11806160337365756,-0.1150995679634037,0.32653061224489793
seasonality_3y__missing,fold_2024,2024,1,1,catalog,2015-01-05,2023-12-21,62372,7076,cs_rank_centered,,,,,0,7076,236,48,,,0.2033898305084746,-0.01768121837238859,0.048704968501364534,-0.36302699532375693,-0.0352231758928232,-0.017788303737489963,0.5,-0.01768121837238859,0.048704968501364534,-0.36302699532375693,-0.0352231758928232,-0.017788303737489963,0.5,-0.04792121837238859,0.048704968501364534,-0.9839082099200209,-0.05925971736561253,-0.04569170810283241,0.4583333333333333,-0.06808121837238859,0.048704968501364534,-1.3978290196508638,-0.07495824865156164,-0.06386118905228433,0.4375,-0.11848121837238858,0.048704968501364534,-2.432631043977971,-0.11450033542034599,-0.10781586811375465,0.4166666666666667
sector_relative_value_60__csz,fold_2019,2019,1,1,catalog,2015-01-05,2018-12-20,26220,7092,cs_rank_centered,0.019857563318267605,-0.001218595408673472,0.5163934426229508,-0.005198854396594278,244,7092,244,49,-1.002439092077105,0.6818669488700801,0.20081967213114754,0.025977297650848153,0.06056482328680479,0.4289172533011883,-0.03250798993361481,0.023774311625585964,0.6122448979591837,0.025977297650848153,0.06056482328680479,0.4289172533011883,-0.03250798993361481,0.023774311625585964,0.6122448979591837,-0.0042627023491518725,0.06056482328680479,-0.07038247810888246,-0.03658335735635909,-0.005882306027233941,0.5510204081632653,-0.024422702349151858,0.06056482328680479,-0.40324896571559576,-0.03929208673272189,-0.02518411629635453,0.5102040816326531,-0.07482270234915184,0.06056482328680479,-1.235415184732379,-0.04988616620756403,-0.07184681312842978,0.4489795918367347
sector_relative_value_60__csz,fold_2020,2020,1,1,catalog,2015-01-05,2019-12-23,33306,7268,cs_rank_centered,0.0234619928784103,0.024090786088773616,0.5761316872427984,0.10296106131174143,243,7268,243,49,-0.9523833826219497,0.6730272042499948,0.20164609053497942,0.03680017352962833,0.08242968901670648,0.44644319259981485,-0.0389775078948037,0.033058538621374645,0.5510204081632653,0.03680017352962833,0.08242968901670648,0.44644319259981485,-0.0389775078948037,0.033058538621374645,0.5510204081632653,0.006560173529628343,0.08242968901670648,0.07958508163604447,-0.044181763279003694,0.0031375128671060626,0.5102040816326531,-0.01359982647037168,0.08242968901670648,-0.16498699233980282,-0.048015577787264285,-0.01633645826862562,0.4897959183673469,-0.06399982647037167,0.08242968901670647,-0.7764171772794203,-0.07286232469705345,-0.06341560359893961,0.46938775510204084
sector_relative_value_60__csz,fold_2021,2021,1,1,catalog,2015-01-05,2020-12-23,40574,7287,cs_rank_centered,-0.012028127954227513,0.000981764567524254,0.5308641975308642,0.0035666678868372273,243,7287,243,49,-0.9980751284515192,0.6766459739018333,0.20164609053497942,-0.03064043180433904,0.12026823541373997,-0.2547674512636821,-0.10895124392920474,-0.03603351345285233,0.5306122448979592,-0.03064043180433904,0.12026823541373997,-0.2547674512636821,-0.10895124392920474,-0.03603351345285233,0.5306122448979592,-0.06088043180433904,0.12026823541373997,-0.5062054132157309,-0.12088644034881812,-0.06399434985010488,0.5102040816326531,-0.08104043180433904,0.12026823541373997,-0.6738307211837634,-0.12933296672699002,-0.08219189009026451,0.5102040816326531,-0.131440431804339,0.12026823541373997,-1.0928939911038447,-0.15011039129669312,-0.1261830208893867,0.46938775510204084
sector_relative_value_60__csz,fold_2022,2022,1,1,catalog,2015-01-05,2021-12-23,47861,7252,cs_rank_centered,0.02176932700042151,0.015781066269396272,0.5041322314049587,0.06840476830715772,242,7252,242,49,-0.9682555301631073,0.6746513277125521,0.2024793388429752,0.06120249459390456,0.09405270295208053,0.6507255259329121,-0.053094545349127165,0.05680648671480393,0.4897959183673469,0.06120249459390456,0.09405270295208053,0.6507255259329121,-0.053094545349127165,0.05680648671480393,0.4897959183673469,0.03096249459390456,0.09405270295208054,0.32920366583913946,-0.06273820228341631,0.026211026019521633,0.4897959183673469,0.010802494593904529,0.09405270295208053,0.11485575910995731,-0.07466107506891906,0.00629788887034799,0.4897959183673469,-0.03959750540609543,0.09405270295208053,-0.4210140077129969,-0.10746880583272667,-0.041843675774297595,0.4489795918367347
sector_relative_value_60__csz,fold_2023,2023,1,1,catalog,2015-01-05,2022-12-22,55113,7259,cs_rank_centered,0.010323717584330323,0.0009758287916034986,0.49586776859504134,0.004207563801767277,242,7259,242,49,-0.998006424285508,0.6792424148856829,0.2024793388429752,0.09798350548282049,0.07612142177691822,1.2872001493872696,-0.053214628547232135,0.09682622410525754,0.6122448979591837,0.09798350548282049,0.07612142177691822,1.2872001493872696,-0.053214628547232135,0.09682622410525754,0.6122448979591837,0.0677435054828205,0.07612142177691822,0.8899400970379917,-0.057215232356054746,0.06509683557299373,0.5918367346938775,0.04758350548282046,0.07612142177691822,0.6251000621384727,-0.05987424440429667,0.044445287679498735,0.5714285714285714,-0.002816494517179514,0.07612142177691822,-0.03700002511032369,-0.06680131957513225,-0.00548275868826309,0.46938775510204084
sector_relative_value_60__csz,fold_2024,2024,1,1,catalog,2015-01-05,2023-12-21,62372,7076,cs_rank_centered,0.017658433741649358,0.025166766919910537,0.5211864406779662,0.08796479847305756,236,7076,236,48,-0.9496086032789157,0.6645156003745506,0.2033898305084746,-0.013499276795759638,0.11889187293665474,-0.11354246898736314,-0.09695068251090566,-0.01943691836111283,0.4583333333333333,-0.013499276795759638,0.11889187293665474,-0.11354246898736314,-0.09695068251090566,-0.01943691836111283,0.4583333333333333,-0.043739276795759625,0.11889187293665474,-0.36789122515601885,-0.10992251870676972,-0.047297799903909477,0.4583333333333333,-0.06389927679575964,0.11889187293665474,-0.5374570626017895,-0.1184710003735947,-0.0654395269755842,0.4375,-0.11429927679575963,0.11889187293665476,-0.9613716562162156,-0.13949936145383657,-0.10932684642684987,0.4375
sector_relative_value_60__missing,fold_2019,2019,1,1,catalog,2015-01-05,2018-12-20,26220,7092,cs_rank_centered,-0.06696831714953982,-0.0834315026509712,0.3888888888888889,-0.44328923602499337,18,7092,244,49,-0.011296894770414623,0.5189824089020854,0.20081967213114754,-0.03241810817535633,0.048797221133034994,-0.664343325759789,-0.07097341777373356,-0.032135144787394876,0.40816326530612246,-0.03241810817535633,0.048797221133034994,-0.664343325759789,-0.07097341777373356,-0.032135144787394876,0.40816326530612246,-0.06265810817535632,0.048797221133034994,-1.284050745523657,-0.0843003761167378,-0.060203517858708255,0.3673469387755102,-0.08281810817535634,0.048797221133034994,-1.6971890253662358,-0.0980079495837648,-0.07847113132312222,0.3469387755102041,-0.13321810817535634,0.048797221133034994,-2.730034724972682,-0.13609156441003734,-0.12263194827756674,0.32653061224489793
sector_relative_value_60__missing,fold_2020,2020,1,1,catalog,2015-01-05,2019-12-23,33306,7268,cs_rank_centered,0.02497382477201383,0.026619606259202414,0.5238095238095238,0.19393120346713125,42,7268,243,49,-0.013855053570498432,0.5205219820770748,0.20164609053497942,-0.04163335190944628,0.06929186206660608,-0.600840425812582,-0.09010850921203528,-0.04188920104542215,0.5918367346938775,-0.04163335190944628,0.06929186206660608,-0.600840425812582,-0.09010850921203528,-0.04188920104542215,0.5918367346938775,-0.07187335190944627,0.06929186206660608,-1.037255310592733,-0.1047861338403715,-0.06968102085428562,0.5510204081632653,-0.09203335190944631,0.06929186206660608,-1.3281985671128338,-0.11444426441739441,-0.08776854636012443,0.5510204081632653,-0.1424333519094463,0.06929186206660608,-2.0555567084130857,-0.1385057925121035,-0.13149367500397335,0.3673469387755102
sector_relative_value_60__missing,fold_2021,2021,1,1,catalog,2015-01-05,2020-12-23,40574,7287,cs_rank_centered,,,,,0,7287,243,49,,,0.20164609053497942,0.09956031512754779,0.06364895006663829,1.5642098577166086,-0.03185982834243506,0.09942441508669186,0.6122448979591837,0.09956031512754779,0.06364895006663829,1.5642098577166086,-0.03185982834243506,0.09942441508669186,0.6122448979591837,0.0693203151275478,0.06364895006663829,1.0891038273996947,-0.0342001480954961,0.06762191977827103,0.5510204081632653,0.04916031512754779,0.06364895006663829,0.7723664738550851,-0.03702124342559965,0.04692275701568094,0.5102040816326531,-0.0012396848724521995,0.06364895006663829,-0.01947691000643831,-0.04591235930672988,-0.0031205136219883967,0.4897959183673469
sector_relative_value_60__missing,fold_2022,2022,1,1,catalog,2015-01-05,2021-12-23,47861,7252,cs_rank_centered,,,,,0,7252,242,49,,,0.2024793388429752,-0.013131117549257876,0.05669772568975125,-0.23159866448807973,-0.054758892501525436,-0.014198288690814187,0.40816326530612246,-0.013131117549257876,0.05669772568975125,-0.23159866448807973,-0.054758892501525436,-0.014198288690814187,0.40816326530612246,-0.043371117549257876,0.05669772568975125,-0.7649533913685307,-0.06911526227657949,-0.04277650683091827,0.3877551020408163,-0.06353111754925791,0.05669772568975125,-1.1205232092888318,-0.07994725398837654,-0.06137610480533018,0.3673469387755102,-0.1139311175492579,0.05669772568975125,-2.0094477540895834,-0.11168280578626011,-0.10634002694384381,0.3469387755102041
sector_relative_value_60__missing,fold_2023,2023,1,1,catalog,2015-01-05,2022-12-22,55113,7259,cs_rank_centered,,,,,0,7259,242,49,,,0.2024793388429752,-0.021702896790836226,0.04739479057379983,-0.45791734762583247,-0.04807116574478476,-0.021932085120865086,0.4489795918367347,-0.021702896790836226,0.04739479057379983,-0.45791734762583247,-0.04807116574478476,-0.021932085120865086,0.4489795918367347,-0.0519428967908362,0.04739479057379983,-1.095962154531612,-0.0624381958588166,-0.05029033188977017,0.40816326530612246,-0.07210289679083624,0.04739479057379983,-1.5213253591354663,-0.07845368247406326,-0.06874669820110146,0.40816326530612246,-0.12250289679083622,0.04739479057379983,-2.5847333706450994,-0.11806160337365712,-0.11336413546975632,0.32653061224489793
sector_relative_value_60__missing,fold_2024,2024,1,1,catalog,2015-01-05,2023-12-21,62372,7076,cs_rank_centered,,,,,0,7076,236,48,,,0.2033898305084746,-0.01768121837238859,0.048704968501364534,-0.36302699532375693,-0.0352231758928232,-0.017788303737489963,0.5,-0.01768121837238859,0.048704968501364534,-0.36302699532375693,-0.0352231758928232,-0.017788303737489963,0.5,-0.04792121837238859,0.048704968501364534,-0.9839082099200209,-0.05925971736561253,-0.04569170810283241,0.4583333333333333,-0.06808121837238859,0.048704968501364534,-1.3978290196508638,-0.07495824865156164,-0.06386118905228433,0.4375,-0.11848121837238858,0.048704968501364534,-2.432631043977971,-0.11450033542034599,-0.10781586811375465,0.4166666666666667
factor_momentum__tsz,fold_2019,2019,0,1,train_rank_ic,2015-01-05,2018-12-20,26220,7092,cs_rank_centered,,,,,0,7092,244,49,,,0.20081967213114754,-0.03472277107435569,0.04910865471172888,-0.7070601155372856,-0.07097341777373356,-0.03431690336223148,0.42857142857142855,-0.03472277107435569,0.04910865471172888,-0.7070601155372856,-0.07097341777373356,-0.03431690336223148,0.42857142857142855,-0.06496277107435569,0.04910865471172888,-1.3228375213226984,-0.08512633828691885,-0.062323284311795235,0.3673469387755102,-0.08512277107435569,0.04910865471172888,-1.7333557918463074,-0.10004326544344788,-0.08055053138070412,0.3469387755102041,-0.13552277107435567,0.04910865471172888,-2.7596514681553286,-0.13804291092593501,-0.1246136965975948,0.32653061224489793
factor_momentum__tsz,fold_2020,2020,0,1,train_rank_ic,2015-01-05,2019-12-23,33306,7268,cs_rank_centered,,,,,0,7268,243,49,,,0.20164609053497942,-0.03642505470238662,0.0650628418607837,-0.559844200785543,-0.08555292056774289,-0.03676077036056169,0.5918367346938775,-0.03642505470238662,0.0650628418607837,-0.559844200785543,-0.08555292056774289,-0.03676077036056169,0.5918367346938775,-0.0666650547023866,0.0650628418607837,-1.0246256203353548,-0.10030118561389911,-0.06469819786023867,0.5510204081632653,-0.08682505470238663,0.0650628418607837,-1.3344799000352305,-0.1100058233871487,-0.08288053806989837,0.5510204081632653,-0.1372250547023866,0.06506284186078372,-2.1091155992849173,-0.13438018719978995,-0.12683504204703555,0.3673469387755102
factor_momentum__tsz,fold_2021,2021,0,1,train_rank_ic,2015-01-05,2020-12-23,40574,7287,cs_rank_centered,,,,,0,7287,243,49,,,0.20164609053497942,0.09956031512754779,0.06364895006663829,1.5642098577166086,-0.03185982834243506,0.09942441508669186,0.6122448979591837,0.09956031512754779,0.06364895006663829,1.5642098577166086,-0.03185982834243506,0.09942441508669186,0.6122448979591837,0.0693203151275478,0.06364895006663829,1.0891038273996947,-0.0342001480954961,0.06762191977827103,0.5510204081632653,0.04916031512754779,0.06364895006663829,0.7723664738550851,-0.03702124342559965,0.04692275701568094,0.5102040816326531,-0.0012396848724521995,0.06364895006663829,-0.01947691000643831,-0.04591235930672988,-0.0031205136219883967,0.4897959183673469
factor_momentum__tsz,fold_2022,2022,0,1,train_rank_ic,2015-01-05,2021-12-23,47861,7252,cs_rank_centered,,,,,0,7252,242,49,,,0.2024793388429752,-0.013131117549257876,0.05669772568975125,-0.23159866448807973,-0.054758892501525436,-0.014198288690814187,0.40816326530612246,-0.013131117549257876,0.05669772568975125,-0.23159866448807973,-0.054758892501525436,-0.014198288690814187,0.40816326530612246,-0.043371117549257876,0.05669772568975125,-0.7649533913685307,-0.06911526227657949,-0.04277650683091827,0.3877551020408163,-0.06353111754925791,0.05669772568975125,-1.1205232092888318,-0.07994725398837654,-0.06137610480533018,0.3673469387755102,-0.1139311175492579,0.05669772568975125,-2.0094477540895834,-0.11168280578626011,-0.10634002694384381,0.3469387755102041
factor_momentum__tsz,fold_2023,2023,0,1,train_rank_ic,2015-01-05,2022-12-22,55113,7259,cs_rank_centered,,,,,0,7259,242,49,,,0.2024793388429752,-0.021702896790836226,0.04739479057379983,-0.45791734762583247,-0.04807116574478476,-0.021932085120865086,0.4489795918367347,-0.021702896790836226,0.04739479057379983,-0.45791734762583247,-0.04807116574478476,-0.021932085120865086,0.4489795918367347,-0.0519428967908362,0.04739479057379983,-1.095962154531612,-0.0624381958588166,-0.05029033188977017,0.40816326530612246,-0.07210289679083624,0.04739479057379983,-1.5213253591354663,-0.07845368247406326,-0.06874669820110146,0.40816326530612246,-0.12250289679083622,0.04739479057379983,-2.5847333706450994,-0.11806160337365712,-0.11336413546975632,0.32653061224489793
factor_momentum__tsz,fold_2024,2024,0,1,train_rank_ic,2015-01-05,2023-12-21,62372,7076,cs_rank_centered,,,,,0,7076,236,48,,,0.2033898305084746,-0.01768121837238859,0.048704968501364534,-0.36302699532375693,-0.0352231758928232,-0.017788303737489963,0.5,-0.01768121837238859,0.048704968501364534,-0.36302699532375693,-0.0352231758928232,-0.017788303737489963,0.5,-0.04792121837238859,0.048704968501364534,-0.9839082099200209,-0.05925971736561253,-0.04569170810283241,0.4583333333333333,-0.06808121837238859,0.048704968501364534,-1.3978290196508638,-0.07495824865156164,-0.06386118905228433,0.4375,-0.11848121837238858,0.048704968501364534,-2.432631043977971,-0.11450033542034599,-0.10781586811375465,0.4166666666666667
factor_momentum__missing,fold_2019,2019,0,1,train_rank_ic,2015-01-05,2018-12-20,26220,7092,cs_rank_centered,,,,,0,7092,244,49,,,0.20081967213114754,-0.03472277107435569,0.04910865471172888,-0.7070601155372856,-0.07097341777373356,-0.03431690336223148,0.42857142857142855,-0.03472277107435569,0.04910865471172888,-0.7070601155372856,-0.07097341777373356,-0.03431690336223148,0.42857142857142855,-0.06496277107435569,0.04910865471172888,-1.3228375213226984,-0.08512633828691885,-0.062323284311795235,0.3673469387755102,-0.08512277107435569,0.04910865471172888,-1.7333557918463074,-0.10004326544344788,-0.08055053138070412,0.3469387755102041,-0.13552277107435567,0.04910865471172888,-2.7596514681553286,-0.13804291092593501,-0.1246136965975948,0.32653061224489793
factor_momentum__missing,fold_2020,2020,0,1,train_rank_ic,2015-01-05,2019-12-23,33306,7268,cs_rank_centered,,,,,0,7268,243,49,,,0.20164609053497942,-0.03642505470238662,0.0650628418607837,-0.559844200785543,-0.08555292056774289,-0.03676077036056169,0.5918367346938775,-0.03642505470238662,0.0650628418607837,-0.559844200785543,-0.08555292056774289,-0.03676077036056169,0.5918367346938775,-0.0666650547023866,0.0650628418607837,-1.0246256203353548,-0.10030118561389911,-0.06469819786023867,0.5510204081632653,-0.08682505470238663,0.0650628418607837,-1.3344799000352305,-0.1100058233871487,-0.08288053806989837,0.5510204081632653,-0.1372250547023866,0.06506284186078372,-2.1091155992849173,-0.13438018719978995,-0.12683504204703555,0.3673469387755102
factor_momentum__missing,fold_2021,2021,0,1,train_rank_ic,2015-01-05,2020-12-23,40574,7287,cs_rank_centered,,,,,0,7287,243,49,,,0.20164609053497942,0.09956031512754779,0.06364895006663829,1.5642098577166086,-0.03185982834243506,0.09942441508669186,0.6122448979591837,0.09956031512754779,0.06364895006663829,1.5642098577166086,-0.03185982834243506,0.09942441508669186,0.6122448979591837,0.0693203151275478,0.06364895006663829,1.0891038273996947,-0.0342001480954961,0.06762191977827103,0.5510204081632653,0.04916031512754779,0.06364895006663829,0.7723664738550851,-0.03702124342559965,0.04692275701568094,0.5102040816326531,-0.0012396848724521995,0.06364895006663829,-0.01947691000643831,-0.04591235930672988,-0.0031205136219883967,0.4897959183673469
factor_momentum__missing,fold_2022,2022,0,1,train_rank_ic,2015-01-05,2021-12-23,47861,7252,cs_rank_centered,,,,,0,7252,242,49,,,0.2024793388429752,-0.013131117549257876,0.05669772568975125,-0.23159866448807973,-0.054758892501525436,-0.014198288690814187,0.40816326530612246,-0.013131117549257876,0.05669772568975125,-0.23159866448807973,-0.054758892501525436,-0.014198288690814187,0.40816326530612246,-0.043371117549257876,0.05669772568975125,-0.7649533913685307,-0.06911526227657949,-0.04277650683091827,0.3877551020408163,-0.06353111754925791,0.05669772568975125,-1.1205232092888318,-0.07994725398837654,-0.06137610480533018,0.3673469387755102,-0.1139311175492579,0.05669772568975125,-2.0094477540895834,-0.11168280578626011,-0.10634002694384381,0.3469387755102041
factor_momentum__missing,fold_2023,2023,0,1,train_rank_ic,2015-01-05,2022-12-22,55113,7259,cs_rank_centered,,,,,0,7259,242,49,,,0.2024793388429752,-0.021702896790836226,0.04739479057379983,-0.45791734762583247,-0.04807116574478476,-0.021932085120865086,0.4489795918367347,-0.021702896790836226,0.04739479057379983,-0.45791734762583247,-0.04807116574478476,-0.021932085120865086,0.4489795918367347,-0.0519428967908362,0.04739479057379983,-1.095962154531612,-0.0624381958588166,-0.05029033188977017,0.40816326530612246,-0.07210289679083624,0.04739479057379983,-1.5213253591354663,-0.07845368247406326,-0.06874669820110146,0.40816326530612246,-0.12250289679083622,0.04739479057379983,-2.5847333706450994,-0.11806160337365712,-0.11336413546975632,0.32653061224489793
factor_momentum__missing,fold_2024,2024,0,1,train_rank_ic,2015-01-05,2023-12-21,62372,7076,cs_rank_centered,,,,,0,7076,236,48,,,0.2033898305084746,-0.01768121837238859,0.048704968501364534,-0.36302699532375693,-0.0352231758928232,-0.017788303737489963,0.5,-0.01768121837238859,0.048704968501364534,-0.36302699532375693,-0.0352231758928232,-0.017788303737489963,0.5,-0.04792121837238859,0.048704968501364534,-0.9839082099200209,-0.05925971736561253,-0.04569170810283241,0.4583333333333333,-0.06808121837238859,0.048704968501364534,-1.3978290196508638,-0.07495824865156164,-0.06386118905228433,0.4375,-0.11848121837238858,0.048704968501364534,-2.432631043977971,-0.11450033542034599,-0.10781586811375465,0.4166666666666667
fundamental_composite_news__csz,fold_2019,2019,1,1,catalog,2015-01-05,2018-12-20,26220,7092,cs_rank_centered,-0.02945003469657166,-0.032925998656997836,0.4669421487603306,-0.17963752189286117,242,7092,244,49,-1.0520990758585809,0.710191570366707,0.20081967213114754,-0.09329545069066396,0.046091665516943235,-2.024128432858836,-0.11227702859263611,-0.08771723748470017,0.42857142857142855,-0.09329545069066396,0.046091665516943235,-2.024128432858836,-0.11227702859263611,-0.08771723748470017,0.42857142857142855,-0.12353545069066392,0.04609166551694323,-2.6802123400217006,-0.12818060502629103,-0.11420514450521091,0.42857142857142855,-0.14369545069066397,0.046091665516943235,-3.1176016114636114,-0.13862960286180226,-0.13144364992424162,0.40816326530612246,-0.19409545069066395,0.04609166551694323,-4.211074790068386,-0.16583074458977642,-0.1731149773989139,0.3673469387755102
fundamental_composite_news__csz,fold_2020,2020,1,1,catalog,2015-01-05,2019-12-23,33306,7268,cs_rank_centered,0.02422637251438097,0.02501611805532134,0.5560165975103735,0.12678914827100318,241,7268,243,49,-0.9377795837972609,0.684853771376317,0.20164609053497942,0.051409385204527605,0.06808794920624127,0.7550438191170427,-0.0491544493355891,0.04891255548414897,0.5918367346938775,0.051409385204527605,0.06808794920624127,0.7550438191170427,-0.0491544493355891,0.04891255548414897,0.5918367346938775,0.021169385204527612,0.06808794920624127,0.3109123633670425,-0.06109231982257324,0.018542289643220355,0.4897959183673469,0.0010093852045275954,0.06808794920624127,0.014824726200375416,-0.06897145067905741,-0.0012242249764813362,0.4897959183673469,-0.04939061479547239,0.06808794920624128,-0.7253943667162912,-0.08839471410500066,-0.04901113692431758,0.4489795918367347
fundamental_composite_news__csz,fold_2021,2021,1,1,catalog,2015-01-05,2020-12-23,40574,7287,cs_rank_centered,-0.013688226610942019,-0.00628867324732715,0.46887966804979253,-0.031193566819380906,241,7287,243,49,-1.0000093782658777,0.6955530497998663,0.20164609053497942,-0.04801106261376354,0.07824681871887106,-0.6135848511140115,-0.08592629621917869,-0.04841952062727539,0.40816326530612246,-0.04801106261376354,0.07824681871887106,-0.6135848511140115,-0.08592629621917869,-0.04841952062727539,0.40816326530612246,-0.07825106261376355,0.07824681871887106,-1.0000542372835342,-0.10187397887548766,-0.07602606667199796,0.3877551020408163,-0.09841106261376353,0.07824681871887106,-1.2577004947298824,-0.11687076480775938,-0.09399294616297105,0.3877551020408163,-0.14881106261376356,0.07824681871887106,-1.9018161383457537,-0.15420534001249997,-0.1374262012869697,0.3673469387755102
fundamental_composite_news__csz,fold_2022,2022,1,1,catalog,2015-01-05,2021-12-23,47861,7252,cs_rank_centered,0.03409735539112777,0.03727798009966416,0.5916666666666667,0.19152692773392255,240,7252,242,49,-0.9142603437479679,0.6793688984047886,0.2024793388429752,0.0779385617260745,0.0556086542004981,1.4015545394259226,-0.03577146124998376,0.07706950602828755,0.6122448979591837,0.0779385617260745,0.0556086542004981,1.4015545394259226,-0.03577146124998376,0.07706950602828755,0.6122448979591837,0.0476985617260745,0.0556086542004981,0.8577542904400527,-0.046153332880374154,0.04590105163640312,0.6122448979591837,0.02753856172607449,0.0556086542004981,0.49522079111613937,-0.05310961182076124,0.025614764760611974,0.5510204081632653,-0.022861438273925512,0.0556086542004981,-0.41111295719364377,-0.07559335835850489,-0.023429643480635365,0.5102040816326531
fundamental_composite_news__csz,fold_2023,2023,1,1,catalog,2015-01-05,2022-12-22,55113,7259,cs_rank_centered,-0.007972244474781615,-0.005362272698790717,0.4666666666666667,-0.02440306344263728,240,7259,242,49,-0.9983480163425107,0.6964359514297522,0.2024793388429752,-0.010201448380653273,0.050973754841868356,-0.2001313894238394,-0.053472402625656446,-0.011097674279791137,0.4897959183673469,-0.010201448380653273,0.050973754841868356,-0.2001313894238394,-0.053472402625656446,-0.011097674279791137,0.4897959183673469,-0.040441448380653264,0.050973754841868356,-0.7933778570189975,-0.07484648815873485,-0.039763801045823555,0.42857142857142855,-0.06060144838065327,0.05097375484186835,-1.1888755020824369,-0.08883400893827609,-0.05842064402615488,0.42857142857142855,-0.11100144838065328,0.050973754841868356,-2.177619614741034,-0.12394191589596781,-0.1035230595878458,0.3877551020408163
fundamental_composite_news__csz,fold_2024,2024,1,1,catalog,2015-01-05,2023-12-21,62372,7076,cs_rank_centered,0.015614097099479023,0.025307360950882152,0.5,0.14665540538422064,48,7076,236,48,-0.0942073509880017,0.53360233393761,0.2033898305084746,-0.02688593881753898,0.04233017171889302,-0.6351483522458548,-0.03766043773988248,-0.02610190749800123,0.5,-0.02688593881753898,0.04233017171889302,-0.6351483522458548,-0.03766043773988248,-0.02610190749800123,0.5,-0.05712593881753896,0.04233017171889302,-1.3495324138277056,-0.06332559739772436,-0.053773810505510444,0.4166666666666667,-0.07728593881753898,0.04233017171889302,-1.8257884548822731,-0.08006260426224587,-0.0717924749273765,0.3958333333333333,-0.127685938817539,0.04233017171889302,-3.016428557518692,-0.12063618797755771,-0.11538206058507172,0.3958333333333333
fundamental_composite_news__missing,fold_2019,2019,1,1,catalog,2015-01-05,2018-12-20,26220,7092,cs_rank_centered,0.06398478244711164,0.04625950304006173,0.5661157024793388,0.1765550646392537,242,7092,244,49,-0.2642511408724546,0.5460593345436879,0.20081967213114754,0.07302505408292344,0.07285640928267856,1.0023147558588916,-0.05624722216955502,0.07081219382647275,0.5918367346938775,0.07302505408292344,0.07285640928267856,1.0023147558588916,-0.05624722216955502,0.07081219382647275,0.5918367346938775,0.042785054082923456,0.07285640928267856,0.5872517531974432,-0.060236905891880244,0.039820520696189465,0.5918367346938775,0.022625054082923444,0.07285640928267854,0.31054308475647735,-0.06288865610253325,0.019649361301921964,0.5918367346938775,-0.02777494591707656,0.07285640928267856,-0.3812285863459372,-0.07952700562841553,-0.029116485100662448,0.5714285714285714
fundamental_composite_news__missing,fold_2020,2020,1,1,catalog,2015-01-05,2019-12-23,33306,7268,cs_rank_centered,0.006121786778868215,0.011503924245098027,0.48132780082987553,0.0462922346786111,241,7268,243,49,-0.2870676591817405,0.5536620566048099,0.20164609053497942,-0.02814989855438238,0.08292146200577041,-0.3394766309405334,-0.07695289217873591,-0.030190636849763752,0.5102040816326531,-0.02814989855438238,0.08292146200577041,-0.3394766309405334,-0.07695289217873591,-0.030190636849763752,0.5102040816326531,-0.05838989855438235,0.08292146200577041,-0.704159057763828,-0.09811015793090727,-0.05831548164079803,0.46938775510204084,-0.0785498985543824,0.08292146200577041,-0.9472806756460251,-0.11211096696296496,-0.07661984786069753,0.46938775510204084,-0.12894989855438238,0.08292146200577041,-1.5550847203515168,-0.14619293269772993,-0.12086951060668705,0.46938775510204084
fundamental_composite_news__missing,fold_2021,2021,1,1,catalog,2015-01-05,2020-12-23,40574,7287,cs_rank_centered,0.0014045922510569873,0.010819404974304564,0.5103734439834025,0.04309729911818629,241,7287,243,49,-0.24357864014013986,0.5492445214198171,0.20164609053497942,0.0687282447464316,0.09128273708111062,0.7529161257003294,-0.07142339717929014,0.06483548002684536,0.5306122448979592,0.0687282447464316,0.09128273708111062,0.7529161257003294,-0.07142339717929014,0.06483548002684536,0.5306122448979592,0.038488244746431616,0.09128273708111062,0.42163771570776104,-0.08033932127929555,0.034012438730122385,0.5102040816326531,0.018328244746431584,0.09128273708111062,0.20078544237938167,-0.08623861489873175,0.013951103038286616,0.5102040816326531,-0.032071755253568396,0.09128273708111062,-0.3513452409415656,-0.10384241300625907,-0.034549002810780216,0.42857142857142855
fundamental_composite_news__missing,fold_2022,2022,1,1,catalog,2015-01-05,2021-12-23,47861,7252,cs_rank_centered,0.028498130419032677,0.027418243059297846,0.4875,0.10982949780556682,240,7252,242,49,-0.2438765031372212,0.5440024698469456,0.2024793388429752,0.05144341902371751,0.10531938363571604,0.48845157698275743,-0.05426131725666461,0.04574451848760108,0.4897959183673469,0.05144341902371751,0.10531938363571604,0.48845157698275743,-0.05426131725666461,0.04574451848760108,0.4897959183673469,0.02120341902371749,0.10531938363571605,0.2013249441057967,-0.07061211295337544,0.015462279770361409,0.46938775510204084,0.0010434190237174693,0.10531938363571604,0.009907188854489497,-0.08136064741803639,-0.004246884778975835,0.4489795918367347,-0.049356580976282496,0.10531938363571604,-0.4686371992737778,-0.1077095063992729,-0.051894955091809414,0.42857142857142855
fundamental_composite_news__missing,fold_2023,2023,1,1,catalog,2015-01-05,2022-12-22,55113,7259,cs_rank_centered,0.08111437654851159,0.07233220389699853,0.5833333333333334,0.28078885531283143,240,7259,242,49,-0.18797039242167735,0.5345567282876972,0.2024793388429752,0.047582340650287665,0.06328284133758587,0.7518995614697039,-0.0533820088517436,0.045337226715124634,0.5102040816326531,0.047582340650287665,0.06328284133758587,0.7518995614697039,-0.0533820088517436,0.045337226715124634,0.5102040816326531,0.017342340650287665,0.06328284133758587,0.27404491144406706,-0.060674846092804935,0.01506858842937131,0.46938775510204084,-0.0028176593497123486,0.06328284133758588,-0.04452485523969106,-0.06557125624868809,-0.004631751634305292,0.46938775510204084,-0.05321765934971236,0.06328284133758587,-0.840949271949086,-0.07770939278638755,-0.05225858044427689,0.40816326530612246
fundamental_composite_news__missing,fold_2024,2024,1,1,catalog,2015-01-05,2023-12-21,62372,7076,cs_rank_centered,-0.05840301183956955,-0.06722982010265051,0.4166666666666667,-0.24412737839964294,48,7076,236,48,-0.12725704247468927,0.5405424917715127,0.2033898305084746,-0.0359750963398069,0.04317105474056157,-0.8333152051994304,-0.047994992063492226,-0.034533842678038495,0.4583333333333333,-0.0359750963398069,0.04317105474056157,-0.8333152051994304,-0.047994992063492226,-0.034533842678038495,0.4583333333333333,-0.0662150963398069,0.043171054740561564,-1.5337845400750472,-0.0731590956812126,-0.06197108380108862,0.4375,-0.08637509633980692,0.04317105474056158,-2.0007640966587914,-0.08972425266594342,-0.07983687065370249,0.4166666666666667,-0.1367750963398069,0.04317105474056157,-3.1682129881181527,-0.12988095034034686,-0.12305636667196673,0.3958333333333333
fundamental_underreaction__csz,fold_2019,2019,1,1,catalog,2015-01-05,2018-12-20,26220,7092,cs_rank_centered,-0.01052408391136958,-0.008782487763739782,0.4669421487603306,-0.03770784343138839,242,7092,244,49,-1.004177267815364,0.6935737881558329,0.20081967213114754,-0.03395865203607327,0.05148871381436679,-0.6595358384461696,-0.08160077556037781,-0.03371276913243304,0.4897959183673469,-0.03395865203607327,0.05148871381436679,-0.6595358384461696,-0.08160077556037781,-0.03371276913243304,0.4897959183673469,-0.06419865203607328,0.05148871381436679,-1.2468490136989996,-0.09260575563611295,-0.06173638716221652,0.4897959183673469,-0.08435865203607329,0.05148871381436679,-1.6383911305342198,-0.10094337785611973,-0.07997485710939911,0.46938775510204084,-0.1347586520360733,0.05148871381436679,-2.61724642262227,-0.12942876293550976,-0.12406516823947022,0.40816326530612246
fundamental_underreaction__csz,fold_2020,2020,1,1,catalog,2015-01-05,2019-12-23,33306,7268,cs_rank_centered,0.03077098571488251,0.029550516771579004,0.5643153526970954,0.13597880221703787,241,7268,243,49,-0.9289230388634839,0.680946563838836,0.20164609053497942,0.024704406805345802,0.08195254452916982,0.3014477091257689,-0.06332401642165009,0.021029190573708556,0.4897959183673469,0.024704406805345802,0.08195254452916982,0.3014477091257689,-0.06332401642165009,0.021029190573708556,0.4897959183673469,-0.005535593194654208,0.08195254452916982,-0.06754632484515347,-0.07620208723472954,-0.008550365134025073,0.4489795918367347,-0.025695593194654223,0.08195254452916982,-0.3135423474924351,-0.0846931917377658,-0.027801981666281228,0.42857142857142855,-0.07609559319465423,0.08195254452916982,-0.9285324041106389,-0.105595588251429,-0.07434320399290084,0.42857142857142855
fundamental_underreaction__csz,fold_2021,2021,1,1,catalog,2015-01-05,2020-12-23,40574,7287,cs_rank_centered,0.010870364152308234,0.017197823525020025,0.5186721991701245,0.07308502865386161,241,7287,243,49,-0.9532535173905783,0.6789907257745591,0.20164609053497942,-0.09724903743228094,0.10540462292475589,-0.9226259222207276,-0.12401147768495957,-0.09517326803905024,0.4897959183673469,-0.09724903743228094,0.10540462292475589,-0.9226259222207276,-0.12401147768495957,-0.09517326803905024,0.4897959183673469,-0.12748903743228096,0.10540462292475589,-1.2095203596837518,-0.14001351948807117,-0.12145136429397607,0.4489795918367347,-0.14764903743228097,0.10540462292475587,-1.4007833179924347,-0.1560861826319535,-0.13855321876947835,0.4489795918367347,-0.19804903743228092,0.10540462292475587,-1.8789407137641412,-0.19530481970861002,-0.17989386174246114,0.40816326530612246
fundamental_underreaction__csz,fold_2022,2022,1,1,catalog,2015-01-05,2021-12-23,47861,7252,cs_rank_centered,0.028159048428013474,0.03007004528457807,0.5833333333333334,0.12760314456265034,240,7252,242,49,-0.9274136642046593,0.6787446439100203,0.2024793388429752,0.10863524801269508,0.08222634459015221,1.3211732633157298,-0.033254419309466376,0.10770423169036936,0.6122448979591837,0.10863524801269508,0.08222634459015221,1.3211732633157298,-0.033254419309466376,0.10770423169036936,0.6122448979591837,0.07839524801269511,0.08222634459015221,0.953407918148949,-0.03617089426048625,0.07566621510422,0.5510204081632653,0.05823524801269508,0.08222634459015221,0.7082310213710946,-0.03922752259841611,0.05481369579788309,0.5306122448979592,0.007835248012695112,0.08222634459015221,0.09528877942646007,-0.061747775125678084,0.004399448525066019,0.46938775510204084
fundamental_underreaction__csz,fold_2023,2023,1,1,catalog,2015-01-05,2022-12-22,55113,7259,cs_rank_centered,-0.010063129921233146,-0.006628702308271831,0.45,-0.028420383195849663,240,7259,242,49,-1.0013786631027886,0.6883651142763493,0.2024793388429752,-0.04563082178706983,0.049325023389927156,-0.9251049193904339,-0.08592174962523969,-0.044520795652004064,0.3877551020408163,-0.04563082178706983,0.049325023389927156,-0.9251049193904339,-0.08592174962523969,-0.044520795652004064,0.3877551020408163,-0.07587082178706982,0.049325023389927156,-1.5381811618677037,-0.10389661853934395,-0.07223717325661716,0.3673469387755102,-0.09603082178706983,0.04932502338992715,-1.946898656852551,-0.1161278083789753,-0.09027558470857244,0.32653061224489793,-0.14643082178706981,0.049325023389927156,-2.968692394314668,-0.15429902117910932,-0.1338819349410415,0.30612244897959184
fundamental_underreaction__csz,fold_2024,2024,1,1,catalog,2015-01-05,2023-12-21,62372,7076,cs_rank_centered,0.017126887510777674,0.02476306902525262,0.5416666666666666,0.13685064098312866,48,7076,236,48,-0.09367036947382279,0.5336489000647594,0.2033898305084746,-0.00477187822906989,0.04700455679556266,-0.10151948139462869,-0.0292128201064511,-0.0055568937614483005,0.4791666666666667,-0.00477187822906989,0.04700455679556266,-0.10151948139462869,-0.0292128201064511,-0.0055568937614483005,0.4791666666666667,-0.03501187822906989,0.04700455679556266,-0.7448613627259028,-0.045389869172541286,-0.033800549383503964,0.4583333333333333,-0.05517187822906989,0.04700455679556266,-1.1737559502800854,-0.06244030860852978,-0.052191699579842266,0.4375,-0.10557187822906988,0.04700455679556266,-2.245992419165542,-0.10377424089336451,-0.09668300853769518,0.4166666666666667
fundamental_underreaction__missing,fold_2019,2019,1,1,catalog,2015-01-05,2018-12-20,26220,7092,cs_rank_centered,0.06398478244711164,0.04625950304006173,0.5661157024793388,0.1765550646392537,242,7092,244,49,-0.2642511408724546,0.5460593345436879,0.20081967213114754,0.07302505408292344,0.07285640928267856,1.0023147558588916,-0.05624722216955502,0.07081219382647275,0.5918367346938775,0.07302505408292344,0.07285640928267856,1.0023147558588916,-0.05624722216955502,0.07081219382647275,0.5918367346938775,0.042785054082923456,0.07285640928267856,0.5872517531974432,-0.060236905891880244,0.039820520696189465,0.5918367346938775,0.022625054082923444,0.07285640928267854,0.31054308475647735,-0.06288865610253325,0.019649361301921964,0.5918367346938775,-0.02777494591707656,0.07285640928267856,-0.3812285863459372,-0.07952700562841553,-0.029116485100662448,0.5714285714285714
fundamental_underreaction__missing,fold_2020,2020,1,1,catalog,2015-01-05,2019-12-23,33306,7268,cs_rank_centered,0.006121786778868215,0.011503924245098027,0.48132780082987553,0.0462922346786111,241,7268,243,49,-0.2870676591817405,0.5536620566048099,0.20164609053497942,-0.02814989855438238,0.08292146200577041,-0.3394766309405334,-0.07695289217873591,-0.030190636849763752,0.5102040816326531,-0.02814989855438238,0.08292146200577041,-0.3394766309405334,-0.07695289217873591,-0.030190636849763752,0.5102040816326531,-0.05838989855438235,0.08292146200577041,-0.704159057763828,-0.09811015793090727,-0.05831548164079803,0.46938775510204084,-0.0785498985543824,0.08292146200577041,-0.9472806756460251,-0.11211096696296496,-0.07661984786069753,0.46938775510204084,-0.12894989855438238,0.08292146200577041,-1.5550847203515168,-0.14619293269772993,-0.12086951060668705,0.46938775510204084
fundamental_underreaction__missing,fold_2021,2021,1,1,catalog,2015-01-05,2020-12-23,40574,7287,cs_rank_centered,0.0014045922510569873,0.010819404974304564,0.5103734439834025,0.04309729911818629,241,7287,243,49,-0.24357864014013986,0.5492445214198171,0.20164609053497942,0.0687282447464316,0.09128273708111062,0.7529161257003294,-0.07142339717929014,0.06483548002684536,0.5306122448979592,0.0687282447464316,0.09128273708111062,0.7529161257003294,-0.07142339717929014,0.06483548002684536,0.5306122448979592,0.038488244746431616,0.09128273708111062,0.42163771570776104,-0.08033932127929555,0.034012438730122385,0.5102040816326531,0.018328244746431584,0.09128273708111062,0.20078544237938167,-0.08623861489873175,0.013951103038286616,0.5102040816326531,-0.032071755253568396,0.09128273708111062,-0.3513452409415656,-0.10384241300625907,-0.034549002810780216,0.42857142857142855
fundamental_underreaction__missing,fold_2022,2022,1,1,catalog,2015-01-05,2021-12-23,47861,7252,cs_rank_centered,0.028498130419032677,0.027418243059297846,0.4875,0.10982949780556682,240,7252,242,49,-0.2438765031372212,0.5440024698469456,0.2024793388429752,0.05144341902371751,0.10531938363571604,0.48845157698275743,-0.05426131725666461,0.04574451848760108,0.4897959183673469,0.05144341902371751,0.10531938363571604,0.48845157698275743,-0.05426131725666461,0.04574451848760108,0.4897959183673469,0.02120341902371749,0.10531938363571605,0.2013249441057967,-0.07061211295337544,0.015462279770361409,0.46938775510204084,0.0010434190237174693,0.10531938363571604,0.009907188854489497,-0.08136064741803639,-0.004246884778975835,0.4489795918367347,-0.049356580976282496,0.10531938363571604,-0.4686371992737778,-0.1077095063992729,-0.051894955091809414,0.42857142857142855
fundamental_underreaction__missing,fold_2023,2023,1,1,catalog,2015-01-05,2022-12-22,55113,7259,cs_rank_centered,0.08111437654851159,0.07233220389699853,0.5833333333333334,0.28078885531283143,240,7259,242,49,-0.18797039242167735,0.5345567282876972,0.2024793388429752,0.047582340650287665,0.06328284133758587,0.7518995614697039,-0.0533820088517436,0.045337226715124634,0.5102040816326531,0.047582340650287665,0.06328284133758587,0.7518995614697039,-0.0533820088517436,0.045337226715124634,0.5102040816326531,0.017342340650287665,0.06328284133758587,0.27404491144406706,-0.060674846092804935,0.01506858842937131,0.46938775510204084,-0.0028176593497123486,0.06328284133758588,-0.04452485523969106,-0.06557125624868809,-0.004631751634305292,0.46938775510204084,-0.05321765934971236,0.06328284133758587,-0.840949271949086,-0.07770939278638755,-0.05225858044427689,0.40816326530612246
fundamental_underreaction__missing,fold_2024,2024,1,1,catalog,2015-01-05,2023-12-21,62372,7076,cs_rank_centered,-0.05840301183956955,-0.06722982010265051,0.4166666666666667,-0.24412737839964294,48,7076,236,48,-0.12725704247468927,0.5405424917715127,0.2033898305084746,-0.0359750963398069,0.04317105474056157,-0.8333152051994304,-0.047994992063492226,-0.034533842678038495,0.4583333333333333,-0.0359750963398069,0.04317105474056157,-0.8333152051994304,-0.047994992063492226,-0.034533842678038495,0.4583333333333333,-0.0662150963398069,0.043171054740561564,-1.5337845400750472,-0.0731590956812126,-0.06197108380108862,0.4375,-0.08637509633980692,0.04317105474056158,-2.0007640966587914,-0.08972425266594342,-0.07983687065370249,0.4166666666666667,-0.1367750963398069,0.04317105474056157,-3.1682129881181527,-0.12988095034034686,-0.12305636667196673,0.3958333333333333
information_consistency__csz,fold_2019,2019,1,1,catalog,2015-01-05,2018-12-20,26220,7092,cs_rank_centered,0.011942459531456728,0.004826586623014201,0.4896265560165975,0.021286688673338695,241,7092,244,49,-0.9712762733708342,0.6892135221165503,0.20081967213114754,0.005211502481260245,0.0678715036675584,0.07678483899202705,-0.08337289652015012,0.0028689043272693837,0.5306122448979592,0.005211502481260245,0.0678715036675584,0.07678483899202705,-0.08337289652015012,0.0028689043272693837,0.5306122448979592,-0.025028497518739742,0.06787150366755841,-0.3687629736528587,-0.09707156907140635,-0.026194448761148292,0.4489795918367347,-0.04518849751873977,0.06787150366755838,-0.6657948487494499,-0.10609459955943024,-0.04510994116515066,0.42857142857142855,-0.09558849751873978,0.0678715036675584,-1.4083745364909266,-0.13567727620596914,-0.09083804443389498,0.42857142857142855
information_consistency__csz,fold_2020,2020,1,1,catalog,2015-01-05,2019-12-23,33306,7268,cs_rank_centered,0.0578047100811125,0.07242586756438556,0.6317991631799164,0.3750467288652488,239,7268,243,49,-0.834012647859266,0.6586210109733158,0.20164609053497942,0.0434722230788838,0.06739503701368409,0.6450359700827388,-0.030300483665340106,0.040892771272456274,0.5918367346938775,0.0434722230788838,0.06739503701368409,0.6450359700827388,-0.030300483665340106,0.040892771272456274,0.5918367346938775,0.013232223078883828,0.06739503701368409,0.19633824188266444,-0.031481927914871255,0.010750072024230617,0.5306122448979592,-0.006927776921116188,0.06739503701368409,-0.10279357691738567,-0.03226915741455838,-0.00886825702083871,0.5102040816326531,-0.05732777692111618,0.06739503701368409,-0.8506231239175103,-0.052934616837131965,-0.05629667209856393,0.42857142857142855
information_consistency__csz,fold_2021,2021,1,1,catalog,2015-01-05,2020-12-23,40574,7287,cs_rank_centered,0.017021773462749967,0.029511538543542347,0.5767634854771784,0.13197394750892735,241,7287,243,49,-0.9266174082324419,0.6752253321083973,0.20164609053497942,0.0279017755530148,0.0961592747408589,0.2901620839820987,-0.07847373385311207,0.02294242183621109,0.6122448979591837,0.0279017755530148,0.0961592747408589,0.2901620839820987,-0.07847373385311207,0.02294242183621109,0.6122448979591837,-0.002338224446985198,0.0961592747408589,-0.02431616142370577,-0.08017758257750951,-0.006692200965354833,0.5714285714285714,-0.022498224446985203,0.0961592747408589,-0.2339683250275755,-0.08163223676641018,-0.025979663697702216,0.5510204081632653,-0.07289822444698521,0.0961592747408589,-0.7580987340372497,-0.08592259890153708,-0.07260756593503415,0.5102040816326531
information_consistency__csz,fold_2022,2022,1,1,catalog,2015-01-05,2021-12-23,47861,7252,cs_rank_centered,0.029607114884865966,0.028374446445530353,0.5666666666666667,0.1281994578630637,240,7252,242,49,-0.9292650793844857,0.6751662187974644,0.2024793388429752,0.034439807204549824,0.0823905847546179,0.41800658785371114,-0.06893858141213882,0.030673767534125984,0.5714285714285714,0.034439807204549824,0.0823905847546179,0.41800658785371114,-0.06893858141213882,0.030673767534125984,0.5714285714285714,0.004199807204549836,0.0823905847546179,0.05097435850295312,-0.07232580925905563,0.000820401805016191,0.5714285714285714,-0.015960192795450166,0.0823905847546179,-0.1937137943975524,-0.07457825141609609,-0.01860951070403105,0.5306122448979592,-0.06636019279545018,0.0823905847546179,-0.8054341766488162,-0.09299174283258038,-0.06558206705093994,0.5102040816326531
information_consistency__csz,fold_2023,2023,1,1,catalog,2015-01-05,2022-12-22,55113,7259,cs_rank_centered,-0.0014502636472385959,-0.010684710927743809,0.4791666666666667,-0.04986160519907488,240,7259,242,49,-1.0077748312974073,0.683126501024378,0.2024793388429752,0.047081174227652345,0.06976793654434979,0.6748253791012435,-0.08941738546148026,0.04440153720337703,0.4897959183673469,0.047081174227652345,0.06976793654434979,0.6748253791012435,-0.08941738546148026,0.04440153720337703,0.4897959183673469,0.016841174227652345,0.06976793654434979,0.24138845237234183,-0.0992526203111328,0.014159199954507429,0.4897959183673469,-0.0033188257723476625,0.06976793654434979,-0.0475694987802594,-0.10575361205908473,-0.005524009659142903,0.4489795918367347,-0.05371882577234767,0.06976793654434979,-0.7699643766617623,-0.12181276607597691,-0.0531093826628285,0.40816326530612246
information_consistency__csz,fold_2024,2024,1,1,catalog,2015-01-05,2023-12-21,62372,7076,cs_rank_centered,-0.008248467471657247,-0.011467460594062728,0.47413793103448276,-0.058628638553434774,232,7076,236,48,-0.5962987963569604,0.6216260314036187,0.2033898305084746,-0.017733146521126033,0.050247419524028086,-0.3529165614693134,-0.0414102894251962,-0.017905017360129172,0.5,-0.017733146521126033,0.050247419524028086,-0.3529165614693134,-0.0414102894251962,-0.017905017360129172,0.5,-0.04797314652112602,0.05024741952402809,-0.9547385114609813,-0.06079741483777268,-0.04580521289314199,0.3958333333333333,-0.06813314652112604,0.05024741952402809,-1.3559531447887603,-0.07351016344792971,-0.06397260275211436,0.375,-0.11853314652112605,0.050247419524028086,-2.3589897281082077,-0.10456570792412101,-0.1079222176293082,0.3333333333333333
information_consistency__missing,fold_2019,2019,1,1,catalog,2015-01-05,2018-12-20,26220,7092,cs_rank_centered,0.05307598542607093,0.04946850173804371,0.5726141078838174,0.21886461597319667,241,7092,244,49,-0.2675241352621174,0.5520354862765933,0.20081967213114754,0.060632314036926545,0.06643852215261317,0.912607807525438,-0.05813324640438988,0.05845718621511775,0.5714285714285714,0.060632314036926545,0.06643852215261317,0.912607807525438,-0.05813324640438988,0.05845718621511775,0.5714285714285714,0.030392314036926566,0.06643852215261317,0.4574501817953392,-0.0654874474820204,0.027816208342362314,0.5510204081632653,0.010232314036926557,0.06643852215261317,0.15401176464193972,-0.07036076162744564,0.00787341101655148,0.5102040816326531,-0.04016768596307342,0.06643852215261317,-0.6045842782415585,-0.09418091684159591,-0.04033997804983558,0.4897959183673469
information_consistency__missing,fold_2020,2020,1,1,catalog,2015-01-05,2019-12-23,33306,7268,cs_rank_centered,-0.017996704515636106,-0.017661959584674734,0.5062761506276151,-0.087378449803005,239,7268,243,49,-0.3673021881142027,0.5699911569732514,0.20164609053497942,-0.032929624345977127,0.09206076656451456,-0.35769444004032525,-0.10221069485619727,-0.03540082442400805,0.5510204081632653,-0.032929624345977127,0.09206076656451456,-0.35769444004032525,-0.10221069485619727,-0.03540082442400805,0.5510204081632653,-0.06316962434597712,0.09206076656451455,-0.6861731300239496,-0.11820671254038384,-0.06337800386543124,0.5102040816326531,-0.08332962434597711,0.09206076656451456,-0.9051589233463659,-0.12877173636473627,-0.08158621138497113,0.4897959183673469,-0.13372962434597713,0.09206076656451456,-1.4526234066524069,-0.15465173786250164,-0.12560323352342018,0.4489795918367347
information_consistency__missing,fold_2021,2021,1,1,catalog,2015-01-05,2020-12-23,40574,7287,cs_rank_centered,0.01608080430308477,0.02510657890692565,0.5352697095435685,0.11846507358002892,241,7287,243,49,-0.23917376164566728,0.5459776875074784,0.20164609053497942,0.05708543529334323,0.09363030503146046,0.6096897289201624,-0.10920389992656421,0.052634308245352646,0.5510204081632653,0.05708543529334323,0.09363030503146046,0.6096897289201624,-0.10920389992656421,0.052634308245352646,0.5510204081632653,0.026845435293343236,0.09363030503146046,0.28671737515244644,-0.11193553459478667,0.022157239833094478,0.5102040816326531,0.006685435293343248,0.09363030503146046,0.0714024726406359,-0.1137528984510141,0.0023211966711524923,0.5102040816326531,-0.04371456470665674,0.09363030503146046,-0.46688478363889063,-0.11828329404875282,-0.045633859093322404,0.4489795918367347
information_consistency__missing,fold_2022,2022,1,1,catalog,2015-01-05,2021-12-23,47861,7252,cs_rank_centered,0.04896002524571148,0.04244004958898603,0.5541666666666667,0.20417168815708248,240,7252,242,49,-0.18403531539790863,0.5363514464499686,0.2024793388429752,0.06478441318726276,0.08765254960735212,0.7391047205982104,-0.03892631317088702,0.06109000955666155,0.5102040816326531,0.06478441318726276,0.08765254960735212,0.7391047205982104,-0.03892631317088702,0.06109000955666155,0.5102040816326531,0.03454441318726279,0.08765254960735212,0.394106199329144,-0.04601306978109454,0.030373396162682864,0.4897959183673469,0.014384413187262768,0.08765254960735211,0.16410718514976586,-0.056420517224767486,0.01038136132094225,0.46938775510204084,-0.03601558681273723,0.08765254960735212,-0.41089035029867876,-0.08345954443213943,-0.03795109667752883,0.4489795918367347
information_consistency__missing,fold_2023,2023,1,1,catalog,2015-01-05,2022-12-22,55113,7259,cs_rank_centered,0.0606679356829335,0.055803535773149046,0.5791666666666667,0.27192083456512606,240,7259,242,49,-0.16852469463126618,0.534784744875904,0.2024793388429752,0.018217018974515265,0.047441885284736474,0.3839859833811505,-0.05753550883149927,0.016777304297042495,0.5102040816326531,0.018217018974515265,0.047441885284736474,0.3839859833811505,-0.05753550883149927,0.016777304297042495,0.5102040816326531,-0.012022981025484715,0.047441885284736474,-0.25342544785742066,-0.06479868426420432,-0.012680277137228635,0.42857142857142855,-0.03218298102548474,0.047441885284736474,-0.678366402016469,-0.06967514957831511,-0.031852487729332024,0.42857142857142855,-0.08258298102548474,0.047441885284736474,-1.7407187874140881,-0.09504235169640707,-0.07820167725022487,0.40816326530612246
information_consistency__missing,fold_2024,2024,1,1,catalog,2015-01-05,2023-12-21,62372,7076,cs_rank_centered,-0.06905674287472624,-0.07697076550598787,0.3706896551724138,-0.2903774400372644,232,7076,236,48,-0.676081129382323,0.640287136125424,0.2033898305084746,-0.10633881144371886,0.04851627955020885,-2.191817106125589,-0.10774307305626396,-0.09740804074161058,0.4166666666666667,-0.10633881144371886,0.04851627955020885,-2.191817106125589,-0.10774307305626396,-0.09740804074161058,0.4166666666666667,-0.13657881144371883,0.04851627955020885,-2.815113044733269,-0.13157878526556044,-0.12309410978793733,0.4166666666666667,-0.15673881144371885,0.04851627955020887,-3.230643670471721,-0.14712217663210903,-0.13981906369256403,0.4166666666666667,-0.20713881144371885,0.04851627955020885,-4.269470234817854,-0.1848002610667009,-0.18027687502707967,0.3125
information_divergence__csz,fold_2019,2019,0,1,train_rank_ic,2015-01-05,2018-12-20,26220,7092,cs_rank_centered,0.008984458653435754,0.01869366902842866,0.5394190871369294,0.07759620064732478,241,7092,244,49,-0.9454886707514079,0.6808882307161086,0.20081967213114754,0.003676997547377326,0.08125498743317608,0.04525257665446421,-0.1113093928336788,0.00040016817982291286,0.5306122448979592,0.003676997547377326,0.08125498743317608,0.04525257665446421,-0.1113093928336788,0.00040016817982291286,0.5306122448979592,-0.02656300245262265,0.08125498743317608,-0.3269091940290805,-0.1240818031662776,-0.028593659195932042,0.5102040816326531,-0.046723002452622654,0.08125498743317608,-0.5750170411514438,-0.13249880892825228,-0.047463870035564404,0.5102040816326531,-0.09712300245262265,0.08125498743317608,-1.1952866589573519,-0.15320356890158038,-0.09308239861065692,0.46938775510204084
information_divergence__csz,fold_2020,2020,0,1,train_rank_ic,2015-01-05,2019-12-23,33306,7268,cs_rank_centered,0.05776535410845098,0.06653144096948096,0.6401673640167364,0.36445546657413275,239,7268,243,49,-0.8470136018169321,0.6580760543979568,0.20164609053497942,0.05086013533506477,0.0633755958207268,0.8025192454037824,-0.03063643913909686,0.0486605959559796,0.5510204081632653,0.05086013533506477,0.0633755958207268,0.8025192454037824,-0.03063643913909686,0.0486605959559796,0.5510204081632653,0.020620135335064783,0.0633755958207268,0.3253639680705145,-0.03181757419533415,0.018297657139776824,0.5510204081632653,0.0004601353350647618,0.0633755958207268,0.007260449848335406,-0.032604597566158744,-0.0014640890674725293,0.5306122448979592,-0.04993986466493523,0.0633755958207268,-0.7879983457071114,-0.061018500641895956,-0.04923947436884035,0.5102040816326531
information_divergence__csz,fold_2021,2021,0,1,train_rank_ic,2015-01-05,2020-12-23,40574,7287,cs_rank_centered,0.03046824472399933,0.03792506103558121,0.5518672199170125,0.15342957937181848,241,7287,243,49,-0.9122131511707443,0.6708799190947371,0.20164609053497942,-0.003979164690986264,0.09535359741075865,-0.041730619494564546,-0.09435154090381892,-0.008165863251898497,0.5306122448979592,-0.003979164690986264,0.09535359741075865,-0.041730619494564546,-0.09435154090381892,-0.008165863251898497,0.5306122448979592,-0.03421916469098626,0.09535359741075865,-0.3588660063193939,-0.10129579104660535,-0.0369170516795847,0.4897959183673469,-0.054379164690986276,0.09535359741075865,-0.5702895975359471,-0.11513571316230886,-0.05562925552206488,0.4897959183673469,-0.10477916469098628,0.09535359741075865,-1.0988485755773296,-0.1491047564437118,-0.1008655042852945,0.4489795918367347
information_divergence__csz,fold_2022,2022,0,1,train_rank_ic,2015-01-05,2021-12-23,47861,7252,cs_rank_centered,0.025988553572999156,0.02781968074047849,0.5375,0.13561579016465655,240,7252,242,49,-0.9330749149967732,0.6761365643314975,0.2024793388429752,0.09652177848441944,0.08576603604468094,1.1254079462659925,-0.042967197384315425,0.09448733741652249,0.5510204081632653,0.09652177848441944,0.08576603604468094,1.1254079462659925,-0.042967197384315425,0.09448733741652249,0.5510204081632653,0.06628177848441946,0.08576603604468094,0.7728208221012932,-0.04643279534974909,0.0628238082610666,0.5306122448979592,0.04612177848441945,0.08576603604468094,0.5377627393248268,-0.04873737906538955,0.0422151542145639,0.5306122448979592,-0.004278221515580532,0.08576603604468094,-0.049882467616338674,-0.055687481020949,-0.007609094913097247,0.4489795918367347
information_divergence__csz,fold_2023,2023,0,1,train_rank_ic,2015-01-05,2022-12-22,55113,7259,cs_rank_centered,0.008684162349496443,0.0009222842923583395,0.5,0.004505793380492965,240,7259,242,49,-0.9869875942649478,0.6791765886682541,0.2024793388429752,-0.01941153732693178,0.06774404585379545,-0.2865423386259742,-0.10233292022803664,-0.020838449211878496,0.40816326530612246,-0.01941153732693178,0.06774404585379545,-0.2865423386259742,-0.10233292022803664,-0.020838449211878496,0.40816326530612246,-0.04965153732693178,0.06774404585379545,-0.7329284323243589,-0.11096991310012638,-0.049228398707942045,0.3877551020408163,-0.0698115373269318,0.06774404585379545,-1.0305191614566154,-0.11668455965077118,-0.06770539858235713,0.3877551020408163,-0.12021153732693178,0.06774404585379545,-1.7744959842872563,-0.13082087519848518,-0.11237271824486827,0.30612244897959184
information_divergence__csz,fold_2024,2024,0,1,train_rank_ic,2015-01-05,2023-12-21,62372,7076,cs_rank_centered,-0.014799554591940756,-0.01665664386991883,0.46120689655172414,-0.08773945969793995,232,7076,236,48,-0.6040101248200365,0.6227262915241708,0.2033898305084746,-0.00010010642170235617,0.04950690478094132,-0.0020220698939937398,-0.033956319291765125,-0.001233026954285621,0.5208333333333334,-0.00010010642170235617,0.04950690478094132,-0.0020220698939937398,-0.033956319291765125,-0.001233026954285621,0.5208333333333334,-0.030340106421702335,0.04950690478094132,-0.6128459566590068,-0.04779186565934812,-0.029597022750009305,0.3958333333333333,-0.050500106421702336,0.04950690478094132,-1.0200618811690156,-0.05690984860181647,-0.04806657208870646,0.3958333333333333,-0.10090010642170236,0.04950690478094132,-2.0381016924440383,-0.08769277203533798,-0.09274767121970018,0.3333333333333333
information_divergence__missing,fold_2019,2019,0,1,train_rank_ic,2015-01-05,2018-12-20,26220,7092,cs_rank_centered,0.05307598542607093,0.04946850173804371,0.5726141078838174,0.21886461597319667,241,7092,244,49,-0.2675241352621174,0.5520354862765933,0.20081967213114754,0.060632314036926545,0.06643852215261317,0.912607807525438,-0.05813324640438988,0.05845718621511775,0.5714285714285714,0.060632314036926545,0.06643852215261317,0.912607807525438,-0.05813324640438988,0.05845718621511775,0.5714285714285714,0.030392314036926566,0.06643852215261317,0.4574501817953392,-0.0654874474820204,0.027816208342362314,0.5510204081632653,0.010232314036926557,0.06643852215261317,0.15401176464193972,-0.07036076162744564,0.00787341101655148,0.5102040816326531,-0.04016768596307342,0.06643852215261317,-0.6045842782415585,-0.09418091684159591,-0.04033997804983558,0.4897959183673469
information_divergence__missing,fold_2020,2020,0,1,train_rank_ic,2015-01-05,2019-12-23,33306,7268,cs_rank_centered,-0.017996704515636106,-0.017661959584674734,0.5062761506276151,-0.087378449803005,239,7268,243,49,-0.3673021881142027,0.5699911569732514,0.20164609053497942,-0.032929624345977127,0.09206076656451456,-0.35769444004032525,-0.10221069485619727,-0.03540082442400805,0.5510204081632653,-0.032929624345977127,0.09206076656451456,-0.35769444004032525,-0.10221069485619727,-0.03540082442400805,0.5510204081632653,-0.06316962434597712,0.09206076656451455,-0.6861731300239496,-0.11820671254038384,-0.06337800386543124,0.5102040816326531,-0.08332962434597711,0.09206076656451456,-0.9051589233463659,-0.12877173636473627,-0.08158621138497113,0.4897959183673469,-0.13372962434597713,0.09206076656451456,-1.4526234066524069,-0.15465173786250164,-0.12560323352342018,0.4489795918367347
information_divergence__missing,fold_2021,2021,0,1,train_rank_ic,2015-01-05,2020-12-23,40574,7287,cs_rank_centered,0.01608080430308477,0.02510657890692565,0.5352697095435685,0.11846507358002892,241,7287,243,49,-0.23917376164566728,0.5459776875074784,0.20164609053497942,0.05708543529334323,0.09363030503146046,0.6096897289201624,-0.10920389992656421,0.052634308245352646,0.5510204081632653,0.05708543529334323,0.09363030503146046,0.6096897289201624,-0.10920389992656421,0.052634308245352646,0.5510204081632653,0.026845435293343236,0.09363030503146046,0.28671737515244644,-0.11193553459478667,0.022157239833094478,0.5102040816326531,0.006685435293343248,0.09363030503146046,0.0714024726406359,-0.1137528984510141,0.0023211966711524923,0.5102040816326531,-0.04371456470665674,0.09363030503146046,-0.46688478363889063,-0.11828329404875282,-0.045633859093322404,0.4489795918367347
information_divergence__missing,fold_2022,2022,0,1,train_rank_ic,2015-01-05,2021-12-23,47861,7252,cs_rank_centered,0.04896002524571148,0.04244004958898603,0.5541666666666667,0.20417168815708248,240,7252,242,49,-0.18403531539790863,0.5363514464499686,0.2024793388429752,0.06478441318726276,0.08765254960735212,0.7391047205982104,-0.03892631317088702,0.06109000955666155,0.5102040816326531,0.06478441318726276,0.08765254960735212,0.7391047205982104,-0.03892631317088702,0.06109000955666155,0.5102040816326531,0.03454441318726279,0.08765254960735212,0.394106199329144,-0.04601306978109454,0.030373396162682864,0.4897959183673469,0.014384413187262768,0.08765254960735211,0.16410718514976586,-0.056420517224767486,0.01038136132094225,0.46938775510204084,-0.03601558681273723,0.08765254960735212,-0.41089035029867876,-0.08345954443213943,-0.03795109667752883,0.4489795918367347
information_divergence__missing,fold_2023,2023,0,1,train_rank_ic,2015-01-05,2022-12-22,55113,7259,cs_rank_centered,0.0606679356829335,0.055803535773149046,0.5791666666666667,0.27192083456512606,240,7259,242,49,-0.16852469463126618,0.534784744875904,0.2024793388429752,0.018217018974515265,0.047441885284736474,0.3839859833811505,-0.05753550883149927,0.016777304297042495,0.5102040816326531,0.018217018974515265,0.047441885284736474,0.3839859833811505,-0.05753550883149927,0.016777304297042495,0.5102040816326531,-0.012022981025484715,0.047441885284736474,-0.25342544785742066,-0.06479868426420432,-0.012680277137228635,0.42857142857142855,-0.03218298102548474,0.047441885284736474,-0.678366402016469,-0.06967514957831511,-0.031852487729332024,0.42857142857142855,-0.08258298102548474,0.047441885284736474,-1.7407187874140881,-0.09504235169640707,-0.07820167725022487,0.40816326530612246
information_divergence__missing,fold_2024,2024,0,1,train_rank_ic,2015-01-05,2023-12-21,62372,7076,cs_rank_centered,-0.06905674287472624,-0.07697076550598787,0.3706896551724138,-0.2903774400372644,232,7076,236,48,-0.676081129382323,0.640287136125424,0.2033898305084746,-0.10633881144371886,0.04851627955020885,-2.191817106125589,-0.10774307305626396,-0.09740804074161058,0.4166666666666667,-0.10633881144371886,0.04851627955020885,-2.191817106125589,-0.10774307305626396,-0.09740804074161058,0.4166666666666667,-0.13657881144371883,0.04851627955020885,-2.815113044733269,-0.13157878526556044,-0.12309410978793733,0.4166666666666667,-0.15673881144371885,0.04851627955020887,-3.230643670471721,-0.14712217663210903,-0.13981906369256403,0.4166666666666667,-0.20713881144371885,0.04851627955020885,-4.269470234817854,-0.1848002610667009,-0.18027687502707967,0.3125
warehouse_surprise__csz,fold_2019,2019,1,1,catalog,2015-01-05,2018-12-20,26220,7092,cs_rank_centered,-0.022447920731050487,-0.02606050861604038,0.44398340248962653,-0.1472289528605424,241,7092,244,49,-1.0394298077962314,0.7045636708588651,0.20081967213114754,-0.037641746881247294,0.05248728318923534,-0.7171593687853,-0.08320725739093016,-0.03721180064533336,0.42857142857142855,-0.037641746881247294,0.05248728318923534,-0.7171593687853,-0.08320725739093016,-0.03721180064533336,0.42857142857142855,-0.06788174688124729,0.05248728318923534,-1.293298924170059,-0.09038025641538139,-0.06513600161033828,0.42857142857142855,-0.0880417468812473,0.05248728318923534,-1.6773919610932322,-0.09835905752279306,-0.08330973571244438,0.40816326530612246,-0.13844174688124727,0.05248728318923534,-2.6376245534011638,-0.12799495069068922,-0.12724344192211479,0.3673469387755102
warehouse_surprise__csz,fold_2020,2020,1,1,catalog,2015-01-05,2019-12-23,33306,7268,cs_rank_centered,0.015830354445864815,0.019088393531299416,0.49583333333333335,0.0859989191592494,240,7268,243,49,-0.9497056039238754,0.6783537044015665,0.20164609053497942,0.03138009029081454,0.08010077551717072,0.3917576339081484,-0.04211271662578797,0.027826241972348065,0.5306122448979592,0.03138009029081454,0.08010077551717072,0.3917576339081484,-0.04211271662578797,0.027826241972348065,0.5306122448979592,0.0011400902908145405,0.08010077551717072,0.014233199160102343,-0.05057222647565662,-0.0019461607588021623,0.5102040816326531,-0.01901990970918549,0.08010077551717072,-0.23744975733859536,-0.05857513168131623,-0.021323354738906453,0.46938775510204084,-0.06941990970918549,0.08010077551717072,-0.8666571485853388,-0.08096514410760147,-0.06816838064750386,0.42857142857142855
warehouse_surprise__csz,fold_2021,2021,1,1,catalog,2015-01-05,2020-12-23,40574,7287,cs_rank_centered,-0.01498218707025875,-0.0003668198149298825,0.49583333333333335,-0.0017674731883488759,240,7287,243,49,-0.9884053559776416,0.6901195934997272,0.20164609053497942,-0.007598760996050194,0.07072166661480832,-0.10744601138202108,-0.059330190000776106,-0.00972539789052529,0.5714285714285714,-0.007598760996050194,0.07072166661480832,-0.10744601138202108,-0.059330190000776106,-0.00972539789052529,0.5714285714285714,-0.037838760996050186,0.07072166661480832,-0.5350377445449961,-0.07448553882643094,-0.03843116403424063,0.5510204081632653,-0.05799876099605022,0.07072166661480833,-0.8200988999869798,-0.08942880936010345,-0.05711380826086343,0.5510204081632653,-0.1083987609960502,0.07072166661480833,-1.5327517885919377,-0.12610911153828408,-0.10227860653983689,0.42857142857142855
warehouse_surprise__csz,fold_2022,2022,1,1,catalog,2015-01-05,2021-12-23,47861,7252,cs_rank_centered,0.01983296079110106,0.020259355892789568,0.5062761506276151,0.09780342625849207,239,7252,242,49,-0.9474180909493868,0.6845463388390903,0.2024793388429752,0.06409559865057725,0.08180890910327934,0.7834794443922973,-0.0537711206463205,0.06088794286121768,0.4897959183673469,0.06409559865057725,0.08180890910327934,0.7834794443922973,-0.0537711206463205,0.06088794286121768,0.4897959183673469,0.033855598650577266,0.08180890910327934,0.4138375517003459,-0.06901247284705814,0.030177361908530154,0.4897959183673469,0.013695598650577257,0.08180890910327934,0.16740962323904482,-0.07904173980644713,0.010189250601733146,0.46938775510204084,-0.03670440134942275,0.08180890910327934,-0.44866019791420786,-0.10366181765563454,-0.0381337310429789,0.46938775510204084
warehouse_surprise__csz,fold_2023,2023,1,1,catalog,2015-01-05,2022-12-22,55113,7259,cs_rank_centered,0.014842633385379625,0.014362293403081835,0.5606694560669456,0.07139445859122202,239,7259,242,49,-0.9593127259285852,0.6911915699009961,0.2024793388429752,0.014118343675672882,0.05212372575036557,0.27086213566715084,-0.036917064002560895,0.012510081207186108,0.5102040816326531,0.014118343675672882,0.05212372575036557,0.27086213566715084,-0.036917064002560895,0.012510081207186108,0.5102040816326531,-0.016121656324327115,0.05212372575036557,-0.3092959317900265,-0.05185084279317986,-0.01682648525195307,0.46938775510204084,-0.036281656324327116,0.05212372575036557,-0.696067976761478,-0.06651881456666309,-0.03591989287710262,0.42857142857142855,-0.08668165632432712,0.05212372575036557,-1.662998089190107,-0.1032017648455823,-0.0820784352069418,0.3673469387755102
warehouse_surprise__csz,fold_2024,2024,1,1,catalog,2015-01-05,2023-12-21,62372,7076,cs_rank_centered,-0.019167151289007058,-0.014693378730708232,0.4334763948497854,-0.07504483578343597,233,7076,236,48,-1.016190086839806,0.6962939138432793,0.2033898305084746,-0.03448871724069846,0.056176456980704025,-0.613935429437014,-0.06929177138934306,-0.033745363335158096,0.4375,-0.03448871724069846,0.056176456980704025,-0.613935429437014,-0.06929177138934306,-0.033745363335158096,0.4375,-0.06472871724069845,0.056176456980704025,-1.1522392247508957,-0.07767310946505013,-0.061204888677796165,0.4375,-0.08488871724069845,0.056176456980704025,-1.5111084216268171,-0.08322147461216989,-0.07908518806216203,0.4375,-0.13528871724069844,0.056176456980704025,-2.40828141381662,-0.12133382938021553,-0.12233979883624602,0.3541666666666667
warehouse_surprise__missing,fold_2019,2019,1,1,catalog,2015-01-05,2018-12-20,26220,7092,cs_rank_centered,0.019157970244772768,0.018071914430476267,0.5172413793103449,0.08176414490887007,145,7092,244,49,-0.0801384672027956,0.5293593965020731,0.20081967213114754,-0.003193786097628151,0.05663518947242479,-0.05639225589919108,-0.04517614656177449,-0.004617089318426193,0.4489795918367347,-0.003193786097628151,0.05663518947242479,-0.05639225589919108,-0.04517614656177449,-0.004617089318426193,0.4489795918367347,-0.03343378609762815,0.05663518947242479,-0.5903359096892717,-0.058875850026160914,-0.033467442393435465,0.40816326530612246,-0.053593786097628146,0.05663518947242479,-0.9462983455493252,-0.06901014833297148,-0.052244243632751375,0.3877551020408163,-0.10399378609762816,0.05663518947242479,-1.8362044351994602,-0.10325683872490632,-0.09763684972632136,0.32653061224489793
warehouse_surprise__missing,fold_2020,2020,1,1,catalog,2015-01-05,2019-12-23,33306,7268,cs_rank_centered,0.01079779080402972,0.014196064126368955,0.5289855072463768,0.0795328658662448,138,7268,243,49,-0.06745847978964936,0.5291796213105021,0.20164609053497942,-0.05434821719701303,0.07063127164416852,-0.7694639489263698,-0.10079546436780729,-0.05375897817105457,0.5510204081632653,-0.05434821719701303,0.07063127164416852,-0.7694639489263698,-0.10079546436780729,-0.05375897817105457,0.5510204081632653,-0.08458821719701304,0.07063127164416852,-1.1976029204621697,-0.11139438519225153,-0.08121342853665503,0.5306122448979592,-0.10474821719701306,0.07063127164416852,-1.4830289014860365,-0.12028023427823753,-0.09908127631162,0.4897959183673469,-0.15514821719701305,0.07063127164416852,-2.196593854045702,-0.14916084647552408,-0.1422749804137169,0.3877551020408163
warehouse_surprise__missing,fold_2021,2021,1,1,catalog,2015-01-05,2020-12-23,40574,7287,cs_rank_centered,-0.03649418240128129,-0.04837705675212938,0.35294117647058826,-0.29965977171335184,51,7287,243,49,-0.027008844994409476,0.521973471889004,0.20164609053497942,0.039884386486266486,0.05437925584368675,0.7334485525310279,-0.03185982834243484,0.03806534412361118,0.5510204081632653,0.039884386486266486,0.05437925584368675,0.7334485525310279,-0.03185982834243484,0.03806534412361118,0.5510204081632653,0.009644386486266482,0.05437925584368675,0.17735414611022418,-0.038293335054249145,0.008003348501799179,0.4489795918367347,-0.01051561351373352,0.05437925584368675,-0.19337545817031163,-0.04569676584974891,-0.011562435752949907,0.42857142857142855,-0.060915613513733514,0.05437925584368674,-1.1201994688716512,-0.07442403352201388,-0.05886375702763136,0.40816326530612246
warehouse_surprise__missing,fold_2022,2022,1,1,catalog,2015-01-05,2021-12-23,47861,7252,cs_rank_centered,-0.01104665569151954,-0.018605234845505816,0.4594594594594595,-0.08642702560280989,148,7252,242,49,-0.08027847616087813,0.5286121171941016,0.2024793388429752,0.015439122589935716,0.0666708402405733,0.23157234158480072,-0.04795457273351822,0.012976067361549104,0.4489795918367347,0.015439122589935716,0.0666708402405733,0.23157234158480072,-0.04795457273351822,0.012976067361549104,0.4489795918367347,-0.014800877410064275,0.0666708402405733,-0.22199926319598162,-0.05990696543534191,-0.016374216255511276,0.4489795918367347,-0.034960877410064276,0.0666708402405733,-0.5243803330498366,-0.07039212007418727,-0.03547654844810422,0.4489795918367347,-0.08536087741006428,0.0666708402405733,-1.2803330076844741,-0.10379153599456548,-0.08165665553363877,0.42857142857142855
warehouse_surprise__missing,fold_2023,2023,1,1,catalog,2015-01-05,2022-12-22,55113,7259,cs_rank_centered,0.0620103061510925,0.03788423899500619,0.589041095890411,0.19809484718534537,73,7259,242,49,-0.023959044998110857,0.5209717578382399,0.2024793388429752,-0.019706718512960623,0.04657474669353214,-0.42312025103718504,-0.051478747316662576,-0.019994643628969855,0.4489795918367347,-0.019706718512960623,0.04657474669353214,-0.42312025103718504,-0.051478747316662576,-0.019994643628969855,0.4489795918367347,-0.04994671851296062,0.04657474669353214,-1.0723991445754175,-0.05944543092281562,-0.04840791207247952,0.42857142857142855,-0.07010671851296063,0.046574746693532135,-1.505251740267573,-0.07066397675974256,-0.0669001063900716,0.42857142857142855,-0.12050671851296064,0.04657474669353214,-2.5873832294979606,-0.11059920355787989,-0.1116042179147313,0.32653061224489793
warehouse_surprise__missing,fold_2024,2024,1,1,catalog,2015-01-05,2023-12-21,62372,7076,cs_rank_centered,0.05142631609164289,0.06803927581512885,0.6507936507936508,0.3693717935841972,63,7076,236,48,-0.015879866447208846,0.519182717541424,0.2033898305084746,-0.0120412353968617,0.03868226189553262,-0.3112857109902442,-0.03032545614172122,-0.012093408746511658,0.4791666666666667,-0.0120412353968617,0.03868226189553262,-0.3112857109902442,-0.03032545614172122,-0.012093408746511658,0.4791666666666667,-0.04228123539686169,0.03868226189553262,-1.093039375800946,-0.05277693882805867,-0.040155030159485405,0.4583333333333333,-0.06244123539686171,0.03868226189553262,-1.6142084856747478,-0.06746234249472949,-0.05842759053512281,0.4375,-0.1128412353968617,0.038682261895532616,-2.9171312603592514,-0.10804145897732309,-0.1026318207225595,0.4375
momentum_quality_60__csz,fold_2019,2019,1,1,catalog,2015-01-05,2018-12-20,26220,7092,cs_rank_centered,0.0020667406631757735,-0.013771058338111737,0.47540983606557374,-0.05575351585137183,244,7092,244,49,-1.026729750579626,0.6903293338737841,0.20081967213114754,0.03787845618810262,0.07546419990655083,0.501939412794523,-0.04132802045190176,0.03467737546356342,0.5714285714285714,0.03787845618810262,0.07546419990655083,0.501939412794523,-0.04132802045190176,0.03467737546356342,0.5714285714285714,0.007638456188102621,0.07546419990655083,0.101219600785028,-0.04422499133434332,0.0047107158995549625,0.5510204081632653,-0.012521543811897407,0.07546419990655082,-0.16592694055463578,-0.04615241140119808,-0.014792975508561512,0.5306122448979592,-0.06292154381189737,0.07546419990655083,-0.8337932939037935,-0.05517763622333838,-0.06194403721923414,0.5102040816326531
momentum_quality_60__csz,fold_2020,2020,1,1,catalog,2015-01-05,2019-12-23,33306,7268,cs_rank_centered,0.033123039598555615,0.034605085838860516,0.5596707818930041,0.11863890681095292,243,7268,243,49,-0.9308922035274649,0.6674643816327722,0.20164609053497942,0.033718055530482224,0.12125189394115547,0.2780827122324858,-0.07158057014321628,0.025985068408842293,0.5510204081632653,0.033718055530482224,0.12125189394115547,0.2780827122324858,-0.07158057014321628,0.025985068408842293,0.5510204081632653,0.003478055530482209,0.12125189394115547,0.028684546009402026,-0.07607130509099036,-0.003737583270112421,0.5306122448979592,-0.016681944469517807,0.12125189394115547,-0.13758089813932053,-0.0790545602045456,-0.023082341884169688,0.5306122448979592,-0.06708194446951778,0.12125189394115547,-0.5532445085111264,-0.08647585851173623,-0.06984876818221541,0.5102040816326531
momentum_quality_60__csz,fold_2021,2021,1,1,catalog,2015-01-05,2020-12-23,40574,7287,cs_rank_centered,-0.04150898873692829,-0.04173582227641492,0.45267489711934156,-0.14056133566505316,243,7287,243,49,-1.083131164805061,0.7014259146965951,0.20164609053497942,-0.09450351061305233,0.13408260169374106,-0.7048156093279606,-0.1409294999281796,-0.09570994216768258,0.42857142857142855,-0.09450351061305233,0.13408260169374106,-0.7048156093279606,-0.1409294999281796,-0.09570994216768258,0.42857142857142855,-0.12474351061305232,0.13408260169374106,-0.9303482259240449,-0.15329363727400247,-0.12197448666860478,0.42857142857142855,-0.14490351061305234,0.13408260169374106,-1.0807033036547682,-0.16238471981666713,-0.13906749035538213,0.42857142857142855,-0.19530351061305232,0.13408260169374106,-1.4565909979815752,-0.18894919052813175,-0.18038663273354438,0.42857142857142855
momentum_quality_60__csz,fold_2022,2022,1,1,catalog,2015-01-05,2021-12-23,47861,7252,cs_rank_centered,0.011958893861923052,0.0055422309018410085,0.5371900826446281,0.02429796051095801,242,7252,242,49,-0.9885431898802113,0.6849627349275484,0.2024793388429752,-0.06803321336619107,0.10774821742290758,-0.6314091777422484,-0.11168809061157037,-0.06924499382033178,0.5102040816326531,-0.06803321336619107,0.10774821742290758,-0.6314091777422484,-0.11168809061157037,-0.06924499382033178,0.5102040816326531,-0.09827321336619105,0.10774821742290758,-0.9120634727577209,-0.12498139840210665,-0.09626083387923512,0.4897959183673469,-0.11843321336619105,0.10774821742290758,-1.0991663361013693,-0.1337372817524759,-0.11384305700724018,0.46938775510204084,-0.16883321336619103,0.10774821742290756,-1.5669234944604906,-0.16183539832715454,-0.15634572271887226,0.42857142857142855
momentum_quality_60__csz,fold_2023,2023,1,1,catalog,2015-01-05,2022-12-22,55113,7259,cs_rank_centered,-0.010521619400748632,-0.01993713400859008,0.47107438016528924,-0.08333337013754312,242,7259,242,49,-1.0392385135296558,0.6901878897404072,0.2024793388429752,0.033395156109217936,0.07689513852678248,0.4342947649100918,-0.054977254115915364,0.030089285375628494,0.4897959183673469,0.033395156109217936,0.07689513852678248,0.4342947649100918,-0.054977254115915364,0.030089285375628494,0.4897959183673469,0.0031551561092179516,0.07689513852678248,0.04103193218280002,-0.058971638984030905,0.0002527967775851625,0.4897959183673469,-0.01700484389078207,0.07689513852678248,-0.22114328963539484,-0.06162651522825291,-0.019166130303356677,0.46938775510204084,-0.06740484389078208,0.07689513852678248,-0.8765813441808816,-0.07880567689918982,-0.06611212550244083,0.42857142857142855
momentum_quality_60__csz,fold_2024,2024,1,1,catalog,2015-01-05,2023-12-21,62372,7076,cs_rank_centered,-0.011371442513920265,-0.006615285965467075,0.4703389830508475,-0.023008028208560998,236,7076,236,48,-1.0125175709950525,0.6859060577116755,0.2033898305084746,-0.018884088170866245,0.0911527314463801,-0.2071697454505208,-0.09251831975354219,-0.021633435827906333,0.4166666666666667,-0.018884088170866245,0.0911527314463801,-0.2071697454505208,-0.09251831975354219,-0.021633435827906333,0.4166666666666667,-0.0491240881708663,0.09115273144638011,-0.5389206378282055,-0.10554955604581895,-0.04943143458504018,0.4166666666666667,-0.06928408817086627,0.0911527314463801,-0.7600878994133283,-0.11413721419446299,-0.06753222141364423,0.3958333333333333,-0.11968408817086626,0.0911527314463801,-1.3130060533761352,-0.13526205406725167,-0.11132052163665529,0.375
momentum_quality_60__missing,fold_2019,2019,1,1,catalog,2015-01-05,2018-12-20,26220,7092,cs_rank_centered,-0.06696831714953982,-0.0834315026509712,0.3888888888888889,-0.44328923602499337,18,7092,244,49,-0.011296894770414623,0.5189824089020854,0.20081967213114754,-0.03241810817535633,0.048797221133034994,-0.664343325759789,-0.07097341777373356,-0.032135144787394876,0.40816326530612246,-0.03241810817535633,0.048797221133034994,-0.664343325759789,-0.07097341777373356,-0.032135144787394876,0.40816326530612246,-0.06265810817535632,0.048797221133034994,-1.284050745523657,-0.0843003761167378,-0.060203517858708255,0.3673469387755102,-0.08281810817535634,0.048797221133034994,-1.6971890253662358,-0.0980079495837648,-0.07847113132312222,0.3469387755102041,-0.13321810817535634,0.048797221133034994,-2.730034724972682,-0.13609156441003734,-0.12263194827756674,0.32653061224489793
momentum_quality_60__missing,fold_2020,2020,1,1,catalog,2015-01-05,2019-12-23,33306,7268,cs_rank_centered,0.02497382477201383,0.026619606259202414,0.5238095238095238,0.19393120346713125,42,7268,243,49,-0.013855053570498432,0.5205219820770748,0.20164609053497942,-0.04163335190944628,0.06929186206660608,-0.600840425812582,-0.09010850921203528,-0.04188920104542215,0.5918367346938775,-0.04163335190944628,0.06929186206660608,-0.600840425812582,-0.09010850921203528,-0.04188920104542215,0.5918367346938775,-0.07187335190944627,0.06929186206660608,-1.037255310592733,-0.1047861338403715,-0.06968102085428562,0.5510204081632653,-0.09203335190944631,0.06929186206660608,-1.3281985671128338,-0.11444426441739441,-0.08776854636012443,0.5510204081632653,-0.1424333519094463,0.06929186206660608,-2.0555567084130857,-0.1385057925121035,-0.13149367500397335,0.3673469387755102
momentum_quality_60__missing,fold_2021,2021,1,1,catalog,2015-01-05,2020-12-23,40574,7287,cs_rank_centered,,,,,0,7287,243,49,,,0.20164609053497942,0.09956031512754779,0.06364895006663829,1.5642098577166086,-0.03185982834243506,0.09942441508669186,0.6122448979591837,0.09956031512754779,0.06364895006663829,1.5642098577166086,-0.03185982834243506,0.09942441508669186,0.6122448979591837,0.0693203151275478,0.06364895006663829,1.0891038273996947,-0.0342001480954961,0.06762191977827103,0.5510204081632653,0.04916031512754779,0.06364895006663829,0.7723664738550851,-0.03702124342559965,0.04692275701568094,0.5102040816326531,-0.0012396848724521995,0.06364895006663829,-0.01947691000643831,-0.04591235930672988,-0.0031205136219883967,0.4897959183673469
momentum_quality_60__missing,fold_2022,2022,1,1,catalog,2015-01-05,2021-12-23,47861,7252,cs_rank_centered,,,,,0,7252,242,49,,,0.2024793388429752,-0.013131117549257876,0.05669772568975125,-0.23159866448807973,-0.054758892501525436,-0.014198288690814187,0.40816326530612246,-0.013131117549257876,0.05669772568975125,-0.23159866448807973,-0.054758892501525436,-0.014198288690814187,0.40816326530612246,-0.043371117549257876,0.05669772568975125,-0.7649533913685307,-0.06911526227657949,-0.04277650683091827,0.3877551020408163,-0.06353111754925791,0.05669772568975125,-1.1205232092888318,-0.07994725398837654,-0.06137610480533018,0.3673469387755102,-0.1139311175492579,0.05669772568975125,-2.0094477540895834,-0.11168280578626011,-0.10634002694384381,0.3469387755102041
momentum_quality_60__missing,fold_2023,2023,1,1,catalog,2015-01-05,2022-12-22,55113,7259,cs_rank_centered,,,,,0,7259,242,49,,,0.2024793388429752,-0.021702896790836226,0.04739479057379983,-0.45791734762583247,-0.04807116574478476,-0.021932085120865086,0.4489795918367347,-0.021702896790836226,0.04739479057379983,-0.45791734762583247,-0.04807116574478476,-0.021932085120865086,0.4489795918367347,-0.0519428967908362,0.04739479057379983,-1.095962154531612,-0.0624381958588166,-0.05029033188977017,0.40816326530612246,-0.07210289679083624,0.04739479057379983,-1.5213253591354663,-0.07845368247406326,-0.06874669820110146,0.40816326530612246,-0.12250289679083622,0.04739479057379983,-2.5847333706450994,-0.11806160337365712,-0.11336413546975632,0.32653061224489793
momentum_quality_60__missing,fold_2024,2024,1,1,catalog,2015-01-05,2023-12-21,62372,7076,cs_rank_centered,,,,,0,7076,236,48,,,0.2033898305084746,-0.01768121837238859,0.048704968501364534,-0.36302699532375693,-0.0352231758928232,-0.017788303737489963,0.5,-0.01768121837238859,0.048704968501364534,-0.36302699532375693,-0.0352231758928232,-0.017788303737489963,0.5,-0.04792121837238859,0.048704968501364534,-0.9839082099200209,-0.05925971736561253,-0.04569170810283241,0.4583333333333333,-0.06808121837238859,0.048704968501364534,-1.3978290196508638,-0.07495824865156164,-0.06386118905228433,0.4375,-0.11848121837238858,0.048704968501364534,-2.432631043977971,-0.11450033542034599,-0.10781586811375465,0.4166666666666667
vol_managed_momentum__csz,fold_2019,2019,1,1,catalog,2015-01-05,2018-12-20,26220,7092,cs_rank_centered,0.002239926991827837,-0.012955783364028858,0.5,-0.06525799393924775,244,7092,244,49,-1.0256705638401864,0.7150009858185169,0.20081967213114754,0.018294783706047,0.043957680525100455,0.41619083371790794,-0.03973509213063575,0.017008981024968506,0.4897959183673469,0.018294783706047,0.043957680525100455,0.41619083371790794,-0.03973509213063575,0.017008981024968506,0.4897959183673469,-0.011945216293952987,0.043957680525100455,-0.27174355314612425,-0.051743903240100475,-0.012455086694550754,0.42857142857142855,-0.03210521629395299,0.043957680525100455,-0.730366477722146,-0.06756475219507951,-0.03163152235510491,0.40816326530612246,-0.08250521629395301,0.043957680525100455,-1.8769237891622002,-0.10599805814485741,-0.07799093794072476,0.3469387755102041
vol_managed_momentum__csz,fold_2020,2020,1,1,catalog,2015-01-05,2019-12-23,33306,7268,cs_rank_centered,0.04996826319419871,0.05898971959036383,0.6296296296296297,0.2963245297392491,243,7268,243,49,-0.8821877996481573,0.6691316178860539,0.20164609053497942,0.02821838407082148,0.06435974587468797,0.43844772360916806,-0.051887602487033724,0.02578603332167595,0.5306122448979592,0.02821838407082148,0.06435974587468797,0.43844772360916806,-0.051887602487033724,0.02578603332167595,0.5306122448979592,-0.0020216159291785,0.06435974587468797,-0.03141118569850633,-0.06379281632807576,-0.003927808195366089,0.5306122448979592,-0.02218161592917853,0.06435974587468797,-0.3446504585702899,-0.07165038239125221,-0.023266879007821983,0.5306122448979592,-0.07258161592917849,0.06435974587468797,-1.127748640749747,-0.09102044727056147,-0.0700197107876519,0.4489795918367347
vol_managed_momentum__csz,fold_2021,2021,1,1,catalog,2015-01-05,2020-12-23,40574,7287,cs_rank_centered,0.012091894932287182,0.002761394452410994,0.5061728395061729,0.012393781513277516,243,7287,243,49,-0.9941938686336906,0.7042164972915529,0.20164609053497942,-0.0041657235505938245,0.07246426530625223,-0.057486590569688766,-0.054552405287072725,-0.0065213626492913734,0.46938775510204084,-0.0041657235505938245,0.07246426530625223,-0.057486590569688766,-0.054552405287072725,-0.0065213626492913734,0.46938775510204084,-0.03440572355059379,0.07246426530625223,-0.474795727317272,-0.05967744094989502,-0.03531819138123615,0.4489795918367347,-0.05456572355059384,0.07246426530625223,-0.7530018184823285,-0.06447886329514796,-0.054060130972670706,0.4489795918367347,-0.10496572355059383,0.07246426530625223,-1.4485170463949681,-0.09292245824710288,-0.09936837146182809,0.3877551020408163
vol_managed_momentum__csz,fold_2022,2022,1,1,catalog,2015-01-05,2021-12-23,47861,7252,cs_rank_centered,-0.0104616305781983,-0.013147927374121586,0.47520661157024796,-0.04909448441007965,242,7252,242,49,-1.0261690317101109,0.704062612929608,0.2024793388429752,0.01450254726559354,0.09747704560320038,0.14877910153975157,-0.06946059224728862,0.009650239724571463,0.5306122448979592,0.01450254726559354,0.09747704560320038,0.14877910153975157,-0.06946059224728862,0.009650239724571463,0.5306122448979592,-0.015737452734406455,0.09747704560320038,-0.16144778123937892,-0.07894761297906194,-0.0196070002671741,0.4897959183673469,-0.035897452734406456,0.09747704560320038,-0.36826570309213263,-0.08633322026467882,-0.038648724116758904,0.46938775510204084,-0.08629745273440644,0.09747704560320038,-0.8853105077240166,-0.1080938854850696,-0.08468213514525469,0.40816326530612246
vol_managed_momentum__csz,fold_2023,2023,1,1,catalog,2015-01-05,2022-12-22,55113,7259,cs_rank_centered,-0.020200653711551535,-0.024155630665901193,0.4669421487603306,-0.11849244667095014,242,7259,242,49,-1.0483545697781493,0.7179590886665576,0.2024793388429752,-0.032796866651942556,0.05258143608602282,-0.6237347074029538,-0.08169852315917558,-0.03267748829781181,0.5510204081632653,-0.032796866651942556,0.05258143608602282,-0.6237347074029538,-0.08169852315917558,-0.03267748829781181,0.5510204081632653,-0.06303686665194255,0.05258143608602282,-1.1988426209739638,-0.08942936306788585,-0.060730563165253604,0.5102040816326531,-0.08319686665194256,0.05258143608602282,-1.5822478966879705,-0.09506125643495134,-0.0789882134100538,0.4897959183673469,-0.13359686665194256,0.05258143608602282,-2.540761085972987,-0.12477424380897617,-0.12312492213754977,0.3673469387755102
vol_managed_momentum__csz,fold_2024,2024,1,1,catalog,2015-01-05,2023-12-21,62372,7076,cs_rank_centered,-0.012111030610044746,-0.01541835202277531,0.5,-0.06656774621912911,236,7076,236,48,-1.0306379542813535,0.7167476339714697,0.2033898305084746,-0.012065722161589399,0.05024561200282664,-0.24013484323587553,-0.04846233857031057,-0.0125879833260788,0.4166666666666667,-0.012065722161589399,0.05024561200282664,-0.24013484323587553,-0.04846233857031057,-0.0125879833260788,0.4166666666666667,-0.04230572216158938,0.05024561200282664,-0.8419784429973591,-0.05927976278934155,-0.04063611872776718,0.4166666666666667,-0.062465722161589396,0.05024561200282664,-1.2432075095050152,-0.06896361272918683,-0.058899888997794414,0.375,-0.11286572216158938,0.05024561200282664,-2.246280175774155,-0.10016696370317768,-0.10308282560048376,0.3125
vol_managed_momentum__missing,fold_2019,2019,1,1,catalog,2015-01-05,2018-12-20,26220,7092,cs_rank_centered,-0.06696831714953982,-0.0834315026509712,0.3888888888888889,-0.44328923602499337,18,7092,244,49,-0.011296894770414623,0.5189824089020854,0.20081967213114754,-0.03241810817535633,0.048797221133034994,-0.664343325759789,-0.07097341777373356,-0.032135144787394876,0.40816326530612246,-0.03241810817535633,0.048797221133034994,-0.664343325759789,-0.07097341777373356,-0.032135144787394876,0.40816326530612246,-0.06265810817535632,0.048797221133034994,-1.284050745523657,-0.0843003761167378,-0.060203517858708255,0.3673469387755102,-0.08281810817535634,0.048797221133034994,-1.6971890253662358,-0.0980079495837648,-0.07847113132312222,0.3469387755102041,-0.13321810817535634,0.048797221133034994,-2.730034724972682,-0.13609156441003734,-0.12263194827756674,0.32653061224489793
vol_managed_momentum__missing,fold_2020,2020,1,1,catalog,2015-01-05,2019-12-23,33306,7268,cs_rank_centered,0.02497382477201383,0.026619606259202414,0.5238095238095238,0.19393120346713125,42,7268,243,49,-0.013855053570498432,0.5205219820770748,0.20164609053497942,-0.04163335190944628,0.06929186206660608,-0.600840425812582,-0.09010850921203528,-0.04188920104542215,0.5918367346938775,-0.04163335190944628,0.06929186206660608,-0.600840425812582,-0.09010850921203528,-0.04188920104542215,0.5918367346938775,-0.07187335190944627,0.06929186206660608,-1.037255310592733,-0.1047861338403715,-0.06968102085428562,0.5510204081632653,-0.09203335190944631,0.06929186206660608,-1.3281985671128338,-0.11444426441739441,-0.08776854636012443,0.5510204081632653,-0.1424333519094463,0.06929186206660608,-2.0555567084130857,-0.1385057925121035,-0.13149367500397335,0.3673469387755102
vol_managed_momentum__missing,fold_2021,2021,1,1,catalog,2015-01-05,2020-12-23,40574,7287,cs_rank_centered,,,,,0,7287,243,49,,,0.20164609053497942,0.09956031512754779,0.06364895006663829,1.5642098577166086,-0.03185982834243506,0.09942441508669186,0.6122448979591837,0.09956031512754779,0.06364895006663829,1.5642098577166086,-0.03185982834243506,0.09942441508669186,0.6122448979591837,0.0693203151275478,0.06364895006663829,1.0891038273996947,-0.0342001480954961,0.06762191977827103,0.5510204081632653,0.04916031512754779,0.06364895006663829,0.7723664738550851,-0.03702124342559965,0.04692275701568094,0.5102040816326531,-0.0012396848724521995,0.06364895006663829,-0.01947691000643831,-0.04591235930672988,-0.0031205136219883967,0.4897959183673469
vol_managed_momentum__missing,fold_2022,2022,1,1,catalog,2015-01-05,2021-12-23,47861,7252,cs_rank_centered,,,,,0,7252,242,49,,,0.2024793388429752,-0.013131117549257876,0.05669772568975125,-0.23159866448807973,-0.054758892501525436,-0.014198288690814187,0.40816326530612246,-0.013131117549257876,0.05669772568975125,-0.23159866448807973,-0.054758892501525436,-0.014198288690814187,0.40816326530612246,-0.043371117549257876,0.05669772568975125,-0.7649533913685307,-0.06911526227657949,-0.04277650683091827,0.3877551020408163,-0.06353111754925791,0.05669772568975125,-1.1205232092888318,-0.07994725398837654,-0.06137610480533018,0.3673469387755102,-0.1139311175492579,0.05669772568975125,-2.0094477540895834,-0.11168280578626011,-0.10634002694384381,0.3469387755102041
vol_managed_momentum__missing,fold_2023,2023,1,1,catalog,2015-01-05,2022-12-22,55113,7259,cs_rank_centered,,,,,0,7259,242,49,,,0.2024793388429752,-0.021702896790836226,0.04739479057379983,-0.45791734762583247,-0.04807116574478476,-0.021932085120865086,0.4489795918367347,-0.021702896790836226,0.04739479057379983,-0.45791734762583247,-0.04807116574478476,-0.021932085120865086,0.4489795918367347,-0.0519428967908362,0.04739479057379983,-1.095962154531612,-0.0624381958588166,-0.05029033188977017,0.40816326530612246,-0.07210289679083624,0.04739479057379983,-1.5213253591354663,-0.07845368247406326,-0.06874669820110146,0.40816326530612246,-0.12250289679083622,0.04739479057379983,-2.5847333706450994,-0.11806160337365712,-0.11336413546975632,0.32653061224489793
vol_managed_momentum__missing,fold_2024,2024,1,1,catalog,2015-01-05,2023-12-21,62372,7076,cs_rank_centered,,,,,0,7076,236,48,,,0.2033898305084746,-0.01768121837238859,0.048704968501364534,-0.36302699532375693,-0.0352231758928232,-0.017788303737489963,0.5,-0.01768121837238859,0.048704968501364534,-0.36302699532375693,-0.0352231758928232,-0.017788303737489963,0.5,-0.04792121837238859,0.048704968501364534,-0.9839082099200209,-0.05925971736561253,-0.04569170810283241,0.4583333333333333,-0.06808121837238859,0.048704968501364534,-1.3978290196508638,-0.07495824865156164,-0.06386118905228433,0.4375,-0.11848121837238858,0.048704968501364534,-2.432631043977971,-0.11450033542034599,-0.10781586811375465,0.4166666666666667
idiosyncratic_volatility_60__csz,fold_2019,2019,0,1,train_rank_ic,2015-01-05,2018-12-20,26220,7092,cs_rank_centered,0.05253812529121765,0.051490228231499374,0.5942622950819673,0.1869291103377094,244,7092,244,49,-0.8961018411009709,0.6654441307936261,0.20081967213114754,0.08839767029166615,0.07828165528472618,1.1292258699710167,-0.0684522264119235,0.08649902680398025,0.5918367346938775,0.08839767029166615,0.07828165528472618,1.1292258699710167,-0.0684522264119235,0.08649902680398025,0.5918367346938775,0.05815767029166613,0.07828165528472618,0.7429284687470514,-0.07905473997218382,0.05506230643233012,0.5510204081632653,0.037997670291666105,0.07828165528472618,0.4853968679310743,-0.08605946004184317,0.034601342395399914,0.5510204081632653,-0.01240232970833386,0.07828165528472618,-0.15843213410886736,-0.10335110189391505,-0.014865615829466772,0.46938775510204084
idiosyncratic_volatility_60__csz,fold_2020,2020,0,1,train_rank_ic,2015-01-05,2019-12-23,33306,7268,cs_rank_centered,0.04407002930881374,0.031185312384635504,0.5637860082304527,0.1458457725831468,243,7268,243,49,-0.9373618835571604,0.6713060154170454,0.20164609053497942,0.0750814835756551,0.09280254781630587,0.8090454986674721,-0.041140469370508304,0.0713222489748564,0.5714285714285714,0.0750814835756551,0.09280254781630587,0.8090454986674721,-0.041140469370508304,0.0713222489748564,0.5714285714285714,0.04484148357565509,0.09280254781630587,0.48319237597242154,-0.04346422288510121,0.040315191255341665,0.5714285714285714,0.024681483575655073,0.09280254781630587,0.26595696084238774,-0.04501104389827726,0.020134027982546154,0.5306122448979592,-0.025718516424344917,0.09280254781630587,-0.2771315769826962,-0.05337267882501562,-0.028655972459148638,0.4897959183673469
idiosyncratic_volatility_60__csz,fold_2021,2021,0,1,train_rank_ic,2015-01-05,2020-12-23,40574,7287,cs_rank_centered,0.035884014952856605,0.04214921281533841,0.6090534979423868,0.1551181324921027,243,7287,243,49,-0.9155438000085689,0.6599180266362731,0.20164609053497942,0.050879554271146134,0.1287836301801842,0.39507780763719236,-0.14203786397066487,0.04229457953804139,0.5918367346938775,0.050879554271146134,0.1287836301801842,0.39507780763719236,-0.14203786397066487,0.04229457953804139,0.5918367346938775,0.020639554271146138,0.1287836301801842,0.16026535548243867,-0.14468951551582443,0.012108468170637154,0.5714285714285714,0.00047955427114613515,0.1287836301801842,0.0037237207126028325,-0.14645363852153992,-0.007538073275432655,0.5510204081632653,-0.04992044572885387,0.1287836301801842,-0.38763036621198677,-0.15085121591827866,-0.05503455068853724,0.5510204081632653
idiosyncratic_volatility_60__csz,fold_2022,2022,0,1,train_rank_ic,2015-01-05,2021-12-23,47861,7252,cs_rank_centered,0.023527482716378764,0.0215828732810824,0.5371900826446281,0.0716961182654255,242,7252,242,49,-0.9567146257910473,0.676608321400721,0.2024793388429752,-0.010350928771497703,0.11757202041084346,-0.08803904819639433,-0.09916180529783714,-0.016518599185656235,0.5102040816326531,-0.010350928771497703,0.11757202041084346,-0.08803904819639433,-0.09916180529783714,-0.016518599185656235,0.5102040816326531,-0.04059092877149769,0.11757202041084346,-0.3452430997584019,-0.11214839448238056,-0.045033811839864324,0.5102040816326531,-0.06075092877149773,0.11757202041084346,-0.5167124674664074,-0.12243348357416683,-0.06359233806237863,0.5102040816326531,-0.11115092877149771,0.11757202041084346,-0.94538588673642,-0.14764543948687703,-0.1084567487700806,0.4897959183673469
idiosyncratic_volatility_60__csz,fold_2023,2023,0,1,train_rank_ic,2015-01-05,2022-12-22,55113,7259,cs_rank_centered,-0.003234042581427812,-0.02395360703067081,0.45867768595041325,-0.10106669251257747,242,7259,242,49,-1.0478674047150371,0.6967236866482036,0.2024793388429752,-0.03577145007501929,0.08145894554118194,-0.4391347056774124,-0.07138355102296812,-0.0372351385971148,0.4489795918367347,-0.03577145007501929,0.08145894554118194,-0.4391347056774124,-0.07138355102296812,-0.0372351385971148,0.4489795918367347,-0.06601145007501928,0.08145894554118194,-0.8103646522363452,-0.08065023052314713,-0.06515970900401313,0.3877551020408163,-0.08617145007501929,0.08145894554118194,-1.0578512832756342,-0.08927343552302158,-0.08333366758251537,0.3877551020408163,-0.1365714500750193,0.08145894554118194,-1.6765678608738557,-0.1197263403975054,-0.12726786261768264,0.3673469387755102
idiosyncratic_volatility_60__csz,fold_2024,2024,0,1,train_rank_ic,2015-01-05,2023-12-21,62372,7076,cs_rank_centered,-0.02346664107700361,-0.03380127881604362,0.4364406779661017,-0.12856842776354227,236,7076,236,48,-1.0675798535110737,0.6940670422278967,0.2033898305084746,-0.054333369055865215,0.09325298522171417,-0.5826448228620735,-0.10215687126266271,-0.054263479029559414,0.3333333333333333,-0.054333369055865215,0.09325298522171417,-0.5826448228620735,-0.10215687126266271,-0.054263479029559414,0.3333333333333333,-0.08457336905586521,0.09325298522171417,-0.9069239859162398,-0.11558647122604959,-0.08115314592204104,0.3333333333333333,-0.10473336905586522,0.09325298522171417,-1.1231100946190173,-0.12443217627752468,-0.09866217603726168,0.3333333333333333,-0.15513336905586522,0.09325298522171417,-1.663575366375961,-0.14973636480791708,-0.1410179494180045,0.3125
idiosyncratic_volatility_60__missing,fold_2019,2019,0,1,train_rank_ic,2015-01-05,2018-12-20,26220,7092,cs_rank_centered,-0.06696831714953982,-0.0834315026509712,0.3888888888888889,-0.44328923602499337,18,7092,244,49,-0.011296894770414623,0.5189824089020854,0.20081967213114754,-0.03241810817535633,0.048797221133034994,-0.664343325759789,-0.07097341777373356,-0.032135144787394876,0.40816326530612246,-0.03241810817535633,0.048797221133034994,-0.664343325759789,-0.07097341777373356,-0.032135144787394876,0.40816326530612246,-0.06265810817535632,0.048797221133034994,-1.284050745523657,-0.0843003761167378,-0.060203517858708255,0.3673469387755102,-0.08281810817535634,0.048797221133034994,-1.6971890253662358,-0.0980079495837648,-0.07847113132312222,0.3469387755102041,-0.13321810817535634,0.048797221133034994,-2.730034724972682,-0.13609156441003734,-0.12263194827756674,0.32653061224489793
idiosyncratic_volatility_60__missing,fold_2020,2020,0,1,train_rank_ic,2015-01-05,2019-12-23,33306,7268,cs_rank_centered,0.025861265533168483,0.029302682765216716,0.5365853658536586,0.21257121278058513,41,7268,243,49,-0.013247098357878295,0.5203792967390124,0.20164609053497942,-0.04163335190944628,0.06929186206660608,-0.600840425812582,-0.09010850921203528,-0.04188920104542215,0.5918367346938775,-0.04163335190944628,0.06929186206660608,-0.600840425812582,-0.09010850921203528,-0.04188920104542215,0.5918367346938775,-0.07187335190944627,0.06929186206660608,-1.037255310592733,-0.1047861338403715,-0.06968102085428562,0.5510204081632653,-0.09203335190944631,0.06929186206660608,-1.3281985671128338,-0.11444426441739441,-0.08776854636012443,0.5510204081632653,-0.1424333519094463,0.06929186206660608,-2.0555567084130857,-0.1385057925121035,-0.13149367500397335,0.3673469387755102
idiosyncratic_volatility_60__missing,fold_2021,2021,0,1,train_rank_ic,2015-01-05,2020-12-23,40574,7287,cs_rank_centered,,,,,0,7287,243,49,,,0.20164609053497942,0.09956031512754779,0.06364895006663829,1.5642098577166086,-0.03185982834243506,0.09942441508669186,0.6122448979591837,0.09956031512754779,0.06364895006663829,1.5642098577166086,-0.03185982834243506,0.09942441508669186,0.6122448979591837,0.0693203151275478,0.06364895006663829,1.0891038273996947,-0.0342001480954961,0.06762191977827103,0.5510204081632653,0.04916031512754779,0.06364895006663829,0.7723664738550851,-0.03702124342559965,0.04692275701568094,0.5102040816326531,-0.0012396848724521995,0.06364895006663829,-0.01947691000643831,-0.04591235930672988,-0.0031205136219883967,0.4897959183673469
idiosyncratic_volatility_60__missing,fold_2022,2022,0,1,train_rank_ic,2015-01-05,2021-12-23,47861,7252,cs_rank_centered,,,,,0,7252,242,49,,,0.2024793388429752,-0.013131117549257876,0.05669772568975125,-0.23159866448807973,-0.054758892501525436,-0.014198288690814187,0.40816326530612246,-0.013131117549257876,0.05669772568975125,-0.23159866448807973,-0.054758892501525436,-0.014198288690814187,0.40816326530612246,-0.043371117549257876,0.05669772568975125,-0.7649533913685307,-0.06911526227657949,-0.04277650683091827,0.3877551020408163,-0.06353111754925791,0.05669772568975125,-1.1205232092888318,-0.07994725398837654,-0.06137610480533018,0.3673469387755102,-0.1139311175492579,0.05669772568975125,-2.0094477540895834,-0.11168280578626011,-0.10634002694384381,0.3469387755102041
idiosyncratic_volatility_60__missing,fold_2023,2023,0,1,train_rank_ic,2015-01-05,2022-12-22,55113,7259,cs_rank_centered,,,,,0,7259,242,49,,,0.2024793388429752,-0.021702896790836226,0.04739479057379983,-0.45791734762583247,-0.04807116574478476,-0.021932085120865086,0.4489795918367347,-0.021702896790836226,0.04739479057379983,-0.45791734762583247,-0.04807116574478476,-0.021932085120865086,0.4489795918367347,-0.0519428967908362,0.04739479057379983,-1.095962154531612,-0.0624381958588166,-0.05029033188977017,0.40816326530612246,-0.07210289679083624,0.04739479057379983,-1.5213253591354663,-0.07845368247406326,-0.06874669820110146,0.40816326530612246,-0.12250289679083622,0.04739479057379983,-2.5847333706450994,-0.11806160337365712,-0.11336413546975632,0.32653061224489793
idiosyncratic_volatility_60__missing,fold_2024,2024,0,1,train_rank_ic,2015-01-05,2023-12-21,62372,7076,cs_rank_centered,,,,,0,7076,236,48,,,0.2033898305084746,-0.01768121837238859,0.048704968501364534,-0.36302699532375693,-0.0352231758928232,-0.017788303737489963,0.5,-0.01768121837238859,0.048704968501364534,-0.36302699532375693,-0.0352231758928232,-0.017788303737489963,0.5,-0.04792121837238859,0.048704968501364534,-0.9839082099200209,-0.05925971736561253,-0.04569170810283241,0.4583333333333333,-0.06808121837238859,0.048704968501364534,-1.3978290196508638,-0.07495824865156164,-0.06386118905228433,0.4375,-0.11848121837238858,0.048704968501364534,-2.432631043977971,-0.11450033542034599,-0.10781586811375465,0.4166666666666667
term_structure_slope__csz,fold_2019,2019,1,1,catalog,2015-01-05,2018-12-20,26220,7092,cs_rank_centered,0.02730445270263412,0.017354654336340213,0.5245901639344263,0.06340863757470418,244,7092,244,49,-0.9422189279607047,0.6681208261570788,0.20081967213114754,0.05987157708878124,0.07905484962549247,0.7573422424103217,-0.08121849058431252,0.05675623477141167,0.5102040816326531,0.05987157708878124,0.07905484962549247,0.7573422424103217,-0.08121849058431252,0.05675623477141167,0.5102040816326531,0.02963157708878126,0.07905484962549247,0.37482301502254833,-0.08949989497315636,0.026162973418599522,0.46938775510204084,0.00947157708878124,0.07905484962549247,0.11981019676403235,-0.09498207022041683,0.006251256410771955,0.46938775510204084,-0.04092842291121877,0.07905484962549247,-0.5177218488822573,-0.1085530226761594,-0.04188691306005021,0.4489795918367347
term_structure_slope__csz,fold_2020,2020,1,1,catalog,2015-01-05,2019-12-23,33306,7268,cs_rank_centered,0.07992562310719648,0.08789128669496246,0.6296296296296297,0.30485651220447635,243,7268,243,49,-0.8176710416086854,0.634994121635184,0.20164609053497942,0.18494571281809277,0.12482498506506882,1.481640175816438,-0.05434980553901403,0.18773927536337576,0.6326530612244898,0.18494571281809277,0.12482498506506882,1.481640175816438,-0.05434980553901403,0.18773927536337576,0.6326530612244898,0.15470571281809276,0.12482498506506882,1.2393809840029038,-0.054949805539014074,0.1534316407813232,0.6326530612244898,0.13454571281809277,0.12482498506506882,1.0778748561272147,-0.05534980553901414,0.1311011815808163,0.6326530612244898,0.08414571281809277,0.12482498506506882,0.6741095364379917,-0.05634980553901414,0.07711136350830783,0.5918367346938775
term_structure_slope__csz,fold_2021,2021,1,1,catalog,2015-01-05,2020-12-23,40574,7287,cs_rank_centered,-0.015198437104534319,-0.005361586617007075,0.51440329218107,-0.018551358369734424,243,7287,243,49,-1.010493799389192,0.6771881365087027,0.20164609053497942,-0.17469698185193533,0.13395342820034056,-1.3041620822922035,-0.1886155147015126,-0.16384199448452696,0.4897959183673469,-0.17469698185193533,0.13395342820034056,-1.3041620822922035,-0.1886155147015126,-0.16384199448452696,0.4897959183673469,-0.20493698185193532,0.13395342820034056,-1.5299121836988885,-0.20844140390454902,-0.18816613369074942,0.4897959183673469,-0.22509698185193533,0.13395342820034056,-1.6804122513033455,-0.2213952563261824,-0.20399570570316505,0.4897959183673469,-0.2754969818519353,0.1339534282003406,-2.0566624203144865,-0.2528817379564732,-0.24225867388212607,0.46938775510204084
term_structure_slope__csz,fold_2022,2022,1,1,catalog,2015-01-05,2021-12-23,47861,7252,cs_rank_centered,0.031555850198309025,0.026550758330707757,0.5743801652892562,0.10935214162669746,242,7252,242,49,-0.9465665010736233,0.6717511595238549,0.2024793388429752,0.06760998489521003,0.09832337808703746,0.6876287838214893,-0.07571070123697266,0.06300429811335473,0.5102040816326531,0.06760998489521003,0.09832337808703746,0.6876287838214893,-0.07571070123697266,0.06300429811335473,0.5102040816326531,0.037369984895210026,0.09832337808703746,0.38007222313018485,-0.07907733623541113,0.03223280285777452,0.5102040816326531,0.01720998489521001,0.09832337808703746,0.17503451600264844,-0.08131607767643179,0.012205039084773439,0.5102040816326531,-0.03319001510478997,0.09832337808703746,-0.3375597518161919,-0.09476393130829075,-0.03621382641152382,0.46938775510204084
term_structure_slope__csz,fold_2023,2023,1,1,catalog,2015-01-05,2022-12-22,55113,7259,cs_rank_centered,-0.011746354217572813,-0.01975588457782387,0.4834710743801653,-0.08812228564363224,242,7259,242,49,-1.0391176710003998,0.6840864101434808,0.2024793388429752,-0.043483904467330824,0.07731167684489024,-0.5624493768848426,-0.11725021255973944,-0.04415615396726358,0.4489795918367347,-0.043483904467330824,0.07731167684489024,-0.5624493768848426,-0.11725021255973944,-0.04415615396726358,0.4489795918367347,-0.07372390446733083,0.07731167684489024,-0.953593395927015,-0.12522792403264094,-0.07188385901454308,0.40816326530612246,-0.09388390446733086,0.07731167684489024,-1.2143560752884632,-0.13067474785099165,-0.0899296313176291,0.3877551020408163,-0.14428390446733083,0.07731167684489024,-1.866262773692083,-0.14631132832406235,-0.13355373770513346,0.3877551020408163
term_structure_slope__csz,fold_2024,2024,1,1,catalog,2015-01-05,2023-12-21,62372,7076,cs_rank_centered,0.004776390737937268,0.015279330269914002,0.5508474576271186,0.06057346004498499,236,7076,236,48,-0.9681455454647176,0.6727148485301347,0.2033898305084746,-0.02957672215475174,0.07927421294300344,-0.37309386062295957,-0.08712474586266694,-0.030639627037628236,0.4375,-0.02957672215475174,0.07927421294300344,-0.37309386062295957,-0.08712474586266694,-0.030639627037628236,0.4375,-0.059816722154751735,0.07927421294300344,-0.754554601478778,-0.10507724059200008,-0.05818643719916983,0.4375,-0.07997672215475175,0.07927421294300344,-1.0088617620493237,-0.1168548678392286,-0.07612358793428653,0.4375,-0.13037672215475174,0.07927421294300344,-1.6446296634756876,-0.14564516574751762,-0.11951578202542157,0.4375
term_structure_slope__missing,fold_2019,2019,1,1,catalog,2015-01-05,2018-12-20,26220,7092,cs_rank_centered,-0.04210667223212869,-0.04235003183626382,0.3868312757201646,-0.24210950943302678,243,7092,244,49,-0.4775418074909701,0.6065577074800678,0.20081967213114754,-0.0244532550444158,0.04692210305418065,-0.521145759732461,-0.07043487830513684,-0.024521879453033524,0.46938775510204084,-0.0244532550444158,0.04692210305418065,-0.521145759732461,-0.07043487830513684,-0.024521879453033524,0.46938775510204084,-0.05469325504441579,0.04692210305418065,-1.1656181518816802,-0.0865145378939518,-0.052806530763066184,0.4489795918367347,-0.07485325504441578,0.046922103054180646,-1.5952664133144931,-0.09708475563235386,-0.07121497527040388,0.3877551020408163,-0.12525325504441578,0.046922103054180646,-2.6693870668965256,-0.1362641049487634,-0.11571648374701837,0.32653061224489793
term_structure_slope__missing,fold_2020,2020,1,1,catalog,2015-01-05,2019-12-23,33306,7268,cs_rank_centered,0.010427980193896604,0.027754900490253948,0.5636363636363636,0.1321476231208226,110,7268,243,49,-0.16816123779961756,0.547477805200273,0.20164609053497942,-0.0013010944027528626,0.08047327551393316,-0.016168030870417235,-0.07719503494714652,-0.004338375347344714,0.5714285714285714,-0.0013010944027528626,0.08047327551393316,-0.016168030870417235,-0.07719503494714652,-0.004338375347344714,0.5714285714285714,-0.03154109440275285,0.08047327551393316,-0.3919449556553943,-0.08770314241287003,-0.03319755304515659,0.5510204081632653,-0.05170109440275285,0.08047327551393316,-0.6424629055120457,-0.09464546085944092,-0.05198008638863483,0.5102040816326531,-0.10210109440275286,0.08047327551393316,-1.2687577801536745,-0.11178295385860104,-0.09738651175739665,0.3673469387755102
term_structure_slope__missing,fold_2021,2021,1,1,catalog,2015-01-05,2020-12-23,40574,7287,cs_rank_centered,-0.003039609260547179,0.0006448476377416338,0.525,0.003206167635924529,120,7287,243,49,-0.04761315913970021,0.5241201518866515,0.20164609053497942,0.10437047007966994,0.06527596658054687,1.5989111390772386,-0.034598047915371244,0.10445560490888606,0.6122448979591837,0.10437047007966994,0.06527596658054687,1.5989111390772386,-0.034598047915371244,0.10445560490888606,0.6122448979591837,0.07413047007966998,0.06527596658054687,1.135647221526734,-0.03751122838377863,0.07251044248277405,0.5714285714285714,0.053970470079669965,0.06527596658054687,0.8268046098263969,-0.04070784357168766,0.05171837702568505,0.5510204081632653,0.003570470079669979,0.06527596658054687,0.054698080575554864,-0.05450241159137581,0.0014503471749727215,0.5510204081632653
term_structure_slope__missing,fold_2022,2022,1,1,catalog,2015-01-05,2021-12-23,47861,7252,cs_rank_centered,0.018303285816574574,0.016945774761692532,0.5555555555555556,0.05885585257042122,189,7252,242,49,-0.11374823740588202,0.5301218077432012,0.2024793388429752,0.03424707108838398,0.08398965741415221,0.4077534323007415,-0.06358336084213123,0.0303787716443229,0.4897959183673469,0.03424707108838398,0.08398965741415221,0.4077534323007415,-0.06358336084213123,0.0303787716443229,0.4897959183673469,0.0040070710883839825,0.08398965741415221,0.0477091014745441,-0.07534896584631445,0.0005337358564871941,0.46938775510204084,-0.01615292891161604,0.08398965741415221,-0.19232045240958778,-0.08311434045174848,-0.01889075176134336,0.4489795918367347,-0.066552928911616,0.08398965741415221,-0.7923943371199165,-0.10734502522496281,-0.06585018180576818,0.40816326530612246
term_structure_slope__missing,fold_2023,2023,1,1,catalog,2015-01-05,2022-12-22,55113,7259,cs_rank_centered,0.02200726791716765,0.01129833788809397,0.5132743362831859,0.041397321164431816,113,7259,242,49,-0.07208699457480794,0.5266660649562256,0.2024793388429752,-0.036552099595039765,0.05328308988897344,-0.6859981219408218,-0.07983590375587168,-0.0362283033807721,0.40816326530612246,-0.036552099595039765,0.05328308988897344,-0.6859981219408218,-0.07983590375587168,-0.0362283033807721,0.40816326530612246,-0.06679209959503976,0.05328308988897344,-1.2535327762375492,-0.08703332963721444,-0.06418047666628102,0.3673469387755102,-0.08695209959503979,0.05328308988897344,-1.631889212435368,-0.0990305860649946,-0.08237242461966987,0.3673469387755102,-0.13735209959503974,0.05328308988897344,-2.5777803029299133,-0.1361970392089885,-0.12635019114551815,0.2857142857142857
term_structure_slope__missing,fold_2024,2024,1,1,catalog,2015-01-05,2023-12-21,62372,7076,cs_rank_centered,-0.06813837867116807,-0.05901014492055264,0.36787564766839376,-0.2514623134627905,193,7076,236,48,-0.23978139793168873,0.5549346738602309,0.2033898305084746,-0.09518106398419726,0.07775080734666052,-1.2241810372440511,-0.10069542595915826,-0.08929021036988272,0.4166666666666667,-0.09518106398419726,0.07775080734666052,-1.2241810372440511,-0.10069542595915826,-0.08929021036988272,0.4166666666666667,-0.12542106398419725,0.07775080734666052,-1.6131159053435116,-0.12471613296434203,-0.11520341672545109,0.4166666666666667,-0.14558106398419723,0.07775080734666052,-1.872405817409819,-0.1403802088142716,-0.13207632748373488,0.3958333333333333,-0.19598106398419723,0.07775080734666052,-2.520630597575587,-0.17835100297018258,-0.17289225353025606,0.375
term_structure_momentum__csz,fold_2019,2019,1,1,catalog,2015-01-05,2018-12-20,26220,7092,cs_rank_centered,0.012785228110427899,0.017126014132095364,0.5409836065573771,0.0763726331258103,244,7092,244,49,-0.9095321642340932,0.6544281748372808,0.20081967213114754,-0.05226045889115416,0.07780225106171003,-0.6717088281893411,-0.11754533513418874,-0.05231459996285204,0.46938775510204084,-0.05226045889115416,0.07780225106171003,-0.6717088281893411,-0.11754533513418874,-0.05231459996285204,0.46938775510204084,-0.08250045889115415,0.07780225106171003,-1.0603865282216278,-0.12866415271620135,-0.07981039398123857,0.4489795918367347,-0.10266045889115416,0.07780225106171003,-1.3195049949098192,-0.136002434603126,-0.09770515809823621,0.42857142857142855,-0.15306045889115413,0.07780225106171003,-1.9673011616302971,-0.16077238287673112,-0.14096396051783222,0.3877551020408163
term_structure_momentum__csz,fold_2020,2020,1,1,catalog,2015-01-05,2019-12-23,33306,7268,cs_rank_centered,0.02673080941915254,0.025652760534494258,0.551440329218107,0.10442659273096605,243,7268,243,49,-0.9340988183284005,0.6612954751778218,0.20164609053497942,0.07730197145163686,0.10424055169282534,0.7415729310357957,-0.05959109909376681,0.0724002191316584,0.6122448979591837,0.07730197145163686,0.10424055169282534,0.7415729310357957,-0.05959109909376681,0.0724002191316584,0.6122448979591837,0.04706197145163687,0.10424055169282534,0.45147469662592016,-0.07133536131015239,0.041361820131405436,0.5510204081632653,0.02690197145163687,0.10424055169282534,0.25807587368600315,-0.08060590030323689,0.021160259876603416,0.5510204081632653,-0.023498028548363123,0.10424055169282534,-0.2254211836637895,-0.10370528323706585,-0.02767904650459241,0.4897959183673469
term_structure_momentum__csz,fold_2021,2021,1,1,catalog,2015-01-05,2020-12-23,40574,7287,cs_rank_centered,0.011090107672545918,0.016148668235332946,0.5720164609053497,0.05801546802690143,243,7287,243,49,-0.9673936071132472,0.6696211824688139,0.20164609053497942,-0.003444301000456536,0.11119560994869175,-0.030975152724516886,-0.09959693451614282,-0.009226344345405146,0.5306122448979592,-0.003444301000456536,0.11119560994869175,-0.030975152724516886,-0.09959693451614282,-0.009226344345405146,0.5306122448979592,-0.033684301000456565,0.11119560994869175,-0.30292833517437684,-0.10289135276841221,-0.03794834785012435,0.5306122448979592,-0.05384430100045655,0.11119560994869175,-0.48423045680761656,-0.10508204682082734,-0.05664153309290654,0.5102040816326531,-0.10424430100045655,0.11119560994869175,-0.937485760890716,-0.1257310025961894,-0.10183172366036175,0.46938775510204084
term_structure_momentum__csz,fold_2022,2022,1,1,catalog,2015-01-05,2021-12-23,47861,7252,cs_rank_centered,-0.024373589375537377,-0.021456677374525137,0.47520661157024796,-0.09089649285685453,242,7252,242,49,-1.042718043188772,0.6860332736476297,0.2024793388429752,-0.11801961500257253,0.0828852191492829,-1.4238921753951064,-0.12258214941816303,-0.11145526438343212,0.40816326530612246,-0.11801961500257253,0.0828852191492829,-1.4238921753951064,-0.12258214941816303,-0.11145526438343212,0.40816326530612246,-0.1482596150025725,0.0828852191492829,-1.7887340653047572,-0.14295020541348225,-0.1372688154045617,0.40816326530612246,-0.16841961500257252,0.0828852191492829,-2.0319619919111918,-0.1569621777290694,-0.15406820936342303,0.3673469387755102,-0.2188196150025725,0.0828852191492829,-2.640031808427277,-0.19663168324159574,-0.19467726011265296,0.30612244897959184
term_structure_momentum__csz,fold_2023,2023,1,1,catalog,2015-01-05,2022-12-22,55113,7259,cs_rank_centered,0.03116016488379722,0.023497012818394086,0.5661157024793388,0.11080276321649178,242,7259,242,49,-0.9528101831434883,0.6671778943346699,0.2024793388429752,0.009689423910702176,0.07623673054322541,0.127096530001485,-0.0489617897765291,0.006676053900896983,0.4897959183673469,0.009689423910702176,0.07623673054322541,0.127096530001485,-0.0489617897765291,0.006676053900896983,0.4897959183673469,-0.0205505760892978,0.07623673054322543,-0.26956266281180363,-0.05638205157705167,-0.02249573298738683,0.4897959183673469,-0.040710576089297824,0.07623673054322541,-0.53400212468733,-0.06552806112451337,-0.04148182843963688,0.46938775510204084,-0.0911105760892978,0.07623673054322541,-1.1951007793761446,-0.10314802310093496,-0.08738071644330081,0.40816326530612246
term_structure_momentum__csz,fold_2024,2024,1,1,catalog,2015-01-05,2023-12-21,62372,7076,cs_rank_centered,0.019600836377334827,0.01555759089398164,0.5338983050847458,0.07129521916663047,236,7076,236,48,-0.9667425931523903,0.67768695578095,0.2033898305084746,0.09495182137902078,0.071880538002291,1.3209670380596545,-0.0372274210286524,0.09193793871126821,0.5416666666666666,0.09495182137902078,0.071880538002291,1.3209670380596545,-0.0372274210286524,0.09193793871126821,0.5416666666666666,0.06471182137902076,0.071880538002291,0.9002690182557934,-0.04164958125888574,0.06098394412448993,0.5208333333333334,0.04455182137902078,0.071880538002291,0.6198036717198863,-0.044728426832996715,0.04082701677011902,0.4791666666666667,-0.00584817862097923,0.071880538002291,-0.08135969461988217,-0.05732878420470999,-0.00793907916436487,0.4583333333333333
term_structure_momentum__missing,fold_2019,2019,1,1,catalog,2015-01-05,2018-12-20,26220,7092,cs_rank_centered,-0.007403057368208458,-0.008975516273462282,0.47950819672131145,-0.04535062839565207,244,7092,244,49,-0.5784853513587,0.6227004599697483,0.20081967213114754,0.01974681294612789,0.049279137088529164,0.4007134481809831,-0.06254149632693329,0.018204674516989483,0.5306122448979592,0.01974681294612789,0.049279137088529164,0.4007134481809831,-0.06254149632693329,0.018204674516989483,0.5306122448979592,-0.010493187053872113,0.049279137088529164,-0.21293366064875027,-0.07102424075924385,-0.011293477064996837,0.4897959183673469,-0.03065318705387211,0.049279137088529164,-0.6220317332019057,-0.07992883713924426,-0.030492104853131585,0.4489795918367347,-0.0810531870538721,0.049279137088529164,-1.6447769145847944,-0.10244509508141941,-0.0769052004379206,0.3469387755102041
term_structure_momentum__missing,fold_2020,2020,1,1,catalog,2015-01-05,2019-12-23,33306,7268,cs_rank_centered,0.011684133349277261,0.023339509498552322,0.5531914893617021,0.11394196865267349,141,7268,243,49,-0.2651838086553162,0.5640362908258549,0.20164609053497942,0.010824200171913101,0.07912424210862003,0.13680004867602874,-0.06116734623745468,0.007575979154398116,0.5510204081632653,0.010824200171913101,0.07912424210862003,0.13680004867602874,-0.06116734623745468,0.007575979154398116,0.5510204081632653,-0.019415799828086885,0.07912424210862003,-0.24538370682190297,-0.07184831356629862,-0.021621482324142294,0.5102040816326531,-0.03957579982808691,0.07912424210862003,-0.5001728771538579,-0.07890489210832363,-0.04062429425751379,0.4897959183673469,-0.0899757998280869,0.07912424210862004,-1.1371458029837442,-0.09632464253311479,-0.08656361621101039,0.3877551020408163
term_structure_momentum__missing,fold_2021,2021,1,1,catalog,2015-01-05,2020-12-23,40574,7287,cs_rank_centered,0.007552009981383022,0.004265194904848957,0.50625,0.021837292666425694,160,7287,243,49,-0.06631513504125786,0.5274390388173554,0.20164609053497942,0.08886469286940894,0.06742318716145267,1.3180138259648286,-0.04013349051365622,0.0878129088054238,0.5918367346938775,0.08886469286940894,0.06742318716145267,1.3180138259648286,-0.04013349051365622,0.0878129088054238,0.5918367346938775,0.05862469286940895,0.06742318716145267,0.8695034355024674,-0.04303334192494901,0.05633941922788743,0.5510204081632653,0.03846469286940894,0.06742318716145267,0.5704965085275598,-0.04621386163105912,0.03585450405677704,0.5306122448979592,-0.01193530713059106,0.06742318716145267,-0.17702080890970906,-0.0661930942172062,-0.013670424613016707,0.5306122448979592
term_structure_momentum__missing,fold_2022,2022,1,1,catalog,2015-01-05,2021-12-23,47861,7252,cs_rank_centered,0.013088039957094157,0.014421470779409236,0.5426008968609866,0.04963296553472223,223,7252,242,49,-0.14516533546934896,0.5347911498509669,0.2024793388429752,0.015230439311742665,0.08817231734954802,0.17273493279487612,-0.0721010522349399,0.011164510870687483,0.4897959183673469,0.015230439311742665,0.08817231734954802,0.17273493279487612,-0.0721010522349399,0.011164510870687483,0.4897959183673469,-0.015009560688257314,0.08817231734954802,-0.1702298537618537,-0.08376474851517424,-0.018135276728974414,0.46938775510204084,-0.03516956068825735,0.08817231734954803,-0.3988730447996741,-0.09315097269743089,-0.03720471306313078,0.46938775510204084,-0.08556956068825734,0.08817231734954802,-0.9704810223942242,-0.12271608964672198,-0.08330518944077081,0.42857142857142855
term_structure_momentum__missing,fold_2023,2023,1,1,catalog,2015-01-05,2022-12-22,55113,7259,cs_rank_centered,-0.0005142761517559013,-0.01761385186701761,0.44171779141104295,-0.06290989503291482,163,7259,242,49,-0.12030129207500462,0.5335920688230069,0.2024793388429752,-0.04311009094454367,0.056713636413874835,-0.7601362506530601,-0.10381597380788754,-0.04253182496262109,0.42857142857142855,-0.04311009094454367,0.056713636413874835,-0.7601362506530601,-0.10381597380788754,-0.04253182496262109,0.42857142857142855,-0.07335009094454366,0.056713636413874835,-1.2933413475599103,-0.11083997071496088,-0.07030494516734442,0.3877551020408163,-0.09351009094454367,0.056713636413874835,-1.6488114121644772,-0.11549436578172523,-0.08838030121241025,0.3877551020408163,-0.14391009094454366,0.05671363641387482,-2.5374865736758947,-0.14636893305435916,-0.13207601339441066,0.3469387755102041
term_structure_momentum__missing,fold_2024,2024,1,1,catalog,2015-01-05,2023-12-21,62372,7076,cs_rank_centered,-0.06103558511546289,-0.054447214679647214,0.38461538461538464,-0.2390284709927065,221,7076,236,48,-0.3077884452279793,0.5677122025633751,0.2033898305084746,-0.07266712814962738,0.0818412826371553,-0.8879030949673444,-0.08145281661501014,-0.069803561226088,0.4583333333333333,-0.07266712814962738,0.0818412826371553,-0.8879030949673444,-0.08145281661501014,-0.069803561226088,0.4583333333333333,-0.10290712814962734,0.0818412826371553,-1.2573987703231368,-0.10597628240938883,-0.09625989866627194,0.4375,-0.12306712814962738,0.0818412826371553,-1.503729220560332,-0.12196837480768596,-0.11348663614273702,0.4166666666666667,-0.17346712814962736,0.0818412826371553,-2.1195553461533194,-0.16073485734978232,-0.15515907238083237,0.3958333333333333
term_structure_acceleration__csz,fold_2019,2019,1,1,catalog,2015-01-05,2018-12-20,26220,7092,cs_rank_centered,0.053100395096391174,0.055860377539424313,0.6229508196721312,0.2502287376508091,244,7092,244,49,-0.8050457866608371,0.6365116178918034,0.20081967213114754,0.10803192624643368,0.0635637447101587,1.699584043373205,-0.04374531796354619,0.10849682603477984,0.5918367346938775,0.10803192624643368,0.0635637447101587,1.699584043373205,-0.04374531796354619,0.10849682603477984,0.5918367346938775,0.07779192624643368,0.0635637447101587,1.2238411472003952,-0.05518096519686788,0.07643719280783245,0.5510204081632653,0.05763192624643367,0.0635637447101587,0.9066792164185222,-0.0627324232325901,0.05557058374667401,0.5102040816326531,0.007231926246433673,0.0635637447101587,0.11377438946383966,-0.08136102100259712,0.0051222042723373384,0.4489795918367347
term_structure_acceleration__csz,fold_2020,2020,1,1,catalog,2015-01-05,2019-12-23,33306,7268,cs_rank_centered,0.00562611506273858,0.015485333690515557,0.5390946502057613,0.06004795517518754,243,7268,243,49,-0.9459914526725086,0.6666786656400552,0.20164609053497942,0.010640211842834639,0.1087397738158593,0.09785022967633582,-0.12142552855766586,0.00472774421602673,0.5102040816326531,0.010640211842834639,0.1087397738158593,0.09785022967633582,-0.12142552855766586,0.00472774421602673,0.5102040816326531,-0.019599788157165374,0.1087397738158593,-0.18024488620286994,-0.13457825310789862,-0.024390395710585544,0.4897959183673469,-0.03975978815716538,0.1087397738158593,-0.36564163012234047,-0.14324149711257383,-0.04334153212316161,0.46938775510204084,-0.09015978815716538,0.1087397738158593,-0.8291334899210165,-0.16453690529205944,-0.08915575977752777,0.4489795918367347
term_structure_acceleration__csz,fold_2021,2021,1,1,catalog,2015-01-05,2020-12-23,40574,7287,cs_rank_centered,0.011963769285103421,0.021883672782582866,0.5473251028806584,0.09376045299449699,243,7287,243,49,-0.9559398753907429,0.6647910679724538,0.20164609053497942,0.06928162017920168,0.08689264277417741,0.7973243529864265,-0.06098582080446002,0.06581317132224518,0.5102040816326531,0.06928162017920168,0.08689264277417741,0.7973243529864265,-0.06098582080446002,0.06581317132224518,0.5102040816326531,0.0390416201792017,0.08689264277417741,0.4493086978683081,-0.06887821381431025,0.034962640575298076,0.5102040816326531,0.018881620179201676,0.08689264277417741,0.21729826112289546,-0.07410554051495977,0.014883400521863432,0.4897959183673469,-0.03151837982079831,0.08689264277417741,-0.36272783074063536,-0.08787240507997085,-0.033660033572585624,0.42857142857142855
term_structure_acceleration__csz,fold_2022,2022,1,1,catalog,2015-01-05,2021-12-23,47861,7252,cs_rank_centered,-0.031621196136940165,-0.02358320091542707,0.43388429752066116,-0.10868124248086913,242,7252,242,49,-1.0467576789869932,0.6879393216479774,0.2024793388429752,-0.08977285960929503,0.09018772285535845,-0.9954000030943374,-0.09812571486751553,-0.08719636584972124,0.4489795918367347,-0.08977285960929503,0.09018772285535845,-0.9954000030943374,-0.09812571486751553,-0.08719636584972124,0.4489795918367347,-0.12001285960929503,0.09018772285535842,-1.3307006298603379,-0.11615032179862572,-0.1137006117523266,0.4489795918367347,-0.14017285960929504,0.09018772285535843,-1.5542343810376715,-0.1326589913210543,-0.1309497322661758,0.40816326530612246,-0.19057285960929504,0.09018772285535845,-2.113068758981005,-0.17278456016494415,-0.17264665811478141,0.32653061224489793
term_structure_acceleration__csz,fold_2023,2023,1,1,catalog,2015-01-05,2022-12-22,55113,7259,cs_rank_centered,0.018433272489850792,0.01580365965024886,0.5495867768595041,0.07699311026771825,242,7259,242,49,-0.9681820414904503,0.6722166537615611,0.2024793388429752,-0.05706890305424153,0.07451447189987678,-0.7658767699638749,-0.07189539959963454,-0.056511429691534665,0.4489795918367347,-0.05706890305424153,0.07451447189987678,-0.7658767699638749,-0.07189539959963454,-0.056511429691534665,0.4489795918367347,-0.08730890305424156,0.0745144718998768,-1.1717039768000548,-0.08904561217359874,-0.08388776760945627,0.42857142857142855,-0.10746890305424155,0.0745144718998768,-1.4422554480241745,-0.10246847841448314,-0.1017047506918195,0.3673469387755102,-0.15786890305424153,0.07451447189987678,-2.118634126084474,-0.14067780278213893,-0.14477540124937505,0.32653061224489793
term_structure_acceleration__csz,fold_2024,2024,1,1,catalog,2015-01-05,2023-12-21,62372,7076,cs_rank_centered,0.012258204726017819,0.009426728705221233,0.5127118644067796,0.04263763054039972,236,7076,236,48,-0.9784386580393525,0.6795986938381823,0.2033898305084746,0.02308715708471632,0.06998187177082285,0.3299019660451826,-0.056611979622610886,0.019904231950502727,0.5208333333333334,0.02308715708471632,0.06998187177082285,0.3299019660451826,-0.056611979622610886,0.019904231950502727,0.5208333333333334,-0.00715284291528368,0.06998187177082284,-0.10220994000714734,-0.05890735115846135,-0.009048258148906196,0.4791666666666667,-0.027312842915283676,0.06998187177082285,-0.3902845440420339,-0.06519018328672277,-0.027901196202761103,0.4166666666666667,-0.07771284291528367,0.06998187177082285,-1.1104710541292504,-0.08802673103841141,-0.07351039944644178,0.3541666666666667
term_structure_acceleration__missing,fold_2019,2019,1,1,catalog,2015-01-05,2018-12-20,26220,7092,cs_rank_centered,-0.005105418681686223,-0.007846852098337659,0.5,-0.040298451784508485,244,7092,244,49,-0.6653957008549134,0.6372108235669898,0.20081967213114754,0.05856358114705408,0.04181747113740474,1.4004572623395761,-0.028557268048928997,0.05767449523472301,0.6938775510204082,0.05856358114705408,0.04181747113740474,1.4004572623395761,-0.028557268048928997,0.05767449523472301,0.6938775510204082,0.028323581147054102,0.04181747113740474,0.6773145380787824,-0.03663522080616155,0.027056503743809523,0.6530612244897959,0.00816358114705409,0.041817471137404735,0.19521938857158586,-0.044903677809305154,0.0071286624927562325,0.5510204081632653,-0.04223641885294592,0.04181747113740474,-1.010018485196405,-0.0681385200259752,-0.041048584885926,0.4897959183673469
term_structure_acceleration__missing,fold_2020,2020,1,1,catalog,2015-01-05,2019-12-23,33306,7268,cs_rank_centered,-0.006970159562050419,0.005259451066492543,0.5217391304347826,0.023313061340219456,161,7268,243,49,-0.35953603771485465,0.5785403031355529,0.20164609053497942,-0.02212501470451647,0.08105233062510715,-0.27297197420332936,-0.07588990894938419,-0.024355480218435366,0.5510204081632653,-0.02212501470451647,0.08105233062510715,-0.27297197420332936,-0.07588990894938419,-0.024355480218435366,0.5510204081632653,-0.05236501470451646,0.08105233062510715,-0.6460642686108724,-0.08641235584106144,-0.05264605910027165,0.4897959183673469,-0.07252501470451644,0.08105233062510715,-0.8947924648825676,-0.09336415112899532,-0.07105834469711048,0.46938775510204084,-0.12292501470451647,0.08105233062510715,-1.5166129555618066,-0.11880832896627136,-0.11556908236465124,0.3469387755102041
term_structure_acceleration__missing,fold_2021,2021,1,1,catalog,2015-01-05,2020-12-23,40574,7287,cs_rank_centered,-0.009841727234758688,-0.00836170430089467,0.4945054945054945,-0.04180451576790932,182,7287,243,49,-0.08394094792418128,0.5299849046246741,0.20164609053497942,0.07924275146632813,0.06896026937404202,1.1491073365232045,-0.042633730895766275,0.07759132938360902,0.5714285714285714,0.07924275146632813,0.06896026937404202,1.1491073365232045,-0.042633730895766275,0.07759132938360902,0.5714285714285714,0.04900275146632815,0.06896026937404204,0.7105939682534611,-0.04838770341194065,0.04640759245003556,0.5714285714285714,0.02884275146632814,0.06896026937404202,0.4182517227402988,-0.05220637433357356,0.026111361357562535,0.5510204081632653,-0.021557248533671865,0.06896026937404202,-0.3126038910426071,-0.07498522886390369,-0.02295707946544856,0.5510204081632653
term_structure_acceleration__missing,fold_2022,2022,1,1,catalog,2015-01-05,2021-12-23,47861,7252,cs_rank_centered,0.0039576971723383715,0.0033941858910659815,0.5104602510460251,0.011429206992276215,239,7252,242,49,-0.17184778298985903,0.538499995924345,0.2024793388429752,0.028643668553590886,0.09051420414535957,0.3164549567003995,-0.06337830784028431,0.024226105363392092,0.4897959183673469,0.028643668553590886,0.09051420414535957,0.3164549567003995,-0.06337830784028431,0.024226105363392092,0.4897959183673469,-0.001596331446409124,0.09051420414535957,-0.017636253464103,-0.07250204117236714,-0.005444618960443237,0.46938775510204084,-0.021756331446409132,0.09051420414535957,-0.24036372690710472,-0.08142525004677503,-0.02475559511285741,0.46938775510204084,-0.07215633144640911,0.09051420414535957,-0.7971824105146086,-0.11136139486196683,-0.07144039896435894,0.4489795918367347
term_structure_acceleration__missing,fold_2023,2023,1,1,catalog,2015-01-05,2022-12-22,55113,7259,cs_rank_centered,0.003320021406914942,-0.009363901832440668,0.4642857142857143,-0.03345366216122915,196,7259,242,49,-0.14671158375488935,0.5373068390725425,0.2024793388429752,-0.04314538224464139,0.06159541910863659,-0.7004641395254632,-0.11318868942174642,-0.04282779303374307,0.3877551020408163,-0.04314538224464139,0.06159541910863659,-0.7004641395254632,-0.11318868942174642,-0.04282779303374307,0.3877551020408163,-0.07338538224464139,0.06159541910863659,-1.1914097396627938,-0.12014484731598751,-0.07059265401971138,0.3673469387755102,-0.09354538224464139,0.06159541910863659,-1.5187068064210143,-0.12475426674599865,-0.08866262970131311,0.3673469387755102,-0.14394538224464137,0.06159541910863659,-2.3369494733165648,-0.14663380292976413,-0.13234531816446282,0.3469387755102041
term_structure_acceleration__missing,fold_2024,2024,1,1,catalog,2015-01-05,2023-12-21,62372,7076,cs_rank_centered,-0.06279550746356045,-0.05336784396134508,0.38288288288288286,-0.2412567372740621,222,7076,236,48,-0.3325857254493685,0.572179662947874,0.2033898305084746,-0.07034345815889163,0.0809088575383939,-0.8694160355126925,-0.0793486217136311,-0.06767268037515994,0.4583333333333333,-0.07034345815889163,0.0809088575383939,-0.8694160355126925,-0.0793486217136311,-0.06767268037515994,0.4583333333333333,-0.10058345815889162,0.08090885753839387,-1.2431699225410706,-0.1039269934432594,-0.09418833772054769,0.4375,-0.12074345815889165,0.08090885753839389,-1.4923391805599895,-0.11995490931391484,-0.11145372067969483,0.4166666666666667,-0.17114345815889165,0.0809088575383939,-2.115262325607286,-0.15880829432052745,-0.15321970993857392,0.375
basis_surprise__csz,fold_2019,2019,1,1,catalog,2015-01-05,2018-12-20,26220,7092,cs_rank_centered,-0.0327667698368274,-0.035527859841202464,0.4297520661157025,-0.1713537165430103,242,7092,244,49,-1.060921620762885,0.7124583612588553,0.20081967213114754,-0.09908751770117401,0.03994907327349654,-2.4803458398848957,-0.10246529785304359,-0.09261929826156101,0.3469387755102041,-0.09908751770117401,0.03994907327349654,-2.4803458398848957,-0.10246529785304359,-0.09261929826156101,0.3469387755102041,-0.129327517701174,0.03994907327349654,-3.2373095820216164,-0.12091483619908205,-0.11896759498405285,0.30612244897959184,-0.14948751770117402,0.03994907327349654,-3.741952076779431,-0.13595363966715424,-0.13611519770368186,0.2653061224489796,-0.19988751770117402,0.03994907327349654,-5.003558313673966,-0.17245977331453188,-0.17756663635827497,0.20408163265306123
basis_surprise__csz,fold_2020,2020,1,1,catalog,2015-01-05,2019-12-23,33306,7268,cs_rank_centered,0.04272247368262889,0.04317836477171185,0.5892116182572614,0.21046590057926043,241,7268,243,49,-0.9039916400471626,0.6759775188254776,0.20164609053497942,0.005718680536064621,0.07898283704300403,0.07240409119453324,-0.055861892517863776,0.002595295719552526,0.5510204081632653,0.005718680536064621,0.07898283704300403,0.07240409119453324,-0.055861892517863776,0.002595295719552526,0.5510204081632653,-0.024521319463935397,0.07898283704300403,-0.31046389800589463,-0.05759329914516376,-0.026460729338442457,0.5102040816326531,-0.0446813194639354,0.07898283704300403,-0.5657092241395132,-0.058746393548601894,-0.04537144312473296,0.4897959183673469,-0.09508131946393542,0.07898283704300403,-1.2038225394735593,-0.08748134717869338,-0.0910879628725747,0.42857142857142855
basis_surprise__csz,fold_2021,2021,1,1,catalog,2015-01-05,2020-12-23,40574,7287,cs_rank_centered,0.0018136945172027637,0.0028153216139764426,0.5062240663900415,0.012618073869121393,241,7287,243,49,-0.9837757799335287,0.6870319030921521,0.20164609053497942,-0.06916742488711647,0.08954941838657282,-0.7723939042075068,-0.11861736379431076,-0.0686524539068496,0.3877551020408163,-0.06916742488711647,0.08954941838657282,-0.7723939042075068,-0.11861736379431076,-0.0686524539068496,0.3877551020408163,-0.09940742488711646,0.08954941838657282,-1.1100845396671137,-0.13463979636682366,-0.09568418505068321,0.3877551020408163,-0.11956742488711651,0.08954941838657282,-1.335211629973519,-0.14842838624322074,-0.11327677045339357,0.3673469387755102,-0.16996742488711644,0.08954941838657282,-1.8980293557395302,-0.18196939332670925,-0.15580455356294054,0.3469387755102041
basis_surprise__csz,fold_2022,2022,1,1,catalog,2015-01-05,2021-12-23,47861,7252,cs_rank_centered,0.0428864657901274,0.03813269726244977,0.55,0.18466513166749227,240,7252,242,49,-0.914171746877869,0.6776313108121692,0.2024793388429752,0.17675528075294544,0.08598495263537917,2.055653638636979,-0.04223695850885434,0.1830046077141645,0.5510204081632653,0.17675528075294544,0.08598495263537917,2.055653638636979,-0.04223695850885434,0.1830046077141645,0.5510204081632653,0.14651528075294545,0.08598495263537917,1.703964196785062,-0.04684948340080197,0.14883374836636842,0.5510204081632653,0.12635528075294544,0.08598495263537917,1.469504568883784,-0.05075175737227955,0.12659231624524359,0.5306122448979592,0.07595528075294547,0.08598495263537917,0.8833554991305896,-0.061190993875058663,0.07281774996710078,0.4897959183673469
basis_surprise__csz,fold_2023,2023,1,1,catalog,2015-01-05,2022-12-22,55113,7259,cs_rank_centered,-0.021606126489145436,-0.011408600134478383,0.475,-0.04862930901746574,240,7259,242,49,-1.012112848712213,0.6930374184721939,0.2024793388429752,-0.016345748055610246,0.05624911059295681,-0.2905956713501701,-0.06657797751520167,-0.017249430848116254,0.4897959183673469,-0.016345748055610246,0.05624911059295681,-0.2905956713501701,-0.06657797751520167,-0.017249430848116254,0.4897959183673469,-0.04658574805561025,0.05624911059295681,-0.8282041718441581,-0.08777465873711787,-0.045740956941742406,0.42857142857142855,-0.06674574805561023,0.05624911059295681,-1.1866098388401498,-0.10229045304954532,-0.0642841050330859,0.42857142857142855,-0.11714574805561023,0.05624911059295681,-2.0826240063301293,-0.13911261876934433,-0.10911146717479114,0.3469387755102041
basis_surprise__csz,fold_2024,2024,1,1,catalog,2015-01-05,2023-12-21,62372,7076,cs_rank_centered,-0.16114695688138247,-0.01358575452611764,0.0,,1,7076,236,48,-0.004345169778711799,0.5179824665897063,0.2033898305084746,-0.021512968734825274,0.048689790027608607,-0.4418373692436703,-0.03522317589282287,-0.021366861124128778,0.4791666666666667,-0.021512968734825274,0.048689790027608607,-0.4418373692436703,-0.03522317589282287,-0.021366861124128778,0.4791666666666667,-0.051752968734825266,0.048689790027608607,-1.0629121363119405,-0.05925971736561231,-0.04917068715675221,0.4375,-0.07191296873482528,0.048689790027608607,-1.4769619810241208,-0.07495824865156242,-0.06727529459044523,0.4166666666666667,-0.12231296873482526,0.048689790027608607,-2.512086592804571,-0.11450033542034566,-0.11107292561897941,0.4166666666666667
basis_surprise__missing,fold_2019,2019,1,1,catalog,2015-01-05,2018-12-20,26220,7092,cs_rank_centered,0.07331660570343027,0.05078195796997518,0.5578512396694215,0.18059794084951455,242,7092,244,49,-0.2275555878106097,0.5402778253707907,0.20081967213114754,0.066227459599283,0.07108181412515864,0.9317075037318513,-0.061310264280935,0.06389210406012324,0.5918367346938775,0.066227459599283,0.07108181412515864,0.9317075037318513,-0.061310264280935,0.06389210406012324,0.5918367346938775,0.03598745959928301,0.07108181412515864,0.5062822332575448,-0.06528158427192488,0.03309676687680829,0.5714285714285714,0.015827459599283007,0.07108181412515864,0.22266538627467372,-0.06792112285699892,0.013053456863929114,0.5714285714285714,-0.034572540400717,0.07108181412515864,-0.48637673118250396,-0.08037180265999921,-0.03540308947893478,0.5510204081632653
basis_surprise__missing,fold_2020,2020,1,1,catalog,2015-01-05,2019-12-23,33306,7268,cs_rank_centered,-0.012008784537422879,-0.0045926791744313016,0.46887966804979253,-0.01727202314401859,241,7268,243,49,-0.27607493544337647,0.5507772851568992,0.20164609053497942,-0.03714054180877179,0.08997018537997786,-0.41280943961506084,-0.08295247400218153,-0.03918944571528182,0.4897959183673469,-0.03714054180877179,0.08997018537997786,-0.41280943961506084,-0.08295247400218153,-0.03918944571528182,0.4897959183673469,-0.0673805418087718,0.08997018537997786,-0.7489207844153981,-0.10413649689834781,-0.0670588663363223,0.4489795918367347,-0.08754054180877181,0.08997018537997786,-0.9729950142822898,-0.1180463169866498,-0.08519690801787239,0.4489795918367347,-0.13794054180877183,0.08997018537997786,-1.5331805889495187,-0.15190662301106062,-0.12904419532275846,0.42857142857142855
basis_surprise__missing,fold_2021,2021,1,1,catalog,2015-01-05,2020-12-23,40574,7287,cs_rank_centered,0.0011880030098126518,0.010118513826301082,0.4979253112033195,0.03880444480276207,241,7287,243,49,-0.2597070145162519,0.5514686049317868,0.20164609053497942,0.08144400560726975,0.09521162007789633,0.8553998507812097,-0.06427085160110313,0.07769044737590902,0.5306122448979592,0.08144400560726975,0.09521162007789633,0.8553998507812097,-0.06427085160110313,0.07769044737590902,0.5306122448979592,0.051204005607269766,0.09521162007789633,0.5377915591119842,-0.06711226707012563,0.046502616720320855,0.5306122448979592,0.031044005607269737,0.09521162007789633,0.32605269799916686,-0.07304381902614676,0.02620373979484003,0.5102040816326531,-0.019355994392730242,0.09521162007789633,-0.20329445478287578,-0.09611468113473287,-0.022871034888323427,0.42857142857142855
basis_surprise__missing,fold_2022,2022,1,1,catalog,2015-01-05,2021-12-23,47861,7252,cs_rank_centered,0.03176457699859768,0.02946662572714811,0.49583333333333335,0.11786123071723544,240,7252,242,49,-0.24041178801686525,0.5432230008232823,0.2024793388429752,0.061552055238657956,0.10474521487339952,0.5876359632566791,-0.057236174211309776,0.05612459570248607,0.46938775510204084,0.061552055238657956,0.10474521487339952,0.5876359632566791,-0.057236174211309776,0.05612459570248607,0.46938775510204084,0.03131205523865796,0.10474521487339952,0.2989354241766875,-0.07353725679332268,0.025547888318105505,0.46938775510204084,0.011152055238657933,0.10474521487339952,0.10646839812335947,-0.08425309526777858,0.00564697211801124,0.46938775510204084,-0.039247944761342045,0.10474521487339952,-0.37469916700995975,-0.11052174867071862,-0.042464995842709796,0.42857142857142855
basis_surprise__missing,fold_2023,2023,1,1,catalog,2015-01-05,2022-12-22,55113,7259,cs_rank_centered,0.07678048308651791,0.07358701851050643,0.5875,0.28441656502014095,240,7259,242,49,-0.19455236403821075,0.5352173656347785,0.2024793388429752,0.044319214873291594,0.06137081141885153,0.7221546179472199,-0.05508053572296934,0.042143136110848856,0.5102040816326531,0.044319214873291594,0.06137081141885153,0.7221546179472199,-0.05508053572296934,0.042143136110848856,0.5102040816326531,0.014079214873291607,0.06137081141885153,0.22941223275022296,-0.06245664549584129,0.011965192005177983,0.4897959183673469,-0.006080785126708404,0.06137081141885153,-0.09908269071444188,-0.06734448526448455,-0.007676091245895189,0.46938775510204084,-0.056480785126708406,0.06137081141885153,-0.9203199993761038,-0.07946136088987965,-0.0551600504262284,0.40816326530612246
basis_surprise__missing,fold_2024,2024,1,1,catalog,2015-01-05,2023-12-21,62372,7076,cs_rank_centered,0.23268180183584342,0.3016727831477656,1.0,,1,7076,236,48,0.00018391754001489957,0.5171540226997235,0.2033898305084746,-0.01825784389816469,0.04868432894395739,-0.37502507057624385,-0.0352231758928232,-0.018326827216164188,0.5,-0.01825784389816469,0.04868432894395739,-0.37502507057624385,-0.0352231758928232,-0.018326827216164188,0.5,-0.04849784389816467,0.04868432894395739,-0.9961695056738405,-0.059259717365611975,-0.0462152464172787,0.4583333333333333,-0.0686578438981647,0.04868432894395739,-1.4102657957389058,-0.07495824865156209,-0.06437496479829785,0.4375,-0.11905784389816469,0.04868432894395739,-2.445506520901567,-0.11450033542034543,-0.10830601029912312,0.4166666666666667
inventory_acceleration__csz,fold_2019,2019,1,1,catalog,2015-01-05,2018-12-20,26220,7092,cs_rank_centered,0.027104271802892845,0.026905966358579884,0.5245901639344263,0.14428319856646,244,7092,244,49,-0.5515769628640641,0.618303997514667,0.20081967213114754,0.029615561328601166,0.06136833283775798,0.4825870275292807,-0.07473425288523083,0.027359080291155857,0.46938775510204084,0.029615561328601166,0.06136833283775798,0.4825870275292807,-0.07473425288523083,0.027359080291155857,0.46938775510204084,-0.000624438671398822,0.06136833283775798,-0.010175258843183448,-0.07976200269791756,-0.002399308171179837,0.4489795918367347,-0.02078443867139883,0.06136833283775798,-0.33868344975815984,-0.08369502257523365,-0.021767388212369787,0.4489795918367347,-0.07118443867139884,0.06136833283775798,-1.1599539270456005,-0.10551439793499451,-0.06859040504638658,0.3877551020408163
inventory_acceleration__csz,fold_2020,2020,1,1,catalog,2015-01-05,2019-12-23,33306,7268,cs_rank_centered,0.019543265508350147,0.017210371639786268,0.55,0.09891523454804965,240,7268,243,49,-0.5627887364741837,0.619817130062656,0.20164609053497942,0.008833034884196095,0.07430764017223815,0.11887115327201819,-0.08368626298288928,0.00595848077158001,0.6122448979591837,0.008833034884196095,0.07430764017223815,0.11887115327201819,-0.08368626298288928,0.00595848077158001,0.6122448979591837,-0.021406965115803884,0.07430764017223815,-0.2880856539944553,-0.0973808162312777,-0.02319287125379399,0.5918367346938775,-0.04156696511580389,0.07430764017223815,-0.5593901921721046,-0.10640112915766264,-0.042165661190680215,0.5714285714285714,-0.09196696511580388,0.07430764017223815,-1.2376515376162274,-0.1285748962559331,-0.08803236378948087,0.4897959183673469
inventory_acceleration__csz,fold_2021,2021,1,1,catalog,2015-01-05,2020-12-23,40574,7287,cs_rank_centered,0.0019878750831879965,0.0029868402495368653,0.4897119341563786,0.01588577940044448,243,7287,243,49,-0.6074922454427782,0.6291418485311246,0.20164609053497942,-0.07422320225137546,0.07207509835892043,-1.0298036900589147,-0.10788353613252832,-0.07197550446329581,0.42857142857142855,-0.07422320225137546,0.07207509835892043,-1.0298036900589147,-0.10788353613252832,-0.07197550446329581,0.42857142857142855,-0.10446320225137547,0.07207509835892043,-1.4493660727477387,-0.13029861035261148,-0.09891199197094136,0.40816326530612246,-0.12462320225137548,0.07207509835892043,-1.7290743278736216,-0.14518107927977109,-0.11644257196883578,0.3877551020408163,-0.17502320225137552,0.07207509835892043,-2.428344965688329,-0.1813074162667898,-0.15882039892141198,0.32653061224489793
inventory_acceleration__csz,fold_2022,2022,1,1,catalog,2015-01-05,2021-12-23,47861,7252,cs_rank_centered,0.03015754752271421,0.03555277593709947,0.5950413223140496,0.18688712519387032,242,7252,242,49,-0.5571650622322821,0.6162740225899973,0.2024793388429752,0.06872132991462986,0.08396596977033655,0.8184426393525405,-0.06047610618746957,0.06543455873804405,0.6122448979591837,0.06872132991462986,0.08396596977033655,0.8184426393525405,-0.06047610618746957,0.06543455873804405,0.6122448979591837,0.038481329914629894,0.08396596977033656,0.4582967364026629,-0.062455377791391764,0.03459485305290455,0.5918367346938775,0.018321329914629855,0.08396596977033655,0.21819946776941063,-0.06397924293960433,0.01452266071517272,0.5918367346938775,-0.03207867008537014,0.08396596977033655,-0.382043703813719,-0.0706735735568863,-0.03400372758707515,0.5102040816326531
inventory_acceleration__csz,fold_2023,2023,1,1,catalog,2015-01-05,2022-12-22,55113,7259,cs_rank_centered,0.005146960703950728,-0.0035949354684454778,0.5313807531380753,-0.019727939190411697,239,7259,242,49,-0.6374250727415876,0.6330514116330535,0.2024793388429752,-0.024369292901173987,0.058123876716276224,-0.41926475448513817,-0.06559606908223181,-0.02499372744308348,0.5510204081632653,-0.024369292901173987,0.058123876716276224,-0.41926475448513817,-0.06559606908223181,-0.02499372744308348,0.5510204081632653,-0.05460929290117398,0.058123876716276224,-0.9395328733446635,-0.08239087035727888,-0.05326529678651515,0.42857142857142855,-0.074769292901174,0.058123876716276224,-1.2863782859176809,-0.09549310728141447,-0.0716652178649344,0.42857142857142855,-0.125169292901174,0.05812387671627624,-2.1534918173502233,-0.12758064503065347,-0.11614608997249154,0.32653061224489793
inventory_acceleration__csz,fold_2024,2024,1,1,catalog,2015-01-05,2023-12-21,62372,7076,cs_rank_centered,0.02342395280948888,0.02763697236260063,0.575107296137339,0.17624112625689609,233,7076,236,48,-0.5765391282396064,0.6177094230348552,0.2033898305084746,0.06998699327312312,0.03647453371660715,1.9187906229835499,-0.016709387444802215,0.06821436527600411,0.625,0.06998699327312312,0.03647453371660715,1.9187906229835499,-0.016709387444802215,0.06821436527600411,0.625,0.03974699327312312,0.03647453371660715,1.0897190237424748,-0.02201645093755611,0.037920311681480134,0.5833333333333334,0.019586993273123115,0.03647453371660715,0.5370046242484245,-0.02554033327708094,0.018193327246875057,0.5625,-0.03081300672687689,0.03647453371660715,-0.8447813744867005,-0.042227261958102114,-0.029531937727443225,0.4583333333333333
inventory_acceleration__missing,fold_2019,2019,1,1,catalog,2015-01-05,2018-12-20,26220,7092,cs_rank_centered,-0.02399302208510925,-0.02592427376261962,0.4139344262295082,-0.11484402191540517,244,7092,244,49,-0.72029471273935,0.6467340825554062,0.20081967213114754,-0.02868384969238423,0.048122780844559856,-0.5960555310599193,-0.060037084335539004,-0.028581309498382335,0.42857142857142855,-0.02868384969238423,0.048122780844559856,-0.5960555310599193,-0.060037084335539004,-0.028581309498382335,0.42857142857142855,-0.05892384969238421,0.048122780844559856,-1.224448144065336,-0.07383187189124141,-0.056750649069349346,0.40816326530612246,-0.07908384969238423,0.048122780844559856,-1.6433765527356143,-0.08740354140858986,-0.0750840074170398,0.3469387755102041,-0.12948384969238425,0.048122780844559856,-2.69069757441131,-0.12853292802690341,-0.11940387068904057,0.32653061224489793
inventory_acceleration__missing,fold_2020,2020,1,1,catalog,2015-01-05,2019-12-23,33306,7268,cs_rank_centered,-0.010378331996046049,-0.013868003761222188,0.44166666666666665,-0.05749541695832894,240,7268,243,49,-0.6824825472771334,0.6374924063485637,0.20164609053497942,-0.06825465114581128,0.07536465329242266,-0.9056586631000102,-0.1358114186187952,-0.06678603216893697,0.40816326530612246,-0.06825465114581128,0.07536465329242266,-0.9056586631000102,-0.1358114186187952,-0.06678603216893697,0.40816326530612246,-0.0984946511458113,0.07536465329242266,-1.3069077723165774,-0.1456858235480305,-0.09387023913617043,0.3877551020408163,-0.11865465114581131,0.07536465329242266,-1.5744071784609555,-0.15220927427786757,-0.11149700304379073,0.3877551020408163,-0.1690546511458113,0.07536465329242266,-2.2431556938219,-0.16831206565109091,-0.15410749780736666,0.3469387755102041
inventory_acceleration__missing,fold_2021,2021,1,1,catalog,2015-01-05,2020-12-23,40574,7287,cs_rank_centered,-0.001061020471306995,0.0016484891975086405,0.4732510288065844,0.007294949741527476,243,7287,243,49,-0.6648048491980221,0.6352645003146842,0.20164609053497942,0.07790777292421645,0.08106493987745152,0.9610538543788739,-0.06448193334447783,0.07527339469122207,0.5918367346938775,0.07790777292421645,0.08106493987745152,0.9610538543788739,-0.06448193334447783,0.07527339469122207,0.5918367346938775,0.047667772924216464,0.08106493987745152,0.5880195926411268,-0.06955938366515169,0.04415485287388354,0.5306122448979592,0.027507772924216446,0.08106493987745152,0.3393300848159616,-0.07293072756372854,0.02390108415812553,0.5102040816326531,-0.022892227075783523,0.08106493987745152,-0.2823936847469503,-0.0822237460926053,-0.02506459961807017,0.3877551020408163
inventory_acceleration__missing,fold_2022,2022,1,1,catalog,2015-01-05,2021-12-23,47861,7252,cs_rank_centered,0.0044084583573168095,0.002936824139367279,0.5247933884297521,0.013630442155966567,242,7252,242,49,-0.6618513939109432,0.6343104942682705,0.2024793388429752,0.022612676879705716,0.06982526798243632,0.32384661789473773,-0.04417406421516834,0.01985377246744302,0.5102040816326531,0.022612676879705716,0.06982526798243632,0.32384661789473773,-0.04417406421516834,0.01985377246744302,0.5102040816326531,-0.0076273231202942755,0.06982526798243634,-0.10923442674380904,-0.05956457590612352,-0.009691888392769243,0.5102040816326531,-0.027787323120294288,0.06982526798243634,-0.3979551231695071,-0.06969204141524277,-0.028921441887861277,0.4897959183673469,-0.07818732312029428,0.06982526798243632,-1.1197568642337519,-0.09455334096829038,-0.07540931676680607,0.40816326530612246
inventory_acceleration__missing,fold_2023,2023,1,1,catalog,2015-01-05,2022-12-22,55113,7259,cs_rank_centered,0.009883519579486749,-0.00033997747613191416,0.5062761506276151,-0.0015292702498249625,239,7259,242,49,-0.6596771144003009,0.6355049651290703,0.2024793388429752,-0.058400611651223344,0.03459256124083309,-1.6882419097169137,-0.056305697935573606,-0.055767266610971866,0.4489795918367347,-0.058400611651223344,0.03459256124083309,-1.6882419097169137,-0.056305697935573606,-0.055767266610971866,0.4489795918367347,-0.08864061165122333,0.03459256124083309,-2.562418290860518,-0.08028569995145118,-0.08316360987794924,0.40816326530612246,-0.10880061165122336,0.03459256124083309,-3.1452025449562555,-0.0978096861344383,-0.10099363727330879,0.3469387755102041,-0.15920061165122332,0.03459256124083309,-4.602163180195596,-0.1402017615852894,-0.1440959036182744,0.2653061224489796
inventory_acceleration__missing,fold_2024,2024,1,1,catalog,2015-01-05,2023-12-21,62372,7076,cs_rank_centered,-0.07617398562896834,-0.07845455473905176,0.3776824034334764,-0.2724334803794937,233,7076,236,48,-0.7853877410308707,0.6586746197280104,0.2033898305084746,-0.11332055355488795,0.06358590610019116,-1.7821646415847376,-0.11709897178039252,-0.10411183757381148,0.4166666666666667,-0.11332055355488795,0.06358590610019116,-1.7821646415847376,-0.11709897178039252,-0.10411183757381148,0.4166666666666667,-0.14356055355488792,0.06358590610019116,-2.2577417286258714,-0.1391419677513268,-0.12961144798875246,0.4166666666666667,-0.16372055355488793,0.06358590610019116,-2.574793119986628,-0.15429220088712803,-0.14621492611352138,0.3958333333333333,-0.21412055355488793,0.06358590610019116,-3.3674215983885185,-0.1916610224069153,-0.18637866035549933,0.375
inventory_price_divergence__csz,fold_2019,2019,1,1,catalog,2015-01-05,2018-12-20,26220,7092,cs_rank_centered,-0.016796730566205658,-0.008133106643803003,0.48770491803278687,-0.042023073463031475,244,7092,244,49,-0.7313078491629328,0.6462945932382111,0.20081967213114754,-0.047414109127508416,0.05813816721719968,-0.8155418616891205,-0.0933216971456815,-0.04660964945934887,0.46938775510204084,-0.047414109127508416,0.05813816721719968,-0.8155418616891205,-0.0933216971456815,-0.04660964945934887,0.46938775510204084,-0.07765410912750842,0.05813816721719968,-1.3356820973973724,-0.10901901664924396,-0.07426690451602092,0.4489795918367347,-0.09781410912750839,0.05813816721719968,-1.6824422545362065,-0.11933777071877039,-0.09226681452534558,0.4489795918367347,-0.1482141091275084,0.05813816721719968,-2.5493426473832934,-0.14545105241084555,-0.13578001252564864,0.40816326530612246
inventory_price_divergence__csz,fold_2020,2020,1,1,catalog,2015-01-05,2019-12-23,33306,7268,cs_rank_centered,0.04674862749421935,0.05976393886107154,0.6058091286307054,0.29067626493760185,241,7268,243,49,-0.5988280975631355,0.6215112661671977,0.20164609053497942,0.031586757279492686,0.06499841022093766,0.4859619977184886,-0.04184949033622187,0.029106838235720467,0.5714285714285714,0.031586757279492686,0.06499841022093766,0.4859619977184886,-0.04184949033622187,0.029106838235720467,0.5714285714285714,0.0013467572794926992,0.06499841022093766,0.020719849530394734,-0.05046142171740475,-0.000701284148712289,0.5714285714285714,-0.01881324272050733,0.06499841022093766,-0.28944158259500175,-0.05925817913768505,-0.02010174747379756,0.5510204081632653,-0.06921324272050731,0.06499841022093766,-1.0648451629084916,-0.0825538713529066,-0.0670030999818817,0.5102040816326531
inventory_price_divergence__csz,fold_2021,2021,1,1,catalog,2015-01-05,2020-12-23,40574,7287,cs_rank_centered,0.010985852632150604,0.010464176177068886,0.5185185185185185,0.05897152780451121,243,7287,243,49,-0.6865067241815883,0.6438133635646447,0.20164609053497942,-0.02667171542429593,0.061197675259724464,-0.435828898909975,-0.08861068565818908,-0.027341774254577178,0.46938775510204084,-0.02667171542429593,0.061197675259724464,-0.435828898909975,-0.08861068565818908,-0.027341774254577178,0.46938775510204084,-0.05691171542429591,0.061197675259724464,-0.9299653162111335,-0.11061539428025913,-0.055546722285445216,0.46938775510204084,-0.07707171542429594,0.061197675259724464,-1.2593895944119062,-0.12582652410156892,-0.07390326116220702,0.42857142857142855,-0.12747171542429594,0.061197675259724464,-2.0829502899138377,-0.16275125269638013,-0.1182791808647008,0.3673469387755102
inventory_price_divergence__csz,fold_2022,2022,1,1,catalog,2015-01-05,2021-12-23,47861,7252,cs_rank_centered,0.01466008973545493,0.02090790544371716,0.5743801652892562,0.11849418027142468,242,7252,242,49,-0.6681202222717524,0.6372942133849945,0.2024793388429752,0.07249691495294087,0.06460927690856709,1.1220821284772484,-0.06501681949744653,0.07084386746353233,0.6122448979591837,0.07249691495294087,0.06460927690856709,1.1220821284772484,-0.06501681949744653,0.07084386746353233,0.6122448979591837,0.04225691495294088,0.06460927690856709,0.65403788704742,-0.06897452044214591,0.0398516370504729,0.5918367346938775,0.022096914952940878,0.06460927690856709,0.3420083927608678,-0.07168830595835551,0.019680109466015727,0.5714285714285714,-0.028303085047059136,0.06460927690856709,-0.43806534295551286,-0.07959455418514116,-0.02908664554716689,0.5102040816326531
inventory_price_divergence__csz,fold_2023,2023,1,1,catalog,2015-01-05,2022-12-22,55113,7259,cs_rank_centered,0.009420900144592922,0.013145965870086167,0.5375,0.07483290669618231,240,7259,242,49,-0.6762501599658903,0.6394636995555714,0.2024793388429752,-0.049259698350191054,0.04906840425747224,-1.0038985187232716,-0.06721367075451734,-0.04788056767842497,0.5102040816326531,-0.049259698350191054,0.04906840425747224,-1.0038985187232716,-0.06721367075451734,-0.04788056767842497,0.5102040816326531,-0.07949969835019105,0.04906840425747224,-1.6201810422250418,-0.08883249778334656,-0.07550143936115772,0.4489795918367347,-0.09965969835019105,0.04906840425747224,-2.031036057892889,-0.10302171326179643,-0.09347766243893951,0.3877551020408163,-0.15005969835019106,0.04906840425747224,-3.058173597062506,-0.13916644058848882,-0.13693357283813157,0.3673469387755102
inventory_price_divergence__csz,fold_2024,2024,1,1,catalog,2015-01-05,2023-12-21,62372,7076,cs_rank_centered,0.03583843157909056,0.03322489639587542,0.5512820512820513,0.18860157200957628,234,7076,236,48,-0.6425980960596982,0.6287972149846187,0.2033898305084746,0.13115314329954486,0.047398916672042046,2.767007191472474,-0.021026941083557293,0.13168041217771398,0.625,0.13115314329954486,0.047398916672042046,2.767007191472474,-0.021026941083557293,0.13168041217771398,0.625,0.10091314329954489,0.047398916672042046,2.1290179266706293,-0.02514374465460789,0.09962424057339425,0.625,0.08075314329954486,0.047398916672042046,1.7036917501360662,-0.0278800288352804,0.07874920805450847,0.5833333333333334,0.030353143299544874,0.047398916672042046,0.6403763087996585,-0.034691955390784956,0.02824450822782132,0.5625
inventory_price_divergence__missing,fold_2019,2019,1,1,catalog,2015-01-05,2018-12-20,26220,7092,cs_rank_centered,-0.02399302208510925,-0.02592427376261962,0.4139344262295082,-0.11484402191540517,244,7092,244,49,-0.72029471273935,0.6467340825554062,0.20081967213114754,-0.02868384969238423,0.048122780844559856,-0.5960555310599193,-0.060037084335539004,-0.028581309498382335,0.42857142857142855,-0.02868384969238423,0.048122780844559856,-0.5960555310599193,-0.060037084335539004,-0.028581309498382335,0.42857142857142855,-0.05892384969238421,0.048122780844559856,-1.224448144065336,-0.07383187189124141,-0.056750649069349346,0.40816326530612246,-0.07908384969238423,0.048122780844559856,-1.6433765527356143,-0.08740354140858986,-0.0750840074170398,0.3469387755102041,-0.12948384969238425,0.048122780844559856,-2.69069757441131,-0.12853292802690341,-0.11940387068904057,0.32653061224489793
inventory_price_divergence__missing,fold_2020,2020,1,1,catalog,2015-01-05,2019-12-23,33306,7268,cs_rank_centered,-0.00944560519256813,-0.012793509262008762,0.44398340248962653,-0.053024338357845945,241,7268,243,49,-0.6835842704207278,0.637748607361981,0.20164609053497942,-0.06565340587695973,0.0757884138437508,-0.8662723303896304,-0.13581141861879542,-0.0644480798959165,0.40816326530612246,-0.06565340587695973,0.0757884138437508,-0.8662723303896304,-0.13581141861879542,-0.0644480798959165,0.40816326530612246,-0.09589340587695974,0.0757884138437508,-1.2652779100860774,-0.1456858235480306,-0.09159879000725335,0.3877551020408163,-0.11605340587695975,0.0757884138437508,-1.5312816298837086,-0.15220927427786768,-0.10926885654310925,0.3877551020408163,-0.16645340587695975,0.0757884138437508,-2.1962909293777866,-0.16831206565109091,-0.15198410235797521,0.3469387755102041
inventory_price_divergence__missing,fold_2021,2021,1,1,catalog,2015-01-05,2020-12-23,40574,7287,cs_rank_centered,-0.001061020471306995,0.0016484891975086405,0.4732510288065844,0.007294949741527476,243,7287,243,49,-0.6648048491980221,0.6352645003146842,0.20164609053497942,0.07790777292421645,0.08106493987745152,0.9610538543788739,-0.06448193334447783,0.07527339469122207,0.5918367346938775,0.07790777292421645,0.08106493987745152,0.9610538543788739,-0.06448193334447783,0.07527339469122207,0.5918367346938775,0.047667772924216464,0.08106493987745152,0.5880195926411268,-0.06955938366515169,0.04415485287388354,0.5306122448979592,0.027507772924216446,0.08106493987745152,0.3393300848159616,-0.07293072756372854,0.02390108415812553,0.5102040816326531,-0.022892227075783523,0.08106493987745152,-0.2823936847469503,-0.0822237460926053,-0.02506459961807017,0.3877551020408163
inventory_price_divergence__missing,fold_2022,2022,1,1,catalog,2015-01-05,2021-12-23,47861,7252,cs_rank_centered,0.0044084583573168095,0.002936824139367279,0.5247933884297521,0.013630442155966567,242,7252,242,49,-0.6618513939109432,0.6343104942682705,0.2024793388429752,0.022612676879705716,0.06982526798243632,0.32384661789473773,-0.04417406421516834,0.01985377246744302,0.5102040816326531,0.022612676879705716,0.06982526798243632,0.32384661789473773,-0.04417406421516834,0.01985377246744302,0.5102040816326531,-0.0076273231202942755,0.06982526798243634,-0.10923442674380904,-0.05956457590612352,-0.009691888392769243,0.5102040816326531,-0.027787323120294288,0.06982526798243634,-0.3979551231695071,-0.06969204141524277,-0.028921441887861277,0.4897959183673469,-0.07818732312029428,0.06982526798243632,-1.1197568642337519,-0.09455334096829038,-0.07540931676680607,0.40816326530612246
inventory_price_divergence__missing,fold_2023,2023,1,1,catalog,2015-01-05,2022-12-22,55113,7259,cs_rank_centered,0.011470573474560044,0.0013634194477215042,0.5083333333333333,0.0061027154847940095,240,7259,242,49,-0.6596771144003009,0.6353909568349668,0.2024793388429752,-0.058400611651223344,0.03459256124083309,-1.6882419097169137,-0.056305697935573606,-0.055767266610971866,0.4489795918367347,-0.058400611651223344,0.03459256124083309,-1.6882419097169137,-0.056305697935573606,-0.055767266610971866,0.4489795918367347,-0.08864061165122333,0.03459256124083309,-2.562418290860518,-0.08028569995145118,-0.08316360987794924,0.40816326530612246,-0.10880061165122336,0.03459256124083309,-3.1452025449562555,-0.0978096861344383,-0.10099363727330879,0.3469387755102041,-0.15920061165122332,0.03459256124083309,-4.602163180195596,-0.1402017615852894,-0.1440959036182744,0.2653061224489796
inventory_price_divergence__missing,fold_2024,2024,1,1,catalog,2015-01-05,2023-12-21,62372,7076,cs_rank_centered,-0.07681705874020359,-0.0787477023783273,0.37606837606837606,-0.27400677545865904,234,7076,236,48,-0.7892358618681063,0.659386106833525,0.2033898305084746,-0.11332055355488795,0.06358590610019116,-1.7821646415847376,-0.11709897178039252,-0.10411183757381148,0.4166666666666667,-0.11332055355488795,0.06358590610019116,-1.7821646415847376,-0.11709897178039252,-0.10411183757381148,0.4166666666666667,-0.14356055355488792,0.06358590610019116,-2.2577417286258714,-0.1391419677513268,-0.12961144798875246,0.4166666666666667,-0.16372055355488793,0.06358590610019116,-2.574793119986628,-0.15429220088712803,-0.14621492611352138,0.3958333333333333,-0.21412055355488793,0.06358590610019116,-3.3674215983885185,-0.1916610224069153,-0.18637866035549933,0.375
oi_surprise_60__csz,fold_2019,2019,0,-1,train_rank_ic,2015-01-05,2018-12-20,26220,7092,cs_rank_centered,0.02656214800478432,0.020616196669401336,0.569672131147541,0.09760774824695917,244,7092,244,49,-0.9585535684450928,0.6783366406618444,0.20081967213114754,0.07992411096437446,0.05761525505481779,1.3872039772857208,-0.030231375065309152,0.0790331107567559,0.5714285714285714,0.07992411096437446,0.05761525505481779,1.3872039772857208,-0.030231375065309152,0.0790331107567559,0.5714285714285714,0.04968411096437447,0.05761525505481779,0.8623429839389367,-0.033811681654904,0.04780891181201308,0.5714285714285714,0.02952411096437446,0.05761525505481779,0.5124356550410802,-0.03729782987488861,0.027486325905245357,0.5714285714285714,-0.02087588903562553,0.05761525505481779,-0.3623326672035601,-0.04596433352642615,-0.021645897142199222,0.5102040816326531
oi_surprise_60__csz,fold_2020,2020,0,-1,train_rank_ic,2015-01-05,2019-12-23,33306,7268,cs_rank_centered,-0.00914842459220558,-0.008458173203677274,0.48148148148148145,-0.04156756975704859,243,7268,243,49,-1.0165803680121308,0.6888018774418295,0.20164609053497942,-0.024157351161538637,0.07003145684617812,-0.34495000174849283,-0.08926744691355826,-0.02550991448926443,0.5510204081632653,-0.024157351161538637,0.07003145684617812,-0.34495000174849283,-0.08926744691355826,-0.02550991448926443,0.5510204081632653,-0.05439735116153864,0.07003145684617813,-0.7767559552705108,-0.09964495396729245,-0.05376724059210536,0.5102040816326531,-0.07455735116153865,0.07003145684617812,-1.0646265909518566,-0.10650094801304111,-0.07215788054027406,0.5102040816326531,-0.12495735116153862,0.0700314568461781,-1.7843031801552198,-0.12342520113102107,-0.11661627812911413,0.5102040816326531
oi_surprise_60__csz,fold_2021,2021,0,-1,train_rank_ic,2015-01-05,2020-12-23,40574,7287,cs_rank_centered,-0.0018068287547387501,0.0036143212437526064,0.49794238683127573,0.016422164687495657,243,7287,243,49,-0.9925907634249072,0.6828686756427702,0.20164609053497942,0.07369313459420541,0.08270004651324335,0.8910893971795337,-0.07462349287380887,0.07070311126817463,0.5714285714285714,0.07369313459420541,0.08270004651324335,0.8910893971795337,-0.07462349287380887,0.07070311126817463,0.5714285714285714,0.04345313459420542,0.08270004651324335,0.5254305943739338,-0.07743995878499521,0.039714048627900844,0.5510204081632653,0.023293134594205404,0.08270004651324334,0.28165805917020026,-0.07931379003419381,0.019544596638225276,0.5306122448979592,-0.027106865405794604,0.08270004651324334,-0.3277732788391334,-0.08398505083712426,-0.029217093792547888,0.5306122448979592
oi_surprise_60__csz,fold_2022,2022,0,-1,train_rank_ic,2015-01-05,2021-12-23,47861,7252,cs_rank_centered,-0.0038875291913216675,-0.007215244748559751,0.5289256198347108,-0.03259325805324801,242,7252,242,49,-1.014483164406756,0.6866602452457483,0.2024793388429752,-0.021441025739525596,0.09013324367910956,-0.23788143934838824,-0.0976480080772314,-0.02443508227254665,0.5510204081632653,-0.021441025739525596,0.09013324367910956,-0.23788143934838824,-0.0976480080772314,-0.02443508227254665,0.5510204081632653,-0.05168102573952559,0.09013324367910956,-0.5733847316481728,-0.10652631148250391,-0.052723828007638085,0.5306122448979592,-0.0718410257395256,0.09013324367910956,-0.7970535931813625,-0.11652007591104396,-0.07113491327233012,0.5102040816326531,-0.1222410257395256,0.09013324367910956,-1.3562257470143368,-0.14469406280607966,-0.11564272468989256,0.4897959183673469
oi_surprise_60__csz,fold_2023,2023,0,-1,train_rank_ic,2015-01-05,2022-12-22,55113,7259,cs_rank_centered,-0.002168351284994533,-0.004613964599786744,0.4793388429752066,-0.021287939997607093,242,7259,242,49,-1.0091538696729856,0.6889202260893051,0.2024793388429752,0.011100258767498683,0.06728314822214426,0.1649782904160445,-0.04625292207906517,0.008670520295751327,0.5510204081632653,0.011100258767498683,0.06728314822214426,0.1649782904160445,-0.04625292207906517,0.008670520295751327,0.5510204081632653,-0.019139741232501322,0.06728314822214426,-0.2844656015397633,-0.05696227943876231,-0.020557543724725735,0.5102040816326531,-0.03929974123250132,0.06728314822214426,-0.5840948628436352,-0.06960226122715618,-0.0395802903543816,0.5102040816326531,-0.08969974123250131,0.06728314822214426,-1.3331680161033146,-0.10795438532023671,-0.08556786310254971,0.46938775510204084
oi_surprise_60__csz,fold_2024,2024,0,-1,train_rank_ic,2015-01-05,2023-12-21,62372,7076,cs_rank_centered,-0.011093256026533632,-0.00794438710321984,0.4957627118644068,-0.03580925495645735,236,7076,236,48,-1.0155104542472655,0.6916131156204449,0.2033898305084746,0.04301246533716177,0.06704375591053902,0.6415581101177594,-0.038042110543380026,0.039600940849910504,0.6041666666666666,0.04301246533716177,0.06704375591053902,0.6415581101177594,-0.038042110543380026,0.039600940849910504,0.6041666666666666,0.012772465337161762,0.06704375591053902,0.19050939440512435,-0.04549687310073147,0.010100988858972038,0.5208333333333334,-0.007387534662838261,0.06704375591053902,-0.11018974940329931,-0.05160552865515511,-0.009108620449470584,0.5208333333333334,-0.05778753466283823,0.06704375591053902,-0.8619376089243572,-0.07601782458828843,-0.055581297923009254,0.4791666666666667
oi_surprise_60__missing,fold_2019,2019,0,1,train_rank_ic,2015-01-05,2018-12-20,26220,7092,cs_rank_centered,-0.06696831714953982,-0.0834315026509712,0.3888888888888889,-0.44328923602499337,18,7092,244,49,-0.011296894770414623,0.5189824089020854,0.20081967213114754,-0.03241810817535633,0.048797221133034994,-0.664343325759789,-0.07097341777373356,-0.032135144787394876,0.40816326530612246,-0.03241810817535633,0.048797221133034994,-0.664343325759789,-0.07097341777373356,-0.032135144787394876,0.40816326530612246,-0.06265810817535632,0.048797221133034994,-1.284050745523657,-0.0843003761167378,-0.060203517858708255,0.3673469387755102,-0.08281810817535634,0.048797221133034994,-1.6971890253662358,-0.0980079495837648,-0.07847113132312222,0.3469387755102041,-0.13321810817535634,0.048797221133034994,-2.730034724972682,-0.13609156441003734,-0.12263194827756674,0.32653061224489793
oi_surprise_60__missing,fold_2020,2020,0,1,train_rank_ic,2015-01-05,2019-12-23,33306,7268,cs_rank_centered,0.04873592933463022,0.09654377847490166,1.0,1.4999999999999998,3,7268,243,49,-0.0004544607967327252,0.5174273482105642,0.20164609053497942,-0.037013330323780395,0.06504129241590775,-0.5690743364553393,-0.08555292056774277,-0.037310640025554065,0.5918367346938775,-0.037013330323780395,0.06504129241590775,-0.5690743364553393,-0.08555292056774277,-0.037310640025554065,0.5918367346938775,-0.06725333032378035,0.06504129241590775,-1.0340097471269127,-0.10030118561389889,-0.0652324392523479,0.5510204081632653,-0.08741333032378042,0.06504129241590775,-1.3439666875746297,-0.1100058233871487,-0.08340460312313658,0.5510204081632653,-0.13781333032378038,0.06504129241590777,-2.118859038693919,-0.13438018719979006,-0.127334489397108,0.3673469387755102
oi_surprise_60__missing,fold_2021,2021,0,1,train_rank_ic,2015-01-05,2020-12-23,40574,7287,cs_rank_centered,,,,,0,7287,243,49,,,0.20164609053497942,0.09956031512754779,0.06364895006663829,1.5642098577166086,-0.03185982834243506,0.09942441508669186,0.6122448979591837,0.09956031512754779,0.06364895006663829,1.5642098577166086,-0.03185982834243506,0.09942441508669186,0.6122448979591837,0.0693203151275478,0.06364895006663829,1.0891038273996947,-0.0342001480954961,0.06762191977827103,0.5510204081632653,0.04916031512754779,0.06364895006663829,0.7723664738550851,-0.03702124342559965,0.04692275701568094,0.5102040816326531,-0.0012396848724521995,0.06364895006663829,-0.01947691000643831,-0.04591235930672988,-0.0031205136219883967,0.4897959183673469
oi_surprise_60__missing,fold_2022,2022,0,1,train_rank_ic,2015-01-05,2021-12-23,47861,7252,cs_rank_centered,,,,,0,7252,242,49,,,0.2024793388429752,-0.013131117549257876,0.05669772568975125,-0.23159866448807973,-0.054758892501525436,-0.014198288690814187,0.40816326530612246,-0.013131117549257876,0.05669772568975125,-0.23159866448807973,-0.054758892501525436,-0.014198288690814187,0.40816326530612246,-0.043371117549257876,0.05669772568975125,-0.7649533913685307,-0.06911526227657949,-0.04277650683091827,0.3877551020408163,-0.06353111754925791,0.05669772568975125,-1.1205232092888318,-0.07994725398837654,-0.06137610480533018,0.3673469387755102,-0.1139311175492579,0.05669772568975125,-2.0094477540895834,-0.11168280578626011,-0.10634002694384381,0.3469387755102041
oi_surprise_60__missing,fold_2023,2023,0,1,train_rank_ic,2015-01-05,2022-12-22,55113,7259,cs_rank_centered,,,,,0,7259,242,49,,,0.2024793388429752,-0.021702896790836226,0.04739479057379983,-0.45791734762583247,-0.04807116574478476,-0.021932085120865086,0.4489795918367347,-0.021702896790836226,0.04739479057379983,-0.45791734762583247,-0.04807116574478476,-0.021932085120865086,0.4489795918367347,-0.0519428967908362,0.04739479057379983,-1.095962154531612,-0.0624381958588166,-0.05029033188977017,0.40816326530612246,-0.07210289679083624,0.04739479057379983,-1.5213253591354663,-0.07845368247406326,-0.06874669820110146,0.40816326530612246,-0.12250289679083622,0.04739479057379983,-2.5847333706450994,-0.11806160337365712,-0.11336413546975632,0.32653061224489793
oi_surprise_60__missing,fold_2024,2024,0,1,train_rank_ic,2015-01-05,2023-12-21,62372,7076,cs_rank_centered,,,,,0,7076,236,48,,,0.2033898305084746,-0.01768121837238859,0.048704968501364534,-0.36302699532375693,-0.0352231758928232,-0.017788303737489963,0.5,-0.01768121837238859,0.048704968501364534,-0.36302699532375693,-0.0352231758928232,-0.017788303737489963,0.5,-0.04792121837238859,0.048704968501364534,-0.9839082099200209,-0.05925971736561253,-0.04569170810283241,0.4583333333333333,-0.06808121837238859,0.048704968501364534,-1.3978290196508638,-0.07495824865156164,-0.06386118905228433,0.4375,-0.11848121837238858,0.048704968501364534,-2.432631043977971,-0.11450033542034599,-0.10781586811375465,0.4166666666666667
volume_price_divergence_20__csz,fold_2019,2019,0,1,train_rank_ic,2015-01-05,2018-12-20,26220,7092,cs_rank_centered,0.016971468433306405,0.001443926112810219,0.5122950819672131,0.006126376114274361,244,7092,244,49,-0.997173665444431,0.6830741392121868,0.20081967213114754,0.1032244941335531,0.06082730194887198,1.697009251212849,-0.023310693536644056,0.10351476158905037,0.6122448979591837,0.1032244941335531,0.06082730194887198,1.697009251212849,-0.023310693536644056,0.10351476158905037,0.6122448979591837,0.07298449413355314,0.060827301948871995,1.1998640708229966,-0.025666531707197904,0.07159642759090179,0.5918367346938775,0.05282449413355311,0.06082730194887198,0.8684339505630947,-0.027234721096258352,0.050821830083653374,0.5714285714285714,0.0024244941335531114,0.06082730194887198,0.03985864991333999,-0.03192072848752592,0.0005960525682586759,0.4489795918367347
volume_price_divergence_20__csz,fold_2020,2020,0,1,train_rank_ic,2015-01-05,2019-12-23,33306,7268,cs_rank_centered,0.003497897636256917,0.015971032713702593,0.5020576131687243,0.05774590086154199,243,7268,243,49,-0.96803100843237,0.6751619543854755,0.20164609053497942,0.019297257850697677,0.12622575769589583,0.15287892267748393,-0.09161700986386045,0.011195226892293908,0.5918367346938775,0.019297257850697677,0.12622575769589583,0.15287892267748393,-0.09161700986386045,0.011195226892293908,0.5918367346938775,-0.010942742149302343,0.12622575769589583,-0.08669183175486016,-0.09493619742452974,-0.01810777272645292,0.5306122448979592,-0.031102742149302347,0.12622575769589583,-0.24640566804308944,-0.09714337016828478,-0.03717926422548978,0.5306122448979592,-0.08150274214930234,0.12622575769589583,-0.6456902587636626,-0.11638111160011066,-0.08328458980444031,0.4897959183673469
volume_price_divergence_20__csz,fold_2021,2021,0,1,train_rank_ic,2015-01-05,2020-12-23,40574,7287,cs_rank_centered,-0.025124775163494095,-0.01653211838032677,0.4732510288065844,-0.06327635821143136,243,7287,243,49,-1.0331162782682228,0.6854882268916709,0.20164609053497942,-0.020841148744568442,0.11864920691790681,-0.17565350233641597,-0.09441015897464122,-0.026630379001269522,0.5102040816326531,-0.020841148744568442,0.11864920691790681,-0.17565350233641597,-0.09441015897464122,-0.026630379001269522,0.5102040816326531,-0.05108114874456845,0.11864920691790681,-0.4305224625724757,-0.11541683287895177,-0.05485835762278257,0.5102040816326531,-0.07124114874456847,0.11864920691790681,-0.6004351027298489,-0.12915670347868302,-0.07322984909218055,0.4897959183673469,-0.12164114874456848,0.11864920691790681,-1.0252167031232817,-0.1626029692733506,-0.11764179331503122,0.46938775510204084
volume_price_divergence_20__csz,fold_2022,2022,0,1,train_rank_ic,2015-01-05,2021-12-23,47861,7252,cs_rank_centered,-0.046049336962940744,-0.04067197555926636,0.41735537190082644,-0.1654159759286432,242,7252,242,49,-1.0814002360179304,0.6963446808626261,0.2024793388429752,-0.15018937643770153,0.09596348411424528,-1.565067982097231,-0.15014145601346562,-0.13985891725651856,0.3877551020408163,-0.15018937643770153,0.09596348411424528,-1.565067982097231,-0.15014145601346562,-0.13985891725651856,0.3877551020408163,-0.18042937643770157,0.09596348411424528,-1.8801878454402405,-0.16905455497500044,-0.16486420545943792,0.3877551020408163,-0.2005893764377015,0.09596348411424528,-2.090267754335579,-0.18296247425417145,-0.18113731492111496,0.3877551020408163,-0.25098937643770153,0.09596348411424528,-2.6154675265739282,-0.21674561887600885,-0.2204732759951239,0.3469387755102041
volume_price_divergence_20__csz,fold_2023,2023,0,1,train_rank_ic,2015-01-05,2022-12-22,55113,7259,cs_rank_centered,0.007210225301913323,-0.0039132436506621035,0.49173553719008267,-0.016450984732067978,242,7259,242,49,-1.007740723691716,0.6810197227562591,0.2024793388429752,0.005700970836333673,0.0672164933814845,0.08481505876806222,-0.039544617158866036,0.003397143912970302,0.46938775510204084,0.005700970836333673,0.0672164933814845,0.08481505876806222,-0.039544617158866036,0.003397143912970302,0.46938775510204084,-0.024539029163666307,0.0672164933814845,-0.36507452158201764,-0.046076391140351225,-0.025681174767040793,0.42857142857142855,-0.04469902916366632,0.0672164933814845,-0.6650009084820713,-0.05432743872002177,-0.04460641274713417,0.42857142857142855,-0.09509902916366633,0.0672164933814845,-1.4148168757322053,-0.07681690739099012,-0.09035809415557916,0.3469387755102041
volume_price_divergence_20__csz,fold_2024,2024,0,1,train_rank_ic,2015-01-05,2023-12-21,62372,7076,cs_rank_centered,-0.015702638288942146,-0.007820608138713277,0.4830508474576271,-0.02920688846626729,236,7076,236,48,-1.015263578701326,0.6862713671742736,0.2033898305084746,-0.12158876868956743,0.10014941514030931,-1.214073677007715,-0.1603107608144363,-0.11373863115013705,0.4583333333333333,-0.12158876868956743,0.10014941514030931,-1.214073677007715,-0.1603107608144363,-0.11373863115013705,0.4583333333333333,-0.15182876868956743,0.10014941514030931,-1.5160225197207131,-0.17657385235370504,-0.13897139962328697,0.3958333333333333,-0.17198876868956745,0.10014941514030931,-1.717321748196045,-0.1884132213419316,-0.15540101910923132,0.3958333333333333,-0.2223887686895675,0.10014941514030931,-2.220569819384376,-0.21729221042674474,-0.1951438169326667,0.3333333333333333
volume_price_divergence_20__missing,fold_2019,2019,0,1,train_rank_ic,2015-01-05,2018-12-20,26220,7092,cs_rank_centered,-0.06696831714953982,-0.0834315026509712,0.3888888888888889,-0.44328923602499337,18,7092,244,49,-0.011296894770414623,0.5189824089020854,0.20081967213114754,-0.03241810817535633,0.048797221133034994,-0.664343325759789,-0.07097341777373356,-0.032135144787394876,0.40816326530612246,-0.03241810817535633,0.048797221133034994,-0.664343325759789,-0.07097341777373356,-0.032135144787394876,0.40816326530612246,-0.06265810817535632,0.048797221133034994,-1.284050745523657,-0.0843003761167378,-0.060203517858708255,0.3673469387755102,-0.08281810817535634,0.048797221133034994,-1.6971890253662358,-0.0980079495837648,-0.07847113132312222,0.3469387755102041,-0.13321810817535634,0.048797221133034994,-2.730034724972682,-0.13609156441003734,-0.12263194827756674,0.32653061224489793
volume_price_divergence_20__missing,fold_2020,2020,0,1,train_rank_ic,2015-01-05,2019-12-23,33306,7268,cs_rank_centered,0.026513531218440366,0.06436251898326777,1.0,1.414213562373095,2,7268,243,49,-0.00046823233602788505,0.5174368371369871,0.20164609053497942,-0.037013330323780395,0.06504129241590775,-0.5690743364553393,-0.08555292056774277,-0.037310640025554065,0.5918367346938775,-0.037013330323780395,0.06504129241590775,-0.5690743364553393,-0.08555292056774277,-0.037310640025554065,0.5918367346938775,-0.06725333032378035,0.06504129241590775,-1.0340097471269127,-0.10030118561389889,-0.0652324392523479,0.5510204081632653,-0.08741333032378042,0.06504129241590775,-1.3439666875746297,-0.1100058233871487,-0.08340460312313658,0.5510204081632653,-0.13781333032378038,0.06504129241590777,-2.118859038693919,-0.13438018719979006,-0.127334489397108,0.3673469387755102
volume_price_divergence_20__missing,fold_2021,2021,0,1,train_rank_ic,2015-01-05,2020-12-23,40574,7287,cs_rank_centered,,,,,0,7287,243,49,,,0.20164609053497942,0.09956031512754779,0.06364895006663829,1.5642098577166086,-0.03185982834243506,0.09942441508669186,0.6122448979591837,0.09956031512754779,0.06364895006663829,1.5642098577166086,-0.03185982834243506,0.09942441508669186,0.6122448979591837,0.0693203151275478,0.06364895006663829,1.0891038273996947,-0.0342001480954961,0.06762191977827103,0.5510204081632653,0.04916031512754779,0.06364895006663829,0.7723664738550851,-0.03702124342559965,0.04692275701568094,0.5102040816326531,-0.0012396848724521995,0.06364895006663829,-0.01947691000643831,-0.04591235930672988,-0.0031205136219883967,0.4897959183673469
volume_price_divergence_20__missing,fold_2022,2022,0,1,train_rank_ic,2015-01-05,2021-12-23,47861,7252,cs_rank_centered,0.39724882348112595,0.289631335424705,1.0,,1,7252,242,49,0.0003450911474458529,0.5171177511078989,0.2024793388429752,-0.013131117549257876,0.05669772568975125,-0.23159866448807973,-0.054758892501525436,-0.014198288690814187,0.40816326530612246,-0.013131117549257876,0.05669772568975125,-0.23159866448807973,-0.054758892501525436,-0.014198288690814187,0.40816326530612246,-0.043371117549257876,0.05669772568975125,-0.7649533913685307,-0.06911526227657949,-0.04277650683091827,0.3877551020408163,-0.06353111754925791,0.05669772568975125,-1.1205232092888318,-0.07994725398837654,-0.06137610480533018,0.3673469387755102,-0.1139311175492579,0.05669772568975125,-2.0094477540895834,-0.11168280578626011,-0.10634002694384381,0.3469387755102041
volume_price_divergence_20__missing,fold_2023,2023,0,1,train_rank_ic,2015-01-05,2022-12-22,55113,7259,cs_rank_centered,,,,,0,7259,242,49,,,0.2024793388429752,-0.021702896790836226,0.04739479057379983,-0.45791734762583247,-0.04807116574478476,-0.021932085120865086,0.4489795918367347,-0.021702896790836226,0.04739479057379983,-0.45791734762583247,-0.04807116574478476,-0.021932085120865086,0.4489795918367347,-0.0519428967908362,0.04739479057379983,-1.095962154531612,-0.0624381958588166,-0.05029033188977017,0.40816326530612246,-0.07210289679083624,0.04739479057379983,-1.5213253591354663,-0.07845368247406326,-0.06874669820110146,0.40816326530612246,-0.12250289679083622,0.04739479057379983,-2.5847333706450994,-0.11806160337365712,-0.11336413546975632,0.32653061224489793
volume_price_divergence_20__missing,fold_2024,2024,0,1,train_rank_ic,2015-01-05,2023-12-21,62372,7076,cs_rank_centered,,,,,0,7076,236,48,,,0.2033898305084746,-0.01768121837238859,0.048704968501364534,-0.36302699532375693,-0.0352231758928232,-0.017788303737489963,0.5,-0.01768121837238859,0.048704968501364534,-0.36302699532375693,-0.0352231758928232,-0.017788303737489963,0.5,-0.04792121837238859,0.048704968501364534,-0.9839082099200209,-0.05925971736561253,-0.04569170810283241,0.4583333333333333,-0.06808121837238859,0.048704968501364534,-1.3978290196508638,-0.07495824865156164,-0.06386118905228433,0.4375,-0.11848121837238858,0.048704968501364534,-2.432631043977971,-0.11450033542034599,-0.10781586811375465,0.4166666666666667
momentum_carry_interaction__csz,fold_2019,2019,0,-1,train_rank_ic,2015-01-05,2018-12-20,26220,7092,cs_rank_centered,-0.006384855459710504,-0.0006759243688494964,0.5081967213114754,-0.0030087803249217986,244,7092,244,49,-1.0005861383341372,0.6762892149704878,0.20081967213114754,-0.05976501407461338,0.06342631142658893,-0.94227478676238,-0.09755260451852288,-0.058288203715181064,0.3877551020408163,-0.05976501407461338,0.06342631142658893,-0.94227478676238,-0.09755260451852288,-0.058288203715181064,0.3877551020408163,-0.0900050140746134,0.06342631142658893,-1.4190485312832242,-0.10891074021263547,-0.08561361075891172,0.3469387755102041,-0.11016501407461339,0.06342631142658893,-1.7368976942971202,-0.11687544080951673,-0.10339743696486237,0.3469387755102041,-0.16056501407461338,0.06342631142658893,-2.53152060183186,-0.14052014309987593,-0.14638789999381385,0.2653061224489796
momentum_carry_interaction__csz,fold_2020,2020,0,-1,train_rank_ic,2015-01-05,2019-12-23,33306,7268,cs_rank_centered,0.0008524263649074018,0.0017227886607629724,0.5061728395061729,0.007419897625618101,243,7268,243,49,-0.9935518510761239,0.6776970262608298,0.20164609053497942,0.019889844439658088,0.09289386582006236,0.21411364748437958,-0.0720224743055401,0.01532585100529249,0.5918367346938775,0.019889844439658088,0.09289386582006236,0.21411364748437958,-0.0720224743055401,0.01532585100529249,0.5918367346938775,-0.01035015556034193,0.09289386582006236,-0.11141914989726479,-0.08038221068457796,-0.014092345187538324,0.5510204081632653,-0.03051015556034193,0.09289386582006236,-0.3284410148183609,-0.08591626261611385,-0.03323888109228923,0.5306122448979592,-0.08091015556034192,0.09289386582006236,-0.8709956771211012,-0.10197196432736966,-0.07952586288065766,0.4897959183673469
momentum_carry_interaction__csz,fold_2021,2021,0,-1,train_rank_ic,2015-01-05,2020-12-23,40574,7287,cs_rank_centered,-0.04976478000309634,-0.050271434316906796,0.4156378600823045,-0.20375893078537397,243,7287,243,49,-1.099354894229819,0.6989773947937518,0.20164609053497942,-0.08572337069031483,0.09483634330105749,-0.9039084353788971,-0.14461820768147393,-0.08396944797584938,0.42857142857142855,-0.08572337069031483,0.09483634330105749,-0.9039084353788971,-0.14461820768147393,-0.08396944797584938,0.42857142857142855,-0.11596337069031482,0.09483634330105749,-1.222773534426456,-0.15895269736095874,-0.11056572739706083,0.40816326530612246,-0.1361233706903148,0.09483634330105749,-1.4353502671248286,-0.16838003523218292,-0.1278747705018637,0.3877551020408163,-0.18652337069031477,0.09483634330105749,-1.9667920988707603,-0.1915047213900114,-0.16971663905964451,0.32653061224489793
momentum_carry_interaction__csz,fold_2022,2022,0,1,train_rank_ic,2015-01-05,2021-12-23,47861,7252,cs_rank_centered,0.02740493995387595,0.026620184305647294,0.5371900826446281,0.1391185727490679,242,7252,242,49,-0.945675944068904,0.6681296003956102,0.2024793388429752,0.019769608882708265,0.07472367396809206,0.26456955115925024,-0.053836794894757234,0.016693354139611483,0.5306122448979592,0.019769608882708265,0.07472367396809206,0.26456955115925024,-0.053836794894757234,0.016693354139611483,0.5306122448979592,-0.01047039111729174,0.07472367396809206,-0.14012147103155995,-0.07742096975588064,-0.012762791009231833,0.4897959183673469,-0.03063039111729175,0.07472367396809206,-0.4099154858254336,-0.09282390100631355,-0.031934051609906366,0.4897959183673469,-0.08103039111729174,0.07472367396809206,-1.0844005228101168,-0.13024123247139663,-0.07828089326617704,0.42857142857142855
momentum_carry_interaction__csz,fold_2023,2023,0,1,train_rank_ic,2015-01-05,2022-12-22,55113,7259,cs_rank_centered,0.025391812894064312,0.01041307076412946,0.5,0.04853313468220157,242,7259,242,49,-0.9777657157806134,0.6711973653226129,0.2024793388429752,0.058426904039427276,0.0714381000933642,0.817867551951518,-0.053203111613438825,0.055848102415784195,0.6122448979591837,0.058426904039427276,0.0714381000933642,0.817867551951518,-0.053203111613438825,0.055848102415784195,0.6122448979591837,0.02818690403942728,0.0714381000933642,0.39456402119582035,-0.05607127064013617,0.0252809366505673,0.4897959183673469,0.008026904039427253,0.0714381000933642,0.1123616673586881,-0.060773867059404574,0.005386207348126559,0.46938775510204084,-0.04237309596057273,0.0714381000933642,-0.5931442172341412,-0.07574807178866794,-0.0427108818521883,0.4489795918367347
momentum_carry_interaction__csz,fold_2024,2024,0,1,train_rank_ic,2015-01-05,2023-12-21,62372,7076,cs_rank_centered,-0.027672997409518826,-0.027050664235109607,0.4025423728813559,-0.15013027773271406,236,7076,236,48,-1.0534477503167823,0.6905872169122398,0.2033898305084746,-0.0675854965053171,0.055541238889365956,-1.2168525199796576,-0.07744989184741757,-0.0637356107286361,0.4375,-0.0675854965053171,0.055541238889365956,-1.2168525199796576,-0.07744989184741757,-0.0637356107286361,0.4375,-0.0978254965053171,0.055541238889365956,-1.7613128273962033,-0.09829652992870985,-0.090360086650075,0.3958333333333333,-0.11798549650531712,0.055541238889365956,-2.124286365673901,-0.11193870909540138,-0.10769637423099554,0.3958333333333333,-0.1683854965053171,0.055541238889365956,-3.0317202113681434,-0.14517088043154092,-0.1496340497773594,0.375
momentum_carry_interaction__missing,fold_2019,2019,0,-1,train_rank_ic,2015-01-05,2018-12-20,26220,7092,cs_rank_centered,0.031154194532907645,0.04313620554647577,0.52,0.27205235735375294,50,7092,244,49,-0.014801733519275606,0.5203417425299293,0.20081967213114754,-0.043119431354130766,0.05093953470697467,-0.8464826308715151,-0.08381139120980918,-0.04225844492675379,0.42857142857142855,-0.043119431354130766,0.05093953470697467,-0.8464826308715151,-0.08381139120980918,-0.04225844492675379,0.42857142857142855,-0.07335943135413076,0.05093953470697467,-1.4401276292790002,-0.09696179446596831,-0.07003917182013009,0.3877551020408163,-0.09351943135413078,0.05093953470697467,-1.8358909615506571,-0.10745175243979688,-0.08811948349863286,0.3673469387755102,-0.14391943135413077,0.05093953470697467,-2.825299292229799,-0.14514574528873647,-0.131827192484277,0.3469387755102041
momentum_carry_interaction__missing,fold_2020,2020,0,-1,train_rank_ic,2015-01-05,2019-12-23,33306,7268,cs_rank_centered,-0.02497382477201383,-0.026619606259202414,0.47619047619047616,-0.19393120346713125,42,7268,243,49,-0.019714952996693125,0.5215509773242774,0.20164609053497942,-0.04187040974219966,0.06418934967263941,-0.6522952788232851,-0.09033534911710794,-0.0417995908646116,0.5714285714285714,-0.04187040974219966,0.06418934967263941,-0.6522952788232851,-0.09033534911710794,-0.0417995908646116,0.5714285714285714,-0.07211040974219964,0.06418934967263941,-1.1234014694019647,-0.10554626710028603,-0.06959377668825939,0.5306122448979592,-0.09227040974219966,0.0641893496726394,-1.4374722631210854,-0.11555030314425574,-0.08768284564035134,0.5306122448979592,-0.14267040974219966,0.06418934967263941,-2.222649247418886,-0.14009061986361693,-0.13141171754810432,0.3673469387755102
momentum_carry_interaction__missing,fold_2021,2021,0,-1,train_rank_ic,2015-01-05,2020-12-23,40574,7287,cs_rank_centered,,,,,0,7287,243,49,,,0.20164609053497942,0.09956031512754779,0.06364895006663829,1.5642098577166086,-0.03185982834243506,0.09942441508669186,0.6122448979591837,0.09956031512754779,0.06364895006663829,1.5642098577166086,-0.03185982834243506,0.09942441508669186,0.6122448979591837,0.0693203151275478,0.06364895006663829,1.0891038273996947,-0.0342001480954961,0.06762191977827103,0.5510204081632653,0.04916031512754779,0.06364895006663829,0.7723664738550851,-0.03702124342559965,0.04692275701568094,0.5102040816326531,-0.0012396848724521995,0.06364895006663829,-0.01947691000643831,-0.04591235930672988,-0.0031205136219883967,0.4897959183673469
momentum_carry_interaction__missing,fold_2022,2022,0,-1,train_rank_ic,2015-01-05,2021-12-23,47861,7252,cs_rank_centered,,,,,0,7252,242,49,,,0.2024793388429752,-0.013131117549257876,0.05669772568975125,-0.23159866448807973,-0.054758892501525436,-0.014198288690814187,0.40816326530612246,-0.013131117549257876,0.05669772568975125,-0.23159866448807973,-0.054758892501525436,-0.014198288690814187,0.40816326530612246,-0.043371117549257876,0.05669772568975125,-0.7649533913685307,-0.06911526227657949,-0.04277650683091827,0.3877551020408163,-0.06353111754925791,0.05669772568975125,-1.1205232092888318,-0.07994725398837654,-0.06137610480533018,0.3673469387755102,-0.1139311175492579,0.05669772568975125,-2.0094477540895834,-0.11168280578626011,-0.10634002694384381,0.3469387755102041
momentum_carry_interaction__missing,fold_2023,2023,0,-1,train_rank_ic,2015-01-05,2022-12-22,55113,7259,cs_rank_centered,,,,,0,7259,242,49,,,0.2024793388429752,-0.021702896790836226,0.04739479057379983,-0.45791734762583247,-0.04807116574478476,-0.021932085120865086,0.4489795918367347,-0.021702896790836226,0.04739479057379983,-0.45791734762583247,-0.04807116574478476,-0.021932085120865086,0.4489795918367347,-0.0519428967908362,0.04739479057379983,-1.095962154531612,-0.0624381958588166,-0.05029033188977017,0.40816326530612246,-0.07210289679083624,0.04739479057379983,-1.5213253591354663,-0.07845368247406326,-0.06874669820110146,0.40816326530612246,-0.12250289679083622,0.04739479057379983,-2.5847333706450994,-0.11806160337365712,-0.11336413546975632,0.32653061224489793
momentum_carry_interaction__missing,fold_2024,2024,0,-1,train_rank_ic,2015-01-05,2023-12-21,62372,7076,cs_rank_centered,,,,,0,7076,236,48,,,0.2033898305084746,-0.01768121837238859,0.048704968501364534,-0.36302699532375693,-0.0352231758928232,-0.017788303737489963,0.5,-0.01768121837238859,0.048704968501364534,-0.36302699532375693,-0.0352231758928232,-0.017788303737489963,0.5,-0.04792121837238859,0.048704968501364534,-0.9839082099200209,-0.05925971736561253,-0.04569170810283241,0.4583333333333333,-0.06808121837238859,0.048704968501364534,-1.3978290196508638,-0.07495824865156164,-0.06386118905228433,0.4375,-0.11848121837238858,0.048704968501364534,-2.432631043977971,-0.11450033542034599,-0.10781586811375465,0.4166666666666667
nonlinear_tightness__csz,fold_2019,2019,1,1,catalog,2015-01-05,2018-12-20,26220,7092,cs_rank_centered,0.017050816489176394,0.00961416342426517,0.4854771784232365,0.044027749757005956,241,7092,244,49,-0.9631082027936477,0.6847078915801323,0.20081967213114754,-0.006646342354921712,0.07204611745101534,-0.09225122171837513,-0.09556235560902093,-0.008916564206597033,0.4897959183673469,-0.006646342354921712,0.07204611745101534,-0.09225122171837513,-0.09556235560902093,-0.008916564206597033,0.4897959183673469,-0.03688634235492172,0.07204611745101534,-0.5119823754555686,-0.10619701500426448,-0.03764537982547611,0.42857142857142855,-0.05704634235492171,0.07204611745101534,-0.7918031446136972,-0.11477854313497471,-0.056343031761055484,0.42857142857142855,-0.10744634235492172,0.07204611745101534,-1.4913550675090195,-0.1422581415853046,-0.10154413219774527,0.3673469387755102
nonlinear_tightness__csz,fold_2020,2020,1,1,catalog,2015-01-05,2019-12-23,33306,7268,cs_rank_centered,0.06000235631992814,0.07304449098836864,0.6234309623430963,0.37487277059906937,239,7268,243,49,-0.8336008620288002,0.6569828376950764,0.20164609053497942,0.09369286503301277,0.0695771277420458,1.3466043809738029,-0.02282648361593531,0.09276789094757953,0.6122448979591837,0.09369286503301277,0.0695771277420458,1.3466043809738029,-0.02282648361593531,0.09276789094757953,0.6122448979591837,0.0634528650330128,0.0695771277420458,0.9119787937820826,-0.025227085798058546,0.06115383954581599,0.5714285714285714,0.04329286503301279,0.0695771277420458,0.6222284023209353,-0.029129239801369278,0.040577393480975,0.5510204081632653,-0.007107134966987219,0.0695771277420458,-0.10214757633193217,-0.041506289054445755,-0.009168972692554567,0.5102040816326531
nonlinear_tightness__csz,fold_2021,2021,1,1,catalog,2015-01-05,2020-12-23,40574,7287,cs_rank_centered,0.011444581421054227,0.0224664783132769,0.5477178423236515,0.09745726879793935,241,7287,243,49,-0.9424870835882315,0.6751952495198615,0.20164609053497942,0.030179194157422748,0.10311796787495948,0.29266668825376724,-0.07729724658673587,0.02453583175932672,0.5714285714285714,0.030179194157422748,0.10311796787495948,0.29266668825376724,-0.07729724658673587,0.02453583175932672,0.5714285714285714,-6.080584257724992e-05,0.10311796787495948,-0.0005896726228253732,-0.08286438504412252,-0.005144413209593912,0.5510204081632653,-0.020220805842577266,0.10311796787495948,-0.1960939132072206,-0.08655899772194853,-0.02446157758670431,0.5510204081632653,-0.07062080584257727,0.10311796787495948,-0.6848545146682082,-0.09573699982712602,-0.0711613139117343,0.5102040816326531
nonlinear_tightness__csz,fold_2022,2022,1,1,catalog,2015-01-05,2021-12-23,47861,7252,cs_rank_centered,0.03250098185374257,0.031239726515582,0.5583333333333333,0.14406479595543942,240,7252,242,49,-0.9249328215523629,0.6735617692690176,0.2024793388429752,0.09842888225039986,0.06875756693210627,1.431535271566432,-0.03718995870715425,0.09784754033094689,0.5918367346938775,0.09842888225039986,0.06875756693210627,1.431535271566432,-0.03718995870715425,0.09784754033094689,0.5918367346938775,0.06818888225039987,0.06875756693210627,0.991729133140096,-0.043402523736064125,0.06608951528965501,0.5306122448979592,0.04802888225039987,0.06875756693210627,0.6985250408558719,-0.04762027561662807,0.04541931468825511,0.5306122448979592,-0.0023711177496001244,0.06875756693210627,-0.034485189854688326,-0.05809079619020818,-0.004553875111117267,0.5102040816326531
nonlinear_tightness__csz,fold_2023,2023,1,1,catalog,2015-01-05,2022-12-22,55113,7259,cs_rank_centered,0.00541274937806709,-0.006395197595700705,0.4625,-0.02984364920551203,240,7259,242,49,-0.9998668485232349,0.6809823986123563,0.2024793388429752,0.04615359867990771,0.06633840695328876,0.6957296805816593,-0.06861058800806408,0.043692817891026525,0.40816326530612246,0.04615359867990771,0.06633840695328876,0.6957296805816593,-0.06861058800806408,0.043692817891026525,0.40816326530612246,0.015913598679907725,0.06633840695328876,0.23988514965565969,-0.07865797944970121,0.013470725437160436,0.3877551020408163,-0.004246401320092297,0.06633840695328876,-0.06401120429500726,-0.08529927599815168,-0.0061993033705678435,0.3673469387755102,-0.054646401320092276,0.06633840695328876,-0.8237520891716734,-0.10170526641671929,-0.05375279584767845,0.3469387755102041
nonlinear_tightness__csz,fold_2024,2024,1,1,catalog,2015-01-05,2023-12-21,62372,7076,cs_rank_centered,-0.009443435832729578,-0.012538253635526046,0.46551724137931033,-0.06393659902647683,232,7076,236,48,-0.5979455657152482,0.6218794377699662,0.2033898305084746,-0.02674994912638196,0.05019093190744794,-0.5329637866798101,-0.04141028942519642,-0.026303952667759423,0.5,-0.02674994912638196,0.05019093190744794,-0.5329637866798101,-0.04141028942519642,-0.026303952667759423,0.5,-0.056989949126381965,0.05019093190744794,-1.135463059970104,-0.06079741483777257,-0.05397042311884248,0.3958333333333333,-0.07714994912638196,0.05019093190744794,-1.537129242163633,-0.07351016344793027,-0.07198554543524915,0.375,-0.12754994912638196,0.05019093190744794,-2.5412946976474564,-0.10877767447546072,-0.11556654649033637,0.3333333333333333
nonlinear_tightness__missing,fold_2019,2019,1,1,catalog,2015-01-05,2018-12-20,26220,7092,cs_rank_centered,0.05307598542607093,0.04946850173804371,0.5726141078838174,0.21886461597319667,241,7092,244,49,-0.2675241352621174,0.5520354862765933,0.20081967213114754,0.060632314036926545,0.06643852215261317,0.912607807525438,-0.05813324640438988,0.05845718621511775,0.5714285714285714,0.060632314036926545,0.06643852215261317,0.912607807525438,-0.05813324640438988,0.05845718621511775,0.5714285714285714,0.030392314036926566,0.06643852215261317,0.4574501817953392,-0.0654874474820204,0.027816208342362314,0.5510204081632653,0.010232314036926557,0.06643852215261317,0.15401176464193972,-0.07036076162744564,0.00787341101655148,0.5102040816326531,-0.04016768596307342,0.06643852215261317,-0.6045842782415585,-0.09418091684159591,-0.04033997804983558,0.4897959183673469
nonlinear_tightness__missing,fold_2020,2020,1,1,catalog,2015-01-05,2019-12-23,33306,7268,cs_rank_centered,-0.017996704515636106,-0.017661959584674734,0.5062761506276151,-0.087378449803005,239,7268,243,49,-0.3673021881142027,0.5699911569732514,0.20164609053497942,-0.032929624345977127,0.09206076656451456,-0.35769444004032525,-0.10221069485619727,-0.03540082442400805,0.5510204081632653,-0.032929624345977127,0.09206076656451456,-0.35769444004032525,-0.10221069485619727,-0.03540082442400805,0.5510204081632653,-0.06316962434597712,0.09206076656451455,-0.6861731300239496,-0.11820671254038384,-0.06337800386543124,0.5102040816326531,-0.08332962434597711,0.09206076656451456,-0.9051589233463659,-0.12877173636473627,-0.08158621138497113,0.4897959183673469,-0.13372962434597713,0.09206076656451456,-1.4526234066524069,-0.15465173786250164,-0.12560323352342018,0.4489795918367347
nonlinear_tightness__missing,fold_2021,2021,1,1,catalog,2015-01-05,2020-12-23,40574,7287,cs_rank_centered,0.01608080430308477,0.02510657890692565,0.5352697095435685,0.11846507358002892,241,7287,243,49,-0.23917376164566728,0.5459776875074784,0.20164609053497942,0.05708543529334323,0.09363030503146046,0.6096897289201624,-0.10920389992656421,0.052634308245352646,0.5510204081632653,0.05708543529334323,0.09363030503146046,0.6096897289201624,-0.10920389992656421,0.052634308245352646,0.5510204081632653,0.026845435293343236,0.09363030503146046,0.28671737515244644,-0.11193553459478667,0.022157239833094478,0.5102040816326531,0.006685435293343248,0.09363030503146046,0.0714024726406359,-0.1137528984510141,0.0023211966711524923,0.5102040816326531,-0.04371456470665674,0.09363030503146046,-0.46688478363889063,-0.11828329404875282,-0.045633859093322404,0.4489795918367347
nonlinear_tightness__missing,fold_2022,2022,1,1,catalog,2015-01-05,2021-12-23,47861,7252,cs_rank_centered,0.04896002524571148,0.04244004958898603,0.5541666666666667,0.20417168815708248,240,7252,242,49,-0.18403531539790863,0.5363514464499686,0.2024793388429752,0.06478441318726276,0.08765254960735212,0.7391047205982104,-0.03892631317088702,0.06109000955666155,0.5102040816326531,0.06478441318726276,0.08765254960735212,0.7391047205982104,-0.03892631317088702,0.06109000955666155,0.5102040816326531,0.03454441318726279,0.08765254960735212,0.394106199329144,-0.04601306978109454,0.030373396162682864,0.4897959183673469,0.014384413187262768,0.08765254960735211,0.16410718514976586,-0.056420517224767486,0.01038136132094225,0.46938775510204084,-0.03601558681273723,0.08765254960735212,-0.41089035029867876,-0.08345954443213943,-0.03795109667752883,0.4489795918367347
nonlinear_tightness__missing,fold_2023,2023,1,1,catalog,2015-01-05,2022-12-22,55113,7259,cs_rank_centered,0.0606679356829335,0.055803535773149046,0.5791666666666667,0.27192083456512606,240,7259,242,49,-0.16852469463126618,0.534784744875904,0.2024793388429752,0.018217018974515265,0.047441885284736474,0.3839859833811505,-0.05753550883149927,0.016777304297042495,0.5102040816326531,0.018217018974515265,0.047441885284736474,0.3839859833811505,-0.05753550883149927,0.016777304297042495,0.5102040816326531,-0.012022981025484715,0.047441885284736474,-0.25342544785742066,-0.06479868426420432,-0.012680277137228635,0.42857142857142855,-0.03218298102548474,0.047441885284736474,-0.678366402016469,-0.06967514957831511,-0.031852487729332024,0.42857142857142855,-0.08258298102548474,0.047441885284736474,-1.7407187874140881,-0.09504235169640707,-0.07820167725022487,0.40816326530612246
nonlinear_tightness__missing,fold_2024,2024,1,1,catalog,2015-01-05,2023-12-21,62372,7076,cs_rank_centered,-0.06905674287472624,-0.07697076550598787,0.3706896551724138,-0.2903774400372644,232,7076,236,48,-0.676081129382323,0.640287136125424,0.2033898305084746,-0.10633881144371886,0.04851627955020885,-2.191817106125589,-0.10774307305626396,-0.09740804074161058,0.4166666666666667,-0.10633881144371886,0.04851627955020885,-2.191817106125589,-0.10774307305626396,-0.09740804074161058,0.4166666666666667,-0.13657881144371883,0.04851627955020885,-2.815113044733269,-0.13157878526556044,-0.12309410978793733,0.4166666666666667,-0.15673881144371885,0.04851627955020887,-3.230643670471721,-0.14712217663210903,-0.13981906369256403,0.4166666666666667,-0.20713881144371885,0.04851627955020885,-4.269470234817854,-0.1848002610667009,-0.18027687502707967,0.3125
correlation_risk_20_120__csz,fold_2019,2019,-1,-1,catalog,2015-01-05,2018-12-20,26220,7092,cs_rank_centered,-0.0307441091191099,-0.039235326706923,0.4180327868852459,-0.17193449641432162,244,7092,244,49,-1.0781801838271052,0.7107169071888911,0.20081967213114754,-0.03437134067348339,0.08351053083850885,-0.41158091474654934,-0.0808399847471587,-0.03613972323446013,0.5102040816326531,-0.03437134067348339,0.08351053083850885,-0.41158091474654934,-0.0808399847471587,-0.03613972323446013,0.5102040816326531,-0.06461134067348338,0.08351053083850885,-0.7736909348406327,-0.08510834204180162,-0.06409559000993303,0.46938775510204084,-0.08477134067348337,0.08351053083850885,-1.0150976149033548,-0.09533322743628103,-0.0822899246883837,0.46938775510204084,-0.13517134067348338,0.08351053083850885,-1.6186143150601604,-0.12041565986186797,-0.12627340333481996,0.42857142857142855
correlation_risk_20_120__csz,fold_2020,2020,-1,-1,catalog,2015-01-05,2019-12-23,33306,7268,cs_rank_centered,-0.012314760995452695,-0.017571505810767968,0.45267489711934156,-0.07866941761325214,243,7268,243,49,-1.0358065617691037,0.6968570639835798,0.20164609053497942,0.021225273874717114,0.08534350631132383,0.24870402907152214,-0.06351444781655902,0.017264511121843462,0.5714285714285714,0.021225273874717114,0.08534350631132383,0.24870402907152214,-0.06351444781655902,0.017264511121843462,0.5714285714285714,-0.009014726125282903,0.08534350631132383,-0.10562872929544471,-0.0718050830175303,-0.012208382178555244,0.5510204081632653,-0.029174726125282904,0.08534350631132383,-0.3418505682067559,-0.08327437714932118,-0.031390540344840345,0.5306122448979592,-0.07957472612528291,0.08534350631132383,-0.9324051654850337,-0.11135081562843463,-0.07776371753097178,0.4897959183673469
correlation_risk_20_120__csz,fold_2021,2021,-1,-1,catalog,2015-01-05,2020-12-23,40574,7287,cs_rank_centered,-0.009474454323906268,-0.018156434750148654,0.4567901234567901,-0.06130095062931075,243,7287,243,49,-1.036343116665221,0.6930250983430241,0.20164609053497942,-0.009955767053618348,0.1298774576109007,-0.07665508115692246,-0.10279522112676853,-0.017429305164844755,0.4489795918367347,-0.009955767053618348,0.1298774576109007,-0.07665508115692246,-0.10279522112676853,-0.017429305164844755,0.4489795918367347,-0.040195767053618346,0.1298774576109007,-0.30948994377485173,-0.12150412790457121,-0.04591931776473024,0.42857142857142855,-0.06035576705361835,0.1298774576109007,-0.4647131855201381,-0.13376559940849286,-0.06446142429649959,0.42857142857142855,-0.11075576705361834,0.1298774576109007,-0.8527712898833535,-0.1636964394231828,-0.10928607790224532,0.3877551020408163
correlation_risk_20_120__csz,fold_2022,2022,-1,-1,catalog,2015-01-05,2021-12-23,47861,7252,cs_rank_centered,-0.04232360204310197,-0.03738677671984037,0.4214876033057851,-0.1596826851384442,242,7252,242,49,-1.0746563427414855,0.7068571537255562,0.2024793388429752,-0.11246721751831042,0.0830383254648376,-1.354401318773395,-0.1264831040910056,-0.10663484435961212,0.3877551020408163,-0.11246721751831042,0.0830383254648376,-1.354401318773395,-0.1264831040910056,-0.10663484435961212,0.3877551020408163,-0.1427072175183104,0.0830383254648376,-1.7185705121033477,-0.15084997631960406,-0.1325856053544665,0.3877551020408163,-0.16286721751831043,0.0830383254648376,-1.961349974323317,-0.16672364420239083,-0.14947434029026652,0.3673469387755102,-0.2132672175183104,0.0830383254648376,-2.5682986298732384,-0.20514807219240339,-0.19029950608032298,0.30612244897959184
correlation_risk_20_120__csz,fold_2023,2023,-1,-1,catalog,2015-01-05,2022-12-22,55113,7259,cs_rank_centered,-0.04846497998926605,-0.05087726326650024,0.4132231404958678,-0.25091449397165894,242,7259,242,49,-1.1017526369797404,0.7105818019689504,0.2024793388429752,-0.0560450961109228,0.061061326388609914,-0.917849307010422,-0.07549033233134128,-0.054740347420398794,0.4489795918367347,-0.0560450961109228,0.061061326388609914,-0.917849307010422,-0.07549033233134128,-0.054740347420398794,0.4489795918367347,-0.08628509611092279,0.061061326388609914,-1.4130891222667252,-0.09565514815919451,-0.08216655068091971,0.42857142857142855,-0.10644509611092277,0.061061326388609914,-1.74324899910426,-0.10933623509924129,-0.1000160108986583,0.3877551020408163,-0.1568450961109228,0.061061326388609914,-2.5686486911980992,-0.14307725263904092,-0.14316525206157182,0.3469387755102041
correlation_risk_20_120__csz,fold_2024,2024,-1,-1,catalog,2015-01-05,2023-12-21,62372,7076,cs_rank_centered,-0.022743436489610105,-0.021722795934657216,0.4830508474576271,-0.07802364743845751,236,7076,236,48,-1.0434616094488534,0.6908994626485514,0.2033898305084746,-0.056802639841312494,0.0908768661435809,-0.6250506014541387,-0.1330702964818461,-0.05636770638102484,0.5208333333333334,-0.056802639841312494,0.0908768661435809,-0.6250506014541387,-0.1330702964818461,-0.05636770638102484,0.5208333333333334,-0.08704263984131248,0.0908768661435809,-0.9578085549713993,-0.1460556736696499,-0.08319874533583915,0.4791666666666667,-0.10720263984131252,0.0908768661435809,-1.1796471906495734,-0.15460863583344808,-0.10066958155934358,0.4791666666666667,-0.1576026398413125,0.09087686614358091,-1.7342437798450074,-0.1822460029193973,-0.14293289779567508,0.3958333333333333
correlation_risk_20_120__missing,fold_2019,2019,-1,-1,catalog,2015-01-05,2018-12-20,26220,7092,cs_rank_centered,0.06696831714953982,0.0834315026509712,0.6111111111111112,0.44328923602499337,18,7092,244,49,-0.0034087886963096725,0.5175820938311942,0.20081967213114754,-0.02892437065760154,0.04875878888377607,-0.5932134763754519,-0.07097341777373356,-0.02883821624819405,0.42857142857142855,-0.02892437065760154,0.04875878888377607,-0.5932134763754519,-0.07097341777373356,-0.02883821624819405,0.42857142857142855,-0.05916437065760153,0.04875878888377607,-1.2134093567957305,-0.0843003761167378,-0.0570002737737082,0.3877551020408163,-0.07932437065760155,0.04875878888377607,-1.6268732770759167,-0.0949323252758909,-0.07532889011644839,0.3673469387755102,-0.12972437065760153,0.04875878888377607,-2.6605330777763814,-0.13314283794261228,-0.11963728091560222,0.3469387755102041
correlation_risk_20_120__missing,fold_2020,2020,-1,-1,catalog,2015-01-05,2019-12-23,33306,7268,cs_rank_centered,0.04757460814765185,0.05522269134896106,0.6372549019607843,0.36180598113969265,102,7268,243,49,-0.026347204532009005,0.5226259371318962,0.20164609053497942,-0.016530479289026994,0.06441152353592415,-0.25663853890690036,-0.06764210125092862,-0.01789552977036246,0.5714285714285714,-0.016530479289026994,0.06441152353592415,-0.25663853890690036,-0.06764210125092862,-0.01789552977036246,0.5714285714285714,-0.046770479289026994,0.06441152353592415,-0.7261197487890775,-0.08321891645575363,-0.046368980116176295,0.5510204081632653,-0.066930479289027,0.06441152353592415,-1.0391072220438626,-0.09346372067615882,-0.06490035372650038,0.5510204081632653,-0.11733047928902703,0.06441152353592416,-1.8215759051808245,-0.1185950698394228,-0.10969921701355678,0.40816326530612246
correlation_risk_20_120__missing,fold_2021,2021,-1,-1,catalog,2015-01-05,2020-12-23,40574,7287,cs_rank_centered,,,,,0,7287,243,49,,,0.20164609053497942,0.09956031512754779,0.06364895006663829,1.5642098577166086,-0.03185982834243506,0.09942441508669186,0.6122448979591837,0.09956031512754779,0.06364895006663829,1.5642098577166086,-0.03185982834243506,0.09942441508669186,0.6122448979591837,0.0693203151275478,0.06364895006663829,1.0891038273996947,-0.0342001480954961,0.06762191977827103,0.5510204081632653,0.04916031512754779,0.06364895006663829,0.7723664738550851,-0.03702124342559965,0.04692275701568094,0.5102040816326531,-0.0012396848724521995,0.06364895006663829,-0.01947691000643831,-0.04591235930672988,-0.0031205136219883967,0.4897959183673469
correlation_risk_20_120__missing,fold_2022,2022,-1,-1,catalog,2015-01-05,2021-12-23,47861,7252,cs_rank_centered,,,,,0,7252,242,49,,,0.2024793388429752,-0.013131117549257876,0.05669772568975125,-0.23159866448807973,-0.054758892501525436,-0.014198288690814187,0.40816326530612246,-0.013131117549257876,0.05669772568975125,-0.23159866448807973,-0.054758892501525436,-0.014198288690814187,0.40816326530612246,-0.043371117549257876,0.05669772568975125,-0.7649533913685307,-0.06911526227657949,-0.04277650683091827,0.3877551020408163,-0.06353111754925791,0.05669772568975125,-1.1205232092888318,-0.07994725398837654,-0.06137610480533018,0.3673469387755102,-0.1139311175492579,0.05669772568975125,-2.0094477540895834,-0.11168280578626011,-0.10634002694384381,0.3469387755102041
correlation_risk_20_120__missing,fold_2023,2023,-1,-1,catalog,2015-01-05,2022-12-22,55113,7259,cs_rank_centered,,,,,0,7259,242,49,,,0.2024793388429752,-0.021702896790836226,0.04739479057379983,-0.45791734762583247,-0.04807116574478476,-0.021932085120865086,0.4489795918367347,-0.021702896790836226,0.04739479057379983,-0.45791734762583247,-0.04807116574478476,-0.021932085120865086,0.4489795918367347,-0.0519428967908362,0.04739479057379983,-1.095962154531612,-0.0624381958588166,-0.05029033188977017,0.40816326530612246,-0.07210289679083624,0.04739479057379983,-1.5213253591354663,-0.07845368247406326,-0.06874669820110146,0.40816326530612246,-0.12250289679083622,0.04739479057379983,-2.5847333706450994,-0.11806160337365712,-0.11336413546975632,0.32653061224489793
correlation_risk_20_120__missing,fold_2024,2024,-1,-1,catalog,2015-01-05,2023-12-21,62372,7076,cs_rank_centered,,,,,0,7076,236,48,,,0.2033898305084746,-0.01768121837238859,0.048704968501364534,-0.36302699532375693,-0.0352231758928232,-0.017788303737489963,0.5,-0.01768121837238859,0.048704968501364534,-0.36302699532375693,-0.0352231758928232,-0.017788303737489963,0.5,-0.04792121837238859,0.048704968501364534,-0.9839082099200209,-0.05925971736561253,-0.04569170810283241,0.4583333333333333,-0.06808121837238859,0.048704968501364534,-1.3978290196508638,-0.07495824865156164,-0.06386118905228433,0.4375,-0.11848121837238858,0.048704968501364534,-2.432631043977971,-0.11450033542034599,-0.10781586811375465,0.4166666666666667
