feature_name,source_factor_id,source_factor,horizon,coverage,missing_rate,stale_rate,ic_mean,ic_std,icir,ic_hit_rate,ic_t_nw,ic_p_nw,rank_ic_mean,rank_ic_std,rank_icir,rank_ic_hit_rate,rank_ic_t_nw,rank_ic_p_nw,ic_days,rank_ic_days,nonoverlap_rank_ic_mean,nonoverlap_rank_ic_t,nonoverlap_rank_ic_p,pooled_beta,pooled_t_two_way_cluster,pooled_p_two_way_cluster,pooled_observations,group_spread,group_monotonicity,group_days,gross_annual_return,gross_sharpe,average_one_way_turnover,gross_max_drawdown,net_1bps_annual_return,net_1bps_sharpe,net_3bps_annual_return,net_3bps_sharpe,net_5bps_annual_return,net_5bps_sharpe,rank_ic_q_bh
tsmom_20,1,时间序列动量,1,0.9851536129069168,0.014846387093083169,0.0008867784198180674,-0.0013125536957170549,0.2827651672079946,-0.004641850722552311,0.5012448132780083,-0.23045515965815908,0.8177381031644642,-0.006169857647677625,0.2786696369279602,-0.022140401500837407,0.49336099585062243,-1.1028038268703173,0.27011236587520837,2410,2410,-0.006169857647677625,-1.1028038268703173,0.27011236587520837,-3.107355588158788e-06,-0.03650504784708364,0.970879653793811,68743,0.00010222502895015243,0.3,2410,0.012880353647719197,0.14625313875182375,0.197448132780083,-0.20584367928860614,0.007904660701661112,0.08975189031973302,-0.0020467251904550724,-0.023237084222004184,-0.011998111082571263,-0.13620438948247923,
tsmom_20,1,时间序列动量,5,0.9851536129069168,0.014846387093083169,0.0008867784198180674,-0.00047150502688274564,0.2742492465235665,-0.0017192573283596195,0.5037406483790524,-0.04773526055138669,0.9619272322666683,-0.004233250088592266,0.27188959109624045,-0.015569739435496917,0.4945968412302577,-0.4382064584741821,0.6612366272197174,2406,2406,-0.005946098566091277,-0.4750309044806107,0.6347649458197091,0.00012761933913501357,0.4037965917032645,0.6863623030108901,68517,0.0008256735405207504,0.19999999999999998,2406,,,,,,,,,,,0.831356967243485
tsmom_20,1,时间序列动量,20,0.9851536129069168,0.014846387093083169,0.0008867784198180674,0.008973135180028237,0.26056578866507846,0.03443711941617159,0.5148473442074446,0.5544247418174209,0.5792881972843833,0.0024038593529021332,0.2539363843538478,0.00946638410647162,0.4960267670430782,0.15733973524738498,0.8749771060323462,2391,2391,-0.006322249702672394,-0.3267726070465028,0.7438398794403617,0.000537656922162129,0.6556472209579642,0.5120511351705354,67951,0.002493801626363631,0.6,2391,,,,,,,,,,,
csmom_20,2,横截面动量,1,0.9914182733565994,0.008581726643400622,0.23114880713999655,-0.0023358792058668296,0.30816875742261046,-0.00757987028082635,0.5037344398340249,-0.3742597988049338,0.7082110381830617,-0.009784739434305887,0.30075202264781015,-0.03253424315541218,0.4904564315352697,-1.6141997591768258,0.10648410422731204,2410,2410,-0.009784739434305887,-1.6141997591768258,0.10648410422731204,-3.5908908552708046e-05,-0.39961052536059644,0.6894434028786862,68834,-8.520206997184173e-05,-0.49999999999999994,2410,-0.01073546081645205,-0.10519692224101299,0.19042876901798061,-0.2939612298391905,-0.01553426579570518,-0.15221210606316088,-0.025131875754211403,-0.24622506673661376,-0.034729485712717625,-0.3402124101756894,
csmom_20,2,横截面动量,5,0.9914182733565994,0.008581726643400622,0.23114880713999655,-0.0031279437311458524,0.3063683594068562,-0.01020974795570176,0.5041562759767249,-0.2851177872499663,0.7755539031339007,-0.007985891176061908,0.29806736664577804,-0.02679223581544338,0.499168744804655,-0.7542214939337017,0.45071623328703647,2406,2406,-0.01002188124763231,-0.7419034353536164,0.4581458442748585,-3.484369884833261e-06,-0.01109361935011747,0.9911487539489237,68554,0.00017540957434586987,0.09999999999999999,2406,,,,,,,,,,,0.831356967243485
csmom_20,2,横截面动量,20,0.9914182733565994,0.008581726643400622,0.23114880713999655,0.00038691261967423976,0.2895213129901756,0.0013363873480615536,0.5002091175240485,0.02156320854161515,0.9827963820336049,-0.004338066693806972,0.2774355315847846,-0.015636305375258876,0.4901714763697198,-0.25957249783249464,0.7951935528662712,2391,2391,-0.006304650443693828,-0.2977941629737165,0.7658602698267497,6.951473984456873e-05,0.08864079352629994,0.9293673871222509,67971,0.0007291725016361848,0.0,2391,,,,,,,,,,,
trend_efficiency_20,3,趋势效率,1,0.9851536129069168,0.014846387093083169,0.0008867784198180674,-0.0012645236903127972,0.24769632574393588,-0.005105137052456884,0.508298755186722,-0.2553768967303249,0.7984320130744467,0.00042294370219509055,0.23841461707946524,0.0017739839418240053,0.5136929460580912,0.08926162929098926,0.9288739876915465,2410,2410,0.00042294370219509055,0.08926162929098926,0.9288739876915465,3.081471294490977e-05,0.4612857574008335,0.6445936019269104,68743,-7.839105572781767e-05,0.09999999999999999,2410,-0.009877273021705038,-0.1297158209940371,0.3482295988934993,-0.26731715839690795,-0.01865265891382121,-0.24495171502884505,-0.03620343069805358,-0.47538541806993295,-0.05375420248228594,-0.705748379424024,
trend_efficiency_20,3,趋势效率,5,0.9851536129069168,0.014846387093083169,0.0008867784198180674,0.0008078455994132144,0.2455287190080902,0.003290228543026756,0.4925187032418953,0.09630719191103304,0.9232765993214985,4.9908820196670446e-05,0.23923354412505501,0.0002086196581637461,0.5012468827930174,0.006249376785005957,0.9950137512047086,2406,2406,-0.007418960967348065,-0.6564668349276407,0.5115237998225101,0.00022394596113811967,0.8002634750742663,0.42355816024877757,68517,0.00038190062462192435,0.7,2406,,,,,,,,,,,0.9950137512047085
trend_efficiency_20,3,趋势效率,20,0.9851536129069168,0.014846387093083169,0.0008867784198180674,-0.002144919619880689,0.23848141498282732,-0.008994074527925545,0.48097030531158513,-0.16655746663705776,0.8677182628172602,-0.0053392262019441505,0.22842404963215773,-0.023374185907929414,0.4889167712254287,-0.4563308769245953,0.6481520636436215,2391,2391,-0.011600722527585709,-0.6397183981588092,0.522355692145906,0.0002782723219340219,0.34391109217831717,0.7309131497811048,67951,0.0004464169777632383,0.7,2391,,,,,,,,,,,
realized_vol_20,24,已实现波动率,1,0.9893014474512272,0.010698552548772833,0.0010727158304250815,0.01274052911478804,0.3574091143711073,0.03564690603149872,0.5119834710743801,1.797286004145814,0.07229022696124651,0.010855236821784048,0.32739226111108305,0.03315666896017711,0.5099173553719009,1.6914230999094575,0.09075602351256448,2420,2420,0.010855236821784048,1.6914230999094575,0.09075602351256448,0.000158131096849838,1.4158011936686972,0.1568337200146477,69033,0.00026465139473478785,0.8999999999999998,2420,0.03334607573658326,0.30416406575779953,0.07675619834710744,-0.17920016631033775,0.031411819538236165,0.2865235330526646,0.027543307141541937,0.25124060134906206,0.023674794744847717,0.21595559483989776,
realized_vol_20,24,已实现波动率,5,0.9893014474512272,0.010698552548772833,0.0010727158304250815,0.015164342227893982,0.3643619290055906,0.04161889873972346,0.5091059602649006,1.1402549793151207,0.2541800882090095,0.0069104133213122995,0.3289824818923823,0.021005414274833194,0.5028973509933775,0.5809838125295689,0.5612513634454321,2416,2416,0.007738614712777926,0.5421715864362686,0.5877003071622546,0.0006256302371540253,1.4355674596489536,0.15112545970351435,68807,0.0009267351542238714,0.8999999999999998,2416,,,,,,,,,,,0.831356967243485
realized_vol_20,24,已实现波动率,20,0.9893014474512272,0.010698552548772833,0.0010727158304250815,0.021892590369898844,0.35924051304139887,0.06094131807281976,0.5156184922948771,0.847365867761156,0.39679122318866955,0.01261948295129687,0.31823202170206627,0.039654975271820464,0.5226988754685548,0.5544280353954926,0.579285943774676,2401,2401,0.026079813603324578,0.9183056172438769,0.3584588872944179,0.0017739993516244052,1.0096762038423883,0.31265044685919385,68241,0.0034041423837055922,0.8999999999999998,2401,,,,,,,,,,,
momentum_quality_20,41,动量质量,1,0.9851536129069168,0.014846387093083169,0.0008724755420790663,0.0008598558155176435,0.28077277106005827,0.003062461549498749,0.4975103734439834,0.1534796860124432,0.8780200087190214,-0.006418706731301583,0.27811918965499177,-0.023078978258436682,0.4921161825726141,-1.1491178391279746,0.25050739342666284,2410,2410,-0.006418706731301583,-1.1491178391279746,0.25050739342666284,4.0668145561979514e-05,0.4622819641528753,0.6438791317432101,68743,0.00010122702087422344,0.09999999999999999,2410,0.012754604630152147,0.1450684811614765,0.1964384508990318,-0.2042015657927264,0.007804355667496549,0.08876147098589213,-0.0020961422578146603,-0.023837833177118736,-0.011996640183125863,-0.1364139210710555,
momentum_quality_20,41,动量质量,5,0.9851536129069168,0.014846387093083169,0.0008724755420790663,0.0029879495856423486,0.2664919150658142,0.011212158481072227,0.5049875311720698,0.31581702465451195,0.752141395177692,-0.004519426755147243,0.27181805598464714,-0.016626661311279888,0.49044056525353286,-0.4679133714779294,0.6398465408482525,2406,2406,-0.006335304645691012,-0.5062486351243172,0.6126821166038832,0.0002258232307580665,0.7011424673226103,0.4832141099893559,68517,0.0008442283231013664,0.19999999999999998,2406,,,,,,,,,,,0.831356967243485
momentum_quality_20,41,动量质量,20,0.9851536129069168,0.014846387093083169,0.0008724755420790663,0.015817293866039434,0.2607920809700315,0.06065097455109097,0.5240485152655793,1.0108251429499167,0.3121001269747017,0.001923082663093525,0.253707867909235,0.007579909440496798,0.4968632371392723,0.1262420602259195,0.8995403184278967,2391,2391,-0.008523245767127862,-0.43751009761548226,0.6617414546740558,0.0008617859226772186,1.027300535080761,0.3042789705085164,67951,0.002342949535578855,0.39999999999999997,2391,,,,,,,,,,,
vol_managed_momentum_20,42,波动率管理动量,1,0.9851536129069168,0.014846387093083169,0.0008724755420790663,-0.0006145403540716624,0.2061523573132958,-0.0029810008582037573,0.5078838174273859,-0.14529060354667445,0.8844814332900184,-0.001815713445970328,0.23264421462185714,-0.00780467912740324,0.5,-0.3830379212264565,0.701691647259021,2410,2410,-0.001815713445970328,-0.3830379212264565,0.701691647259021,-9.830071037565437e-06,-0.17112205370130484,0.8641277952890966,68743,0.00011942582936765579,0.19999999999999998,2410,0.015047654500324633,0.2389796278375975,0.20298755186721992,-0.16534500596913393,0.009932368193270688,0.1577451008411818,-0.00029820442083719115,-0.004736142602607252,-0.01052877703494508,-0.1672157088024897,
vol_managed_momentum_20,42,波动率管理动量,5,0.9851536129069168,0.014846387093083169,0.0008724755420790663,0.0022371751376018293,0.20761772090369965,0.010775453693760127,0.5029093931837074,0.30836105213532855,0.7578076148127925,0.00456242074908146,0.2365472279664372,0.01928756801888545,0.5058187863674148,0.5541909775687356,0.5794481523870258,2406,2406,0.0017037803496016614,0.15796239972777595,0.8744864273390927,0.00017278061401105238,0.6665380113778243,0.5050672759696024,68517,0.0009112329176382686,0.09999999999999999,2406,,,,,,,,,,,0.831356967243485
vol_managed_momentum_20,42,波动率管理动量,20,0.9851536129069168,0.014846387093083169,0.0008724755420790663,0.009324842722071694,0.1930738140147097,0.04829677587122852,0.5177749895441238,0.8524164814352939,0.3939829757445126,0.013275301135003048,0.2248715692261654,0.059035035779251246,0.5169385194479298,1.0314562604467685,0.3023269095093174,2391,2391,0.0034250321322067726,0.16937673417868454,0.8655003225308192,0.0006336917243202097,1.0007233711104093,0.3169605652145351,67951,0.0032045418835575266,0.0,2391,,,,,,,,,,,
tsmom_60,1,时间序列动量,1,0.9678328279649866,0.0321671720350134,0.0008724755420790663,-3.0182929444983027e-05,0.2874806999870408,-0.00010499115052364778,0.5059071729957806,-0.005185682178654247,0.995862442796478,-0.0020788159236097684,0.2814847686838587,-0.007385180851275577,0.5156118143459916,-0.3666118793086689,0.713908545912773,2370,2370,-0.0020788159236097684,-0.3666118793086689,0.713908545912773,-2.2291320076417672e-05,-0.2879969341904856,0.7733490854578234,67503,-0.00013482186881124439,-0.6,2370,-0.016987555470216808,-0.18882424824283525,0.12558368495077354,-0.23801451512716554,-0.020152264330976298,-0.2240106051317867,-0.026481682052495282,-0.29439005236294413,-0.03281109977401428,-0.3647769281465944,
tsmom_60,1,时间序列动量,5,0.9678328279649866,0.0321671720350134,0.0008724755420790663,-0.0060044069116787935,0.2839709434435941,-0.021144441184249067,0.5,-0.5742964061362528,0.5657672407308452,-0.0070429490147557675,0.27838238991360903,-0.02529954936065252,0.49577345731191885,-0.6965792042463151,0.486066173936334,2366,2366,-0.004976098059974656,-0.38654613370250257,0.699092242708042,-9.236452748849158e-06,-0.03347054893495325,0.9732993512129214,67288,-1.638752608953335e-05,-0.3,2366,,,,,,,,,,,0.831356967243485
tsmom_60,1,时间序列动量,20,0.9678328279649866,0.0321671720350134,0.0008724755420790663,-0.011708460464156946,0.2771254889732385,-0.04224967002327097,0.49000425350914506,-0.6074686911854165,0.5435399143011184,-0.010140244004900087,0.2710062323462975,-0.037417014055760416,0.4917056571671629,-0.5410012617165352,0.5885067130569435,2351,2351,-0.0036928435046871756,-0.16662636901923847,0.8676640442745963,8.962497071224448e-05,0.09382430884134713,0.9252487211973288,66732,0.0003797043926668336,0.09999999999999999,2351,,,,,,,,,,,
csmom_60,2,横截面动量,1,0.974254820069798,0.025745179930201978,0.3438983923565421,-0.0012128424448733508,0.3110296142514665,-0.0038994436198373423,0.5147679324894515,-0.193979885409619,0.8461916318665363,-0.003892791330883404,0.3038867896447854,-0.012810005118793433,0.5067510548523206,-0.6393531344917651,0.5225932295528806,2370,2370,-0.003892791330883404,-0.6393531344917651,0.5225932295528806,-5.4115247629290614e-05,-0.6245217800986673,0.5322849712074454,67635,-8.595591728852297e-05,-0.7999999999999999,2370,-0.010830445578353895,-0.10585047241677907,0.11503516174402251,-0.2292908013502959,-0.013729331654303263,-0.13418471815620847,-0.019527103806202005,-0.19085511075544584,-0.025324875958100727,-0.24752713564594228,
csmom_60,2,横截面动量,5,0.974254820069798,0.025745179930201978,0.3438983923565421,-0.008227710438770677,0.308708150368438,-0.026652067426632703,0.5021132713440406,-0.7250432699870368,0.4684254854702421,-0.010323579531039311,0.29992858094988756,-0.034420125945797034,0.4940828402366864,-0.9477163984744,0.3432738504478593,2366,2366,-0.008663966278193054,-0.6225557895814773,0.5335764713438027,-6.936625100998253e-05,-0.2313483243636096,0.8170442073589284,67355,-0.00029356417930655827,-0.6,2366,,,,,,,,,,,0.831356967243485
csmom_60,2,横截面动量,20,0.974254820069798,0.025745179930201978,0.3438983923565421,-0.011000459499316169,0.303598131561084,-0.03623362055211751,0.5019140791152701,-0.5227317498593057,0.6011609403914411,-0.010758042740523395,0.29529112551877884,-0.036431987997008884,0.5065929391748192,-0.5269193565125772,0.598249591374205,2351,2351,-0.0025367687893846844,-0.10636945886860369,0.9152892238684234,0.00024272574479122002,0.2592621779049223,0.7954329595606185,66772,-0.0004101033712212705,0.09999999999999999,2351,,,,,,,,,,,
trend_efficiency_60,3,趋势效率,1,0.9678328279649866,0.0321671720350134,0.0008724755420790663,0.002840121093750259,0.26632776607760544,0.010664006744691704,0.5088607594936709,0.518410119506363,0.6041721557130668,0.003515047814227923,0.25435750501470905,0.013819320228135803,0.5160337552742617,0.6766109308715278,0.4986528418896239,2370,2370,0.003515047814227923,0.6766109308715278,0.4986528418896239,5.9674684865954534e-05,0.8091238362152217,0.41844391884985044,67503,0.00014222813715862874,0.7,2370,0.017920745281987213,0.21792823635032485,0.2231153305203938,-0.1780139576529266,0.0122982389528733,0.14955675184474032,0.0010532262946454439,0.012808219552965938,-0.010191786363582405,-0.12394001909555208,
trend_efficiency_60,3,趋势效率,5,0.9678328279649866,0.0321671720350134,0.0008724755420790663,0.0015800164214216418,0.2619355768816039,0.0060320802551224895,0.5063398140321217,0.168005056503878,0.8665793011092487,-0.0011454494391344501,0.25025491581085724,-0.004577130624679442,0.4974640743871513,-0.13064828063865122,0.8960535476004059,2366,2366,-0.0010972590226613703,-0.09901352543640646,0.9211275311309868,0.00013670352094093002,0.4769627583717648,0.6333886411353924,67288,0.00027606877262088386,0.7,2366,,,,,,,,,,,0.9440564162218562
trend_efficiency_60,3,趋势效率,20,0.9678328279649866,0.0321671720350134,0.0008724755420790663,-0.0010995744422050086,0.2394922423129104,-0.004591273736409178,0.49000425350914506,-0.07315173850647809,0.941685370530922,-0.008925582293637633,0.22812358847584624,-0.03912608228404523,0.48234793704806467,-0.6356421997307286,0.5250096576840992,2351,2351,-0.02035676032310711,-1.0306190255946328,0.3027195105598375,0.00020859239569874166,0.2265293680023531,0.8207897204512655,66732,3.4258266416067826e-05,0.39999999999999997,2351,,,,,,,,,,,
realized_vol_60,24,已实现波动率,1,0.9805051776417415,0.0194948223582585,0.0012586532410320957,0.009791609744849055,0.362263563906319,0.02702896653272355,0.5045833333333334,1.3640329582667605,0.17255719293916705,0.009660263305287763,0.3317153947137799,0.029122143437518493,0.5079166666666667,1.4811786374461378,0.13855897723059846,2400,2400,0.009660263305287763,1.4811786374461378,0.13855897723059846,0.00010701883900381115,0.9720834099270464,0.33100905478300124,68389,0.00029096737587495214,0.8999999999999998,2400,0.03666188936024397,0.3282743992441221,0.02705555555555556,-0.17791483822997944,0.035980089360243966,0.3221673340317346,0.03461648936024397,0.3099530268503091,0.033252889360243953,0.297738539458371,
realized_vol_60,24,已实现波动率,5,0.9805051776417415,0.0194948223582585,0.0012586532410320957,0.011592094333593319,0.36835170953242546,0.0314701792705346,0.5108514190317195,0.8565649478798959,0.39168536449131364,0.005393165942788875,0.3333546006435637,0.016178465611025022,0.49624373956594325,0.44464571641377887,0.6565758040998493,2396,2396,0.006672287963653368,0.4510274459676966,0.651969767996947,0.0004659693592866847,1.0681892331514609,0.2854351605153299,68174,0.0011743613294742923,0.8999999999999998,2396,,,,,,,,,,,0.831356967243485
realized_vol_60,24,已实现波动率,20,0.9805051776417415,0.0194948223582585,0.0012586532410320957,0.018147605931055612,0.3698669875483565,0.049065222206896714,0.5144897102057959,0.6654702041482249,0.5057497949875118,0.009686566389604296,0.32833925233086286,0.02950170081962445,0.5144897102057959,0.4029385564430776,0.6869934262279753,2381,2381,0.019395569082999553,0.6391125574742631,0.5227497113369701,0.0016706640508592134,0.9505162019959976,0.34185002534682873,67618,0.00485866180379613,0.8999999999999998,2381,,,,,,,,,,,
momentum_quality_60,41,动量质量,1,0.9678328279649866,0.0321671720350134,0.0008724755420790663,-0.0015335940368748678,0.28783970117101204,-0.005327944792312458,0.5037974683544304,-0.26251433509765526,0.7929249349809281,-0.0020871569898091398,0.28133980637970935,-0.007418633774817543,0.5122362869198313,-0.36807602734167105,0.7128165454447336,2370,2370,-0.0020871569898091398,-0.36807602734167105,0.7128165454447336,-3.101215409615311e-05,-0.4173557984803416,0.6764181806834397,67503,-8.140047562401869e-05,-0.6,2370,-0.01025645992862635,-0.11373900688220599,0.1241139240506329,-0.22753984948842343,-0.013384130814702307,-0.1484267251114534,-0.019639472586854206,-0.21780553857599216,-0.025894814359006105,-0.28718735779884363,
momentum_quality_60,41,动量质量,5,0.9678328279649866,0.0321671720350134,0.0008724755420790663,-0.007238517427768425,0.2817453526172233,-0.02569170124911558,0.4923922231614539,-0.7015682437358133,0.48294846166823047,-0.007341325141350905,0.2777207061871331,-0.02643420161982517,0.4995773457311919,-0.7280763707809184,0.4665668374721985,2366,2366,-0.005248812315665779,-0.4086932257902746,0.6827648057502813,-6.68894571274706e-05,-0.24904982630318928,0.8033222395523385,67288,6.785954025872104e-05,0.39999999999999997,2366,,,,,,,,,,,0.831356967243485
momentum_quality_60,41,动量质量,20,0.9678328279649866,0.0321671720350134,0.0008724755420790663,-0.016382182787171837,0.278901216330356,-0.05873829810683682,0.48277328796256913,-0.8610230587499378,0.38922534329943204,-0.010710518118853582,0.26984814860507206,-0.039690908291272475,0.48915355168013613,-0.5744582164254706,0.5656577676596812,2351,2351,-0.003803525846190953,-0.17289377831250635,0.8627349221955471,-0.0003864758522429739,-0.39478741621704017,0.6929997825830176,66732,0.00040823253176651317,0.09999999999999999,2351,,,,,,,,,,,
vol_managed_momentum_60,42,波动率管理动量,1,0.9678328279649866,0.0321671720350134,0.0008295669088620631,0.006895918845082932,0.20627366437069203,0.03343092229500687,0.5135021097046414,1.6746418871575035,0.09400451566309544,0.004930679741626597,0.23531557315102386,0.020953478240312306,0.49831223628691984,1.0455619200426851,0.29576333834600965,2370,2370,0.004930679741626597,1.0455619200426851,0.29576333834600965,8.311814185125242e-05,1.4821491184044453,0.13830062172823376,67503,0.0002493958263398798,0.7,2370,0.03142387411882485,0.48433031667502485,0.12640646976090014,-0.15104613479371531,0.02823843108085018,0.4352713672091132,0.0218675450049008,0.3371195757393456,0.015496658928951431,0.23893072605873406,
vol_managed_momentum_60,42,波动率管理动量,5,0.9678328279649866,0.0321671720350134,0.0008295669088620631,0.010188760750814282,0.20364150898748584,0.050032828775789524,0.5245139475908707,1.400075185109662,0.16149080510060654,0.00696752666728229,0.23486496482372557,0.029666096314159347,0.5114116652578191,0.8310093571515624,0.40596834333991894,2366,2366,0.0015187449329463673,0.13714408922281657,0.890916903526813,0.0003458210417855728,1.5731600851522376,0.11568175502947053,67288,0.0008261830523446913,0.09999999999999999,2366,,,,,,,,,,,0.831356967243485
vol_managed_momentum_60,42,波动率管理动量,20,0.9678328279649866,0.0321671720350134,0.0008295669088620631,0.01919251449367559,0.20772403315318508,0.09239428968492136,0.5278604849000426,1.389733298776416,0.16460987928825976,0.010562030747245287,0.23748338832396204,0.044474819151717394,0.48872820076563167,0.6752238026646905,0.49953358615941024,2351,2351,0.0011656198228849517,0.0522408469655095,0.9583367861794126,0.0015840285044421082,2.286740658000638,0.022210965034242983,66732,0.004251642446058373,0.19999999999999998,2351,,,,,,,,,,,
tsmom_120,1,时间序列动量,1,0.9425310372446937,0.05746896275530633,0.0009010812975570685,0.002710734028681366,0.28339619885357714,0.009565174267146492,0.5108225108225108,0.4634778158409854,0.6430219125752501,0.0015176756122868714,0.2816170290102244,0.005389147160670353,0.5168831168831168,0.261577962561933,0.793646835920605,2310,2310,0.0015176756122868714,0.261577962561933,0.793646835920605,7.456306561206437e-06,0.08176813396036473,0.9348310966080888,65713,-5.649414076539497e-05,0.0,2310,-0.007118261736439767,-0.07893619192425393,0.0890909090909091,-0.22710505251905833,-0.009363352645530683,-0.10383457378377718,-0.013853534463712501,-0.15363347561918547,-0.01834371628189432,-0.20343442160389344,
tsmom_120,1,时间序列动量,5,0.9425310372446937,0.05746896275530633,0.0009010812975570685,0.0059027366232957965,0.28428514283448636,0.02076343689452821,0.5143104943625325,0.5600710447071748,0.5754309796656806,0.0037854687024382167,0.2815349864260849,0.013445819826844384,0.5134431916738942,0.3688270357962994,0.7122566515617977,2306,2306,0.009828019383080562,0.774757093490249,0.43848320721740686,0.00020821871385272599,0.6509888290491118,0.5150536980371488,65499,0.00026035991408523713,0.6,2306,,,,,,,,,,,0.8404628488429213
tsmom_120,1,时间序列动量,20,0.9425310372446937,0.05746896275530633,0.0009010812975570685,0.013244909683384664,0.28036155426384507,0.047242246598904324,0.5403753819292885,0.6302991696550277,0.5284988661592558,0.016508900665476018,0.272981197066785,0.06047632892985339,0.5425578350065473,0.8194166389410382,0.4125487449299253,2291,2291,0.024776306871968717,0.9654007544304314,0.3343441237534285,0.0009643897039246463,0.9039902404445816,0.36600057645431405,64948,0.0025899539817399214,0.7,2291,,,,,,,,,,,
csmom_120,2,横截面动量,1,0.948509640139596,0.051490359860403956,0.41531266090737456,0.002976978198534158,0.306980479433937,0.00969761401123491,0.5151515151515151,0.4731585832339672,0.6361000436769757,0.002995525313493971,0.30070586449418923,0.009961645804722427,0.5177489177489177,0.4866677302350507,0.6264938171258427,2310,2310,0.002995525313493971,0.4866677302350507,0.6264938171258427,6.593588321630013e-06,0.06207482423111699,0.950503245677776,65843,1.4746857891656901e-05,0.3,2310,0.001858104094348771,0.018323477334553393,0.08908369408369408,-0.22763686165316666,-0.00038680499656032035,-0.003814356785308825,-0.004876623178378504,-0.048087195157807135,-0.009366441360196692,-0.09235566393499808,
csmom_120,2,横截面动量,5,0.948509640139596,0.051490359860403956,0.41531266090737456,0.008102081459898073,0.31076057190156775,0.026071780632661395,0.5251517779705117,0.7063164723676568,0.47999135184397423,0.006298991272673121,0.30201983156240686,0.020856217421509126,0.5264527320034692,0.5718276786383593,0.5674387237360649,2306,2306,0.013274253834400028,0.9824472700885009,0.3258795483448721,0.00028843661631569123,0.7740785481909318,0.43888434236623497,65576,0.000768406140747939,0.8999999999999998,2306,,,,,,,,,,,0.831356967243485
csmom_120,2,横截面动量,20,0.948509640139596,0.051490359860403956,0.41531266090737456,0.019739839165685932,0.30600220209235446,0.06450881408927985,0.5486687036228721,0.8655788703545592,0.38672114700362126,0.01688505032942254,0.29595798924094374,0.05705218626714,0.5403753819292885,0.7738876364370375,0.43899724152646324,2291,2291,0.031249817015160147,1.1475511831666172,0.2511538921807408,0.001369655201001227,1.1466070236422625,0.25154407233399345,65015,0.0029513277394190175,0.7,2291,,,,,,,,,,,
trend_efficiency_120,3,趋势效率,1,0.9425310372446937,0.05746896275530633,0.0009010812975570685,0.0011681983979059019,0.25912607699948415,0.0045082239944080485,0.5060606060606061,0.21495404847367366,0.8298031450706832,-0.0005150938318532513,0.2528498718519276,-0.0020371528293868287,0.5017316017316017,-0.09810074989319584,0.9218522920715475,2310,2310,-0.0005150938318532513,-0.09810074989319584,0.9218522920715475,3.635448350901937e-05,0.4830678703991438,0.6290475464036034,65713,8.319444579132053e-06,0.6,2310,0.0010482500169706358,0.012794635882116823,0.16792207792207792,-0.2651059761729879,-0.0031833863466657394,-0.0388573977682534,-0.011646659073938456,-0.1421750643250328,-0.020109931801211192,-0.24550696587570894,
trend_efficiency_120,3,趋势效率,5,0.9425310372446937,0.05746896275530633,0.0009010812975570685,-0.0029954528322036953,0.2623036101869436,-0.011419792621492468,0.4891587163920208,-0.3050402679518953,0.7603354835175444,-0.006638695709987219,0.253781552835855,-0.026159094842804053,0.4835212489158716,-0.7090468525525593,0.47829540247118474,2306,2306,-0.010483144960341844,-0.8973052534400392,0.36955605398340885,4.262026929588841e-05,0.15579330424684698,0.8761959486180726,65499,-0.00020152590645467587,-0.09999999999999999,2306,,,,,,,,,,,0.831356967243485
trend_efficiency_120,3,趋势效率,20,0.9425310372446937,0.05746896275530633,0.0009010812975570685,-0.026308286953167795,0.2624446094790691,-0.10024319800428583,0.48581405499781755,-1.3872811604049176,0.16535604554832461,-0.018731386579177108,0.25409210671197874,-0.07371888415412177,0.501964207769533,-1.040052358804504,0.298315575737348,2291,2291,-0.02593688940712203,-1.1749186023117772,0.2400272825158144,-0.0008829780759087552,-0.9202434535253491,0.35744555133403944,64948,-0.0022513269500825505,0.0,2291,,,,,,,,,,,
realized_vol_120,24,已实现波动率,1,0.9680759768865496,0.03192402311345044,0.0015876194290291206,0.011187523243608955,0.3616822910657023,0.030931907699004973,0.5075949367088608,1.5525770201036664,0.12052421915342101,0.008340882501348883,0.3314845220805449,0.02516220802406634,0.5071729957805907,1.2750637246554128,0.2022866876611702,2370,2370,0.008340882501348883,1.2750637246554128,0.2022866876611702,0.00011707251225286139,1.0018938102059602,0.31639488243925995,67491,0.00032064692237008467,0.7,2370,0.04040151221863068,0.35801496291261176,0.01680028129395218,-0.15805669715223836,0.03997814513002308,0.35426249524290143,0.03913141095280789,0.3467573173612558,0.03828467677559269,0.3392518374135964,
realized_vol_120,24,已实现波动率,5,0.9680759768865496,0.03192402311345044,0.0015876194290291206,0.011602721409779259,0.3682307249783786,0.031509378828886526,0.510989010989011,0.8489820128433846,0.3958913011697086,0.002662883738146287,0.33374511246670746,0.007978794710924558,0.49323753169907014,0.21772654795254306,0.8276421775837596,2366,2366,0.0007007868664984172,0.04691065348359353,0.9625844371912222,0.0004331596283437897,0.9618402098922122,0.33612987623756585,67264,0.0013017662042767014,0.7,2366,,,,,,,,,,,0.8878343359534876
realized_vol_120,24,已实现波动率,20,0.9680759768865496,0.03192402311345044,0.0015876194290291206,0.005408247949983476,0.37651606072141947,0.014363923652077582,0.5082943428328371,0.1921936877070129,0.847590490214039,-0.0016656191400756133,0.33241393359669336,-0.00501067786796342,0.497235219055721,-0.06777498525869396,0.9459647568355867,2351,2351,-0.0034770085592091223,-0.11584627051753368,0.9077743787869246,0.001015651096918375,0.5449115833270022,0.5858143292261975,66691,0.004778602526368046,0.6,2351,,,,,,,,,,,
momentum_quality_120,41,动量质量,1,0.9425310372446937,0.05746896275530633,0.0009010812975570685,-0.0005323813371751622,0.27873852987371966,-0.0019099667972574637,0.5043290043290043,-0.09210972864229436,0.9266108589755945,0.0012314697105060908,0.2810682274273868,0.004381390674348767,0.5142857142857142,0.21272653018356802,0.8315402722576323,2310,2310,0.0012314697105060908,0.21272653018356802,0.8315402722576323,-3.085783073717158e-05,-0.33709606222524685,0.736044485779418,65713,-7.156900154503362e-05,-0.09999999999999999,2310,-0.009017694194674237,-0.09998917349700291,0.09019480519480519,-0.23181474005611868,-0.01129060328558333,-0.1251929605867078,-0.01583642146740151,-0.17560153080821814,-0.020382239649219702,-0.22601062060080537,
momentum_quality_120,41,动量质量,5,0.9425310372446937,0.05746896275530633,0.0009010812975570685,-0.0018443824333239827,0.2800064278815495,-0.006586928904732886,0.5086730268863834,-0.1767825732946576,0.8596791779483461,0.0034923699712657652,0.2810654932318136,0.01242546685866334,0.5143104943625325,0.340850436947313,0.7332161783587589,2306,2306,0.009489020993073112,0.7490381986424466,0.4538341824248002,-2.4804356399486307e-05,-0.07454633249367744,0.940575675699314,65499,0.00021781820979373834,0.6,2306,,,,,,,,,,,0.8482304808464073
momentum_quality_120,41,动量质量,20,0.9425310372446937,0.05746896275530633,0.0009010812975570685,0.0013359751618205252,0.27617258731942496,0.004837464770807677,0.5272806634657354,0.06513578898874377,0.9480658854310533,0.016074380965979327,0.27205311043733665,0.05908545188157964,0.5425578350065473,0.8004266213262647,0.4234636621610216,2291,2291,0.02477550661039562,0.9673982874656073,0.3333449658425638,0.0001667845206273136,0.1647338115017208,0.8691535028091333,64948,0.002295053480796607,0.7,2291,,,,,,,,,,,
vol_managed_momentum_120,42,波动率管理动量,1,0.9425310372446937,0.05746896275530633,0.0008438697866010641,0.003214594289765858,0.2040037750238563,0.015757523552639856,0.5043290043290043,0.7699766303179919,0.44131375546024454,0.0007843918901730781,0.22951554562257648,0.003417598089250826,0.5017316017316017,0.16830174017129299,0.8663459049324116,2310,2310,0.0007843918901730781,0.16830174017129299,0.8663459049324116,2.2795606530223772e-05,0.44739884635261257,0.6545871086306494,65713,4.1031365990469614e-05,0.7999999999999999,2310,0.005169952114799168,0.08149990949302129,0.09147907647907648,-0.2585022171143724,0.0028646793875264473,0.04515647350685394,-0.001745866067019007,-0.02751651722640084,-0.006356411521564467,-0.10016641285444348,
vol_managed_momentum_120,42,波动率管理动量,5,0.9425310372446937,0.05746896275530633,0.0008438697866010641,0.010227278844846402,0.20224187953449935,0.05056954013870202,0.5160450997398092,1.4084545748337958,0.15899650878673743,0.005642275305320009,0.23011102883612966,0.024519795221714803,0.5212489158716392,0.677318325819266,0.49820400604587267,2306,2306,0.010609067910037236,0.9836977426630499,0.32526415005299036,0.00026500903692798717,1.165612734710189,0.2437710566872967,65499,2.829972032716629e-05,0.6,2306,,,,,,,,,,,0.831356967243485
vol_managed_momentum_120,42,波动率管理动量,20,0.9425310372446937,0.05746896275530633,0.0008438697866010641,0.016283019634075965,0.2037234153987174,0.07992708939327196,0.5194238323876037,1.11360701828175,0.26544781423212593,0.01951722366906026,0.23347695063633353,0.0835937920889695,0.5290266259275426,1.180878528804404,0.23765098204814816,2291,2291,0.01346978749783799,0.5746653090374623,0.5655176735889582,0.0010176786996799981,1.1918624218566862,0.23331519489326835,64948,-0.0004664284356072261,0.19999999999999998,2291,,,,,,,,,,,
multi_horizon_trend,4,多周期趋势一致性,1,0.948509640139596,0.051490359860403956,0.7836546713198695,0.0012003643182997988,0.2581023314134542,0.004650730242250059,0.5060606060606061,0.22655792510589678,0.8207675124342344,-0.002365197531402336,0.2656396689540037,-0.008903781354327305,0.5012987012987012,-0.4348366068689114,0.6636810315106778,2310,2310,-0.002365197531402336,-0.4348366068689114,0.6636810315106778,-9.084260976839353e-06,-0.11965757960304933,0.9047544054132318,65843,-3.621611349973244e-05,-0.3,2310,-0.004563230300966301,-0.059296935930756904,0.18678932178932178,-0.22458954938943465,-0.009270321210057204,-0.12044757132417817,-0.018684503028239024,-0.24269695609079364,-0.02809868484642085,-0.36487035826364794,
multi_horizon_trend,4,多周期趋势一致性,5,0.948509640139596,0.051490359860403956,0.7836546713198695,0.006158875486695206,0.2589521303061412,0.023783837883140767,0.5108412836079792,0.6462708517754234,0.5181039614116605,0.003634573137952339,0.2632333788896455,0.013807417407638299,0.5056374674761491,0.38174313675576194,0.7026519003227474,2306,2306,0.002572651061497166,0.2035240288288961,0.8387254663959519,0.00024889873981684163,0.8195816564747977,0.41245463430474794,65576,0.00039690342513871356,0.3,2306,,,,,,,,,,,0.8404628488429213
multi_horizon_trend,4,多周期趋势一致性,20,0.948509640139596,0.051490359860403956,0.7836546713198695,0.01758483892997403,0.2486186942448744,0.0707301556038824,0.5246617197730249,1.0213896109644147,0.3070698854800171,0.01887376228134268,0.2520707987860318,0.07487484616321433,0.5303360977738979,1.1020234569950815,0.2704514739089332,2291,2291,0.03409620663193743,1.4585456641692414,0.144690198031931,0.0014343630290579426,1.610584845928686,0.10727023895445116,65015,0.0026335202239020665,0.7,2291,,,,,,,,,,,
carry,5,Carry,1,0.9908318553693003,0.009168144630699704,0.000986898563991075,0.017593778501461592,0.27097015101537314,0.06492884340040624,0.5333333333333333,3.2111814802338743,0.001321904241799054,0.023751918314315276,0.24335133241610207,0.09760340359962483,0.5440329218106996,4.851390039852551,1.2259917500836952e-06,2430,2430,0.023751918314315276,4.851390039852551,1.2259917500836952e-06,0.00020817576637244132,2.531207355236027,0.011367062769058254,69199,0.0007669561417928034,0.8999999999999998,2430,0.09663647386589322,1.2335504915019646,0.27910150891632374,-0.10803447322635573,0.08960311584120188,1.1438331240261896,0.07553639979181914,0.9643444132181103,0.06146968374243645,0.784798975003864,
carry,5,Carry,5,0.9908318553693003,0.009168144630699704,0.000986898563991075,0.03019838834514746,0.268756810009456,0.11236324893157108,0.5531739488870568,3.3073660654282375,0.0009417773486785901,0.03809402080072452,0.23797138107924196,0.16007815993654975,0.5593569661995054,4.801144651531612,1.5776125591832266e-06,2426,2426,0.0447360955737499,4.080377753010594,4.496257112244017e-05,0.0009202351333752181,2.658275352277589,0.007854169342974598,69011,0.0027197589473835805,0.8999999999999998,2426,,,,,,,,,,,9.307914099181037e-05
carry,5,Carry,20,0.9908318553693003,0.009168144630699704,0.000986898563991075,0.06912405445893977,0.27980486099253243,0.24704379407041316,0.6126088759850684,3.736345537804197,0.00018671405339897517,0.08099758513127646,0.24308952551536775,0.33320063856949655,0.6271256739941933,5.168865114330063,2.3551979896426505e-07,2411,2411,0.0763139697393634,3.5979690287344943,0.00032071179765792154,0.004013834344207578,3.5906427688361275,0.0003298634850338866,68509,0.010671096399372679,0.8999999999999998,2411,,,,,,,,,,,
curve_curvature,10,期限结构曲率,1,0.9833228445563247,0.016677155443675318,0.00012872589965100977,-0.011282860918319662,0.23606632624811386,-0.04779530014992899,0.47901234567901235,-2.3777995463740074,0.01741629079725015,-0.011058887385710646,0.20887570815533069,-0.05294482294459387,0.4757201646090535,-2.6296548022296524,0.008547160818626803,2430,2430,-0.011058887385710646,-2.6296548022296524,0.008547160818626803,-0.00014660366310496434,-2.001173861012914,0.045373656821435016,68707,-0.0004421989163232308,-0.8999999999999998,2430,-0.0557170634567271,-0.8038267336860843,0.38450960219478736,-0.44180624424508563,-0.06540670543203572,-0.9436025449934441,-0.08478598938265301,-1.2230803018031065,-0.10416527333327032,-1.502414244343459,
curve_curvature,10,期限结构曲率,5,0.9833228445563247,0.016677155443675318,0.00012872589965100977,-0.016857869154971925,0.23057067760036717,-0.07311367312798789,0.45754328112118714,-2.4163929695807296,0.01567513386992821,-0.02034615400180173,0.20115911324983457,-0.10114457989547965,0.4620774938169827,-3.4325802809602135,0.000597866849854653,2426,2426,-0.023121135487583683,-2.538202357144571,0.011142353705885554,-0.0005093652551118875,-1.9639308279279861,0.04953811421399045,68563,-0.001427999340751607,-0.8999999999999998,2426,,,,,,,,,,,0.007054828828284905
curve_curvature,10,期限结构曲率,20,0.9833228445563247,0.016677155443675318,0.00012872589965100977,-0.02857958005457332,0.23665699923182223,-0.1207637219576912,0.45043550394027376,-2.4903264137210894,0.012762582247773298,-0.027628488899207,0.20728965114299894,-0.1332844584708547,0.4467026130236416,-2.911324614431905,0.003598998947716377,2411,2411,-0.020571312320199275,-1.0624295450232035,0.28804072700862593,-0.0016077420907745108,-2.121326649414046,0.03389432322849356,68081,-0.003617112282394133,-0.7,2411,,,,,,,,,,,
term_structure_slope,44,期限结构斜率,1,0.9908318553693003,0.009168144630699704,0.0,0.02237963206601677,0.29891189661430745,0.0748703290819291,0.5411522633744856,3.6993281600496273,0.0002161709456223784,0.026084418297757015,0.27320530735719906,0.09547551821038838,0.548559670781893,4.749193201226112,2.0422976554503094e-06,2430,2430,0.026084418297757015,4.749193201226112,2.0422976554503094e-06,0.0002454948607484507,2.924256638843593,0.003452799472449914,69199,0.0006388939796115518,0.9999999999999999,2430,0.08050064143105551,0.8912769056497498,0.0704320987654321,-0.11038155868095734,0.07872575254216661,0.8716215870925065,0.07517597476438884,0.8323075365516602,0.07162619698661106,0.7929895647506104,
term_structure_slope,44,期限结构斜率,5,0.9908318553693003,0.009168144630699704,0.0,0.04222263109297791,0.31024279016714706,0.1360954466346501,0.5581203627370157,3.7551614766396337,0.00017322975682184402,0.041426848911377066,0.2802190220258579,0.1478373902381056,0.5572959604286892,4.084085774420554,4.4250684603801584e-05,2426,2426,0.046535232472108716,3.6002988593850906,0.00031785163173235763,0.0011019404537970128,2.8814917578086985,0.0039579758619275995,69011,0.002653837518159464,0.8999999999999998,2426,,,,,,,,,,,0.0013053951958121467
term_structure_slope,44,期限结构斜率,20,0.9908318553693003,0.009168144630699704,0.0,0.08538714976728609,0.30564181920971817,0.279369982772865,0.6399834093737039,3.8620051825288346,0.00011246018027403479,0.08626964744037581,0.27394005495921586,0.31492162565718845,0.6553297386976359,4.396713059440887,1.0990247797643153e-05,2411,2411,0.08988703333834287,3.6210871163020433,0.0002933677016894515,0.004895367245421143,3.039668110431241,0.002368389829936788,68509,0.012925447784074912,0.9999999999999999,2411,,,,,,,,,,,
carry_change_5,6,Carry变化,1,0.986998684135248,0.01300131586475195,0.0,0.006897045439083158,0.24398009040856597,0.028268886315819676,0.5121649484536083,1.4139074730006453,0.15738907148048464,0.007439991793399336,0.21010499948355263,0.035410827023094,0.5224742268041237,1.7670520545637904,0.07721951099221931,2425,2425,0.007439991793399336,1.7670520545637904,0.07721951099221931,9.387008206421715e-05,1.6034099042052365,0.10884418583186646,68960,0.0004315117676257604,0.3,2425,0.05437048272084581,0.7665368236057327,0.5193814432989691,-0.08559648279797272,0.04128207034971179,0.5820484524475681,0.01510524560744374,0.21299274307526553,-0.011071579134824296,-0.156122017646923,
carry_change_5,6,Carry变化,5,0.986998684135248,0.01300131586475195,0.0,-0.006886819891208919,0.24065930994119328,-0.02861646986726489,0.4861627426683189,-1.0832748013119586,0.27868646663277286,0.0064294522299852275,0.2037669259550823,0.03155297259282654,0.5080545229244114,1.2082007935905663,0.2269700366061228,2421,2421,0.013523862182075476,1.438776110597767,0.150213966992807,-0.00019785976915002404,-1.402120237302273,0.1608793448149637,68807,0.00016756696380489897,0.39999999999999997,2421,,,,,,,,,,,0.831356967243485
carry_change_5,6,Carry变化,20,0.986998684135248,0.01300131586475195,0.0,-0.0029737088285973824,0.2543218007180485,-0.011692701216338733,0.48919368246051537,-0.4015902672637662,0.6879855938318397,0.007526505049414417,0.21325865824187495,0.03529284630909551,0.5133000831255196,1.2116435531280711,0.22564885514233513,2406,2406,0.02097744155254057,1.1947835915655771,0.23217159279043686,-0.0002573819885771401,-0.7582185560171508,0.4483201543827412,68326,0.00013416797213305207,0.09999999999999999,2406,,,,,,,,,,,
basis_momentum_5,9,基差动量,1,0.986998684135248,0.01300131586475195,0.0,0.01040361951279246,0.2431468478130144,0.04278739208987437,0.5175257731958763,2.1373057126315484,0.03257313452956759,0.009897523553223804,0.208878377309086,0.047384146127188775,0.52,2.3611300103547723,0.01821934205559054,2425,2425,0.009897523553223804,2.3611300103547723,0.01821934205559054,0.00013917736018307733,3.071550715516366,0.0021294998520873945,68960,0.000347675323381518,0.6,2425,0.04380709074607128,0.6194995616284593,0.511041237113402,-0.10898524761185957,0.030928851570813546,0.4373799645097103,0.005172373220298077,0.07314178102093745,-0.020584105130217384,-0.2910491771241027,
basis_momentum_5,9,基差动量,5,0.986998684135248,0.01300131586475195,0.0,-0.0033596458907837034,0.23837480683045648,-0.014093963768466706,0.489880214787278,-0.5260337215156691,0.598864777428287,0.009082582786666708,0.20397722871536847,0.04452743496844258,0.5179677819083024,1.6604249803526088,0.0968289882250602,2421,2421,0.01690605658004865,1.7696305909020507,0.0767886993687876,-0.00012720508073132644,-0.9102474502920527,0.3626920251106679,68807,0.00022204679941807148,0.39999999999999997,2421,,,,,,,,,,,0.4760758587732126
basis_momentum_5,9,基差动量,20,0.986998684135248,0.01300131586475195,0.0,-0.0022915107302649913,0.2488544876025063,-0.009208235512815854,0.485453034081463,-0.3138347845879288,0.7536465238283729,0.006963981996470779,0.2119414287971746,0.03285804967907066,0.5174563591022444,1.0842910346184722,0.27823577913830444,2406,2406,0.012120627477719659,0.7065886971657637,0.4798221149949762,-0.00023316179282576398,-0.8104617830886334,0.4176748211892459,68326,-0.00041648779702877664,0.0,2406,,,,,,,,,,,
term_structure_momentum_5,45,期限结构动量,1,0.986998684135248,0.01300131586475195,0.0,0.01365484459425731,0.2676818287896651,0.05101147379333994,0.5105154639175258,2.527333032110927,0.01149324591815037,0.014974921285341673,0.22624198003057383,0.06618984365022794,0.523298969072165,3.278483652611772,0.0010436640900047458,2425,2425,0.014974921285341673,3.278483652611772,0.0010436640900047458,0.0001568859710335616,2.4724860031563973,0.013417696777331194,68960,0.0004818585354830429,0.8999999999999998,2425,0.0607141754708634,0.7930797873666319,0.34013402061855674,-0.13164000408343002,0.05214279815127578,0.6810751461252561,0.0350000435121005,0.45709657161655104,0.017857288872925252,0.23317467651406606,
term_structure_momentum_5,45,期限结构动量,5,0.986998684135248,0.01300131586475195,0.0,0.010892247648334099,0.2726190192404489,0.03995410033636421,0.516728624535316,1.26993585537265,0.2041074798890956,0.010812837842624306,0.22840171166746553,0.04734131703166448,0.5204460966542751,1.518101048209494,0.12898892697403994,2421,2421,0.009387846311246933,0.8603513858995177,0.38959537504004405,0.00016060197307802722,0.5035086826427823,0.6146066773578214,68807,0.0006005023877147985,0.7999999999999999,2421,,,,,,,,,,,0.5854112839591044
term_structure_momentum_5,45,期限结构动量,20,0.986998684135248,0.01300131586475195,0.0,0.0035641193398637592,0.27498748701679865,0.012961023712493622,0.5070656691604323,0.3097892659257117,0.756721214887145,0.007557787462511918,0.23732901741569626,0.03184518920109121,0.5091438071487947,0.77008611677062,0.44124881081403244,2406,2406,-0.0011442003250484527,-0.05600923162585835,0.9553344529334392,0.00017926217088366726,0.19846761713532096,0.8426792185677017,68326,0.0005526014021643588,0.49999999999999994,2406,,,,,,,,,,,
term_structure_acceleration_5,46,期限结构加速度,1,0.9840808970764918,0.015919102923508177,0.0,0.012860805060170333,0.2634878495482406,0.04880986004561746,0.5086776859504132,2.4165865155899016,0.015666802627679128,0.01369608453091568,0.22301132002907972,0.06141430187996631,0.5260330578512397,3.0570228359476777,0.002235472446372597,2420,2420,0.01369608453091568,3.0570228359476777,0.002235472446372597,0.00017865479329496337,3.4766338984153258,0.0005077506214206389,68766,0.0005413684782989795,0.9999999999999999,2420,0.06821242826567142,0.9158117643411241,0.40581955922865015,-0.10559483421893512,0.05798577537310944,0.7784826696209681,0.03753246958798545,0.503840185554114,0.017079163802861494,0.22924258947215603,
term_structure_acceleration_5,46,期限结构加速度,5,0.9840808970764918,0.015919102923508177,0.0,0.007955839029898935,0.2728621843776405,0.029156986513338458,0.5091059602649006,0.9852967389231831,0.3244783340992484,0.011248179533130866,0.23071999195662163,0.04875251354570813,0.5235927152317881,1.672303286822503,0.09446453185557277,2416,2416,-0.002464305179756973,-0.23212587756134934,0.8164402463477762,9.592689426866064e-05,0.4411965665595539,0.6590706986447337,68631,0.00046071950711016214,0.6,2416,,,,,,,,,,,0.4760758587732126
term_structure_acceleration_5,46,期限结构加速度,20,0.9840808970764918,0.015919102923508177,0.0,0.006495594076952085,0.27074010444588453,0.02399199073312917,0.5106205747605165,0.9663587689942164,0.3338646880627435,0.00681606238222524,0.22829984891961472,0.02985574635498424,0.5177009579341941,1.1591001142552466,0.2464153793275946,2401,2401,0.03812555489316149,1.8752405570435038,0.06075963694686986,0.000200603903344865,0.5920020725806661,0.55384920052366,68152,0.00031516824322929543,0.6,2401,,,,,,,,,,,
carry_change_20,6,Carry变化,1,0.9803049373533955,0.019695062646604478,0.0,-0.0008383879465400095,0.24408023421851568,-0.003434886684799855,0.5062240663900415,-0.1698346415755255,0.8651401826306443,0.006382238132805528,0.20518916347547422,0.031104167611504405,0.5112033195020746,1.55326836270991,0.12035903519608139,2410,2410,0.006382238132805528,1.55326836270991,0.12035903519608139,1.5190514742712139e-05,0.27979975505122007,0.7796311396390281,68493,0.0002197591071320318,0.39999999999999997,2410,0.02768964749863599,0.4093967762797766,0.3829391424619641,-0.14354007691515303,0.01803958110859451,0.26672252981751965,-0.0012605516714884841,-0.018637469499297392,-0.020560684451571467,-0.30397014253447235,
carry_change_20,6,Carry变化,5,0.9803049373533955,0.019695062646604478,0.0,-0.012585781754479127,0.24463475775513263,-0.05144723452207424,0.48129675810473815,-1.6027241749072996,0.10899556377614025,-0.00304009676417994,0.20703593027625947,-0.014683909020638935,0.48711554447215294,-0.477293768277436,0.6331529478655957,2406,2406,0.0029500000248734435,0.32218115639135675,0.7473154590493885,-0.00018947788558103644,-0.8847343520515597,0.37629992352050257,68351,-0.00014229981474985073,-0.09999999999999999,2406,,,,,,,,,,,0.831356967243485
carry_change_20,6,Carry变化,20,0.9803049373533955,0.019695062646604478,0.0,-0.028249222359179198,0.2579830303824179,-0.1095003121612469,0.45545796737766625,-2.107544719799785,0.03507038958043373,-0.00886913720641957,0.21756291888418622,-0.040765849492673964,0.47887913007109995,-0.8200543184895621,0.41218514237232373,2391,2391,-0.014639262840319571,-0.6827768848183894,0.49474783810899525,-0.0013219037171031038,-1.1055391415708773,0.26892604374319273,67872,-0.0019169916983689838,-0.39999999999999997,2391,,,,,,,,,,,
basis_momentum_20,9,基差动量,1,0.9803049373533955,0.019695062646604478,0.0,-0.0005936289878097225,0.23972659185001527,-0.0024762750900038906,0.5091286307053942,-0.12233223008418133,0.9026359077655826,0.005767188138313959,0.20385890259286144,0.028290097047328603,0.5087136929460581,1.4041132576100233,0.1602851263642554,2410,2410,0.005767188138313959,1.4041132576100233,0.1602851263642554,1.5997131545917442e-05,0.39226607986379375,0.6948616236751749,68493,0.00015423077074880982,0.39999999999999997,2410,0.019433077114350043,0.28558762508894225,0.3696957123098202,-0.16772561080991122,0.010116745164142574,0.14866342008986838,-0.008515918736272375,-0.1251143363089831,-0.02714858263668731,-0.39875856961948625,
basis_momentum_20,9,基差动量,5,0.9803049373533955,0.019695062646604478,0.0,-0.01074071369876956,0.23858722822213072,-0.04501797425958478,0.4829592684954281,-1.406487434197374,0.15957943336229308,-0.002899555602199534,0.20762981231844013,-0.013965025396991206,0.4850374064837905,-0.44773920919984583,0.6543414207696592,2406,2406,0.0005577809545766014,0.060681139805010845,0.9516131522526214,-0.00018481448205682707,-1.0667931211437005,0.28606526551203315,68351,-0.00022087149110793327,0.0,2406,,,,,,,,,,,0.831356967243485
basis_momentum_20,9,基差动量,20,0.9803049373533955,0.019695062646604478,0.0,-0.026225237153474683,0.2513353187253142,-0.10434362065180497,0.4483479715600167,-2.0586368339430625,0.03952904143947758,-0.009925258816778979,0.21977256051025504,-0.04516150148014427,0.46800501882057716,-0.9129058345776551,0.36129206864962293,2391,2391,-0.030205806614594155,-1.5163092689978994,0.12944116898227326,-0.0012196976705156441,-1.1564036687965213,0.2475160816359433,67872,-0.00274896726659869,0.0,2391,,,,,,,,,,,
term_structure_momentum_20,45,期限结构动量,1,0.9803049373533955,0.019695062646604478,0.0,0.00824934285293539,0.2802660889283519,0.029433967143432316,0.5269709543568465,1.4392206036590016,0.15008802959196002,0.007354334995229102,0.237695407864873,0.030940164394803762,0.5141078838174273,1.5081288357733487,0.13152155635820897,2410,2410,0.007354334995229102,1.5081288357733487,0.13152155635820897,7.188713405195596e-05,0.6129014526624749,0.5399415026918999,68493,0.00018686224631699888,0.8999999999999998,2410,0.02354464303594187,0.29390520628614125,0.17815352697095435,-0.20797328083480848,0.019055174156273814,0.23786271579588497,0.01007623639693772,0.125777606609008,0.0010972986376016022,0.013696658654534928,
term_structure_momentum_20,45,期限结构动量,5,0.9803049373533955,0.019695062646604478,0.0,-0.00033997093617758515,0.2819435603653866,-0.0012058120275455044,0.5099750623441397,-0.03388846075090363,0.9729660948910601,0.00019892923291256462,0.24004388090979192,0.0008287202829691038,0.5066500415627597,0.02397321255888188,0.9808739758458763,2406,2406,0.003506800669741752,0.32593749672198186,0.7444716451752238,-9.073828842326723e-05,-0.20208632639454494,0.83984923729296,68351,3.4071906864786347e-06,0.09999999999999999,2406,,,,,,,,,,,0.9950137512047085
term_structure_momentum_20,45,期限结构动量,20,0.9803049373533955,0.019695062646604478,0.0,-0.012413199134547113,0.27136731683345927,-0.04574316199678981,0.48975324132162273,-0.7717892664433246,0.4402392499768263,0.0011212991238500425,0.22463237054696747,0.004991707656023666,0.49477206189878714,0.08648761457904587,0.931078801313203,2391,2391,-0.0004872959508665823,-0.02224613835898878,0.9822516135964302,-0.000717900869575609,-0.621067492179449,0.5345552169858809,67872,-0.00021662607715101982,-0.3,2391,,,,,,,,,,,
term_structure_acceleration_20,46,期限结构加速度,1,0.9710223697007838,0.028977630299216184,0.0,0.0056005185791748145,0.27292175436352817,0.020520601563021604,0.5163179916317991,1.0094786725893534,0.31274512490652406,0.0063308241007115395,0.2376285178012736,0.026641684926074174,0.5117154811715481,1.3040313969933737,0.19222287757200895,2390,2390,0.0063308241007115395,1.3040313969933737,0.19222287757200895,5.4755660370954534e-05,0.4713598264641755,0.6373837993574374,67853,0.00017531111017285436,0.8999999999999998,2390,0.022089199881779646,0.2837380562277292,0.20797419804741982,-0.1921929588936444,0.016848250090984677,0.21641808319232694,0.006366350509394704,0.08177596709664949,-0.004115549072195249,-0.05286296005373804,
term_structure_acceleration_20,46,期限结构加速度,5,0.9710223697007838,0.028977630299216184,0.0,0.004733014190975756,0.2751928464704531,0.01719889979583437,0.5046102263202011,0.4859778125299334,0.6269828971065177,0.0040946853896648774,0.23354961630451213,0.01753240041433444,0.5113160100586757,0.5100320162487123,0.6100290319143502,2386,2386,0.004135927525249194,0.39768565241042686,0.6908619147352761,-1.6104428424392463e-05,-0.028859383567116252,0.9769767393361003,67722,2.258945592085051e-07,0.39999999999999997,2386,,,,,,,,,,,0.831356967243485
term_structure_acceleration_20,46,期限结构加速度,20,0.9710223697007838,0.028977630299216184,0.0,-0.01689052004216581,0.2737361429708013,-0.06170365322918822,0.47195276254744833,-1.0613292800709138,0.28854028365903817,-0.00781499901324929,0.23193891070751552,-0.0336942127968529,0.4921973850695909,-0.598901084660307,0.5492388481053084,2371,2371,-0.01887818359995663,-0.9436301474266581,0.34535868091181177,-0.0007555916457943066,-0.5156926123084168,0.6060691152357239,67245,-0.0023277250959104533,0.0,2371,,,,,,,,,,,
carry_change_60,6,Carry变化,1,0.9629698495337262,0.03703015046627378,0.0,0.0054957848066511765,0.24941353268863195,0.022034830056764074,0.5109704641350211,1.0895973479804826,0.27589055181974753,0.009068757856598367,0.21597152983054754,0.04199052469422134,0.5210970464135021,2.0940764990541822,0.036253166184660804,2370,2370,0.009068757856598367,2.0940764990541822,0.036253166184660804,4.4979841600675445e-05,0.4904811282884981,0.6237934806962331,67282,0.0003053835574683279,0.0,2370,0.038478328241009295,0.5274955759115985,0.33363572433192684,-0.16231004570759833,0.030070707987844742,0.4122386836556806,0.013255467481515622,0.18171518845717013,-0.003559773024813482,-0.048796776600781605,
carry_change_60,6,Carry变化,5,0.9629698495337262,0.03703015046627378,0.0,-0.001789909592382024,0.24801635005450795,-0.00721690159535307,0.5071851225697379,-0.21821618865316378,0.8272606722860185,0.006194465943587512,0.20817311250984544,0.02975632092398363,0.5156382079459002,0.9439372408763176,0.3452017199829216,2366,2366,-0.0002974408216427894,-0.03164687620873013,0.974753660284851,4.4754997841519806e-05,0.11698063221465713,0.9068754013474998,67131,0.00037858194196028637,0.39999999999999997,2366,,,,,,,,,,,0.831356967243485
carry_change_60,6,Carry变化,20,0.9629698495337262,0.03703015046627378,0.0,-0.0033364305718697495,0.25114301076328077,-0.013284982774275015,0.5108464483198639,-0.2244696028443858,0.8223919168641395,0.010625047505208707,0.2087575750027212,0.0508965842560214,0.528285835814547,0.9243796332606338,0.3552886948247197,2351,2351,0.018597035849821437,0.9367486445760727,0.34888786756270074,-0.00017786688376598243,-0.12731876469769915,0.8986881090857648,66647,-0.0004497293758930753,0.0,2351,,,,,,,,,,,
basis_momentum_60,9,基差动量,1,0.9629698495337262,0.03703015046627378,1.4302877739001086e-05,0.006062017210182254,0.24261417501101137,0.024986244970670493,0.509704641350211,1.2289968078946032,0.21907300284258457,0.0063551465006716915,0.21427071540520837,0.02965942634136188,0.5067510548523206,1.4749964841299816,0.140213488664494,2370,2370,0.0063551465006716915,1.4749964841299816,0.140213488664494,6.254702854789623e-05,0.7367825177825336,0.4612546162023037,67282,0.00017988510014340953,0.19999999999999998,2370,0.022665522618069596,0.3123256454959504,0.3160407876230661,-0.1586979317830285,0.014701294769968322,0.20259430819542723,-0.001227160926234212,-0.016912932166128263,-0.017155616622436736,-0.23645641641719886,
basis_momentum_60,9,基差动量,5,0.9629698495337262,0.03703015046627378,1.4302877739001086e-05,0.0028857096636057218,0.24224521412743125,0.011912349533921921,0.5164835164835165,0.35992737566762145,0.718901444290106,0.0069662047466803245,0.20767753645972548,0.033543371447066775,0.5232459847844463,1.057685256501742,0.29019895906679405,2366,2366,-0.003420842738573624,-0.3522761889329737,0.724631143539395,0.00011695646357509179,0.3388871506240171,0.7346947446136242,67131,0.00022956968236005013,0.39999999999999997,2366,,,,,,,,,,,0.831356967243485
basis_momentum_60,9,基差动量,20,0.9629698495337262,0.03703015046627378,1.4302877739001086e-05,0.0013046100456629345,0.2447157257715188,0.005331124681709243,0.5121225010633773,0.09046775225925485,0.9279155188142586,0.00799295644741982,0.20889565897606854,0.038262913105032534,0.5159506592939175,0.6912379848710736,0.48941599669493163,2351,2351,0.0063487396196998235,0.3255132357740165,0.744792666913968,-4.747042630494626e-05,-0.036676292663382855,0.9707431116361249,66647,-0.0004358153610668868,0.0,2351,,,,,,,,,,,
term_structure_momentum_60,45,期限结构动量,1,0.9629698495337262,0.03703015046627378,0.0,0.008405885583322295,0.26375906694103984,0.0318695606593169,0.5147679324894515,1.571287594768591,0.11611586137537319,0.008124448460081911,0.23025591065857,0.03528442955859263,0.5198312236286919,1.727989074066125,0.08399018324280193,2370,2370,0.008124448460081911,1.727989074066125,0.08399018324280193,5.2482178378117524e-05,0.7683512530181015,0.4422785327338843,67282,0.00011571517081826592,0.49999999999999994,2370,0.014580111523101512,0.1859641677253541,0.11401547116736989,-0.16560772248527988,0.011706921649683781,0.14931607889976714,0.005960541902848347,0.07602158768328389,0.0002141621560129003,0.0027313446632915676,
term_structure_momentum_60,45,期限结构动量,5,0.9629698495337262,0.03703015046627378,0.0,0.008191023677807868,0.26896590727715847,0.030453761819587602,0.5240912933220625,0.8338395694722582,0.40437139417817025,0.005396781370049062,0.2253354792996301,0.023949985092551387,0.5215553677092138,0.6773890050743628,0.4981591724950468,2366,2366,0.006152041526382736,0.5917088575657523,0.5540455641895891,0.0001269358072586349,0.38684436658774146,0.6988714295928069,67131,0.00043933750484784694,0.09999999999999999,2366,,,,,,,,,,,0.831356967243485
term_structure_momentum_60,45,期限结构动量,20,0.9629698495337262,0.03703015046627378,0.0,0.016047110923084026,0.2631331194852412,0.060984762976536246,0.546575925138239,0.8962003511054276,0.37014576821615164,0.018492914998425706,0.2192718924115719,0.0843378273204056,0.5384942577626541,1.2638706575173186,0.20627645511199288,2351,2351,0.016223205841708516,0.7719113819026944,0.4401669156231348,0.0006626162578753756,0.41108995109442303,0.681006578178535,66647,0.0019588293138619855,0.49999999999999994,2351,,,,,,,,,,,
value_60,11,价值因子,1,0.985496881972653,0.01450311802734705,0.0,0.0003499714491912328,0.27552100679920366,0.0012702169364758734,0.49021241149521033,0.06349180046744672,0.9493748883509315,0.007724042120508691,0.2793906505894177,0.027646029329233573,0.49770928779675133,1.3848751721216648,0.16609063998109763,2401,2401,0.007724042120508691,1.3848751721216648,0.16609063998109763,1.230152947457755e-05,0.15945565737981357,0.8733098915414599,68564,-2.7760586424409617e-05,-0.09999999999999999,2401,-0.0034978338894756126,-0.04056085012936741,0.18049423851173121,-0.27780068539227976,-0.008046288699971246,-0.09330403885641488,-0.017143198320962498,-0.19878628820318112,-0.02624010794195376,-0.30425964442752396,
value_60,11,价值因子,5,0.985496881972653,0.01450311802734705,0.0,0.0009137252274469231,0.2689537358082843,0.0033973323504911082,0.5031289111389237,0.09446935967537098,0.924736321006163,0.0022411686625713866,0.2714338995811747,0.008256775097102952,0.49895702962035876,0.23291289768738155,0.81582904294126,2397,2397,0.0005146363956152607,0.04205867466328858,0.9664519238413454,-9.299087658534826e-05,-0.3333208029197706,0.7388921379191074,68284,-0.0004455450412768685,-0.09999999999999999,2397,,,,,,,,,,,0.8878343359534876
value_60,11,价值因子,20,0.985496881972653,0.01450311802734705,0.0,-0.006882062287136983,0.2599974379250835,-0.026469731171427938,0.47774979009235935,-0.4097512106544086,0.6819884595905954,-0.0017116229618786294,0.25907001787148204,-0.006606796787761529,0.49706129303106633,-0.10404982660123495,0.9171298072173762,2382,2382,-0.018006555241816647,-0.7488497265445693,0.4539477843088635,-0.0008387028032452022,-1.0338969694053286,0.3011843319555717,67701,-0.001884598208499198,-0.3,2382,,,,,,,,,,,
value_120,11,价值因子,1,0.973482464671892,0.026517535328107966,0.0,-0.0003160414815791152,0.2758767676436096,-0.001145589330622404,0.48713622943905527,-0.0570678690091868,0.9544911315107127,0.004133799176943245,0.2791804157194466,0.014806909597474683,0.5010544074230282,0.7371932018338241,0.46100486698624754,2371,2371,0.004133799176943245,0.7371932018338241,0.46100486698624754,4.729634280178471e-06,0.06029115132423704,0.9519237493471691,67664,-2.503737833919081e-05,0.09999999999999999,2371,-0.0031547096707380423,-0.03644740685370161,0.13089413749472795,-0.28422218330112503,-0.0064532419356051855,-0.07455589516109119,-0.01305030646533948,-0.1507700269598056,-0.019647370995073764,-0.2269784078418179,
value_120,11,价值因子,5,0.973482464671892,0.026517535328107966,0.0,0.0010713476859527896,0.26802968999403126,0.003997123176826595,0.5014786649767639,0.10983147316339201,0.9125430300574942,0.005421146102751212,0.2710325208775399,0.020001828877209308,0.5095057034220533,0.5586811189004687,0.5763793674177791,2367,2367,0.0015589196972168248,0.12777092537975607,0.8983302596229047,-0.00014026363528034605,-0.5019179535371827,0.615725235739043,67384,-0.0008130893123989046,-0.3,2367,,,,,,,,,,,0.831356967243485
value_120,11,价值因子,20,0.973482464671892,0.026517535328107966,0.0,-0.005710226409246931,0.25847873252820863,-0.022091668252140456,0.49107142857142855,-0.3190767551748894,0.7496683097928469,-0.0019599705684868363,0.2544013682502384,-0.00770424538974546,0.5068027210884354,-0.11231227493175294,0.910575809395516,2352,2352,-0.025451800607906257,-1.242387922446287,0.21409346956343367,-0.0009766938672775248,-1.0168643160163024,0.3092179808033597,66801,-0.0027748670822382035,-0.39999999999999997,2352,,,,,,,,,,,
value_252,11,价值因子,1,0.9463642084787459,0.053635791521254084,0.0,0.0002616734675623579,0.2790556401525597,0.0009377107282952642,0.4911062906724512,0.04539433678214185,0.963792994929374,0.0011516974634658164,0.283419151277913,0.004063583770796398,0.4924078091106291,0.19718391274221186,0.8436836192424266,2305,2305,0.0011516974634658164,0.19718391274221186,0.8436836192424266,3.0926082812717636e-05,0.3452054773692705,0.7299399012420295,65693,-1.3303182706460036e-05,-0.09999999999999999,2305,-0.001676201021013965,-0.01839168994588149,0.09392624728850325,-0.3206586947676495,-0.0040431424526842456,-0.04436323367998274,-0.008777025316024811,-0.09630889656745385,-0.01351090817936537,-0.1482570655983095,
value_252,11,价值因子,5,0.9463642084787459,0.053635791521254084,0.0,0.0010219963701343492,0.27560730746175016,0.0037081613675144873,0.5110821382007823,0.09996370063611607,0.920373143748171,0.003167647035322694,0.2766660358623121,0.011449352738400934,0.5071707953063885,0.3138651054047111,0.7536234939541476,2301,2301,0.002613905239382089,0.20707295537195786,0.8359528828189554,-5.427472204373278e-05,-0.17500952412093698,0.861072149917442,65427,-0.00042136476387727814,-0.19999999999999998,2301,,,,,,,,,,,0.8550728104479752
value_252,11,价值因子,20,0.9463642084787459,0.053635791521254084,0.0,-0.00573526368627736,0.2663720710567837,-0.021531024868799962,0.4868766404199475,-0.29279974365045397,0.7696752242085247,-0.011877298541717157,0.2646211475062779,-0.04488416233413612,0.4899387576552931,-0.6131476417171395,0.5397787211849043,2286,2286,-0.005522711526193656,-0.21191874272252412,0.832170428095867,-0.0008095833122610644,-0.7165596296790556,0.47364586173582435,64870,-0.0028932013916514185,-0.6,2286,,,,,,,,,,,
reversal_5,12,短期反转,1,0.9978545683391499,0.002145431660850128,0.005549516562732421,0.016019254936095656,0.31527479818898807,0.05081045179669923,0.5162886597938144,2.596530451116247,0.009417055812241552,0.024730854635764108,0.2893697644096441,0.0854645428703258,0.5290721649484537,4.373061299623316,1.2251630451093126e-05,2425,2425,0.024730854635764108,4.373061299623316,1.2251630451093126e-05,0.00017062782252762266,2.112854251526543,0.034613244550854794,69275,0.0004904283078283857,0.9999999999999999,2425,0.0617939667863766,0.6300421950700232,0.361106529209622,-0.1566375975351323,0.05269408225029412,0.5372827029012756,0.03449431317812918,0.3517364411465493,0.016294544105964218,0.16616243423363536,
reversal_5,12,短期反转,5,0.9978545683391499,0.002145431660850128,0.005549516562732421,0.014718457621982647,0.30085494123206896,0.048922106985204356,0.5196199917389508,1.5374874090047006,0.12417399602842606,0.01513718083413806,0.2741015910956821,0.05522470983706929,0.5233374638579099,1.770176213612375,0.07669779051686709,2421,2421,0.016896409745623647,1.350454610994059,0.17687020357084537,0.0003743792262313483,1.4755118434327357,0.1400749865532502,68989,0.0009020630646960124,0.9999999999999999,2421,,,,,,,,,,,0.4525169640495158
reversal_5,12,短期反转,20,0.9978545683391499,0.002145431660850128,0.005549516562732421,-0.0018234230023744902,0.3170855257680237,-0.005750571546770907,0.49501246882793015,-0.13284371634686765,0.8943169800841403,0.0015170872071048388,0.2884931380804692,0.005258659589614498,0.4970906068162926,0.12580516717514578,0.8998861514605482,2406,2406,0.03565700487532826,1.1672103362491977,0.24312543771986084,-0.0004180153156526593,-0.6974880732081573,0.485497400821846,68406,-0.0010115589450384855,-0.7,2406,,,,,,,,,,,
oi_growth_5,18,持仓量增长,1,0.9922049316322444,0.007795068367755564,0.0003432690657360261,-0.01285082238054305,0.22802348628321487,-0.05635745067322487,0.4754639175257732,-2.7863661975794174,0.005330261833249324,-0.01694408582137937,0.21952264390341725,-0.07718605024105946,0.4639175257731959,-3.8404519273767415,0.00012280802026452215,2425,2425,-0.01694408582137937,-3.8404519273767415,0.00012280802026452215,-0.00017353719277494762,-2.7644307200351346,0.005702221454771876,69232,-0.0005333078797930705,-0.9999999999999999,2425,-0.06719679285392689,-0.9798094048602435,0.3323711340206186,-0.5014121533615384,-0.07557254543124646,-1.102024901956242,-0.09232405058588568,-1.3464832941416753,-0.10907555574052485,-1.5909597367649226,
oi_growth_5,18,持仓量增长,5,0.9922049316322444,0.007795068367755564,0.0003432690657360261,-0.01136273819339663,0.22652248226975513,-0.05016163552307038,0.4836844279223461,-1.5914602674416019,0.11150603041537066,-0.01517276779991927,0.21426009647948518,-0.07081471561538301,0.46261875258157786,-2.277284658084879,0.022769232495206414,2421,2421,-0.017267071064600962,-1.7970406826228547,0.07232916144385462,-0.00011959628642393184,-0.4807888021635391,0.6306666096052393,68972,-0.00033802138285528554,-0.7999999999999999,2421,,,,,,,,,,,0.1492649685796865
oi_growth_5,18,持仓量增长,20,0.9922049316322444,0.007795068367755564,0.0003432690657360261,-0.008871288854808193,0.2240090296750343,-0.03960237168866632,0.484621778886118,-0.9937716252242059,0.32033406320249547,-0.01277553419451178,0.21725594675447385,-0.05880407135161054,0.4829592684954281,-1.4400706774784968,0.14984740401889107,2406,2406,0.001332531694550101,0.06834438770129565,0.9455114904328847,-4.901767770288374e-05,-0.1284192183945452,0.8978172229991923,68400,7.19124041507166e-05,-0.19999999999999998,2406,,,,,,,,,,,
reversal_20,12,短期反转,1,0.9914182733565994,0.008581726643400622,0.005177641741518394,0.003748952094837781,0.3306538792595104,0.011337995196770256,0.5,0.5617619321164338,0.5742782319648683,0.009784739434305887,0.30075202264781015,0.03253424315541218,0.5095435684647303,1.6141997591768258,0.10648410422731204,2410,2410,0.009784739434305887,1.6141997591768258,0.10648410422731204,4.590939475455323e-05,0.4812118334068727,0.6303659514187558,68834,1.3253552231607216e-05,0.3,2410,0.0016699475811825033,0.016313728702604273,0.18930843706777317,-0.2982561640121789,-0.0031006250329253765,-0.030291858397473753,-0.01264177026114116,-0.12351902077861898,-0.022182915489356924,-0.2167651644660937,
reversal_20,12,短期反转,5,0.9914182733565994,0.008581726643400622,0.005177641741518394,0.004290281295606768,0.32645513360716477,0.013142024290447881,0.4912718204488778,0.36572413858083963,0.7145709321599398,0.007985891176061908,0.29806736664577804,0.02679223581544338,0.5004156275976724,0.7542214939337017,0.45071623328703647,2406,2406,0.01002188124763231,0.7419034353536164,0.4581458442748585,3.558881534407488e-05,0.1110852450417547,0.9115487490727172,68554,-0.00015745460004093172,-0.09999999999999999,2406,,,,,,,,,,,0.831356967243485
reversal_20,12,短期反转,20,0.9914182733565994,0.008581726643400622,0.005177641741518394,-0.002477665976036926,0.31594713827902476,-0.007842026959107337,0.49519029694688416,-0.12571361392205865,0.8999586250156999,0.004338066693806972,0.2774355315847846,0.015636305375258876,0.5094102885821832,0.25957249783249464,0.7951935528662712,2391,2391,0.006304650443693828,0.2977941629737165,0.7658602698267497,-0.00016001447893618408,-0.18236897445403025,0.8552931722914224,67971,-0.0008751696568015526,-0.3,2391,,,,,,,,,,,
oi_growth_20,18,持仓量增长,1,0.9855111848503919,0.014488815149608092,0.00035757194347502716,-0.006168471708206184,0.23581134880230936,-0.026158502292345034,0.4863070539419087,-1.2850581160527843,0.19877197631793608,-0.007371353416285336,0.22632146935565314,-0.03257027906928977,0.4863070539419087,-1.5988976542524493,0.10984334535680569,2410,2410,-0.007371353416285336,-1.5988976542524493,0.10984334535680569,-7.574122699707991e-05,-1.4035600706363887,0.16044989232086748,68759,-0.00021366101102231416,-0.49999999999999994,2410,-0.026921287388811586,-0.3818195105307726,0.1974688796680498,-0.3417149301792687,-0.03189750315644643,-0.45236879046162703,-0.04184993469171615,-0.5934333256645091,-0.051802366226985856,-0.7344459008753474,
oi_growth_20,18,持仓量增长,5,0.9855111848503919,0.014488815149608092,0.00035757194347502716,-0.002238585159123603,0.22978972848971527,-0.009741885217570967,0.5020781379883624,-0.2812222878841393,0.7785399109260422,-0.00661642870020702,0.219215096748497,-0.030182358780690973,0.486284289276808,-0.8786341375212887,0.37959968005346933,2406,2406,-0.004877070882660312,-0.5023396513869317,0.6154286219151701,6.401107679244164e-05,0.25930178304293966,0.7954024037785836,68509,0.00012834666670690924,0.09999999999999999,2406,,,,,,,,,,,0.831356967243485
oi_growth_20,18,持仓量增长,20,0.9855111848503919,0.014488815149608092,0.00035757194347502716,0.0007645489570424533,0.2217151114369552,0.003448339412173325,0.4859891258887495,0.05849810424481621,0.9533518725041571,-0.0019480299567472947,0.2192016237325838,-0.008886932147563854,0.4880803011292346,-0.15172170159022141,0.8794064399333829,2391,2391,-0.0007904215012112636,-0.038362956757109025,0.9693982954528023,0.0004416386124786897,0.5195540361092805,0.6033744412811133,67937,0.0012508196581000727,0.3,2391,,,,,,,,,,,
price_oi_20,19,价格—持仓量交互,1,0.9855111848503919,0.014488815149608092,0.00010012014417300761,-0.002119988700495872,0.27567895905679796,-0.0076900634990394465,0.5033195020746888,-0.38024224708639864,0.7037656015380709,-0.004048971552524517,0.2370925862547753,-0.017077596632117237,0.4954356846473029,-0.8421874922967785,0.3996830137972882,2410,2410,-0.004048971552524517,-0.8421874922967785,0.3996830137972882,-4.514438987565656e-05,-0.8592030619522221,0.3902284943683848,68759,-5.5020318378951395e-05,-0.6,2410,-0.006932560115747876,-0.08714038964740844,0.2488796680497925,-0.23037151101945985,-0.013204327750602648,-0.16598012944774163,-0.025747863020312206,-0.3236694422163667,-0.03829139829002174,-0.4813631572479877,
price_oi_20,19,价格—持仓量交互,5,0.9855111848503919,0.014488815149608092,0.00010012014417300761,-0.004632522319823281,0.26938646105297076,-0.0171965669756223,0.4945968412302577,-0.5018821032299352,0.6157504550236854,-0.00802648379429452,0.23072085845800117,-0.03478872195578106,0.49002493765586036,-1.0418714940486087,0.297471261858946,2406,2406,-0.007466025072817312,-0.7233283769717512,0.46947816277454624,-0.00013821432736086745,-0.6060178313990803,0.5445029124746514,68509,-0.0006913930763499586,-0.6,2406,,,,,,,,,,,0.831356967243485
price_oi_20,19,价格—持仓量交互,20,0.9855111848503919,0.014488815149608092,0.00010012014417300761,-0.02438229221647007,0.26265633149074175,-0.09282963817428293,0.45671267252195735,-1.7001585765737581,0.08910110157645217,-0.030239584140461035,0.22774844413475723,-0.13277624905559607,0.44416562107904645,-2.508460038921154,0.012125868280081166,2391,2391,-0.04624861714934017,-2.2896152057473755,0.02204363274070092,-0.0010667451267208057,-0.9359578165675093,0.349294907158067,67937,-0.003707118261337661,-0.8999999999999998,2391,,,,,,,,,,,
volume_shock_20,21,成交量冲击,1,0.9905171920590423,0.009482807940957683,0.00012872589965100977,-0.009708237389414395,0.23296521809091653,-0.04167247569817773,0.48677685950413224,-2.078504135447145,0.03766295040484784,-0.01183297579986476,0.2315935492449272,-0.0510937193131857,0.4896694214876033,-2.5728473643225946,0.010086568059395333,2420,2420,-0.01183297579986476,-2.5728473643225946,0.010086568059395333,-0.00010196011660363404,-1.5566326388149403,0.1195577300104869,69101,-0.0004080948647013157,-0.8999999999999998,2420,-0.05141995295236578,-0.7011991073999024,0.5720592286501377,-0.48533728091686956,-0.06583584551434925,-0.8977491024797816,-0.09466763063831621,-1.2907625180312905,-0.12349941576228314,-1.68361986627849,
volume_shock_20,21,成交量冲击,5,0.9905171920590423,0.009482807940957683,0.00012872589965100977,-0.004675220750747765,0.23003246629062107,-0.02032417782645138,0.486341059602649,-0.7277684906425922,0.466755315918832,-0.008453339169942054,0.22978433149447458,-0.03678814440899041,0.4730960264900662,-1.3271344693953333,0.18446420480462378,2416,2416,-0.016383408588131008,-1.57219392873461,0.11590558304400354,3.8020659701598415e-06,0.016786939588732962,0.9866065891288306,68830,-0.00022645287802355358,-0.8999999999999998,2416,,,,,,,,,,,0.7255592055648534
volume_shock_20,21,成交量冲击,20,0.9905171920590423,0.009482807940957683,0.00012872589965100977,-0.01016020845165713,0.2327938770137693,-0.0436446550140843,0.4814660558100791,-1.173315218472869,0.24066942165156668,-0.016071946478979332,0.23283749975174628,-0.06902645190794184,0.4760516451478551,-1.8619866374319807,0.06260497377883921,2401,2401,-0.037132613456812055,-1.6228469447867702,0.1046221275039408,-0.0004136462783495639,-0.8100144971143318,0.41793184375261316,68251,-0.0013179753908108703,-0.7,2401,,,,,,,,,,,
oi_surprise_20,52,持仓意外,1,0.9890869042851421,0.010913095714857879,0.00010012014417300761,-0.011703171142219918,0.20938393118336443,-0.055893358559454424,0.472095907399752,-2.7645152276381784,0.005700744629429481,-0.013336369097476833,0.21506131302318257,-0.062011939339546567,0.4692021496486151,-3.081094552151951,0.002062411452833918,2419,2419,-0.013336369097476833,-3.081094552151951,0.002062411452833918,-0.00015699812919066852,-2.7422177237580554,0.006102587649048553,69026,-0.0006497517306369381,-0.7,2419,-0.08186871806025418,-1.2044715236194192,0.7294749896651509,-0.5683809593730379,-0.10025148779981599,-1.4749881396191546,-0.1370170272789396,-2.0160321838938495,-0.17378256675806317,-2.557036258128856,
oi_surprise_20,52,持仓意外,5,0.9890869042851421,0.010913095714857879,0.00010012014417300761,-0.01250641868113863,0.21159333582406914,-0.05910591953395539,0.4728778467908903,-2.832490748812069,0.004618690264957607,-0.011682560187358478,0.2124411812684364,-0.05499197527336581,0.4774327122153209,-2.555931068818965,0.010590409578083153,2415,2415,-0.0003063397432572288,-0.033163491052248376,0.9735442120174599,-0.0003296562697819494,-2.482935370238076,0.013030472678101073,68781,-0.001027862558563374,-0.8999999999999998,2415,,,,,,,,,,,0.07810427063836325
oi_surprise_20,52,持仓意外,20,0.9890869042851421,0.010913095714857879,0.00010012014417300761,-0.012337511421168299,0.21491682010647367,-0.05740598346400283,0.4866666666666667,-2.516910971144817,0.011838874003824957,-0.009524672605748801,0.21601174957496636,-0.04409330800055988,0.4895833333333333,-1.9328574816623445,0.053253756905321206,2400,2400,-0.006446753911436888,-0.31573301147524224,0.7522051678904202,-0.0005847397597548362,-2.70201310266019,0.006892104630381248,68216,-0.0016555860380340316,-0.8999999999999998,2400,,,,,,,,,,,
volume_shock_60,21,成交量冲击,1,0.9816637107386006,0.018336289261399408,0.00012872589965100977,-0.009615797927546244,0.2365831667528625,-0.04064447213013687,0.4891666666666667,-2.0129794090734,0.04411679559951176,-0.009715815701453403,0.23182753028171113,-0.04190967177041908,0.4875,-2.0915949578753494,0.03647476395887319,2400,2400,-0.009715815701453403,-2.0915949578753494,0.03647476395887319,-0.00010871075478491233,-1.4959057460167384,0.13467821874076027,68483,-0.00025510647035931964,-0.8999999999999998,2400,-0.032143415265274276,-0.434502016472204,0.4714166666666667,-0.36614941823511127,-0.04402311526527427,-0.5950164254433317,-0.06778251526527428,-0.9159065501031664,-0.09154191526527428,-1.2365835227284003,
volume_shock_60,21,成交量冲击,5,0.9816637107386006,0.018336289261399408,0.00012872589965100977,-0.002579593833020651,0.23410846003185806,-0.011018798007853341,0.49165275459098495,-0.35140698111531,0.7252830457791957,-0.005477088607649182,0.2317092701676638,-0.02363776211321189,0.4862270450751252,-0.7637807135274942,0.44499793198074145,2396,2396,-0.01080575291566671,-0.9990113449184461,0.3177891955472335,-9.336462477113127e-07,-0.0034095451710211095,0.9972795818194927,68217,3.830322840966233e-06,0.3,2396,,,,,,,,,,,0.831356967243485
volume_shock_60,21,成交量冲击,20,0.9816637107386006,0.018336289261399408,0.00012872589965100977,0.0038657670357568675,0.2381506672582629,0.016232442597209396,0.499790004199916,0.3139496178535846,0.7535593045226515,-0.0023110256428110626,0.23635876935281477,-0.00977761751399786,0.49265014699706006,-0.19037143972367146,0.8490180762042534,2381,2381,-0.003961708007314239,-0.17979806566357692,0.857311102247454,0.0001978276618236592,0.228894596296428,0.8189508406170409,67638,0.0009729856508115855,0.09999999999999999,2381,,,,,,,,,,,
oi_surprise_60,52,持仓意外,1,0.9804193603753075,0.019580639624692475,2.8605755478002173e-05,-0.014974802084078725,0.2131706401490509,-0.07024795756867927,0.46686119216340144,-3.4649834854529,0.0005302640405577187,-0.01706617495864752,0.21744000195082033,-0.07848682305709083,0.460608586911213,-3.875362611821184,0.00010646603660227744,2399,2399,-0.01706617495864752,-3.875362611821184,0.00010646603660227744,-0.00019454223666344006,-3.31325703913514,0.0009221618826478664,68419,-0.0006159162399899929,-0.9999999999999999,2399,-0.0776054462387391,-1.1321694510572007,0.7199874947894956,-0.5585412745092679,-0.09574913110743438,-1.39682190967436,-0.13203650084482496,-1.9260192465436685,-0.16832387058221554,-2.4550183296406494,
oi_surprise_60,52,持仓意外,5,0.9804193603753075,0.019580639624692475,2.8605755478002173e-05,-0.015463617967657035,0.2125328706635254,-0.07275871219063565,0.4697286012526096,-3.399964547782615,0.0006739459064232789,-0.01596960675802163,0.2112724137820079,-0.07558775171896867,0.4613778705636743,-3.442407054694222,0.000576561956909904,2395,2395,-0.006526731268998834,-0.7019324844234741,0.48272126938155824,-0.0003984982180694252,-2.985533689289967,0.0028308395408733872,68176,-0.001107987405999666,-0.7999999999999999,2395,,,,,,,,,,,0.007054828828284905
oi_surprise_60,52,持仓意外,20,0.9804193603753075,0.019580639624692475,2.8605755478002173e-05,-0.011354479799246892,0.21503465119167312,-0.05280302377464724,0.47100840336134453,-2.278482859711158,0.022697824577508897,-0.008853707821795613,0.21482284105181912,-0.041213996511944184,0.4894957983193277,-1.7383243556706607,0.08215367714407812,2380,2380,-0.004700435492071397,-0.22023673367419644,0.8256867895411839,-0.0005248872913690104,-2.2455821497553075,0.024730784897924123,67604,-0.0007741918372516924,-0.8999999999999998,2380,,,,,,,,,,,
amihud_20,22,Amihud非流动性,1,0.9893014474512272,0.010698552548772833,0.0008152640311230619,0.013349977506720666,0.26385662053496645,0.0505955752774129,0.509504132231405,2.450374621774564,0.014270765279802854,0.0018487863542375484,0.21340512529964673,0.008663270629707828,0.5028925619834711,0.4220063929696891,0.6730203511595174,2420,2420,0.0018487863542375484,0.4220063929696891,0.6730203511595174,0.00021721752822236352,1.4472207895380549,0.14783509569295916,69033,0.0002726012587823025,0.3,2420,0.03434775860657012,0.48665348274436093,0.050502754820936635,-0.1741041171307649,0.03307508918508252,0.468640214403507,0.030529750342107313,0.43260710171346023,0.027984411499132108,0.39656586342897115,
amihud_20,22,Amihud非流动性,5,0.9893014474512272,0.010698552548772833,0.0008152640311230619,0.020891823680898435,0.26285564749984575,0.07948021615518341,0.5091059602649006,2.1576396930218724,0.030955856093072342,0.005164779409865929,0.21576427156911335,0.023937139232115885,0.5086920529801324,0.6660220277393,0.5053970208169858,2416,2416,0.002793260267221234,0.3003985773929747,0.7638731486836533,0.0007397789930701331,1.655024357439665,0.09791955717660605,68807,0.0007348665638949969,0.3,2416,,,,,,,,,,,0.831356967243485
amihud_20,22,Amihud非流动性,20,0.9893014474512272,0.010698552548772833,0.0008152640311230619,0.01944637918167773,0.23520330069138534,0.08267902331521142,0.5193669304456476,1.2145792998769513,0.22452658785806157,0.0024620792977322233,0.20464669487230666,0.012030877406881583,0.5093710953769263,0.17594091331967582,0.8603403624916889,2401,2401,0.014351821255451546,0.8027734253809987,0.42210570471557474,0.0014922817480990695,1.2349086353158907,0.2168645092758681,68241,0.0018473883185182742,0.09999999999999999,2401,,,,,,,,,,,
volume_oi_turnover,23,成交量—持仓量换手率,1,0.9953944733680417,0.0046055266319583454,0.0003861776989530293,-0.00063624661890237,0.2701482735032508,-0.002355175588026528,0.5098765432098765,-0.1184945327789176,0.9056758267889705,-0.0012876286800795093,0.26573256336953066,-0.004845581075018339,0.502880658436214,-0.2439034912691728,0.80730556518569,2430,2430,-0.0012876286800795093,-0.2439034912691728,0.80730556518569,-6.318268809372534e-05,-0.9022370047299546,0.366930981342955,69421,-0.000285730680872969,-0.7,2430,-0.0360020657899941,-0.44766104703514636,0.26080246913580246,-0.37713773030503417,-0.04257428801221631,-0.5293964634684593,-0.055718732456660765,-0.6928704334586062,-0.06886317690110522,-0.8563406103925209,
volume_oi_turnover,23,成交量—持仓量换手率,5,0.9953944733680417,0.0046055266319583454,0.0003861776989530293,-0.006824972171456848,0.2718008583754462,-0.025110193588974327,0.49505358615004125,-0.7092528994555364,0.4781675514485534,-0.0027551192575626616,0.2667991243087943,-0.010326567842756021,0.48763396537510306,-0.29364968008367726,0.7690256092497431,2426,2426,-0.0044343954429234365,-0.3815798840690942,0.7027730074033063,-0.00024217392411164985,-0.8018277315287855,0.4226526148047979,69134,-0.00048049000640957624,-0.09999999999999999,2426,,,,,,,,,,,0.8560851121836762
volume_oi_turnover,23,成交量—持仓量换手率,20,0.9953944733680417,0.0046055266319583454,0.0003861776989530293,-0.012058680037917237,0.2688684053388248,-0.044849747305642076,0.4790543343011199,-0.6582404199178371,0.5103836557958941,0.001157992934449473,0.2622966629283157,0.004414821452631086,0.4873496474491912,0.06523484209594732,0.9479870202183517,2411,2411,0.0033269681970258392,0.14536009823454263,0.8844265669945303,-0.00099439276871642,-0.9612744498115067,0.3364141911583215,68551,-0.001395486699919134,0.0,2411,,,,,,,,,,,
low_vol_20,25,低波动,1,0.9893014474512272,0.010698552548772833,0.4936924309171005,-0.011097690127932321,0.33129425855481254,-0.033497985073279536,0.4863636363636364,-1.695153744149819,0.09004625909665533,-0.010855236821784048,0.32739226111108305,-0.03315666896017711,0.4896694214876033,-1.6914230999094575,0.09075602351256448,2420,2420,-0.010855236821784048,-1.6914230999094575,0.09075602351256448,-0.00011715804449589256,-1.0815773722521864,0.2794403635309539,69033,-0.00024811130996005233,-0.7999999999999999,2420,-0.03126202505496658,-0.2799211388065646,0.07665977961432506,-0.42789386480314906,-0.033193851501247575,-0.29721433303142986,-0.03705750439380958,-0.3317980838062409,-0.040921157286371544,-0.3663779401581156,
low_vol_20,25,低波动,5,0.9893014474512272,0.010698552548772833,0.4936924309171005,-0.013581780756298173,0.334836593769742,-0.040562414649451345,0.48468543046357615,-1.1166272996461044,0.26415371407424604,-0.0069104133213122995,0.3289824818923823,-0.021005414274833194,0.49710264900662254,-0.5809838125295689,0.5612513634454321,2416,2416,-0.007738614712777926,-0.5421715864362686,0.5877003071622546,-0.0004917536804469063,-1.1452066151727462,0.25212357872461966,68807,-0.0009599393845626184,-0.7999999999999999,2416,,,,,,,,,,,0.831356967243485
low_vol_20,25,低波动,20,0.9893014474512272,0.010698552548772833,0.4936924309171005,-0.022589545301103145,0.32936503290088937,-0.06858513516794802,0.4743856726364015,-0.9488042074537825,0.3427202015746835,-0.01261948295129687,0.31823202170206627,-0.039654975271820464,0.47730112453144524,-0.5544280353954926,0.579285943774676,2401,2401,-0.026079813603324578,-0.9183056172438769,0.3584588872944179,-0.0016415426802352537,-0.9772017002550025,0.3284693064349071,68241,-0.003445684646028056,-0.8999999999999998,2401,,,,,,,,,,,
low_vol_60,25,低波动,1,0.9805051776417415,0.0194948223582585,0.7210652783340008,-0.010142904811500932,0.3369930911205635,-0.030098257438376325,0.49875,-1.5203892412440927,0.12841317685523299,-0.009660263305287763,0.3317153947137799,-0.029122143437518493,0.4920833333333333,-1.4811786374461378,0.13855897723059846,2400,2400,-0.009660263305287763,-1.4811786374461378,0.13855897723059846,-9.978014197497237e-05,-0.9065603064748486,0.36463936030363564,68389,-0.0003890779520673947,-0.8999999999999998,2400,-0.04902382196049174,-0.4285275888908722,0.027430555555555555,-0.5092434843426381,-0.04971507196049174,-0.4345763532289113,-0.05109757196049174,-0.44667384663225823,-0.05248007196049174,-0.4587712414926074,
low_vol_60,25,低波动,5,0.9805051776417415,0.0194948223582585,0.7210652783340008,-0.010812980680044678,0.3411931447064082,-0.03169167038613596,0.48831385642737896,-0.8664376944972857,0.38625018018401935,-0.005393165942788875,0.3333546006435637,-0.016178465611025022,0.503338898163606,-0.44464571641377887,0.6565758040998493,2396,2396,-0.006672287963653368,-0.4510274459676966,0.651969767996947,-0.0003994202411779345,-0.9012096886230014,0.3674768405615976,68174,-0.001407749097847304,-0.8999999999999998,2396,,,,,,,,,,,0.831356967243485
low_vol_60,25,低波动,20,0.9805051776417415,0.0194948223582585,0.7210652783340008,-0.01707929978380722,0.33944939629465565,-0.05031471544872539,0.4846703065938681,-0.6815507648364347,0.4955230565493678,-0.009686566389604296,0.32833925233086286,-0.02950170081962445,0.4846703065938681,-0.4029385564430776,0.6869934262279753,2381,2381,-0.019395569082999553,-0.6391125574742631,0.5227497113369701,-0.0014103255720371356,-0.8038828155078802,0.4214646554555447,67618,-0.004981884976480589,-0.8999999999999998,2381,,,,,,,,,,,
realized_skew_60,26,已实现偏度,1,0.9805051776417415,0.0194948223582585,0.0007866582756450598,-0.008157620773361712,0.22469571468975966,-0.036305190709244484,0.48791666666666667,-1.7950462856270908,0.07264632574624673,-0.01013725747305718,0.22506077678246378,-0.045042310872567166,0.4875,-2.2297554851621766,0.025763680115705956,2400,2400,-0.01013725747305718,-2.2297554851621766,0.025763680115705956,-6.421370818913104e-05,-0.8746113707686479,0.3817853987066294,68389,-0.00011863478491156499,-0.6,2400,-0.014947982898857185,-0.2136187721568243,0.08752777777777777,-0.23769806109810276,-0.017153682898857187,-0.24514037990972207,-0.021565082898857182,-0.3081802824619467,-0.025976482898857196,-0.37121331464043167,
realized_skew_60,26,已实现偏度,5,0.9805051776417415,0.0194948223582585,0.0007866582756450598,-0.02218225906924956,0.22088683668389336,-0.10042363502626522,0.4574290484140234,-2.801969938048093,0.005079160632546504,-0.025859014863942435,0.22254936545785392,-0.11619451176929811,0.44908180300500833,-3.262416667935677,0.0011046664537140494,2396,2396,-0.02132696070974714,-2.1389655183859277,0.03243846107930554,-0.00041433633148590243,-1.2573599749734405,0.2086233156560895,68174,-0.001240274213961919,-0.7,2396,,,,,,,,,,,0.010862553461521486
realized_skew_60,26,已实现偏度,20,0.9805051776417415,0.0194948223582585,0.0007866582756450598,-0.0374624380587018,0.22242964004775637,-0.16842376785152596,0.4338513229735405,-2.4807912011137163,0.013109113769413174,-0.041006352754494206,0.22101523485051283,-0.18553631735943227,0.4346913061738765,-2.7955458868150793,0.0051812145934123175,2381,2381,-0.04678867352727198,-2.4270652679604594,0.015221517201542982,-0.0015860245447659464,-1.4222997036672715,0.15493926489235949,67618,-0.004807923573409731,-0.7,2381,,,,,,,,,,,
realized_skew_120,26,已实现偏度,1,0.9680759768865496,0.03192402311345044,0.0009153841752960695,-0.010388468623648799,0.22764757010204512,-0.04563399740657048,0.48185654008438816,-2.257281428458947,0.02399049506800151,-0.014059867964426466,0.22980647009763064,-0.06118134079712069,0.48270042194092827,-3.045592381793959,0.0023222242592328933,2370,2370,-0.014059867964426466,-3.045592381793959,0.0023222242592328933,-0.0001021091440774462,-1.366928071684698,0.17164785208832678,67491,-0.0002577553909735331,-0.8999999999999998,2370,-0.03247717926266517,-0.4610268088041193,0.0570464135021097,-0.32783666012304813,-0.03391474888291833,-0.4814444024988533,-0.036789888123424666,-0.5222778390855226,-0.03966502736393099,-0.5631077741911077,
realized_skew_120,26,已实现偏度,5,0.9680759768865496,0.03192402311345044,0.0009153841752960695,-0.023443521045057855,0.22358248908174225,-0.10485401223208878,0.4551986475063398,-2.890388955447368,0.003847654389245418,-0.02826576519894069,0.22606938135022384,-0.12503137324533004,0.4463229078613694,-3.48473081325841,0.0004926323723266532,2366,2366,-0.023199730597260902,-2.267398774995902,0.023365876262807,-0.0005373625621612666,-1.5404138141884982,0.12345951625219459,67264,-0.0014685292357517477,-0.7,2366,,,,,,,,,,,0.007054828828284905
realized_skew_120,26,已实现偏度,20,0.9680759768865496,0.03192402311345044,0.0009153841752960695,-0.03863644803549105,0.21923880646596808,-0.17622996885584896,0.4432156529136538,-2.5078275604503566,0.012147593249366309,-0.041049432539305736,0.21814939066257355,-0.18817119962897202,0.4181199489578903,-2.7126922043500032,0.006673906495185761,2351,2351,-0.03303423890827976,-1.7099481732783466,0.08727545718028555,-0.002203315114281682,-1.685247499767577,0.09194083018106194,66691,-0.00523507388466265,-0.8999999999999998,2351,,,,,,,,,,,
seasonality_3y_month,27,季节性,1,0.6867097660049202,0.3132902339950798,0.6527547342525316,0.0005707793561224698,0.27207811226265305,0.002097851059667243,0.5123674911660777,0.08738625652110635,0.9303644932938114,0.005152508713691566,0.2664320880737587,0.01933891953834462,0.5153121319199058,0.8148679224802873,0.41514791633546366,1698,1698,0.005152508713691566,0.8148679224802873,0.41514791633546366,2.8378791448330055e-05,0.2600526725887699,0.7948231439917054,47865,0.00019697774963135927,0.09999999999999999,1698,0.024819196453551268,0.3088360937019328,0.03821162151550844,-0.20398951482008354,0.02385626359136045,0.29685922036809387,0.021930397866978826,0.27289479571637926,0.020004532142597203,0.24891888263338857,
seasonality_3y_month,27,季节性,5,0.6867097660049202,0.3132902339950798,0.6527547342525316,0.004986960170747785,0.28017330896821596,0.017799554815243042,0.5348288075560803,0.410682793998632,0.681305145049703,0.012317321510797669,0.2705739964236573,0.045522931521887806,0.5342384887839433,1.0602719766925306,0.2890208842868598,1694,1694,0.014148857148650426,0.9546128828274868,0.3397734998320564,0.00012440208793354545,0.2823607669173616,0.7776668949687369,47741,0.0007695088665916457,0.09999999999999999,1694,,,,,,,,,,,0.831356967243485
seasonality_3y_month,27,季节性,20,0.6867097660049202,0.3132902339950798,0.6527547342525316,-0.0015522273233075294,0.2793237284589031,-0.005557090805967488,0.5181655747468732,-0.07430217608450114,0.940769945555003,0.002506475044653593,0.26545758853875223,0.009442092269619526,0.4913639070875521,0.12409446120099352,0.9012404835839848,1679,1679,-0.004012661994149364,-0.1397975037935902,0.888819985612682,-0.0003255069225840639,-0.2253453818941192,0.8217105977725088,47276,0.0009160127010922479,0.09999999999999999,1679,,,,,,,,,,,
idiosyncratic_vol_60,43,特质波动,1,0.9805051776417415,0.0194948223582585,0.000500600720865038,0.0039612735947647595,0.2944546203762107,0.013452917090258691,0.5095833333333334,0.6784671871053655,0.49747552189628386,0.003932391518892014,0.2535646886716603,0.015508435103848582,0.5133333333333333,0.7926686797994666,0.42797088273480854,2400,2400,0.003932391518892014,0.7926686797994666,0.42797088273480854,5.219589416193477e-05,0.5142139346289675,0.6071024264034998,68389,3.658492746133943e-05,0.7999999999999999,2400,0.004609700860128762,0.05314323359368376,0.04045833333333333,-0.1788763763916733,0.003590150860128763,0.04138937415310936,0.0015510508601287653,0.01788144983496509,-0.00048804913987123683,-0.0056265087564038785,
idiosyncratic_vol_60,43,特质波动,5,0.9805051776417415,0.0194948223582585,0.000500600720865038,-0.00019221543455066927,0.29235673726482464,-0.0006574688045466704,0.496661101836394,-0.01798354438727684,0.9856519809660897,-0.006475584502459103,0.24831409148629624,-0.02607819984640893,0.49373956594323876,-0.7262319822844263,0.46769656871552834,2396,2396,-0.0075337850800170055,-0.6808311602109609,0.49597833080726683,0.00014665341883073453,0.3446750396425399,0.7303386850004885,68174,-7.954316017723277e-05,0.19999999999999998,2396,,,,,,,,,,,0.831356967243485
idiosyncratic_vol_60,43,特质波动,20,0.9805051776417415,0.0194948223582585,0.000500600720865038,0.004321728821482771,0.2915458737914809,0.014823495065389788,0.49013019739605207,0.2032531010605063,0.8389372102774736,-0.0009115574512331085,0.24909580849308008,-0.003659465234471947,0.4850902981940361,-0.05063417222197559,0.9596170322445726,2381,2381,0.006210861523431046,0.28538585928962024,0.7753485399393427,0.0006232955771767056,0.3616387643535844,0.7176219927940335,67618,0.0005836123512951379,0.6,2381,,,,,,,,,,,
relative_value_residual_60,29,相对价值残差,1,0.9678328279649866,0.0321671720350134,0.0,0.0030654360881817557,0.2412847705115027,0.01270463975692829,0.4911392405063291,0.6310300557976222,0.5280208725326168,0.00039930148875233544,0.22089168673168855,0.0018076800202868509,0.49746835443037973,0.08867222275743722,0.9293424085824838,2370,2370,0.00039930148875233544,0.08867222275743722,0.9293424085824838,2.637037006815217e-05,0.483957374614484,0.628416120475259,67503,-0.00010079969950887493,-0.7,2370,-0.012700762138118247,-0.17594145310809112,0.11601265822784809,-0.2730055286671632,-0.015624281125460018,-0.2164358399653907,-0.02147131910014356,-0.29741664346170676,-0.0273183570748271,-0.3783842893643773,
relative_value_residual_60,29,相对价值残差,5,0.9678328279649866,0.0321671720350134,0.0,0.007244143950917196,0.2341209942248071,0.030941881034219607,0.5143702451394759,0.8455868774503544,0.39778324860326175,0.0032625394479412805,0.21735408498054395,0.015010251351997,0.5169061707523246,0.41819140111983805,0.6758071822339695,2366,2366,0.003239755417632382,0.32958685826944817,0.7417121538415454,4.20989097887647e-05,0.1625620043271968,0.8708633051222929,67288,-8.933697235605564e-05,-0.6,2366,,,,,,,,,,,0.831356967243485
relative_value_residual_60,29,相对价值残差,20,0.9678328279649866,0.0321671720350134,0.0,0.013144525839313128,0.22260680170115293,0.05904817704968199,0.5274351339855381,0.8330744181164321,0.40480276022431827,0.0029803619242283782,0.20965922075436483,0.014215267582817872,0.5065929391748192,0.20516142178601637,0.8374460092512019,2351,2351,0.002690858701491985,0.1383958212502421,0.8899275993976183,6.541668009637516e-05,0.06972476540146733,0.9444127298085351,66732,0.0002750562291670419,-0.19999999999999998,2351,,,,,,,,,,,
correlation_risk_20_120,57,相关性风险,1,0.9664311459465644,0.03356885405343557,8.581726643400653e-05,0.004254750960149054,0.24059659224668728,0.01768416967346983,0.5054852320675105,0.8766215126358026,0.3806922504610232,0.00657070878648942,0.24832867063473504,0.02645972681968016,0.5016877637130802,1.3218837427144363,0.18620686677170162,2370,2370,0.00657070878648942,1.3218837427144363,0.18620686677170162,6.213718990829793e-05,0.9710921081833429,0.3315024133520865,67463,0.00027412916970781114,0.49999999999999994,2370,0.03454027538318421,0.4634042250579861,0.16746132208157524,-0.11434492013448283,0.03032025006672851,0.4068005755081379,0.021880199433817114,0.2935759751368864,0.013440148800905712,0.18033588017402116,
correlation_risk_20_120,57,相关性风险,5,0.9664311459465644,0.03356885405343557,8.581726643400653e-05,0.009935370242067006,0.23809547611161785,0.04172851330198882,0.5224006762468301,1.1677412581001005,0.24291114913797185,0.012447256962882946,0.24255741748121581,0.05131674426673383,0.521978021978022,1.458768000987837,0.1446289726277104,2366,2366,0.01200969054209645,1.11243956322867,0.2659492019693762,0.000317632083136954,1.2677034969495289,0.2049038555283449,67257,0.0009761753038652418,0.7,2366,,,,,,,,,,,0.6095078132167796
correlation_risk_20_120,57,相关性风险,20,0.9664311459465644,0.03356885405343557,8.581726643400653e-05,0.01701577607910774,0.24094850108030835,0.07061997066931895,0.528285835814547,1.1265831331476641,0.25991877372393835,0.010916262268565905,0.24858490879222184,0.043913616162798506,0.5214802211824755,0.7113648878152582,0.47685815140875853,2351,2351,-0.0064736089268055096,-0.30378012824825523,0.7612954070932685,0.0009136270782349504,1.012793740197172,0.3111586913325627,66691,0.0020464166126288393,0.3,2351,,,,,,,,,,,
volume_price_divergence_20,53,量价背离,1,0.9587505006007209,0.04124949939927913,0.0,0.005704069626837553,0.2569925725759042,0.02219546491038306,0.5089361702127659,1.0898647939183594,0.27577270693909306,-0.0024065432032976787,0.253568748838525,-0.009490693211686699,0.5089361702127659,-0.468566441291842,0.639379569284425,2350,2350,-0.0024065432032976787,-0.468566441291842,0.639379569284425,9.05319594486849e-05,1.2270578970097754,0.219800830897933,66893,0.0002652985653584358,0.39999999999999997,2350,0.033427619235162916,0.40842822679655855,0.4110709219858156,-0.13120267105473538,0.023068632001120366,0.281864641527472,0.0023506575330352482,0.02872210235230819,-0.018367316935049845,-0.22442381863180827,
volume_price_divergence_20,53,量价背离,5,0.9587505006007209,0.04124949939927913,0.0,0.0015954638672486753,0.24903375883314374,0.0064066168166287026,0.5080988917306053,0.18859117502940465,0.850413250003813,0.0007849323329012334,0.2440844984607867,0.003215822134756896,0.4927536231884058,0.09629521814499228,0.9232861088070511,2346,2346,0.0008665632891605017,0.08088803155286792,0.935530998212215,0.00013693897695160945,0.60083716177479,0.5479484498641587,66649,0.00033594399465074307,0.8999999999999998,2346,,,,,,,,,,,0.9556821126248424
volume_price_divergence_20,53,量价背离,20,0.9587505006007209,0.04124949939927913,0.0,-0.0012482955687698576,0.2357315743712924,-0.005295410986411653,0.5066495066495067,-0.09601849114454021,0.923505886607086,-0.0018024179399252244,0.23600317388420922,-0.007637261441278535,0.49592449592449594,-0.1452308551362989,0.8845286053087504,2331,2331,-0.013678351296502517,-0.6400798938814487,0.5221206597417005,9.578270821287417e-06,0.01702300675631213,0.9864182616927967,66085,9.87567492470965e-06,0.09999999999999999,2331,,,,,,,,,,,
interaction__tsmom_60__carry,54,因子交互,1,0.9643858344298873,0.035614165570112655,0.0006436294982550489,0.0019123652723594896,0.26014542871011215,0.007351139252538993,0.5012658227848101,0.3661012205864468,0.7142895467534434,0.002823181417604421,0.22371508349724914,0.01261953987845051,0.5147679324894515,0.62367630106351,0.5328401899657442,2370,2370,0.002823181417604421,0.62367630106351,0.5328401899657442,4.6601609197406574e-05,1.0830037616272974,0.27880675339104577,67371,3.4004356197077186e-05,0.09999999999999999,2370,0.004284548880831722,0.05774353748589292,0.2901336146272855,-0.165176746096655,-0.003026818207775868,-0.04079516553739588,-0.01764955238499107,-0.237899018086494,-0.032272286562206265,-0.43502063597262913,
interaction__tsmom_60__carry,54,因子交互,5,0.9643858344298873,0.035614165570112655,0.0006436294982550489,0.000735994426984581,0.2629898993240433,0.002798565377895843,0.4940828402366864,0.08134871547804336,0.9351646329857102,-0.0031650246859410715,0.22530981908805564,-0.014047433435220663,0.5004226542688082,-0.4174378007215848,0.6763582106387674,2366,2366,-0.010077529867628702,-0.9791903615809682,0.3274859300965518,0.00011211272050918256,0.43604200587053416,0.6628062529189418,67206,-0.00013951352114398318,-0.09999999999999999,2366,,,,,,,,,,,0.831356967243485
interaction__tsmom_60__carry,54,因子交互,20,0.9643858344298873,0.035614165570112655,0.0006436294982550489,-0.023034500166821355,0.2742369323259617,-0.08399488709070826,0.4704381114419396,-1.3798636139888005,0.16762864156745905,-0.013351753803839694,0.2199218013309962,-0.06071136978250038,0.46320714589536366,-1.053214955625663,0.2922424855741931,2351,2351,-0.016113703123453213,-0.972256891193683,0.33092276416600597,-0.0010114756262380655,-1.2275657490147758,0.21961002597241996,66711,-0.0018812857202814065,-0.8999999999999998,2351,,,,,,,,,,,
interaction__momentum_quality_60__carry,54,因子交互,1,0.9643858344298873,0.035614165570112655,0.0006436294982550489,0.0022760476591598402,0.2587088796553153,0.008797717581987441,0.49535864978902955,0.43738185678490155,0.661834439762442,0.001000685827764605,0.22311674316287203,0.0044850324255321285,0.5101265822784811,0.222446468265126,0.8239663413804992,2370,2370,0.001000685827764605,0.222446468265126,0.8239663413804992,6.034759947858248e-05,1.422786770115183,0.15479797770846598,67371,-3.111879623862445e-05,-0.09999999999999999,2370,-0.003920968326066678,-0.053496258338986254,0.2773769338959212,-0.20393923218466903,-0.010910867060243887,-0.14886875115633974,-0.024890664528598328,-0.33962354605652506,-0.03887046199695275,-0.5303747340232506,
interaction__momentum_quality_60__carry,54,因子交互,5,0.9643858344298873,0.035614165570112655,0.0006436294982550489,0.006094890470412967,0.2626572783459165,0.023204727121195815,0.49830938292476756,0.679324906253561,0.49693201878964666,-0.003707229862865275,0.2227011470393634,-0.016646658143211118,0.4945054945054945,-0.4949532608342858,0.6206331133366422,2366,2366,-0.013504622349290523,-1.3421877242818896,0.1795351357286339,0.0002686020691048208,1.0895406185218157,0.27591555297394665,67206,-0.00014551324772491065,-0.6,2366,,,,,,,,,,,0.831356967243485
interaction__momentum_quality_60__carry,54,因子交互,20,0.9643858344298873,0.035614165570112655,0.0006436294982550489,-0.013972914645913478,0.27464093021070674,-0.05087702927307065,0.47979583156103783,-0.8514335053168797,0.39452858625171006,-0.014809500208593137,0.21757152740019003,-0.06806727141899084,0.46320714589536366,-1.189260037537412,0.23433735569023806,2351,2351,-0.021451519526723653,-1.2758066268189148,0.20202388443139208,-0.0005800698703747577,-0.756194083978016,0.4495328392670698,66711,-0.0024215581393647193,-0.7,2351,,,,,,,,,,,
interaction__tsmom_20__oi_surprise_20,54,因子交互,1,0.9843097431203158,0.015690256879684172,2.8605755478002173e-05,-0.009926978009106895,0.2211463742415116,-0.04488872152281253,0.4829875518672199,-2.17882611575085,0.02934458809893271,-0.014530318520670719,0.21918291398449963,-0.0662931168152016,0.4742738589211618,-3.245020907457182,0.0011744200061074921,2410,2410,-0.014530318520670719,-3.245020907457182,0.0011744200061074921,-0.0001240525058088109,-2.6524144858193175,0.007991836892791482,68729,-0.0004800261528465734,-0.8999999999999998,2410,-0.060483295258668246,-0.8546962690521063,0.6827524204702629,-0.4560871727786604,-0.07768865625451889,-1.0978913049703516,-0.11209937824622011,-1.5843164338139577,-0.14651010023792135,-2.070736918050182,
interaction__tsmom_20__oi_surprise_20,54,因子交互,5,0.9843097431203158,0.015690256879684172,2.8605755478002173e-05,-0.01641206644874522,0.21735910214432974,-0.07550669048056409,0.47298420615128844,-3.577557048539935,0.00034682053960311004,-0.014499302668631848,0.20976201254517632,-0.06912263327712467,0.4713216957605985,-3.08716768713441,0.0020207356968285012,2406,2406,-0.024311784692567395,-2.5395308307646762,0.011100126142654286,-0.0004792707720068452,-3.839040231903199,0.00012351619213136187,68511,-0.001431475838513676,-0.9999999999999999,2406,,,,,,,,,,,0.017031915158983082
interaction__tsmom_20__oi_surprise_20,54,因子交互,20,0.9843097431203158,0.015690256879684172,2.8605755478002173e-05,-0.007873542730000144,0.21905887799117227,-0.035942586770290295,0.4709326641572564,-1.7941569218936264,0.07278812573903916,-0.006432122925382547,0.21150715658605032,-0.030410899702893405,0.49226265161020494,-1.3034240629951923,0.19243002578565016,2391,2391,-0.06650736890308637,-4.0675382384808865,4.751241382185383e-05,-0.000422301456749883,-1.9832050011490459,0.04734453550242723,67950,-0.0011421309928191117,-0.8999999999999998,2391,,,,,,,,,,,
