trade_date,pearson_ic,rank_ic,n_samples,fold_id,test_year
2019-01-02,0.19654907443419847,0.2275862068965517,29,fold_2019,2019
2019-01-03,-0.06139417793732588,-0.14581280788177337,29,fold_2019,2019
2019-01-04,-0.03206771089411836,-0.050738916256157625,29,fold_2019,2019
2019-01-07,0.04579432669123469,0.02758620689655172,29,fold_2019,2019
2019-01-08,0.04725006141380538,0.010344827586206895,29,fold_2019,2019
2019-01-09,0.15824960154606596,0.1630541871921182,29,fold_2019,2019
2019-01-10,0.3910923655722385,0.48078817733990137,29,fold_2019,2019
2019-01-11,0.3784558369627581,0.26108374384236444,29,fold_2019,2019
2019-01-14,0.2233607654046626,0.1532019704433497,29,fold_2019,2019
2019-01-15,0.24566810112428733,0.29162561576354673,29,fold_2019,2019
2019-01-16,0.33678206438565444,0.3625615763546797,29,fold_2019,2019
2019-01-17,0.3556415042543792,0.19162561576354678,29,fold_2019,2019
2019-01-18,-0.16108815025550488,-0.3098522167487684,29,fold_2019,2019
2019-01-21,0.39465686848978676,0.28226600985221667,29,fold_2019,2019
2019-01-22,0.35713019448296285,0.13842364532019702,29,fold_2019,2019
2019-01-23,0.48041021159726943,-0.005418719211822659,29,fold_2019,2019
2019-01-24,0.5517037859710562,0.3354679802955664,29,fold_2019,2019
2019-01-25,0.5499675687219208,0.32463054187192114,29,fold_2019,2019
2019-01-28,0.5601205265789638,0.5522847683226839,29,fold_2019,2019
2019-01-29,0.37585602059884593,0.22463054187192114,29,fold_2019,2019
2019-01-30,0.4144457063018762,0.4532019704433496,29,fold_2019,2019
2019-01-31,0.3420282908818319,0.32955665024630537,29,fold_2019,2019
2019-02-01,-0.07763742240786067,-0.28472906403940884,29,fold_2019,2019
2019-02-11,-0.25595265998635536,-0.2689655172413793,29,fold_2019,2019
2019-02-12,0.02271450899835301,0.0024630541871921174,29,fold_2019,2019
2019-02-13,0.1461401842666331,0.07832512315270934,29,fold_2019,2019
2019-02-14,0.08749303912126981,0.15123152709359602,29,fold_2019,2019
2019-02-15,0.22045205846433522,0.20049261083743838,29,fold_2019,2019
2019-02-18,-0.3568943265084657,-0.20840005084789948,29,fold_2019,2019
2019-02-19,-0.14577234982058013,0.04581280788177339,29,fold_2019,2019
2019-02-20,-0.3047388540956537,-0.24532019704433491,29,fold_2019,2019
2019-02-21,-0.19246130012264343,-0.27832512315270924,29,fold_2019,2019
2019-02-22,0.045313288573781876,-0.03990147783251231,29,fold_2019,2019
2019-02-25,0.3101718127682786,0.30197044334975365,29,fold_2019,2019
2019-02-26,0.26190203012439583,0.2113300492610837,29,fold_2019,2019
2019-02-27,0.1159675868948991,0.14729064039408865,29,fold_2019,2019
2019-02-28,0.052403611432248115,0.06748768472906402,29,fold_2019,2019
2019-03-01,-0.4655670752557914,-0.41133004926108363,29,fold_2019,2019
2019-03-04,-0.3804475116940913,-0.3669950738916255,29,fold_2019,2019
2019-03-05,-0.459755208471206,-0.3300492610837438,29,fold_2019,2019
2019-03-06,-0.3461512428693643,-0.30246305418719205,29,fold_2019,2019
2019-03-07,-0.38649951526793497,-0.32216748768472897,29,fold_2019,2019
2019-03-08,0.08015673902443149,0.08128078817733987,29,fold_2019,2019
2019-03-11,-0.11070468420877355,-0.1403940886699507,29,fold_2019,2019
2019-03-12,0.059328067488817436,-0.09162561576354677,29,fold_2019,2019
2019-03-13,-0.034284720378205374,-0.08078817733990146,29,fold_2019,2019
2019-03-14,0.06163486165433076,-0.09999999999999998,29,fold_2019,2019
2019-03-15,0.26299641147751546,0.08916256157635466,29,fold_2019,2019
2019-03-18,0.006301059563136378,-0.03694581280788176,29,fold_2019,2019
2019-03-19,-0.06924154555729113,0.029064039408866992,29,fold_2019,2019
2019-03-20,0.28328146443500124,0.2970443349753694,29,fold_2019,2019
2019-03-21,0.04857532123795583,0.04581280788177339,29,fold_2019,2019
2019-03-22,0.3684398920783534,0.3327996083871303,29,fold_2019,2019
2019-03-25,0.508500371754016,0.5399014778325122,29,fold_2019,2019
2019-03-26,0.5893231781059319,0.6093596059113299,29,fold_2019,2019
2019-03-27,0.5961576772314764,0.5645320197044333,29,fold_2019,2019
2019-03-28,0.5168800749516379,0.4812807881773397,29,fold_2019,2019
2019-03-29,0.4605574947073496,0.4876847290640393,29,fold_2019,2019
2019-04-01,0.40404977749704324,0.22342653205560853,29,fold_2019,2019
2019-04-02,0.3989677300778383,0.31921182266009845,29,fold_2019,2019
2019-04-03,0.34018769685941463,0.21428571428571425,29,fold_2019,2019
2019-04-04,0.3226186922357829,0.15566502463054185,29,fold_2019,2019
2019-04-08,0.021625960325580937,-0.06650246305418718,29,fold_2019,2019
2019-04-09,0.10193510942922365,0.16995073891625612,29,fold_2019,2019
2019-04-10,-0.17112034782497834,-0.04827586206896551,29,fold_2019,2019
2019-04-11,-0.4129183908593042,-0.2864884859764859,29,fold_2019,2019
2019-04-12,-0.33501898464517116,-0.2901477832512315,29,fold_2019,2019
2019-04-15,-0.0827761001961618,-0.10738916256157634,29,fold_2019,2019
2019-04-16,-0.09005193385884659,-0.1295566502463054,29,fold_2019,2019
2019-04-17,-0.08703499456707418,-0.15665024630541868,29,fold_2019,2019
2019-04-18,0.10647888755835769,0.10098522167487682,29,fold_2019,2019
2019-04-19,0.25395038684584714,0.2778325123152709,29,fold_2019,2019
2019-04-22,0.1561868021743299,0.12807881773399013,29,fold_2019,2019
2019-04-23,0.026047857346454407,0.09507389162561573,29,fold_2019,2019
2019-04-24,0.08940895383137722,0.1463054187192118,29,fold_2019,2019
2019-04-25,0.19634713387194627,0.19162561576354678,29,fold_2019,2019
2019-04-26,-0.05582045416299738,-0.0901477832512315,29,fold_2019,2019
2019-04-29,-0.08046830093908612,-0.04581280788177339,29,fold_2019,2019
2019-04-30,0.3610206415151883,0.34827586206896544,29,fold_2019,2019
2019-05-06,0.12216351523061601,0.19458128078817727,29,fold_2019,2019
2019-05-07,0.07534525226186306,-0.05418719211822659,29,fold_2019,2019
2019-05-08,0.17689923800751145,0.07241379310344825,29,fold_2019,2019
2019-05-09,0.21631433704402808,0.08326148603615843,29,fold_2019,2019
2019-05-10,0.22903680359601655,0.1448275862068965,29,fold_2019,2019
2019-05-13,0.2544754846064666,0.17684729064039403,29,fold_2019,2019
2019-05-14,0.5330333716081644,0.46508191016647077,29,fold_2019,2019
2019-05-15,0.36108731875324473,0.31330049261083737,29,fold_2019,2019
2019-05-16,0.16909259425802836,0.05911330049261083,29,fold_2019,2019
2019-05-17,0.05461346230906324,0.15073891625615762,29,fold_2019,2019
2019-05-20,0.10841827750309127,0.1987929563052658,29,fold_2019,2019
2019-05-21,-0.0877425230021717,-0.12610837438423642,29,fold_2019,2019
2019-05-22,-0.142316586446062,-0.024137931034482755,29,fold_2019,2019
2019-05-23,-0.1048375255611285,-0.14926108374384234,29,fold_2019,2019
2019-05-24,-0.24860818258216838,-0.2926108374384236,29,fold_2019,2019
2019-05-27,-0.3650583378572292,-0.32857142857142846,29,fold_2019,2019
2019-05-28,-0.3766455478144188,-0.31921182266009845,29,fold_2019,2019
2019-05-29,-0.38358951847741357,-0.3177339901477832,29,fold_2019,2019
2019-05-30,-0.37015004437225274,-0.3630541871921181,29,fold_2019,2019
2019-05-31,-0.09658829201115243,-0.038916256157635463,29,fold_2019,2019
2019-06-03,0.26936106285090544,0.19977829933527952,29,fold_2019,2019
2019-06-04,0.1985806324286058,0.12068965517241378,29,fold_2019,2019
2019-06-05,0.32766873371646565,0.19507389162561573,29,fold_2019,2019
2019-06-06,0.14288912013396513,-0.08768472906403939,29,fold_2019,2019
2019-06-10,-0.10168111775392294,-0.14827586206896548,29,fold_2019,2019
2019-06-11,0.002595532367080963,-0.0354679802955665,29,fold_2019,2019
2019-06-12,-0.20884009495564615,-0.2679802955665024,29,fold_2019,2019
2019-06-13,-0.16828913300111506,-0.267487684729064,29,fold_2019,2019
2019-06-14,0.04384812383013424,-0.0073891625615763535,29,fold_2019,2019
2019-06-17,0.33445105673429476,0.3142857142857142,29,fold_2019,2019
2019-06-18,0.050167210758188904,0.13152709359605907,29,fold_2019,2019
2019-06-19,0.15658355613422723,0.25369458128078815,29,fold_2019,2019
2019-06-20,-0.0027756791076875083,0.04778325123152708,29,fold_2019,2019
2019-06-21,0.28025095468617556,0.2793103448275862,29,fold_2019,2019
2019-06-24,0.3747239393441889,0.2793103448275862,29,fold_2019,2019
2019-06-25,0.5698653701815769,0.3620689655172413,29,fold_2019,2019
2019-06-26,0.3515174757751964,0.09162561576354677,29,fold_2019,2019
2019-06-27,0.39224713859126326,0.2788177339901477,29,fold_2019,2019
2019-06-28,0.11860008530879257,0.04236453201970442,29,fold_2019,2019
2019-07-01,-0.07541929158442581,-0.08423645320197042,29,fold_2019,2019
2019-07-02,-0.12065913370135391,-0.07044334975369455,29,fold_2019,2019
2019-07-03,-0.04400418180362983,-0.18522167487684724,29,fold_2019,2019
2019-07-04,0.27382376094892963,0.28821283627900995,29,fold_2019,2019
2019-07-05,0.46759747355325076,0.36748768472906396,29,fold_2019,2019
2019-07-08,0.2997326763213661,0.29408866995073885,29,fold_2019,2019
2019-07-09,-0.013955569306121763,0.041871921182266,29,fold_2019,2019
2019-07-10,-0.12086463131999929,-0.04334975369458127,29,fold_2019,2019
2019-07-11,-0.3621892749160874,-0.264039408866995,29,fold_2019,2019
2019-07-12,-0.3407841308057146,-0.27980295566502456,29,fold_2019,2019
2019-07-15,-0.6699865885332698,-0.622167487684729,29,fold_2019,2019
2019-07-16,-0.6191486287755869,-0.5729064039408865,29,fold_2019,2019
2019-07-17,-0.4993012427659594,-0.4275862068965517,29,fold_2019,2019
2019-07-18,-0.12655600505818176,-0.13990147783251228,29,fold_2019,2019
2019-07-19,-0.018195842758147934,0.016256157635467977,29,fold_2019,2019
2019-07-22,-0.22536747675969995,-0.23152709359605908,29,fold_2019,2019
2019-07-23,0.048252641913896804,-0.027093596059113295,29,fold_2019,2019
2019-07-24,0.3463434798472767,0.22118226600985216,29,fold_2019,2019
2019-07-25,0.0704653658095934,0.028078817733990142,29,fold_2019,2019
2019-07-26,-0.16145747660499193,-0.12906403940886696,29,fold_2019,2019
2019-07-29,-0.39326857252332875,-0.33103448275862063,29,fold_2019,2019
2019-07-30,-0.5613262942746065,-0.4052223210931379,29,fold_2019,2019
2019-07-31,-0.5911189725239142,-0.4812807881773397,29,fold_2019,2019
2019-08-01,-0.4542945669767648,-0.39901477832512305,29,fold_2019,2019
2019-08-02,-0.6259695586054463,-0.489655172413793,29,fold_2019,2019
2019-08-05,-0.5370291330065923,-0.5354679802955664,29,fold_2019,2019
2019-08-06,-0.48156272465198724,-0.4339901477832511,29,fold_2019,2019
2019-08-07,-0.3197555806634563,-0.25221674876847283,29,fold_2019,2019
2019-08-08,-0.3686949474174667,-0.24630541871921177,29,fold_2019,2019
2019-08-09,0.09859430741186245,0.0167487684729064,29,fold_2019,2019
2019-08-12,0.10002866455094589,0.13743842364532016,29,fold_2019,2019
2019-08-13,0.1937657089571397,0.14975369458128074,29,fold_2019,2019
2019-08-14,0.025153391292124933,0.251231527093596,29,fold_2019,2019
2019-08-15,0.2696395031822113,0.2172413793103448,29,fold_2019,2019
2019-08-16,0.06718141677947548,0.07586206896551723,29,fold_2019,2019
2019-08-19,-0.05487169631886502,-0.06847290640394087,29,fold_2019,2019
2019-08-20,-0.2734000475874089,-0.28821283627900995,29,fold_2019,2019
2019-08-21,-0.2661392401744163,-0.2552038447735507,29,fold_2019,2019
2019-08-22,-0.4299578158947605,-0.4857142857142856,29,fold_2019,2019
2019-08-23,-0.1672995241594713,-0.20251778872468526,28,fold_2019,2019
2019-08-26,0.023428360550606576,0.17684729064039403,29,fold_2019,2019
2019-08-27,0.1379298917972448,0.22068965517241376,29,fold_2019,2019
2019-08-28,0.11763486697520356,0.24876847290640386,29,fold_2019,2019
2019-08-29,0.23067817968910098,0.39704433497536934,29,fold_2019,2019
2019-08-30,-0.2335608211437242,-0.13628899835796388,28,fold_2019,2019
2019-09-02,0.21931351964929896,0.3551724137931034,29,fold_2019,2019
2019-09-03,0.28820241383753287,0.22266009852216745,29,fold_2019,2019
2019-09-04,0.23489780994014983,0.24236453201970437,29,fold_2019,2019
2019-09-05,0.3154363013166204,0.27733990147783244,29,fold_2019,2019
2019-09-06,0.33784226458974864,0.2807881773399014,29,fold_2019,2019
2019-09-09,0.3037298832540324,0.2532019704433497,29,fold_2019,2019
2019-09-10,0.20607580769317999,0.23990147783251226,29,fold_2019,2019
2019-09-11,-0.013043643579022803,-0.01822660098522167,29,fold_2019,2019
2019-09-12,-0.5015424992543839,-0.46305418719211816,29,fold_2019,2019
2019-09-16,-0.28620659901820916,-0.20197044334975364,29,fold_2019,2019
2019-09-17,-0.3112577144108876,-0.32118226600985217,29,fold_2019,2019
2019-09-18,-0.43321926676901007,-0.36798029556650236,29,fold_2019,2019
2019-09-19,-0.30168721449993735,-0.2029556650246305,29,fold_2019,2019
2019-09-20,-0.12168563877504371,-0.19211822660098518,29,fold_2019,2019
2019-09-23,-0.060612957228247444,-0.03497536945812807,29,fold_2019,2019
2019-09-24,0.06342735116928057,0.050738916256157625,29,fold_2019,2019
2019-09-25,0.09668791324534952,-0.030541871921182254,29,fold_2019,2019
2019-09-26,0.09993055969283,-0.12045818541917593,29,fold_2019,2019
2019-09-27,0.2632289366040093,0.07142857142857141,29,fold_2019,2019
2019-09-30,0.26041853014040534,0.125615763546798,29,fold_2019,2019
2019-10-08,0.1145355019549977,0.022167487684729058,29,fold_2019,2019
2019-10-09,-0.22819208120322015,-0.30492610837438416,29,fold_2019,2019
2019-10-10,-0.4609359346202984,-0.4374384236453201,29,fold_2019,2019
2019-10-11,-0.5326646160620006,-0.5364532019704432,29,fold_2019,2019
2019-10-14,-0.2551287583783904,-0.1886699507389162,29,fold_2019,2019
2019-10-15,-0.3171426043341832,-0.29211822660098513,29,fold_2019,2019
2019-10-16,-0.11790574503159393,-0.09459293088131608,29,fold_2019,2019
2019-10-17,0.3404588512861454,0.3717206580726718,29,fold_2019,2019
2019-10-18,0.13691812028519604,0.16699507389162557,29,fold_2019,2019
2019-10-21,0.13963957930906035,0.16059113300492608,29,fold_2019,2019
2019-10-22,0.09708526723175784,0.10863406905901145,29,fold_2019,2019
2019-10-23,-0.1445011983669568,-0.12906403940886696,29,fold_2019,2019
2019-10-24,-0.1985174453636484,-0.3113300492610837,29,fold_2019,2019
2019-10-25,-0.12348599975794076,-0.1571428571428571,29,fold_2019,2019
2019-10-28,-0.22844967662176469,-0.27980295566502456,29,fold_2019,2019
2019-10-29,-0.1808560599410652,-0.24827586206896549,29,fold_2019,2019
2019-10-30,-0.051349369777388965,-0.09113300492610836,29,fold_2019,2019
2019-10-31,0.3087572893243686,0.2655172413793103,29,fold_2019,2019
2019-11-01,0.2676649335319216,0.2763546798029556,29,fold_2019,2019
2019-11-04,0.04647589535673969,-0.0586206896551724,29,fold_2019,2019
2019-11-05,0.28027988259029507,0.20788177339901473,29,fold_2019,2019
2019-11-06,0.18123597752523338,0.026600985221674867,29,fold_2019,2019
2019-11-07,0.38989967498255496,0.44729064039408856,29,fold_2019,2019
2019-11-08,0.27835202590667085,0.20246305418719207,29,fold_2019,2019
2019-11-11,0.3059700023235602,0.17438423645320195,29,fold_2019,2019
2019-11-12,0.07827342160941206,-0.003940886699507388,29,fold_2019,2019
2019-11-13,0.32958935284795426,0.247783251231527,29,fold_2019,2019
2019-11-14,0.01224092823145183,0.010837438423645318,29,fold_2019,2019
2019-11-15,0.14865166325012918,0.2591133004926108,29,fold_2019,2019
2019-11-18,0.30068443864491534,0.24039408866995068,29,fold_2019,2019
2019-11-19,0.1007374956507015,0.04334975369458127,29,fold_2019,2019
2019-11-20,-0.09613545286269626,-0.11231527093596057,29,fold_2019,2019
2019-11-21,0.30112743878154835,0.35566502463054184,29,fold_2019,2019
2019-11-22,0.1170999298076768,-0.012315270935960588,29,fold_2019,2019
2019-11-25,0.055718448164157656,-0.125615763546798,29,fold_2019,2019
2019-11-26,0.14741282842450804,0.12068965517241378,29,fold_2019,2019
2019-11-27,0.1740035830699702,0.036704027868010664,29,fold_2019,2019
2019-11-28,-0.15937990104240726,-0.3497967756548667,29,fold_2019,2019
2019-11-29,-0.11433048471142404,-0.1334975369458128,29,fold_2019,2019
2019-12-02,0.05686147239692542,0.1133004926108374,29,fold_2019,2019
2019-12-03,0.22760331963794048,0.2118226600985221,29,fold_2019,2019
2019-12-04,0.16061778565628285,0.13694581280788173,29,fold_2019,2019
2019-12-05,0.07102881605871222,0.029064039408866992,29,fold_2019,2019
2019-12-06,0.2370124931780068,0.2738598442714127,30,fold_2019,2019
2019-12-09,-0.21940156709341987,-0.35154077423005253,30,fold_2019,2019
2019-12-10,-0.4646562614788374,-0.3757508342602892,30,fold_2019,2019
2019-12-11,-0.17538796257156647,-0.1839822024471635,30,fold_2019,2019
2019-12-12,-0.04131624702810066,-0.05361512791991101,30,fold_2019,2019
2019-12-13,-0.28315167031890104,-0.25339265850945497,30,fold_2019,2019
2019-12-16,-0.22934787589826472,-0.22402669632925473,30,fold_2019,2019
2019-12-17,-0.3330966877122004,-0.2596218020022247,30,fold_2019,2019
2019-12-18,-0.4195650513051247,-0.3721913236929922,30,fold_2019,2019
2019-12-19,-0.40014740091101897,-0.4175750834260289,30,fold_2019,2019
2019-12-20,-0.2746748328461872,-0.22402669632925473,30,fold_2019,2019
2019-12-23,0.009551872298694983,-0.06562847608453837,30,fold_2019,2019
2019-12-24,0.23395359826457726,0.2551724137931034,30,fold_2019,2019
2019-12-25,0.2866661820490327,0.3508342602892102,30,fold_2019,2019
2019-12-26,0.2558448532481702,0.27252502780867627,30,fold_2019,2019
2019-12-27,-0.05816666716490416,-0.004894871539912124,30,fold_2019,2019
2019-12-30,0.054698694721748875,0.09899888765294772,30,fold_2019,2019
2019-12-31,0.04254865394493027,0.13637374860956616,30,fold_2019,2019
2020-01-02,-0.15219644500278268,-0.04204671857619577,30,fold_2020,2020
2020-01-03,0.07848251584459322,0.15417130144605118,30,fold_2020,2020
2020-01-06,0.02985457609517872,0.12658509454949946,30,fold_2020,2020
2020-01-07,-0.11090512368722082,0.014460511679644046,30,fold_2020,2020
2020-01-08,-0.06176439801939904,-0.03270300333704116,30,fold_2020,2020
2020-01-09,-0.11643507390753491,-0.04293659621802002,30,fold_2020,2020
2020-01-10,-0.1610878897937526,-0.12480533926585094,30,fold_2020,2020
2020-01-13,0.15363127209409472,0.1897664071190211,30,fold_2020,2020
2020-01-14,-0.2132646567924949,-0.3045606229143492,30,fold_2020,2020
2020-01-15,-0.0521156839280217,-0.09054505005561733,30,fold_2020,2020
2020-01-16,-0.4951073016804769,-0.5056410256410256,26,fold_2020,2020
2020-01-17,-0.4429336688905303,-0.4331479421579533,30,fold_2020,2020
2020-01-20,-0.4890024765016349,-0.47897664071190205,30,fold_2020,2020
2020-01-21,-0.5199942227252259,-0.4687430478309232,30,fold_2020,2020
2020-01-22,-0.46262954623191016,-0.3837597330367074,30,fold_2020,2020
2020-01-23,0.4960932645428202,0.5801709401709401,26,fold_2020,2020
2020-02-03,0.21068271187008508,0.2676307007786429,30,fold_2020,2020
2020-02-04,0.3265029881530078,0.32057842046718577,30,fold_2020,2020
2020-02-05,0.4289686091791698,0.37735009689504373,30,fold_2020,2020
2020-02-06,0.2470731028125722,0.3128267902325657,30,fold_2020,2020
2020-02-07,0.23433849076002203,0.3210233592880979,30,fold_2020,2020
2020-02-10,0.14333549424310574,0.19955506117908786,30,fold_2020,2020
2020-02-11,-0.10711393293250578,-0.06651835372636263,30,fold_2020,2020
2020-02-12,-0.2686018341958289,-0.23381535038932147,30,fold_2020,2020
2020-02-13,0.05270712555154571,-0.0020022246941045607,30,fold_2020,2020
2020-02-14,0.06024206621753228,0.020689655172413793,30,fold_2020,2020
2020-02-17,0.04082163028204319,0.04471635150166852,30,fold_2020,2020
2020-02-18,0.08202636601513838,0.10611790878754171,30,fold_2020,2020
2020-02-19,0.1504484201426361,0.28720800889877635,30,fold_2020,2020
2020-02-20,-0.00866689935664578,-0.028253615127919914,30,fold_2020,2020
2020-02-21,-0.018998085553960996,0.055394883203559515,30,fold_2020,2020
2020-02-24,0.2280365956372984,0.2453837597330367,30,fold_2020,2020
2020-02-25,0.03211418986114579,-0.01268075639599555,30,fold_2020,2020
2020-02-26,0.2723126950481869,0.21290322580645163,30,fold_2020,2020
2020-02-27,0.3601914827462145,0.30634037819799775,30,fold_2020,2020
2020-02-28,0.0453075902777161,0.06538461538461539,25,fold_2020,2020
2020-03-02,0.2835743954607918,0.14236453201970442,29,fold_2020,2020
2020-03-03,0.18453178523706365,0.3299221357063403,30,fold_2020,2020
2020-03-04,0.1692836395979426,0.18798665183537264,30,fold_2020,2020
2020-03-05,0.2780267183793101,0.43492769744160176,30,fold_2020,2020
2020-03-06,0.5588614395732783,0.48,25,fold_2020,2020
2020-03-09,0.1884357897500302,0.2463054187192118,28,fold_2020,2020
2020-03-10,0.3458143521678653,0.4981090100111235,30,fold_2020,2020
2020-03-11,0.45557385757562424,0.5150166852057843,30,fold_2020,2020
2020-03-12,0.48965087504550286,0.6137931034482759,30,fold_2020,2020
2020-03-13,0.3422183525702348,0.3446051167964405,30,fold_2020,2020
2020-03-16,0.3826976757060318,0.3724137931034482,29,fold_2020,2020
2020-03-17,0.36936869563516483,0.4113459399332592,30,fold_2020,2020
2020-03-18,-0.03933777637856268,0.015350389321468297,30,fold_2020,2020
2020-03-19,-0.18870255098353045,-0.1586206896551724,30,fold_2020,2020
2020-03-20,-0.28261069892326907,-0.32458286985539486,30,fold_2020,2020
2020-03-23,0.010684144245647809,-0.10700778642936595,30,fold_2020,2020
2020-03-24,-0.01572515224230757,-0.09232480533926585,30,fold_2020,2020
2020-03-25,-0.12078825022939525,-0.13815350389321468,30,fold_2020,2020
2020-03-26,-0.24043903731424357,-0.5136818687430478,30,fold_2020,2020
2020-03-27,-0.31129415167518704,-0.4651835372636262,30,fold_2020,2020
2020-03-30,-0.22170474180878955,-0.37619577308120133,30,fold_2020,2020
2020-03-31,-0.409027909146136,-0.4638487208008899,30,fold_2020,2020
2020-04-01,-0.277862602687562,-0.35973303670745277,30,fold_2020,2020
2020-04-02,-0.23762625979569638,-0.32706641653049195,30,fold_2020,2020
2020-04-03,0.2287346301320507,0.1897664071190211,30,fold_2020,2020
2020-04-07,0.3377543712488024,0.296551724137931,30,fold_2020,2020
2020-04-08,0.4274227022047462,0.4398220244716351,30,fold_2020,2020
2020-04-09,0.07567696412719697,0.047385984427141266,30,fold_2020,2020
2020-04-10,0.10320108726466913,0.14838709677419354,30,fold_2020,2020
2020-04-13,0.20219639872782624,0.185761957730812,30,fold_2020,2020
2020-04-14,0.15360281743245516,0.06518353726362626,30,fold_2020,2020
2020-04-15,0.24602953887965445,0.2,30,fold_2020,2020
2020-04-16,0.18226859736972606,0.1096774193548387,30,fold_2020,2020
2020-04-17,-0.050067081837682645,-0.1439377085650723,30,fold_2020,2020
2020-04-20,0.1633563731566879,0.12124582869855395,30,fold_2020,2020
2020-04-21,-0.1825742060773959,-0.27341490545050057,30,fold_2020,2020
2020-04-22,-0.31507021646073124,-0.3931034482758621,30,fold_2020,2020
2020-04-23,-0.1939688486703143,-0.11235955125707375,30,fold_2020,2020
2020-04-24,-0.21259887298102018,-0.11501668520578419,30,fold_2020,2020
2020-04-27,-0.29777506711478086,-0.018909899888765295,30,fold_2020,2020
2020-04-28,0.015426353742578747,0.07274749721913237,30,fold_2020,2020
2020-04-29,0.10426604123695432,0.12569521690767518,30,fold_2020,2020
2020-04-30,0.4418214458984135,0.4295884315906563,30,fold_2020,2020
2020-05-06,0.24013602210889753,0.1433021842331383,30,fold_2020,2020
2020-05-07,0.3457660269442213,0.28809788654060065,30,fold_2020,2020
2020-05-08,0.04224587557924697,-0.014015572858731925,30,fold_2020,2020
2020-05-11,0.279119599817442,0.2667408231368187,30,fold_2020,2020
2020-05-12,0.28213287063784465,0.17285873192436038,30,fold_2020,2020
2020-05-13,0.0003019213846174543,0.011345939933259176,30,fold_2020,2020
2020-05-14,-0.01879210248322939,-0.06829810901001113,30,fold_2020,2020
2020-05-15,0.5111091455367933,0.3123818019107556,30,fold_2020,2020
2020-05-18,0.20611176709386847,0.28186874304783094,30,fold_2020,2020
2020-05-19,-0.3290969108477694,-0.2336188689503514,30,fold_2020,2020
2020-05-20,0.14412567832221862,0.13770856507230256,30,fold_2020,2020
2020-05-21,0.017101872910308985,0.10012237240729346,30,fold_2020,2020
2020-05-22,0.03515793576840572,0.1132369299221357,30,fold_2020,2020
2020-05-25,-0.22344851800866883,-0.19243604004449388,30,fold_2020,2020
2020-05-26,0.28225540653483605,0.17152391546162402,30,fold_2020,2020
2020-05-27,0.29522849820322655,0.2382647385984427,30,fold_2020,2020
2020-05-28,0.2694984092543552,0.27519466073414905,30,fold_2020,2020
2020-05-29,-0.04791553101461222,-0.09499443826473859,30,fold_2020,2020
2020-06-01,0.220463509114736,0.182202447163515,30,fold_2020,2020
2020-06-02,0.28843930443142457,0.23781979977753054,30,fold_2020,2020
2020-06-03,0.052510364784920896,-0.01579532814238042,30,fold_2020,2020
2020-06-04,0.4915057327107843,0.4051618670081808,30,fold_2020,2020
2020-06-05,0.44219181642917016,0.4313681868743047,30,fold_2020,2020
2020-06-08,0.26541006283327134,0.38064516129032255,30,fold_2020,2020
2020-06-09,0.09509149180661118,0.1225942826587082,30,fold_2020,2020
2020-06-10,0.17764143492179235,0.25383759733036704,30,fold_2020,2020
2020-06-11,-0.046036524158939045,0.07452725250278086,30,fold_2020,2020
2020-06-12,0.09347779478655414,0.12237178849780313,30,fold_2020,2020
2020-06-15,0.07071842650339966,-0.057174638487208,30,fold_2020,2020
2020-06-16,-0.01575219190130727,0.033592880978865404,30,fold_2020,2020
2020-06-17,0.02842388744223563,0.10567296996662959,30,fold_2020,2020
2020-06-18,-0.0686662301727,-0.05406006674082313,30,fold_2020,2020
2020-06-19,-0.1169099517987351,-0.09454949944382647,30,fold_2020,2020
2020-06-22,-0.3896684554365947,-0.28987764182424913,30,fold_2020,2020
2020-06-23,-0.42529826932778036,-0.22091212458286985,30,fold_2020,2020
2020-06-24,-0.3430315553885289,-0.15663588927718797,30,fold_2020,2020
2020-06-29,-0.27780792831324236,-0.10834260289210233,30,fold_2020,2020
2020-06-30,-0.17257240438371782,-0.1350389321468298,30,fold_2020,2020
2020-07-01,0.39076525586204897,0.3543937708565072,30,fold_2020,2020
2020-07-02,0.36960296959568995,0.33926585094549494,30,fold_2020,2020
2020-07-03,0.4091697091043599,0.3957730812013348,30,fold_2020,2020
2020-07-06,0.48637401641949546,0.46073414905450494,30,fold_2020,2020
2020-07-07,0.1957223985529576,0.07586206896551724,30,fold_2020,2020
2020-07-08,0.1416288476687361,0.03181312569521691,30,fold_2020,2020
2020-07-09,0.1100511343520251,-0.06607341490545049,30,fold_2020,2020
2020-07-10,0.3384376768179543,0.2342863514330667,30,fold_2020,2020
2020-07-13,0.28602421775852993,0.30055617352614017,30,fold_2020,2020
2020-07-14,-0.06539426137125243,-0.04872080088987764,30,fold_2020,2020
2020-07-15,-0.017934821133076817,0.08209121245828699,30,fold_2020,2020
2020-07-16,0.0011568439368701967,0.13948832035595105,30,fold_2020,2020
2020-07-17,-0.006091539524564539,0.005561735261401557,30,fold_2020,2020
2020-07-20,-0.21885265805851706,-0.1670745272525028,30,fold_2020,2020
2020-07-21,-0.16731173017791998,-0.05005561735261402,30,fold_2020,2020
2020-07-22,-0.3520939552000366,-0.314349276974416,30,fold_2020,2020
2020-07-23,-0.23207118851520103,-0.23292547274749723,30,fold_2020,2020
2020-07-24,-0.10288364565228326,-0.12302558398220245,30,fold_2020,2020
2020-07-27,0.4989172279216164,0.4638487208008899,30,fold_2020,2020
2020-07-28,0.35606348478801864,0.2912124582869855,30,fold_2020,2020
2020-07-29,0.21730121561446644,0.17285873192436038,30,fold_2020,2020
2020-07-30,0.07665639452787691,0.08164627363737487,30,fold_2020,2020
2020-07-31,-0.0775884878418489,0.034037819799777526,30,fold_2020,2020
2020-08-03,-0.2599793341883814,-0.27099788798240765,30,fold_2020,2020
2020-08-04,-0.11466897411833417,-0.16840934371523916,30,fold_2020,2020
2020-08-05,0.12076214269965055,-0.04827586206896552,30,fold_2020,2020
2020-08-06,0.11058549760304709,0.10166852057842046,30,fold_2020,2020
2020-08-07,0.23330995116145026,0.2395995550611791,30,fold_2020,2020
2020-08-10,0.2527288781229731,0.2531983551099999,30,fold_2020,2020
2020-08-11,0.07779474114195495,0.024249165739710785,30,fold_2020,2020
2020-08-12,0.3517579950221638,0.3139043381535039,30,fold_2020,2020
2020-08-13,0.1609431131028495,0.09454949944382647,30,fold_2020,2020
2020-08-14,0.09710040656555541,0.14616240266963293,30,fold_2020,2020
2020-08-17,0.013301203511582132,-0.0028921023359288096,30,fold_2020,2020
2020-08-18,0.15518082237656738,0.07452725250278086,30,fold_2020,2020
2020-08-19,0.03732890376627084,0.0002224694104560623,30,fold_2020,2020
2020-08-20,-0.1984662235213404,-0.06964067236329521,30,fold_2020,2020
2020-08-21,0.11274419352048627,0.14126807563959956,30,fold_2020,2020
2020-08-24,0.20154898354235504,0.24073868209931448,30,fold_2020,2020
2020-08-25,0.3094997012558357,0.289432703003337,30,fold_2020,2020
2020-08-26,0.49556754023794203,0.44694104560622916,30,fold_2020,2020
2020-08-27,0.43033137327543647,0.33036707452725245,30,fold_2020,2020
2020-08-28,0.25898480976709787,0.3192436040044494,30,fold_2020,2020
2020-08-31,0.09932670593842523,0.16974416017797553,30,fold_2020,2020
2020-09-01,0.0924171097591013,0.18620689655172412,30,fold_2020,2020
2020-09-02,-0.1261853767065397,-0.06385582417976271,30,fold_2020,2020
2020-09-03,-0.16052425053128033,-0.09811992495914758,30,fold_2020,2020
2020-09-04,-0.1664409629754548,-0.0914349276974416,30,fold_2020,2020
2020-09-07,-0.15413864962740073,-0.11279199110122358,30,fold_2020,2020
2020-09-08,-0.2926253427835161,-0.27252502780867627,30,fold_2020,2020
2020-09-09,-0.20959231344234042,-0.13236929922135707,30,fold_2020,2020
2020-09-10,-0.1001429003442171,-0.040711902113459396,30,fold_2020,2020
2020-09-11,-0.07111233222306775,-0.09010011123470522,30,fold_2020,2020
2020-09-14,-0.24503662040179233,-0.04427141268075639,30,fold_2020,2020
2020-09-15,0.12335760359055326,0.1746579163105008,30,fold_2020,2020
2020-09-16,0.15549714567949996,-0.0037819799777530586,30,fold_2020,2020
2020-09-17,0.14922975468824523,-0.046941045606229144,30,fold_2020,2020
2020-09-18,0.12487193746558227,0.16484983314794216,30,fold_2020,2020
2020-09-21,0.15896700419434698,0.17819799777530587,30,fold_2020,2020
2020-09-22,-0.12684771863124022,-0.07452725250278086,30,fold_2020,2020
2020-09-23,-0.14832459134013898,-0.3010011123470523,30,fold_2020,2020
2020-09-24,0.07711151600288546,0.14260289210233593,30,fold_2020,2020
2020-09-25,0.08512260996716678,0.0914349276974416,30,fold_2020,2020
2020-09-28,0.2416674489024108,0.2200222469410456,30,fold_2020,2020
2020-09-29,0.05224300419957933,0.1439377085650723,30,fold_2020,2020
2020-09-30,-0.060284829569099974,0.038042269187986644,30,fold_2020,2020
2020-10-09,-0.18404807448880228,-0.10746467971716164,30,fold_2020,2020
2020-10-12,-0.49549248389053635,-0.396662958843159,30,fold_2020,2020
2020-10-13,-0.6996403062968786,-0.6876529477196887,30,fold_2020,2020
2020-10-14,-0.41453616180662906,-0.3935483870967742,30,fold_2020,2020
2020-10-15,-0.22697224572035773,-0.1581757508342603,30,fold_2020,2020
2020-10-16,-0.06792936852001559,-0.027808676307007785,30,fold_2020,2020
2020-10-19,0.3631131710731287,0.26941045606229147,30,fold_2020,2020
2020-10-20,0.2973079773662682,0.3308120133481646,30,fold_2020,2020
2020-10-21,0.2960615819988446,0.3949271356065464,30,fold_2020,2020
2020-10-22,0.22685106212077052,0.3419354838709677,30,fold_2020,2020
2020-10-23,0.31060398408837364,0.5305895439377085,30,fold_2020,2020
2020-10-26,0.41586429722204904,0.3521690767519466,30,fold_2020,2020
2020-10-27,0.25455336902306264,0.27875417130144603,30,fold_2020,2020
2020-10-28,0.2861462093661844,0.2983314794215795,30,fold_2020,2020
2020-10-29,0.09473147757044578,0.17063403781979977,30,fold_2020,2020
2020-10-30,-0.1670069914361055,-0.13103448275862067,30,fold_2020,2020
2020-11-02,-0.01670319167123338,0.05361512791991101,30,fold_2020,2020
2020-11-03,0.25759509710480794,0.3343715239154616,30,fold_2020,2020
2020-11-04,0.1926570310806522,0.1870967741935484,30,fold_2020,2020
2020-11-05,0.4702609908456287,0.4407119021134594,30,fold_2020,2020
2020-11-06,0.3688792755079331,0.35661846496106786,30,fold_2020,2020
2020-11-09,0.17940753959877143,0.3045606229143492,30,fold_2020,2020
2020-11-10,0.26985448340749174,0.26941045606229147,30,fold_2020,2020
2020-11-11,0.23736204976973635,0.27608453837597335,30,fold_2020,2020
2020-11-12,0.334032004913846,0.40289210233592887,30,fold_2020,2020
2020-11-13,0.09648531917365957,-0.023359288097886538,30,fold_2020,2020
2020-11-16,0.1945209188748463,0.2511679644048943,30,fold_2020,2020
2020-11-17,0.14096786678341386,0.10122358175750834,30,fold_2020,2020
2020-11-18,0.109983366220449,0.06251390433815351,30,fold_2020,2020
2020-11-19,0.14112139122288253,0.027808676307007785,30,fold_2020,2020
2020-11-20,0.16169295043191217,0.17997775305895441,30,fold_2020,2020
2020-11-23,0.1955848782219424,0.2738903120741739,30,fold_2020,2020
2020-11-24,0.2473946368567828,0.16395995550611792,30,fold_2020,2020
2020-11-25,0.2602406927417866,0.19688542825361513,30,fold_2020,2020
2020-11-26,0.17196544936199906,0.15595105672969967,30,fold_2020,2020
2020-11-27,0.09405997533019951,-0.016240266963292546,30,fold_2020,2020
2020-11-30,0.06440419989292254,0.040266963292547274,30,fold_2020,2020
2020-12-01,-0.20495318721655903,-0.20800889877641823,30,fold_2020,2020
2020-12-02,-0.046645502554394834,-0.032039159170333904,30,fold_2020,2020
2020-12-03,0.3263655694143406,0.23337041156840932,30,fold_2020,2020
2020-12-04,0.3342560782827257,0.1532814238042269,30,fold_2020,2020
2020-12-07,0.18104158043150476,0.01757508342602892,30,fold_2020,2020
2020-12-08,0.08025979653937478,-0.015350389321468297,30,fold_2020,2020
2020-12-09,0.01101719749255579,-0.054505005561735265,30,fold_2020,2020
2020-12-10,-0.20777588154108553,-0.16662958843159065,30,fold_2020,2020
2020-12-11,-0.006367066839122072,0.03604405406662564,30,fold_2020,2020
2020-12-14,0.14772237747892353,0.09810901001112346,30,fold_2020,2020
2020-12-15,-0.07918980344409078,-0.09588431590656285,30,fold_2020,2020
2020-12-16,0.00012471148420950773,-0.08075639599555061,30,fold_2020,2020
2020-12-17,0.19611456687480133,0.09810901001112346,30,fold_2020,2020
2020-12-18,-0.09733605426818973,-0.20800889877641823,30,fold_2020,2020
2020-12-21,-0.11940687288741839,-0.10923248053392658,30,fold_2020,2020
2020-12-22,-0.10005967457728575,-0.1243604004449388,30,fold_2020,2020
2020-12-23,-0.1342888767550845,-0.15417130144605118,30,fold_2020,2020
2020-12-24,-0.2210661098979138,-0.3067853170189099,30,fold_2020,2020
2020-12-25,-0.13550993987882037,-0.29299221357063404,30,fold_2020,2020
2020-12-28,0.20717859550087778,0.1484036053236994,30,fold_2020,2020
2020-12-29,0.18155518362413833,0.13637374860956616,30,fold_2020,2020
2020-12-30,0.21624910683734555,0.10656284760845385,30,fold_2020,2020
2020-12-31,0.21736706734709899,0.13681868743047831,30,fold_2020,2020
2021-01-04,0.27859203412338523,0.3210233592880979,30,fold_2021,2021
2021-01-05,0.04800133320218366,0.06740823136818688,30,fold_2021,2021
2021-01-06,-0.11426757281939712,-0.08876529477196884,30,fold_2021,2021
2021-01-07,-0.0314747690271562,-0.059844271412680755,30,fold_2021,2021
2021-01-08,-0.15720187705687433,-0.14883203559510566,30,fold_2021,2021
2021-01-11,-0.20154212328755305,-0.22803114571746386,30,fold_2021,2021
2021-01-12,-0.3315833999717934,-0.2395995550611791,30,fold_2021,2021
2021-01-13,-0.1390706082570838,-0.08832035595105672,30,fold_2021,2021
2021-01-14,-0.10006385317827375,-0.1350389321468298,30,fold_2021,2021
2021-01-15,-0.05751752581347412,0.0371523915461624,30,fold_2021,2021
2021-01-18,-0.3826173901433936,-0.43448275862068964,30,fold_2021,2021
2021-01-19,-0.1679761285324953,-0.25475581423633553,30,fold_2021,2021
2021-01-20,-0.13412369529994983,-0.19243604004449388,30,fold_2021,2021
2021-01-21,-0.38586960420810984,-0.3446051167964405,30,fold_2021,2021
2021-01-22,-0.46541889249858737,-0.41579532814238046,30,fold_2021,2021
2021-01-25,-0.27708471302166177,-0.16929922135706338,30,fold_2021,2021
2021-01-26,-0.3434809916062811,-0.2636262513904338,30,fold_2021,2021
2021-01-27,-0.29671287968529436,-0.21379310344827587,30,fold_2021,2021
2021-01-28,-0.15232665278765858,-0.22269187986651834,30,fold_2021,2021
2021-01-29,0.25936059146849194,0.10344827586206896,30,fold_2021,2021
2021-02-01,0.3306178558118946,0.1474972191323693,30,fold_2021,2021
2021-02-02,0.5093841266746231,0.3837597330367074,30,fold_2021,2021
2021-02-03,0.634160413254491,0.5924360400444939,30,fold_2021,2021
2021-02-04,0.36067180994956655,0.2609566184649611,30,fold_2021,2021
2021-02-05,0.28023626925797646,0.2164627363737486,30,fold_2021,2021
2021-02-08,-0.11995234553794118,-0.07675194660734148,30,fold_2021,2021
2021-02-09,-0.16084168043262148,-0.08075639599555061,30,fold_2021,2021
2021-02-10,-0.31627732364682276,-0.19913227401006142,30,fold_2021,2021
2021-02-18,-0.028209075608952323,0.023804226918798663,30,fold_2021,2021
2021-02-19,-0.1891075584824883,-0.22758620689655173,30,fold_2021,2021
2021-02-22,0.11338195516578245,0.12124582869855395,30,fold_2021,2021
2021-02-23,0.32618168318463153,0.3414905450500556,30,fold_2021,2021
2021-02-24,0.12448762746655422,0.06963292547274749,30,fold_2021,2021
2021-02-25,0.21955801958165938,0.22224694104560622,30,fold_2021,2021
2021-02-26,-0.06061624244298832,0.12747497219132367,30,fold_2021,2021
2021-03-01,0.022460561724494798,0.21201334816462733,30,fold_2021,2021
2021-03-02,0.0869390305716059,0.23470522803114574,30,fold_2021,2021
2021-03-03,0.10897425820770547,0.05761957730812013,30,fold_2021,2021
2021-03-04,-0.17792874018785873,-0.13014460511679646,30,fold_2021,2021
2021-03-05,0.040500564104313526,0.015350389321468297,30,fold_2021,2021
2021-03-08,-0.263328687259006,-0.2088987764182425,30,fold_2021,2021
2021-03-09,0.1342339172318831,0.08299032201760102,30,fold_2021,2021
2021-03-10,0.19938615576595112,0.12080088987764183,30,fold_2021,2021
2021-03-11,0.05045895343572791,0.046941045606229144,30,fold_2021,2021
2021-03-12,-0.014846913976713432,0.07808676307007786,30,fold_2021,2021
2021-03-15,-0.015454858043201364,-0.021134593993325918,30,fold_2021,2021
2021-03-16,0.03634850556317461,0.030033370411568408,30,fold_2021,2021
2021-03-17,0.1346994981211773,0.0825361512791991,30,fold_2021,2021
2021-03-18,0.07239758381993514,0.0932146829810901,30,fold_2021,2021
2021-03-19,-0.06140145531069012,-0.1897664071190211,30,fold_2021,2021
2021-03-22,0.11220575946020758,-0.08876529477196884,30,fold_2021,2021
2021-03-23,0.053848642201316875,0.03136818687430478,30,fold_2021,2021
2021-03-24,-0.31333513399777707,-0.3539488320355951,30,fold_2021,2021
2021-03-25,-0.2079196870734117,-0.23648498331479423,30,fold_2021,2021
2021-03-26,-0.19308201664339808,-0.2556173526140155,30,fold_2021,2021
2021-03-29,-0.17492949660431167,-0.11412680756395997,30,fold_2021,2021
2021-03-30,0.020159978635874376,-0.0389321468298109,30,fold_2021,2021
2021-03-31,0.0013110476076539411,0.00778642936596218,30,fold_2021,2021
2021-04-01,-0.09055705340310596,-0.1003337041156841,30,fold_2021,2021
2021-04-02,0.07290615400138264,-0.04850372707731105,30,fold_2021,2021
2021-04-06,0.22104965798914689,0.09721913236929922,30,fold_2021,2021
2021-04-07,0.08790752564274837,0.07986651835372637,30,fold_2021,2021
2021-04-08,0.02356526134588137,0.02202447163515017,30,fold_2021,2021
2021-04-09,-0.11659967490231304,-0.15417130144605118,30,fold_2021,2021
2021-04-12,0.027796674056044596,0.07630700778642936,30,fold_2021,2021
2021-04-13,0.35037395696978035,0.2449388209121246,30,fold_2021,2021
2021-04-14,0.39318482548243744,0.24849833147942155,30,fold_2021,2021
2021-04-15,0.3411243736677396,0.3481646273637375,30,fold_2021,2021
2021-04-16,0.19761520795727708,0.23159065628476083,30,fold_2021,2021
2021-04-19,0.02551568343328859,0.11457174638487205,30,fold_2021,2021
2021-04-20,-0.032183097386092194,0.10166852057842046,30,fold_2021,2021
2021-04-21,0.29265119147787233,0.2640711902113459,30,fold_2021,2021
2021-04-22,0.3851532131562784,0.43270300333704115,30,fold_2021,2021
2021-04-23,0.4003764236026906,0.40556173526140155,30,fold_2021,2021
2021-04-26,0.1940152578489515,0.20622914349276972,30,fold_2021,2021
2021-04-27,0.1455310474297311,0.11768631813125695,30,fold_2021,2021
2021-04-28,0.29625074529990675,0.3446051167964405,30,fold_2021,2021
2021-04-29,0.0640598305061237,-0.06986316652420031,30,fold_2021,2021
2021-04-30,0.15034470802047398,0.03937708565072302,30,fold_2021,2021
2021-05-06,0.05193298284708825,-0.03270300333704116,30,fold_2021,2021
2021-05-07,0.02776988834265863,0.011345939933259176,30,fold_2021,2021
2021-05-10,0.06804995437058327,0.16954055060968357,30,fold_2021,2021
2021-05-11,0.20724507407131906,0.22625139043381537,30,fold_2021,2021
2021-05-12,0.12022159494164511,0.2805339265850945,30,fold_2021,2021
2021-05-13,-0.007900725094982046,0.013125695216907676,30,fold_2021,2021
2021-05-14,-0.3873540001577056,-0.3575083426028921,30,fold_2021,2021
2021-05-17,-0.3443998482761914,-0.296551724137931,30,fold_2021,2021
2021-05-18,-0.4501521744726437,-0.3721913236929922,30,fold_2021,2021
2021-05-19,-0.5787769938475339,-0.35554566912634433,30,fold_2021,2021
2021-05-20,-0.2012464949271071,-0.10611790878754171,30,fold_2021,2021
2021-05-21,0.09302627189845278,0.12258064516129033,30,fold_2021,2021
2021-05-24,0.17680154409977972,0.20311457174638486,30,fold_2021,2021
2021-05-25,0.3859909077163649,0.3584380932181106,30,fold_2021,2021
2021-05-26,0.5053061300493301,0.5551229314582159,30,fold_2021,2021
2021-05-27,0.35248903864447445,0.26807563959955505,30,fold_2021,2021
2021-05-28,0.3345736373508447,0.2854282536151279,30,fold_2021,2021
2021-05-31,0.24447849832421684,0.3192436040044494,30,fold_2021,2021
2021-06-01,0.16557561974172602,0.22625139043381537,30,fold_2021,2021
2021-06-02,0.3161671446883701,0.29521690767519465,30,fold_2021,2021
2021-06-03,0.07779358909518304,-0.05494994438264739,30,fold_2021,2021
2021-06-04,0.016064702487872905,0.314349276974416,30,fold_2021,2021
2021-06-07,0.404411766955719,0.5003337041156841,30,fold_2021,2021
2021-06-08,0.02240525287221518,0.16173526140155728,30,fold_2021,2021
2021-06-09,0.09370834692823712,0.1439377085650723,30,fold_2021,2021
2021-06-10,-0.14569878535140116,-0.10790966803897184,30,fold_2021,2021
2021-06-11,-0.2316241275858898,-0.09098998887652948,30,fold_2021,2021
2021-06-15,-0.3161766334510297,-0.2520578420467186,30,fold_2021,2021
2021-06-16,0.08056044862101684,0.07942157953281423,30,fold_2021,2021
2021-06-17,-0.23348401448977427,-0.18620689655172412,30,fold_2021,2021
2021-06-18,-0.013462204735474778,0.08565072302558399,30,fold_2021,2021
2021-06-21,0.025181242236761367,-0.03982202447163515,30,fold_2021,2021
2021-06-22,-0.2723184398047176,-0.2525027808676307,30,fold_2021,2021
2021-06-23,-0.30319740530768674,-0.31701890989988873,30,fold_2021,2021
2021-06-24,-0.2704781640554044,-0.23692992213570632,30,fold_2021,2021
2021-06-25,-0.10520787197262861,-0.0064516129032258064,30,fold_2021,2021
2021-06-28,-0.09383703048933745,-0.11056729699666296,30,fold_2021,2021
2021-06-29,0.0724450635916077,-0.0046718576195773085,30,fold_2021,2021
2021-06-30,-0.15046392038125547,-0.16173526140155728,30,fold_2021,2021
2021-07-01,-0.11806684656258687,-0.04338153503893215,30,fold_2021,2021
2021-07-02,-0.16478857296673433,-0.1385984427141268,30,fold_2021,2021
2021-07-05,-0.34059647481319694,-0.2987764182424916,30,fold_2021,2021
2021-07-06,-0.2323606397303278,-0.21690767519466073,30,fold_2021,2021
2021-07-07,0.06852581832191837,0.18442714126807563,30,fold_2021,2021
2021-07-08,0.4608287781501137,0.4162402669632926,30,fold_2021,2021
2021-07-09,0.3806327271732704,0.29299221357063404,30,fold_2021,2021
2021-07-12,0.2758630705924588,0.3232480533926585,30,fold_2021,2021
2021-07-13,0.17432647063343348,0.24696851860465718,30,fold_2021,2021
2021-07-14,0.11123151646494367,0.20978865406006672,30,fold_2021,2021
2021-07-15,-0.08149131810384794,0.054505005561735265,30,fold_2021,2021
2021-07-16,-0.1308625574104379,0.030478309232480537,30,fold_2021,2021
2021-07-19,0.26796497718415974,0.43759733036707454,30,fold_2021,2021
2021-07-20,0.03719221569305021,0.26852057842046717,30,fold_2021,2021
2021-07-21,0.19677846262043577,0.2560622914349277,30,fold_2021,2021
2021-07-22,0.2449759112296916,0.22135706340378197,30,fold_2021,2021
2021-07-23,-0.20346788369854985,-0.06384872080088987,30,fold_2021,2021
2021-07-26,-0.24746638059977077,-0.10501724394720557,30,fold_2021,2021
2021-07-27,-0.29317940825999445,-0.43403781979977757,30,fold_2021,2021
2021-07-28,-0.23619417544919774,-0.17953281423804227,30,fold_2021,2021
2021-07-29,-0.13707649033664246,-0.08832035595105672,30,fold_2021,2021
2021-07-30,0.25460298146371896,0.2729699666295884,30,fold_2021,2021
2021-08-02,0.10452242807737155,0.26941045606229147,30,fold_2021,2021
2021-08-03,0.2106417987991032,0.207119021134594,30,fold_2021,2021
2021-08-04,0.0957028739588364,0.0353726362625139,30,fold_2021,2021
2021-08-05,0.09235337860419,-0.027808676307007785,30,fold_2021,2021
2021-08-06,-0.11460434453648752,0.012235817575083427,30,fold_2021,2021
2021-08-09,-0.21481428794144206,-0.2925472747497219,30,fold_2021,2021
2021-08-10,0.0666622558700899,-0.017130144605116793,30,fold_2021,2021
2021-08-11,0.07784768078610893,-0.010456062291434927,30,fold_2021,2021
2021-08-12,0.13112519425755728,0.064293659621802,30,fold_2021,2021
2021-08-13,-0.09223923341672736,-0.22447163515016688,30,fold_2021,2021
2021-08-16,0.15368840095246256,0.09899888765294772,30,fold_2021,2021
2021-08-17,0.1979786827319569,0.12169076751946609,30,fold_2021,2021
2021-08-18,0.335210734076688,0.3699666295884316,30,fold_2021,2021
2021-08-19,0.4650068242252741,0.40289210233592887,30,fold_2021,2021
2021-08-20,0.5616834965337855,0.40338191372094007,30,fold_2021,2021
2021-08-23,0.062626363034001,0.020689655172413793,30,fold_2021,2021
2021-08-24,0.15142949984714899,0.2556173526140155,30,fold_2021,2021
2021-08-25,-0.12368823713376305,-0.1039047731426801,30,fold_2021,2021
2021-08-26,-0.1372244269570629,-0.04872080088987764,30,fold_2021,2021
2021-08-27,-0.04039295097970703,0.022249416090509656,30,fold_2021,2021
2021-08-30,0.14381795509716355,0.14239626297926183,30,fold_2021,2021
2021-08-31,0.37745535998264,0.1657397107897664,30,fold_2021,2021
2021-09-01,0.44573594162647734,0.3067853170189099,30,fold_2021,2021
2021-09-02,0.27033909254755284,0.16353320826524598,30,fold_2021,2021
2021-09-03,0.3444557617437398,0.3097118719798944,30,fold_2021,2021
2021-09-06,0.16908559803005102,0.01935483870967742,30,fold_2021,2021
2021-09-07,-0.18550382986104913,-0.1831126944248945,30,fold_2021,2021
2021-09-08,-0.27230520161193406,-0.2654060066740823,30,fold_2021,2021
2021-09-09,-0.09104539762537199,0.04827586206896552,30,fold_2021,2021
2021-09-10,-0.13894051533905882,-0.040711902113459396,30,fold_2021,2021
2021-09-13,0.0128303141713845,0.11457174638487205,30,fold_2021,2021
2021-09-14,0.14008945692855684,0.23781979977753054,30,fold_2021,2021
2021-09-15,-0.11069523180235613,-0.06874304783092325,30,fold_2021,2021
2021-09-16,-0.055271594486606006,-0.0389364781583919,30,fold_2021,2021
2021-09-17,0.1321422207978317,0.2556457908799559,30,fold_2021,2021
2021-09-22,-0.16165316212159442,-0.13904338153503895,30,fold_2021,2021
2021-09-23,-0.2349030142434281,-0.19802955665024624,29,fold_2021,2021
2021-09-24,0.19832816825163632,0.16173526140155728,30,fold_2021,2021
2021-09-27,0.2689598231155621,0.3192436040044494,30,fold_2021,2021
2021-09-28,0.2152066816508737,0.303670745272525,30,fold_2021,2021
2021-09-29,0.34019713958551195,0.3067853170189099,30,fold_2021,2021
2021-09-30,0.23418423979129246,0.27192118226600975,29,fold_2021,2021
2021-10-08,-0.04205035603091882,0.1041272673035852,30,fold_2021,2021
2021-10-11,-0.1219398500261165,-0.12703003337041155,30,fold_2021,2021
2021-10-12,-0.28212641420037604,-0.23692992213570632,30,fold_2021,2021
2021-10-13,-0.2432047311763761,-0.2832035595105673,30,fold_2021,2021
2021-10-14,-0.3708457356247884,-0.36729699666295884,30,fold_2021,2021
2021-10-15,-0.3200088573963645,-0.35973303670745277,30,fold_2021,2021
2021-10-18,-0.3474229935637053,-0.3611080231489718,30,fold_2021,2021
2021-10-19,-0.3540365379269322,-0.27919911012235815,30,fold_2021,2021
2021-10-20,-0.5000872852597592,-0.4513904338153503,30,fold_2021,2021
2021-10-21,-0.34321477647065723,-0.32773389901320726,30,fold_2021,2021
2021-10-22,-0.3987552266822834,-0.3472747497219132,30,fold_2021,2021
2021-10-25,-0.32356110515666453,-0.24716351501668518,30,fold_2021,2021
2021-10-26,-0.3329028850225473,-0.17819799777530587,30,fold_2021,2021
2021-10-27,0.03463155565048394,0.09232480533926585,30,fold_2021,2021
2021-10-28,-0.13435715525394576,-0.07389162561576353,29,fold_2021,2021
2021-10-29,-0.15625041815965435,-0.07986651835372637,30,fold_2021,2021
2021-11-01,-0.0087212147809511,-0.04516129032258065,30,fold_2021,2021
2021-11-02,-0.1615056429984271,-0.2164627363737486,30,fold_2021,2021
2021-11-03,-0.34319572447906727,-0.31746384872080086,30,fold_2021,2021
2021-11-04,-0.30867075683887735,-0.3846496106785317,30,fold_2021,2021
2021-11-05,-0.6295507238159502,-0.6275862068965516,30,fold_2021,2021
2021-11-08,-0.5790997525667055,-0.4460511679644049,30,fold_2021,2021
2021-11-09,-0.3813749883462172,-0.19421579532814237,30,fold_2021,2021
2021-11-10,-0.29771316222055877,-0.1345939933259177,30,fold_2021,2021
2021-11-11,-0.15075793893275152,-0.0389321468298109,30,fold_2021,2021
2021-11-12,-0.03173156868811712,0.1474972191323693,30,fold_2021,2021
2021-11-15,0.1169165925196069,0.2729699666295884,30,fold_2021,2021
2021-11-16,0.2086427111754027,0.1804226918798665,30,fold_2021,2021
2021-11-17,0.2173535062144978,0.2266963292547275,30,fold_2021,2021
2021-11-18,0.3395012606850992,0.30303704715274155,30,fold_2021,2021
2021-11-19,0.19144365913652187,0.2146829810901001,30,fold_2021,2021
2021-11-22,0.2027488217326615,0.16484983314794216,30,fold_2021,2021
2021-11-23,0.0646387094582834,0.012235817575083427,30,fold_2021,2021
2021-11-24,0.025967333146757157,0.05628476084538376,30,fold_2021,2021
2021-11-25,-0.06127814276983927,-0.0037819799777530586,30,fold_2021,2021
2021-11-26,0.004342174389631542,-0.034482758620689655,30,fold_2021,2021
2021-11-29,-0.10376612330864647,-0.05183537263626252,30,fold_2021,2021
2021-11-30,0.1288968542274794,0.23737486095661847,30,fold_2021,2021
2021-12-01,-0.09605241033629122,-0.07853170189098999,30,fold_2021,2021
2021-12-02,-0.12958509258524215,-0.08698553948832036,30,fold_2021,2021
2021-12-03,-0.13636440604757472,-0.1581757508342603,30,fold_2021,2021
2021-12-06,-0.14859372907696392,-0.22625139043381537,30,fold_2021,2021
2021-12-07,-0.15776985310586672,-0.09988876529477196,30,fold_2021,2021
2021-12-08,-0.22423313487644142,-0.2453837597330367,30,fold_2021,2021
2021-12-09,-0.28628221819503036,-0.32858731924360396,30,fold_2021,2021
2021-12-10,-0.3448558190586687,-0.41045606229143494,30,fold_2021,2021
2021-12-13,-0.2634319618356667,-0.16885428253615126,30,fold_2021,2021
2021-12-14,-0.07442611718711117,-0.09721913236929922,30,fold_2021,2021
2021-12-15,0.03452990956356295,0.07497219132369298,30,fold_2021,2021
2021-12-16,-0.1620003946667072,-0.07230255839822024,30,fold_2021,2021
2021-12-17,0.12821881620472053,0.15728587319243603,30,fold_2021,2021
2021-12-20,0.15597277575593554,0.21156840934371526,30,fold_2021,2021
2021-12-21,-0.019553085661581114,0.056729699666295874,30,fold_2021,2021
2021-12-22,-0.08081459274473111,-0.02469410456062291,30,fold_2021,2021
2021-12-23,-0.033091856032204096,0.007120605427733581,30,fold_2021,2021
2021-12-24,-0.07556310749728784,-0.0460511679644049,30,fold_2021,2021
2021-12-27,-0.01289955894145661,-0.00689655172413793,30,fold_2021,2021
2021-12-28,0.19648464304647112,0.289432703003337,30,fold_2021,2021
2021-12-29,0.32609580477888733,0.2732228295914586,30,fold_2021,2021
2021-12-30,0.16393921827202562,0.21159194702074685,30,fold_2021,2021
2021-12-31,0.31808613628004456,0.35172413793103446,30,fold_2021,2021
2022-01-04,0.37855872354979875,0.4438758510056677,30,fold_2022,2022
2022-01-05,0.21953350875607197,0.26184649610678534,30,fold_2022,2022
2022-01-06,0.40185600919384945,0.47230255839822033,30,fold_2022,2022
2022-01-07,-0.06430626863982289,-0.07452725250278086,30,fold_2022,2022
2022-01-10,-0.16817884608121367,-0.26273637374860953,30,fold_2022,2022
2022-01-11,-0.13594808601824068,-0.24582869855394882,30,fold_2022,2022
2022-01-12,-0.10318468359956921,-0.14660734149054505,30,fold_2022,2022
2022-01-13,-0.03573204896575577,-0.040711902113459396,30,fold_2022,2022
2022-01-14,0.1609759669610455,0.2413793103448276,30,fold_2022,2022
2022-01-17,0.1332639095815014,0.11279199110122358,30,fold_2022,2022
2022-01-18,0.1660893769833048,0.1421579532814238,30,fold_2022,2022
2022-01-19,0.15987564428187284,0.26184649610678534,30,fold_2022,2022
2022-01-20,0.27022091144668464,0.42296139988058856,30,fold_2022,2022
2022-01-21,0.34639066533811225,0.37352614015572855,30,fold_2022,2022
2022-01-24,0.31353895986196045,0.31746384872080086,30,fold_2022,2022
2022-01-25,0.4537700631307526,0.5012235817575084,30,fold_2022,2022
2022-01-26,0.4219104881713089,0.4625139043381535,30,fold_2022,2022
2022-01-27,0.23755001761169536,0.34015572858731924,30,fold_2022,2022
2022-01-28,0.25287745596325767,0.2360400444938821,30,fold_2022,2022
2022-02-07,-0.13897931860211651,-0.16529477196885425,30,fold_2022,2022
2022-02-08,-0.0479745866461241,0.07096774193548387,30,fold_2022,2022
2022-02-09,0.05130664617425879,0.11590656284760845,30,fold_2022,2022
2022-02-10,-0.06870583450189724,0.13770856507230256,30,fold_2022,2022
2022-02-11,-0.16331873929578,0.018689509516028113,30,fold_2022,2022
2022-02-14,0.10650005522188538,0.21156840934371526,30,fold_2022,2022
2022-02-15,0.2530883818602451,0.22847608453837595,30,fold_2022,2022
2022-02-16,0.176780795333715,0.09721913236929922,30,fold_2022,2022
2022-02-17,0.4908663229106083,0.41090100111234706,30,fold_2022,2022
2022-02-18,0.2731720763160773,0.2204671857619577,30,fold_2022,2022
2022-02-21,0.031973250155190674,0.045606229143492764,30,fold_2022,2022
2022-02-22,0.25104109385215584,0.307230255839822,30,fold_2022,2022
2022-02-23,0.2959156435676271,0.2,30,fold_2022,2022
2022-02-24,0.37778336410993874,0.3076751946607342,30,fold_2022,2022
2022-02-25,0.486828526162383,0.4580645161290322,30,fold_2022,2022
2022-02-28,0.39645253534694536,0.33103448275862063,29,fold_2022,2022
2022-03-01,0.18611397072909952,0.12167487684729061,29,fold_2022,2022
2022-03-02,-0.023033837928459786,0.12315270935960589,29,fold_2022,2022
2022-03-03,0.10903621649677632,0.07684729064039407,29,fold_2022,2022
2022-03-04,-0.041651108546960414,-0.07942157953281423,30,fold_2022,2022
2022-03-07,-0.20257887000063718,-0.2177339901477832,29,fold_2022,2022
2022-03-08,-0.11926345865397663,-0.1339901477832512,29,fold_2022,2022
2022-03-09,0.07958197278137932,0.1926108374384236,29,fold_2022,2022
2022-03-10,-0.3862125756343042,-0.3009852216748768,29,fold_2022,2022
2022-03-11,-0.037216827719632646,0.02469410456062291,30,fold_2022,2022
2022-03-14,0.23436673804100486,0.3228031145717464,30,fold_2022,2022
2022-03-15,0.5343253514204086,0.5239154616240267,30,fold_2022,2022
2022-03-16,0.41267032963968064,0.26184649610678534,30,fold_2022,2022
2022-03-17,0.4340520245970283,0.40200222469410457,30,fold_2022,2022
2022-03-18,0.5126594487319204,0.39488320355951056,30,fold_2022,2022
2022-03-21,0.21269280125263967,0.17997775305895441,30,fold_2022,2022
2022-03-22,0.1276356117400075,0.12703003337041155,30,fold_2022,2022
2022-03-23,-0.17351374468067898,-0.2827586206896551,30,fold_2022,2022
2022-03-24,0.05465470529804656,-0.06518353726362626,30,fold_2022,2022
2022-03-25,-0.1331839091505753,-0.10878754171301447,30,fold_2022,2022
2022-03-28,-0.05887972113182671,-0.06340378197997774,30,fold_2022,2022
2022-03-29,-0.012938117788482523,0.0024471635150166847,30,fold_2022,2022
2022-03-30,-0.028902494029372307,0.03848720800889878,30,fold_2022,2022
2022-03-31,-0.2763147635926246,-0.22447163515016688,30,fold_2022,2022
2022-04-01,0.16157369531191054,0.08832035595105672,30,fold_2022,2022
2022-04-06,-0.16714963117490741,-0.1474972191323693,30,fold_2022,2022
2022-04-07,0.10742909593455971,0.1586206896551724,30,fold_2022,2022
2022-04-08,0.03404654840927231,-0.1546162402669633,30,fold_2022,2022
2022-04-11,0.1993340037719831,0.16129032258064516,30,fold_2022,2022
2022-04-12,-0.14995353410577497,-0.08698553948832036,30,fold_2022,2022
2022-04-13,0.0846411355705691,0.217797552836485,30,fold_2022,2022
2022-04-14,0.08150480669299884,0.21690767519466073,30,fold_2022,2022
2022-04-15,-0.2278953305640102,-0.189321468298109,30,fold_2022,2022
2022-04-18,-0.18718382655538887,-0.09098998887652948,30,fold_2022,2022
2022-04-19,-0.21677254315919717,-0.18667260099937602,30,fold_2022,2022
2022-04-20,0.13171361491241224,0.06295884315906564,30,fold_2022,2022
2022-04-21,-0.15203290089258384,-0.14972191323692993,30,fold_2022,2022
2022-04-22,0.011264997368923403,0.04293659621802002,30,fold_2022,2022
2022-04-25,0.14805038036272228,0.2186874304783092,30,fold_2022,2022
2022-04-26,-0.032592286351017456,0.03670745272525028,30,fold_2022,2022
2022-04-27,-0.30519940180375804,-0.30856507230255836,30,fold_2022,2022
2022-04-28,-0.3580201592017393,-0.34638487208008895,30,fold_2022,2022
2022-04-29,-0.5148367466808866,-0.5768631813125694,30,fold_2022,2022
2022-05-05,-0.35221318214224095,-0.40956618464961064,30,fold_2022,2022
2022-05-06,-0.12600582008778047,-0.07942157953281423,30,fold_2022,2022
2022-05-09,0.22431621672263607,0.33303670745272523,30,fold_2022,2022
2022-05-10,0.37043180943069043,0.31835372636262516,30,fold_2022,2022
2022-05-11,0.09560989758935126,-0.09721913236929922,30,fold_2022,2022
2022-05-12,0.11686022706779582,0.14017132137021085,30,fold_2022,2022
2022-05-13,0.12110438842108426,0.09054505005561733,30,fold_2022,2022
2022-05-16,0.20111014639373592,0.029588431590656286,30,fold_2022,2022
2022-05-17,0.042120041642293674,-0.0371523915461624,30,fold_2022,2022
2022-05-18,0.35754564816132506,0.2395995550611791,30,fold_2022,2022
2022-05-19,0.43269957334039794,0.3740126844814673,30,fold_2022,2022
2022-05-20,0.15370782962160098,0.16885428253615126,30,fold_2022,2022
2022-05-23,0.1929188967633859,0.16484983314794216,30,fold_2022,2022
2022-05-24,0.4024573650063549,0.41090100111234706,30,fold_2022,2022
2022-05-25,0.18673076848748826,0.17730812013348163,30,fold_2022,2022
2022-05-26,0.38225114037708746,0.44471635150166855,30,fold_2022,2022
2022-05-27,0.3462957202997088,0.34282536151279197,30,fold_2022,2022
2022-05-30,0.3853302505384052,0.33793103448275863,30,fold_2022,2022
2022-05-31,0.25126824962606625,0.39025475822753936,30,fold_2022,2022
2022-06-01,0.33887137974570625,0.3906997465493495,30,fold_2022,2022
2022-06-02,0.019352281246933594,0.11590656284760845,30,fold_2022,2022
2022-06-06,-0.10729787143259441,0.04160640808925306,30,fold_2022,2022
2022-06-07,-0.04944268766384472,-0.10344827586206896,30,fold_2022,2022
2022-06-08,-0.25903114578030234,-0.24760845383759733,30,fold_2022,2022
2022-06-09,-0.4273351094381188,-0.5270300333704115,30,fold_2022,2022
2022-06-10,-0.24399512764018383,-0.24449388209121245,30,fold_2022,2022
2022-06-13,-0.4146796451724898,-0.41045606229143494,30,fold_2022,2022
2022-06-14,-0.6029227478492389,-0.5697441601779756,30,fold_2022,2022
2022-06-15,-0.6509392628451618,-0.6080088987764182,30,fold_2022,2022
2022-06-16,-0.28607046623939614,-0.33303670745272523,30,fold_2022,2022
2022-06-17,-0.37137252567349655,-0.41935483870967744,30,fold_2022,2022
2022-06-20,0.12755347859677546,0.11457174638487205,30,fold_2022,2022
2022-06-21,0.2316583008856593,0.15194660734149054,30,fold_2022,2022
2022-06-22,0.48198995416701457,0.4242491657397108,30,fold_2022,2022
2022-06-23,0.23610894458061615,0.21512791991101224,30,fold_2022,2022
2022-06-24,0.3076638454987607,0.26629588431590656,30,fold_2022,2022
2022-06-27,0.044112107343157805,0.06206896551724137,30,fold_2022,2022
2022-06-28,-0.12110180641226842,-0.11590656284760845,30,fold_2022,2022
2022-06-29,-0.38826467277854887,-0.349944382647386,30,fold_2022,2022
2022-06-30,-0.14810359206429144,0.018020022246941044,30,fold_2022,2022
2022-07-01,-0.17878120891132662,-0.2587319243604005,30,fold_2022,2022
2022-07-04,-0.054586408341902884,-0.08832035595105672,30,fold_2022,2022
2022-07-05,-0.17163242074823226,-0.18264738598442715,30,fold_2022,2022
2022-07-06,-0.07634947087975584,-0.1221357063403782,30,fold_2022,2022
2022-07-07,-0.20833726981932513,-0.24938820912124582,30,fold_2022,2022
2022-07-08,-0.1397015945265259,-0.16885428253615126,30,fold_2022,2022
2022-07-11,0.012593787660813583,-0.010011123470522802,30,fold_2022,2022
2022-07-12,-0.05511065179619038,-0.01268075639599555,30,fold_2022,2022
2022-07-13,0.035261672380637356,-0.02959172340037785,30,fold_2022,2022
2022-07-14,-0.028452222998348212,-0.1094671271653075,30,fold_2022,2022
2022-07-15,0.12637292690171942,0.060734149054505006,30,fold_2022,2022
2022-07-18,0.000617360593312708,-0.007341490545050056,30,fold_2022,2022
2022-07-19,0.3180307750667011,0.30303704715274155,30,fold_2022,2022
2022-07-20,0.4305595871623158,0.2961067853170189,30,fold_2022,2022
2022-07-21,0.45042679454980195,0.41579532814238046,30,fold_2022,2022
2022-07-22,0.3219367817730727,0.2609566184649611,30,fold_2022,2022
2022-07-25,-0.054275281466485775,-0.09543937708565071,30,fold_2022,2022
2022-07-26,-0.17861190628137058,-0.30945494994438266,30,fold_2022,2022
2022-07-27,0.05497419298944596,0.08832035595105672,30,fold_2022,2022
2022-07-28,-0.3238808936567437,-0.2992213570634038,30,fold_2022,2022
2022-07-29,-0.18293616733997875,-0.11412680756395997,30,fold_2022,2022
2022-08-01,0.07138348502807138,0.17018909899888765,30,fold_2022,2022
2022-08-02,0.004711579790180429,0.010456062291434927,30,fold_2022,2022
2022-08-03,-0.09657271804494345,-0.11279199110122358,30,fold_2022,2022
2022-08-04,0.2598497734776171,0.3103448275862069,30,fold_2022,2022
2022-08-05,0.27210924307543266,0.22580645161290322,30,fold_2022,2022
2022-08-08,0.053453529494069014,0.09899888765294772,30,fold_2022,2022
2022-08-09,0.07043753176743206,0.11947936440603686,30,fold_2022,2022
2022-08-10,-0.014646897951133232,0.09632925472747497,30,fold_2022,2022
2022-08-11,0.1739461582181135,0.08632773443117747,30,fold_2022,2022
2022-08-12,0.20033192309806785,-0.024249165739710785,30,fold_2022,2022
2022-08-15,0.437753298249539,0.2925472747497219,30,fold_2022,2022
2022-08-16,0.36822293079247,0.1308265666121968,30,fold_2022,2022
2022-08-17,0.5153224668084919,0.3779755283648498,30,fold_2022,2022
2022-08-18,0.34056298541200786,0.2596218020022247,30,fold_2022,2022
2022-08-19,0.3860434962523584,0.35261401557285876,30,fold_2022,2022
2022-08-22,0.10001902109426386,-0.08120133481646273,30,fold_2022,2022
2022-08-23,-0.44634769558264026,-0.5056729699666296,30,fold_2022,2022
2022-08-24,-0.5143329525523518,-0.525250278086763,30,fold_2022,2022
2022-08-25,-0.20200836442716413,-0.23337041156840932,30,fold_2022,2022
2022-08-26,-0.09509950990257157,-0.16662958843159065,30,fold_2022,2022
2022-08-29,-0.17754268690340977,-0.20934371523915463,30,fold_2022,2022
2022-08-30,-0.30192367037333784,-0.32725250278086765,30,fold_2022,2022
2022-08-31,-0.15135435884845827,-0.2729699666295884,30,fold_2022,2022
2022-09-01,-0.27414411388435644,-0.23025583982202447,30,fold_2022,2022
2022-09-02,-0.03627293624157076,-0.05139043381535039,30,fold_2022,2022
2022-09-05,-0.14481043382467368,-0.1884315906562848,30,fold_2022,2022
2022-09-06,0.28128443905257966,0.41490545050055616,30,fold_2022,2022
2022-09-07,0.4129337210215455,0.43003337041156836,30,fold_2022,2022
2022-09-08,0.3641399510727957,0.2387096774193548,30,fold_2022,2022
2022-09-09,0.12701077091465895,0.010679719723444635,30,fold_2022,2022
2022-09-13,-0.03298678432024688,-0.160845383759733,30,fold_2022,2022
2022-09-14,0.21592468372747475,0.21557285873192436,30,fold_2022,2022
2022-09-15,0.15436224852933372,0.20266963292547271,30,fold_2022,2022
2022-09-16,0.19318069116988307,0.1657397107897664,30,fold_2022,2022
2022-09-19,0.2998777016456431,0.31123470522803115,30,fold_2022,2022
2022-09-20,0.2687132357345831,0.24938820912124582,30,fold_2022,2022
2022-09-21,0.1562026003723847,0.13681868743047831,30,fold_2022,2022
2022-09-22,0.0674411765696813,0.08476084538375972,30,fold_2022,2022
2022-09-23,0.270990760225236,0.29521690767519465,30,fold_2022,2022
2022-09-26,0.2994786167004431,0.3730812013348164,30,fold_2022,2022
2022-09-27,0.17782774253098657,0.0028921023359288096,30,fold_2022,2022
2022-09-28,0.08363443458942836,-0.029588431590656286,30,fold_2022,2022
2022-09-29,0.025570136144214058,-0.03270300333704116,30,fold_2022,2022
2022-09-30,0.10824417478621644,0.06206896551724137,30,fold_2022,2022
2022-10-10,0.01970049661979717,-0.05628476084538376,30,fold_2022,2022
2022-10-11,-0.15765163165598842,-0.15061179087875418,30,fold_2022,2022
2022-10-12,-0.21887586310997656,-0.2609566184649611,30,fold_2022,2022
2022-10-13,-0.2721212460940677,-0.32458286985539486,30,fold_2022,2022
2022-10-14,-0.4839212959151593,-0.3730812013348164,30,fold_2022,2022
2022-10-17,-0.41040177393910704,-0.4291434927697442,30,fold_2022,2022
2022-10-18,-0.37796086152985464,-0.41090100111234706,30,fold_2022,2022
2022-10-19,-0.271630156976586,-0.31701890989988873,30,fold_2022,2022
2022-10-20,-0.3538881907569252,-0.4117908787541713,30,fold_2022,2022
2022-10-21,-0.23737703436515095,-0.27430478309232476,30,fold_2022,2022
2022-10-24,-0.2477418583782258,-0.28186874304783094,30,fold_2022,2022
2022-10-25,0.006115453588372051,-0.06651835372636263,30,fold_2022,2022
2022-10-26,-0.037042787864373844,-0.010011123470522802,30,fold_2022,2022
2022-10-27,0.28284920659164553,0.2453837597330367,30,fold_2022,2022
2022-10-28,0.4154501133323209,0.3890989988876529,30,fold_2022,2022
2022-10-31,0.360082262217923,0.3343715239154616,30,fold_2022,2022
2022-11-01,0.35188279040194564,0.2622914349276974,30,fold_2022,2022
2022-11-02,0.07273214274696703,0.057174638487208,30,fold_2022,2022
2022-11-03,0.11101372559891898,0.260511679644049,30,fold_2022,2022
2022-11-04,-0.21123108012359404,-0.02513904338153504,30,fold_2022,2022
2022-11-07,-0.24697703626669304,-0.21201334816462733,30,fold_2022,2022
2022-11-08,-0.3159769449318554,-0.12525027808676306,30,fold_2022,2022
2022-11-09,-0.31758679402971496,-0.09988876529477196,30,fold_2022,2022
2022-11-10,-0.08547373262136812,0.04561130298554479,30,fold_2022,2022
2022-11-11,-0.1893680683612087,0.005339859861722317,30,fold_2022,2022
2022-11-14,-0.0618964224785645,0.04293659621802002,30,fold_2022,2022
2022-11-15,0.16474078055198338,0.23337041156840932,30,fold_2022,2022
2022-11-16,0.05886461083869643,0.14349276974416017,30,fold_2022,2022
2022-11-17,-0.1023692568290927,0.07007786429365963,30,fold_2022,2022
2022-11-18,-0.008168512241867092,0.01579532814238042,30,fold_2022,2022
2022-11-21,-0.1623667804741152,-0.1906562847608454,30,fold_2022,2022
2022-11-22,0.1089420446739026,0.02202447163515017,30,fold_2022,2022
2022-11-23,0.06166648813303034,0.02202447163515017,30,fold_2022,2022
2022-11-24,0.08555027800015688,-0.01757508342602892,30,fold_2022,2022
2022-11-25,0.0571348747367253,-0.0011123470522803117,30,fold_2022,2022
2022-11-28,0.017740652993918634,-0.0024471635150166847,30,fold_2022,2022
2022-11-29,0.1032153156573677,0.12480533926585094,30,fold_2022,2022
2022-11-30,0.09609375841806485,0.12704416587681014,30,fold_2022,2022
2022-12-01,0.22522546312173022,0.24849833147942155,30,fold_2022,2022
2022-12-02,0.20852495568599022,0.23515016685205786,30,fold_2022,2022
2022-12-05,0.19862924889840852,0.26985539488320354,30,fold_2022,2022
2022-12-06,0.06584601001125294,0.040266963292547274,30,fold_2022,2022
2022-12-07,0.18551769362765158,0.08209121245828699,30,fold_2022,2022
2022-12-08,0.03892315986957875,-0.07363737486095662,30,fold_2022,2022
2022-12-09,-0.15861392572901714,-0.2947719688542826,30,fold_2022,2022
2022-12-12,-0.20491479295831985,-0.2707452725250278,30,fold_2022,2022
2022-12-13,-0.4768387813847752,-0.42869855394883205,30,fold_2022,2022
2022-12-14,-0.29669399096435617,-0.2395995550611791,30,fold_2022,2022
2022-12-15,-0.3135767934602189,-0.27430478309232476,30,fold_2022,2022
2022-12-16,-0.3739194410443071,-0.25383759733036704,30,fold_2022,2022
2022-12-19,-0.0699328539808486,0.14438264738598441,30,fold_2022,2022
2022-12-20,0.10880028906764891,0.207119021134594,30,fold_2022,2022
2022-12-21,-0.08665104049662449,-0.09944382647385984,30,fold_2022,2022
2022-12-22,0.15483593688703126,0.20667408231368187,30,fold_2022,2022
2022-12-23,0.03829946321770625,0.07363737486095662,30,fold_2022,2022
2022-12-26,-0.16491365848243625,-0.09988876529477196,30,fold_2022,2022
2022-12-27,-0.24151723441280337,-0.15906562847608455,30,fold_2022,2022
2022-12-28,-0.19021943813257478,-0.1764182424916574,30,fold_2022,2022
2022-12-29,-0.29932669857468663,-0.260511679644049,30,fold_2022,2022
2022-12-30,-0.0007591973165041164,-0.013125695216907676,30,fold_2022,2022
2023-01-03,-0.04980792077557022,0.04872080088987764,30,fold_2023,2023
2023-01-04,0.18804280537713144,0.15016685205784203,30,fold_2023,2023
2023-01-05,0.035039772290983956,0.20667408231368187,30,fold_2023,2023
2023-01-06,0.05352864289933627,0.10878754171301447,30,fold_2023,2023
2023-01-09,-0.21062064029792063,-0.18531701890989988,30,fold_2023,2023
2023-01-10,-0.011970692865916783,0.07853170189098999,30,fold_2023,2023
2023-01-11,-0.07695567804214094,-0.07675194660734148,30,fold_2023,2023
2023-01-12,-0.12725743311908086,-0.06562847608453837,30,fold_2023,2023
2023-01-13,-0.02446934011103567,0.007119813148963091,30,fold_2023,2023
2023-01-16,0.36433236928230245,0.2756395995550612,30,fold_2023,2023
2023-01-17,0.2624947676665743,0.17419354838709677,30,fold_2023,2023
2023-01-18,0.19548460789642258,0.09635069219402001,30,fold_2023,2023
2023-01-19,0.14829396464819192,0.11857619577308119,30,fold_2023,2023
2023-01-20,0.0965689507131001,0.13058954393770855,30,fold_2023,2023
2023-01-30,0.156784469073985,0.10344827586206896,30,fold_2023,2023
2023-01-31,-0.1232858794209896,-0.09010011123470522,30,fold_2023,2023
2023-02-01,0.1632660797678661,0.1423962629792618,30,fold_2023,2023
2023-02-02,0.23620870769479904,0.2395995550611791,30,fold_2023,2023
2023-02-03,0.1378756624640995,0.11991101223581756,30,fold_2023,2023
2023-02-06,-0.14378297616569924,-0.2925472747497219,30,fold_2023,2023
2023-02-07,0.07422735169531308,0.03937708565072302,30,fold_2023,2023
2023-02-08,0.2027112458908186,0.12302558398220245,30,fold_2023,2023
2023-02-09,0.19355425562304746,0.1439377085650723,30,fold_2023,2023
2023-02-10,0.21322111301043103,0.1946607341490545,30,fold_2023,2023
2023-02-13,0.26454190977818454,0.03136818687430478,30,fold_2023,2023
2023-02-14,0.1885901935620198,0.0353726362625139,30,fold_2023,2023
2023-02-15,0.21434480373090123,0.19510567296996661,30,fold_2023,2023
2023-02-16,0.1280831299056712,0.04827586206896552,30,fold_2023,2023
2023-02-17,0.18096058150715505,0.05094549499443826,30,fold_2023,2023
2023-02-20,0.2908308692720552,0.2938820912124583,30,fold_2023,2023
2023-02-21,0.21965951628112665,0.21448437111251306,30,fold_2023,2023
2023-02-22,-0.04675512414321985,-0.041161419767442864,30,fold_2023,2023
2023-02-23,0.04762767406883379,0.11501668520578419,30,fold_2023,2023
2023-02-24,0.01817216702064172,0.03848720800889878,30,fold_2023,2023
2023-02-27,-0.1652470622139138,-0.1345939933259177,30,fold_2023,2023
2023-02-28,0.1161411049100503,0.07630700778642936,30,fold_2023,2023
2023-03-01,0.07511585802088148,0.09232480533926585,30,fold_2023,2023
2023-03-02,-0.09346480588324876,-0.07986651835372637,30,fold_2023,2023
2023-03-03,-0.19237947281127993,-0.2324805339265851,30,fold_2023,2023
2023-03-06,-0.15161527559471474,-0.09276974416017797,30,fold_2023,2023
2023-03-07,-0.3383840816648434,-0.34949944382647385,30,fold_2023,2023
2023-03-08,-0.32375830272547523,-0.2507230255839822,30,fold_2023,2023
2023-03-09,-0.4429941669120328,-0.38954393770856505,30,fold_2023,2023
2023-03-10,-0.4732823111522891,-0.5412680756395996,30,fold_2023,2023
2023-03-13,-0.3718316877020472,-0.37174638487208006,30,fold_2023,2023
2023-03-14,-0.324642757783488,-0.4553948832035596,30,fold_2023,2023
2023-03-15,-0.17332723463664906,-0.33704115684093433,30,fold_2023,2023
2023-03-16,-0.0839607980184965,-0.12614015572858733,30,fold_2023,2023
2023-03-17,-0.29161917009471394,-0.314349276974416,30,fold_2023,2023
2023-03-20,-0.09659725124007906,-0.023359288097886538,30,fold_2023,2023
2023-03-21,0.07625917313395918,0.14660734149054505,30,fold_2023,2023
2023-03-22,-0.11511343480448447,-0.12461059190031155,30,fold_2023,2023
2023-03-23,0.12926103116169627,0.018020022246941044,30,fold_2023,2023
2023-03-24,0.0720509417124692,0.023359288097886538,30,fold_2023,2023
2023-03-27,-0.14696408738695071,-0.1586206896551724,30,fold_2023,2023
2023-03-28,-0.11259822083119,-0.18531701890989988,30,fold_2023,2023
2023-03-29,-0.12694429928417533,-0.1670745272525028,30,fold_2023,2023
2023-03-30,-0.08668296067481461,-0.15728587319243603,30,fold_2023,2023
2023-03-31,-0.13715845427342796,-0.26985539488320354,30,fold_2023,2023
2023-04-03,-0.1723677075701158,-0.2146829810901001,30,fold_2023,2023
2023-04-04,-0.2939016403329156,-0.3779755283648498,30,fold_2023,2023
2023-04-06,-0.501042993881607,-0.489210233592881,30,fold_2023,2023
2023-04-07,-0.45579901406931705,-0.41446051167964404,30,fold_2023,2023
2023-04-10,-0.28772209135369553,-0.13414905450500555,30,fold_2023,2023
2023-04-11,-0.3443907816444947,-0.33748609566184645,30,fold_2023,2023
2023-04-12,-0.4836715066772439,-0.5283648498331479,30,fold_2023,2023
2023-04-13,-0.5366894709429892,-0.5159065628476084,30,fold_2023,2023
2023-04-14,-0.6351694938720949,-0.614238042269188,30,fold_2023,2023
2023-04-17,-0.4961517537341013,-0.531924360400445,30,fold_2023,2023
2023-04-18,-0.4243981780364979,-0.3939933259176863,30,fold_2023,2023
2023-04-19,-0.41742136942916147,-0.40867630700778645,30,fold_2023,2023
2023-04-20,-0.11405416653799597,-0.035817575083426034,30,fold_2023,2023
2023-04-21,-0.286999630576869,-0.2164627363737486,30,fold_2023,2023
2023-04-24,-0.38747546175509573,-0.2707452725250278,30,fold_2023,2023
2023-04-25,-0.3476015331440462,-0.19243604004449388,30,fold_2023,2023
2023-04-26,-0.254966726206362,-0.18131256952169075,30,fold_2023,2023
2023-04-27,-0.13431411535116053,-0.13948832035595105,30,fold_2023,2023
2023-04-28,0.31801950805906226,0.13127155493400697,30,fold_2023,2023
2023-05-04,0.35757804928963505,0.4776418242491657,30,fold_2023,2023
2023-05-05,0.06011950236046115,0.13548387096774192,30,fold_2023,2023
2023-05-08,-0.1359535735159596,-0.11813125695216908,30,fold_2023,2023
2023-05-09,-0.14197837835608232,-0.15285348854180134,30,fold_2023,2023
2023-05-10,-0.14850229217293137,-0.12614015572858733,30,fold_2023,2023
2023-05-11,0.03937338705162417,0.014015572858731925,30,fold_2023,2023
2023-05-12,0.3101485777223691,0.3232480533926585,30,fold_2023,2023
2023-05-15,0.3131025291938508,0.5234705228031146,30,fold_2023,2023
2023-05-16,0.436999414921782,0.6017797552836485,30,fold_2023,2023
2023-05-17,0.4428684473384844,0.5439377085650723,30,fold_2023,2023
2023-05-18,0.134317817470203,0.20133481646273638,30,fold_2023,2023
2023-05-19,-0.04933872352513143,-0.07497219132369298,30,fold_2023,2023
2023-05-22,0.08543879040064116,0.20978865406006672,30,fold_2023,2023
2023-05-23,0.01906106149522948,0.029143492769744164,30,fold_2023,2023
2023-05-24,-0.16309365221022165,-0.13705640311753947,30,fold_2023,2023
2023-05-25,-0.07746111207212927,-0.08609566184649611,30,fold_2023,2023
2023-05-26,-0.09121412311496656,-0.0967741935483871,30,fold_2023,2023
2023-05-29,0.17517387469270565,0.2511679644048943,30,fold_2023,2023
2023-05-30,-0.005755533140254652,0.0006674082313681868,30,fold_2023,2023
2023-05-31,0.36487153309475545,0.3552836484983315,30,fold_2023,2023
2023-06-01,0.24113054475496748,0.10211345939933258,30,fold_2023,2023
2023-06-02,0.30080634337229867,0.23337041156840932,30,fold_2023,2023
2023-06-05,-0.08257467304463667,0.020246968642363788,30,fold_2023,2023
2023-06-06,0.061385430057797,0.05939933259176862,30,fold_2023,2023
2023-06-07,-0.10805400587136725,-0.14126807563959956,30,fold_2023,2023
2023-06-08,-0.13426492179661223,-0.09098998887652948,30,fold_2023,2023
2023-06-09,-0.21264680723924745,-0.2385137404902635,30,fold_2023,2023
2023-06-12,-0.02806933815008719,0.05317610445631808,30,fold_2023,2023
2023-06-13,0.002964965805150181,-0.07808676307007786,30,fold_2023,2023
2023-06-14,-0.031560468262000985,-0.1670745272525028,30,fold_2023,2023
2023-06-15,0.14029109602271267,0.16798309148334792,30,fold_2023,2023
2023-06-16,-0.06060496091071761,-0.07943041544311948,30,fold_2023,2023
2023-06-19,-0.037059064837392866,-0.047830923248053395,30,fold_2023,2023
2023-06-20,0.017208375254818525,-0.09632925472747497,30,fold_2023,2023
2023-06-21,0.10354555992855889,0.12880978865406006,30,fold_2023,2023
2023-06-26,-0.02863913773178036,-0.01935483870967742,30,fold_2023,2023
2023-06-27,0.23887869836448472,0.2,30,fold_2023,2023
2023-06-28,0.1515347897333342,0.10656284760845385,30,fold_2023,2023
2023-06-29,0.11494669078622603,0.17730812013348163,30,fold_2023,2023
2023-06-30,0.24222376338769763,0.25609077920176615,30,fold_2023,2023
2023-07-03,0.1076869720502848,0.1804226918798665,30,fold_2023,2023
2023-07-04,0.08402193257070362,0.06562847608453837,30,fold_2023,2023
2023-07-05,0.04688521512429465,0.09187986651835373,30,fold_2023,2023
2023-07-06,0.07182527513963703,0.08342602892102337,30,fold_2023,2023
2023-07-07,0.11094529125232892,0.16929922135706338,30,fold_2023,2023
2023-07-10,0.273530722092448,0.30233592880978866,30,fold_2023,2023
2023-07-11,-0.018762737170327483,0.022471910251414755,30,fold_2023,2023
2023-07-12,0.11108676167170925,0.1345939933259177,30,fold_2023,2023
2023-07-13,0.14735000456972017,0.16262513904338155,30,fold_2023,2023
2023-07-14,-0.0403877394835136,-0.11946607341490545,30,fold_2023,2023
2023-07-17,0.04762955257179938,-0.020689655172413793,30,fold_2023,2023
2023-07-18,-0.01841419129397543,-0.0647458008233831,30,fold_2023,2023
2023-07-19,-0.03997336008841809,-0.09098998887652948,30,fold_2023,2023
2023-07-20,-0.1087534143427752,-0.2711902113459399,30,fold_2023,2023
2023-07-21,-0.20182234434519603,-0.17908787541713014,30,fold_2023,2023
2023-07-24,-0.4346332107919929,-0.45317018909899887,30,fold_2023,2023
2023-07-25,-0.10316593535269891,-0.07497219132369298,30,fold_2023,2023
2023-07-26,-0.07345173518089879,-0.2645161290322581,30,fold_2023,2023
2023-07-27,0.006688564256657301,0.035817575083426034,30,fold_2023,2023
2023-07-28,0.20954225856045375,0.26852057842046717,30,fold_2023,2023
2023-07-31,0.3533332513064753,0.42869855394883205,30,fold_2023,2023
2023-08-01,0.2937977606211897,0.34015572858731924,30,fold_2023,2023
2023-08-02,0.26239185209130067,0.23915461624026696,30,fold_2023,2023
2023-08-03,0.49538816715584066,0.4255839822024471,30,fold_2023,2023
2023-08-04,0.6067452788267691,0.5709200168824778,30,fold_2023,2023
2023-08-07,0.609572111638296,0.5550611790878754,30,fold_2023,2023
2023-08-08,0.647781119915302,0.7125695216907675,30,fold_2023,2023
2023-08-09,0.41717111540057294,0.35172413793103446,30,fold_2023,2023
2023-08-10,0.506549028646595,0.3650723025583982,30,fold_2023,2023
2023-08-11,0.3529318215542043,0.45032818167191546,30,fold_2023,2023
2023-08-14,0.44695807996967474,0.39888765294771966,30,fold_2023,2023
2023-08-15,0.42127854948240695,0.27519466073414905,30,fold_2023,2023
2023-08-16,0.41295871421799185,0.19001001341295246,30,fold_2023,2023
2023-08-17,0.3566891709368346,0.2422691879866518,30,fold_2023,2023
2023-08-18,0.37112377334566543,0.20133481646273638,30,fold_2023,2023
2023-08-21,0.2712061516104577,0.41935483870967744,30,fold_2023,2023
2023-08-22,0.2787217992893943,0.3321837822313092,30,fold_2023,2023
2023-08-23,0.48313507632723846,0.453615127919911,30,fold_2023,2023
2023-08-24,0.5232960965081548,0.5773081201334815,30,fold_2023,2023
2023-08-25,0.23855025093636356,0.27252502780867627,30,fold_2023,2023
2023-08-28,-0.1208610802034936,-0.20978865406006672,30,fold_2023,2023
2023-08-29,0.10816097995950577,-0.06897318988057995,30,fold_2023,2023
2023-08-30,-0.08512524888684542,-0.16529477196885425,30,fold_2023,2023
2023-08-31,-0.06524180119626126,-0.23692992213570632,30,fold_2023,2023
2023-09-01,-0.18050706167916233,-0.16262513904338155,30,fold_2023,2023
2023-09-04,0.046167492613930765,0.08609566184649611,30,fold_2023,2023
2023-09-05,0.03427765849040874,-0.09855394883203561,30,fold_2023,2023
2023-09-06,-0.18491915793394348,-0.13637374860956616,30,fold_2023,2023
2023-09-07,-0.08997634945332031,-0.1221357063403782,30,fold_2023,2023
2023-09-08,0.05093250404930916,0.028698553948832032,30,fold_2023,2023
2023-09-11,-0.18206447152323557,-0.26184649610678534,30,fold_2023,2023
2023-09-12,-0.14546530607934605,-0.3308120133481646,30,fold_2023,2023
2023-09-13,-0.04532053938367372,-0.14126807563959956,30,fold_2023,2023
2023-09-14,-0.07336226306868336,-0.053170189098998885,30,fold_2023,2023
2023-09-15,0.14342299579636278,0.18309232480533927,30,fold_2023,2023
2023-09-18,0.19645108648142265,0.1926108374384236,29,fold_2023,2023
2023-09-19,0.12128013442311737,0.185761957730812,30,fold_2023,2023
2023-09-20,0.20673781647355477,0.20355951056729701,30,fold_2023,2023
2023-09-21,-0.07058429455462988,0.0135706340378198,30,fold_2023,2023
2023-09-22,-0.23836112669712298,-0.12791991101223582,30,fold_2023,2023
2023-09-25,0.04751611108651269,0.014015572858731925,30,fold_2023,2023
2023-09-26,-0.2326594379095552,-0.2507230255839822,30,fold_2023,2023
2023-09-27,-0.22578725307084177,-0.13993325917686317,30,fold_2023,2023
2023-09-28,-0.0010860307417228305,-0.13770856507230256,30,fold_2023,2023
2023-10-09,-0.12573772966673427,-0.20002225065368182,30,fold_2023,2023
2023-10-10,0.08002835267918129,-0.025583982202447165,30,fold_2023,2023
2023-10-11,0.10460516897616748,0.13236929922135707,30,fold_2023,2023
2023-10-12,0.030543865464166764,0.03848720800889878,30,fold_2023,2023
2023-10-13,0.10717844113664343,-0.011345939933259176,30,fold_2023,2023
2023-10-16,-0.2759442103268392,-0.2418242491657397,30,fold_2023,2023
2023-10-17,-0.19335935308244684,-0.27430478309232476,30,fold_2023,2023
2023-10-18,-0.19781547607799296,-0.15417130144605118,30,fold_2023,2023
2023-10-19,-0.27586225822083954,-0.28186874304783094,30,fold_2023,2023
2023-10-20,-0.02326182659908539,-0.06162402669632924,30,fold_2023,2023
2023-10-23,0.23238019508562222,0.2204671857619577,30,fold_2023,2023
2023-10-24,-0.07660868074938473,-0.05494994438264739,30,fold_2023,2023
2023-10-25,0.17728691007283337,0.08743047830923248,30,fold_2023,2023
2023-10-26,0.25104824444763857,0.21245828698553948,30,fold_2023,2023
2023-10-27,0.2564234598825988,0.26941045606229147,30,fold_2023,2023
2023-10-30,0.32992592285691685,0.40778642936596216,30,fold_2023,2023
2023-10-31,0.33376847741267746,0.4460511679644049,30,fold_2023,2023
2023-11-01,0.06240584648782292,0.24496607115651134,30,fold_2023,2023
2023-11-02,0.11512996735951583,0.15595105672969967,30,fold_2023,2023
2023-11-03,0.15719925953772018,0.16929922135706338,30,fold_2023,2023
2023-11-06,0.12661213714218858,0.18131256952169075,30,fold_2023,2023
2023-11-07,0.21607884780092282,0.06964067236329523,30,fold_2023,2023
2023-11-08,0.21209842481786062,0.15550611790878754,30,fold_2023,2023
2023-11-09,0.21496914817987942,0.16974416017797553,30,fold_2023,2023
2023-11-10,-0.25433280522012003,-0.22939147989315456,30,fold_2023,2023
2023-11-13,0.16302339373455263,0.11991101223581756,30,fold_2023,2023
2023-11-14,0.1398923978973643,-0.05939933259176862,30,fold_2023,2023
2023-11-15,0.1991268690454795,0.2342602892102336,30,fold_2023,2023
2023-11-16,0.3642744200979256,0.4229143492769744,30,fold_2023,2023
2023-11-17,0.416315284060347,0.44249165739710794,30,fold_2023,2023
2023-11-20,0.2201675225133336,0.11590656284760845,30,fold_2023,2023
2023-11-21,0.0346785748015703,-0.12302558398220245,30,fold_2023,2023
2023-11-22,-0.14459643168698968,-0.16307007786429364,30,fold_2023,2023
2023-11-23,-0.16829475204484895,-0.24805339265850945,30,fold_2023,2023
2023-11-24,-0.03476213628283693,-0.17775305895439378,30,fold_2023,2023
2023-11-27,-0.008956558166467886,-0.07096774193548387,30,fold_2023,2023
2023-11-28,0.2863295835949055,0.061179087875417135,30,fold_2023,2023
2023-11-29,0.026581261820331947,-0.08164627363737487,30,fold_2023,2023
2023-11-30,0.09039535914414115,0.05517855190446395,30,fold_2023,2023
2023-12-01,-0.11491194414642814,-0.061179087875417135,30,fold_2023,2023
2023-12-04,0.1825350285410808,0.11857619577308119,30,fold_2023,2023
2023-12-05,-0.12629529605136983,-0.2182424916573971,30,fold_2023,2023
2023-12-06,-0.21713257268307673,-0.21601779755283645,30,fold_2023,2023
2023-12-07,-0.3677138312447757,-0.21557285873192436,30,fold_2023,2023
2023-12-08,-0.4823488566335325,-0.40734149054505003,30,fold_2023,2023
2023-12-11,-0.2743937313192265,-0.28097886540600664,30,fold_2023,2023
2023-12-12,-0.34655754695271324,-0.3081201334816463,30,fold_2023,2023
2023-12-13,-0.2471844196025596,-0.2360400444938821,30,fold_2023,2023
2023-12-14,-0.031114453446466555,-0.00845477811439367,30,fold_2023,2023
2023-12-15,0.10492429977618094,0.160845383759733,30,fold_2023,2023
2023-12-18,-0.020796693609779808,-0.10522803114571745,30,fold_2023,2023
2023-12-19,0.19012568430892077,0.11412680756395997,30,fold_2023,2023
2023-12-20,0.15773743422753908,0.0591834468007557,30,fold_2023,2023
2023-12-21,-0.24837798988812715,-0.23337041156840932,30,fold_2023,2023
2023-12-22,-0.2827506703462687,-0.24716351501668518,30,fold_2023,2023
2023-12-25,-0.043655566505669416,0.04961067853170189,30,fold_2023,2023
2023-12-26,-0.014956144023897954,-0.06963292547274749,30,fold_2023,2023
2023-12-27,-0.06199202181419849,-0.07408231368186874,30,fold_2023,2023
2023-12-28,-0.11055900997159672,-0.1764182424916574,30,fold_2023,2023
2023-12-29,-0.23651705011075988,-0.24315906562847608,30,fold_2023,2023
2024-01-02,-0.3116697617088598,-0.20177975528364847,30,fold_2024,2024
2024-01-03,-0.23249540918478034,-0.2756395995550612,30,fold_2024,2024
2024-01-04,-0.303530538868659,-0.24760845383759733,30,fold_2024,2024
2024-01-05,-0.3749579345397778,-0.37619577308120133,30,fold_2024,2024
2024-01-08,-0.4279305055526699,-0.43804226918798667,30,fold_2024,2024
2024-01-09,-0.39788173830955154,-0.3632925472747497,30,fold_2024,2024
2024-01-10,-0.37864619858641074,-0.2832035595105673,30,fold_2024,2024
2024-01-11,-0.1729958833092324,-0.047830923248053395,30,fold_2024,2024
2024-01-12,0.026367604454283995,0.0896551724137931,30,fold_2024,2024
2024-01-15,0.14772708729646097,0.20222469410456062,30,fold_2024,2024
2024-01-16,0.23638364114062294,0.2849833147942158,30,fold_2024,2024
2024-01-17,0.37322552396718023,0.4331479421579533,30,fold_2024,2024
2024-01-18,0.3140696138669248,0.30055617352614017,30,fold_2024,2024
2024-01-19,0.016127451825122683,0.029588431590656286,30,fold_2024,2024
2024-01-22,-0.23834865921979845,-0.1982202447163515,30,fold_2024,2024
2024-01-23,-0.3146927647488124,-0.17508342602892102,30,fold_2024,2024
2024-01-24,-0.37897749847345824,-0.3410456062291435,30,fold_2024,2024
2024-01-25,-0.36429160065791916,-0.3050055617352614,30,fold_2024,2024
2024-01-26,-0.3700898770433343,-0.32547274749721916,30,fold_2024,2024
2024-01-29,-0.12586730226690665,-0.21581933607794368,30,fold_2024,2024
2024-01-30,-0.055004399386154236,-0.008231368186874304,30,fold_2024,2024
2024-01-31,0.25035731752880336,0.19688542825361513,30,fold_2024,2024
2024-02-01,0.10487625886351803,0.17241379310344826,30,fold_2024,2024
2024-02-02,-0.1140523131879141,0.1172544227969859,30,fold_2024,2024
2024-02-05,-0.3134407334899044,-0.24271412680756396,30,fold_2024,2024
2024-02-06,-0.3080722117690544,-0.17508342602892102,30,fold_2024,2024
2024-02-07,-0.4730173591898522,-0.4068965517241379,30,fold_2024,2024
2024-02-08,-0.24283705004548004,-0.3103448275862069,30,fold_2024,2024
2024-02-19,-0.35691555059978913,-0.3414905450500556,30,fold_2024,2024
2024-02-20,-0.07467447459758503,-0.08075639599555061,30,fold_2024,2024
2024-02-21,-0.1534983457235094,0.01935483870967742,30,fold_2024,2024
2024-02-22,-0.15266123326056916,-0.023804226918798663,30,fold_2024,2024
2024-02-23,-0.04499305143744471,-0.007341490545050056,30,fold_2024,2024
2024-02-26,0.08980781562246234,0.06740823136818688,30,fold_2024,2024
2024-02-27,-0.026799660631261636,-0.12880978865406006,30,fold_2024,2024
2024-02-28,-0.06931395958573437,-0.09410456062291435,30,fold_2024,2024
2024-02-29,-0.13448944680850783,-0.14883203559510566,30,fold_2024,2024
2024-03-01,-0.09246819606756762,-0.015131286533933856,30,fold_2024,2024
2024-03-04,0.06939433581715983,0.0068973189880579934,30,fold_2024,2024
2024-03-05,0.24901511849097144,0.28097886540600664,30,fold_2024,2024
2024-03-06,0.12928317662093436,0.14883203559510566,30,fold_2024,2024
2024-03-07,0.17378733870600946,0.1239154616240267,30,fold_2024,2024
2024-03-08,0.254015627685619,0.3704115684093437,30,fold_2024,2024
2024-03-11,0.23868976624828905,0.35350389321468295,30,fold_2024,2024
2024-03-12,0.15178907155875315,0.26807563959955505,30,fold_2024,2024
2024-03-13,0.18433709627677003,0.22714126807563956,30,fold_2024,2024
2024-03-14,-0.2890299315728328,-0.3010011123470523,30,fold_2024,2024
2024-03-15,-0.2747053214616959,-0.25383759733036704,30,fold_2024,2024
2024-03-18,0.05292089294928442,-0.06251390433815351,30,fold_2024,2024
2024-03-19,0.20198031094346877,0.24315906562847608,30,fold_2024,2024
2024-03-20,0.0024306894487102146,0.009789743079824248,30,fold_2024,2024
2024-03-21,0.14901501594042565,0.1474972191323693,30,fold_2024,2024
2024-03-22,0.1840098368169488,0.12370675346323369,30,fold_2024,2024
2024-03-25,0.25165623488956507,0.28720800889877635,30,fold_2024,2024
2024-03-26,0.024221239996893715,-0.10522803114571745,30,fold_2024,2024
2024-03-27,-0.02481628536469577,-0.08209121245828699,30,fold_2024,2024
2024-03-28,-0.23042320900913024,-0.27608453837597335,30,fold_2024,2024
2024-03-29,-0.384024561078425,-0.5261401557285873,30,fold_2024,2024
2024-04-01,-0.47858940015448126,-0.5332591768631813,30,fold_2024,2024
2024-04-02,-0.4564332320831052,-0.5145717463848721,30,fold_2024,2024
2024-04-03,-0.44042357857754016,-0.6173526140155728,30,fold_2024,2024
2024-04-08,-0.38875505320407405,-0.43492769744160176,30,fold_2024,2024
2024-04-09,-0.2459979547839183,-0.23648498331479423,30,fold_2024,2024
2024-04-10,-0.41666690571208853,-0.47141268075639603,30,fold_2024,2024
2024-04-11,-0.5003139535652984,-0.4767519466073415,30,fold_2024,2024
2024-04-12,-0.34345443277665,-0.3410456062291435,30,fold_2024,2024
2024-04-15,-0.2944439249808677,-0.32591768631813123,30,fold_2024,2024
2024-04-16,-0.05920394986472584,-0.21334816462736375,30,fold_2024,2024
2024-04-17,0.10705490549215171,-0.08209121245828699,30,fold_2024,2024
2024-04-18,-0.11093660124254036,-0.18175750834260287,30,fold_2024,2024
2024-04-19,0.14573261508534796,-0.06384872080088987,30,fold_2024,2024
2024-04-22,0.27405325058306645,0.15773081201334815,30,fold_2024,2024
2024-04-23,-0.4660454679659208,-0.4398220244716351,30,fold_2024,2024
2024-04-24,-0.5182634406594666,-0.489210233592881,30,fold_2024,2024
2024-04-25,-0.14738408010141582,-0.06785317018909899,30,fold_2024,2024
2024-04-26,0.018775423281289658,0.06808321323695954,30,fold_2024,2024
2024-04-29,-0.05470579794033489,-0.08120133481646273,30,fold_2024,2024
2024-04-30,-0.13954748378922685,-0.08876529477196884,30,fold_2024,2024
2024-05-06,0.16477165391080983,0.19555061179087874,30,fold_2024,2024
2024-05-07,-0.37379490990416075,-0.42207142323696817,30,fold_2024,2024
2024-05-08,-0.388632485576088,-0.3223940391514849,30,fold_2024,2024
2024-05-09,-0.3746966951360628,-0.3263626251390434,30,fold_2024,2024
2024-05-10,0.10548689419182583,0.10522803114571745,30,fold_2024,2024
2024-05-13,-0.13658497759835103,-0.15595105672969967,30,fold_2024,2024
2024-05-14,-0.028261453921793897,-0.17020803309239887,30,fold_2024,2024
2024-05-15,0.1264239780845946,-0.0771968854282536,30,fold_2024,2024
2024-05-16,0.09088618219592474,0.001557285873192436,30,fold_2024,2024
2024-05-17,-0.010727036063515128,0.00778642936596218,30,fold_2024,2024
2024-05-20,0.05343898895803719,-0.14126807563959956,30,fold_2024,2024
2024-05-21,0.39018774059575073,0.30945494994438266,30,fold_2024,2024
2024-05-22,0.13574694357224643,0.17152391546162402,30,fold_2024,2024
2024-05-23,0.08389194205283697,0.11368186874304784,30,fold_2024,2024
2024-05-24,0.11464527476181346,0.1599555061179088,30,fold_2024,2024
2024-05-27,0.11085184159323083,0.15507843015085232,30,fold_2024,2024
2024-05-28,0.03382098488600746,0.05583982202447163,30,fold_2024,2024
2024-05-29,0.143774962868406,0.1568409343715239,30,fold_2024,2024
2024-05-30,-0.07552120287336755,-0.033592880978865404,30,fold_2024,2024
2024-05-31,-0.02904046881324992,-0.12747497219132367,30,fold_2024,2024
2024-06-03,0.3901848993643811,0.35261401557285876,30,fold_2024,2024
2024-06-04,0.1413505136298054,0.21604183023884874,30,fold_2024,2024
2024-06-05,-0.07475715495133001,-0.09411503006285585,30,fold_2024,2024
2024-06-06,-0.04271282260702639,-0.13548387096774192,30,fold_2024,2024
2024-06-07,-0.1150255542498003,-0.18175750834260287,30,fold_2024,2024
2024-06-11,0.0314484820926399,-0.0424916573971079,30,fold_2024,2024
2024-06-12,0.06852267351425323,0.08342602892102337,30,fold_2024,2024
2024-06-13,0.27382048976502504,0.35265324503457807,30,fold_2024,2024
2024-06-14,-0.008833401084902609,-0.001557285873192436,30,fold_2024,2024
2024-06-17,-0.21769053185592943,-0.19510567296996661,30,fold_2024,2024
2024-06-18,-0.2832028534211389,-0.28720800889877635,30,fold_2024,2024
2024-06-19,-0.40410111057855114,-0.4091212458286986,30,fold_2024,2024
2024-06-20,-0.3407235697659658,-0.36952169076751945,30,fold_2024,2024
2024-06-21,-0.1704381032274836,-0.014905450500556172,30,fold_2024,2024
2024-06-24,0.14017436312246775,0.10344827586206896,30,fold_2024,2024
2024-06-25,0.28003180820594636,0.26985539488320354,30,fold_2024,2024
2024-06-26,0.3346012761904336,0.4068965517241379,30,fold_2024,2024
2024-06-27,0.19336881389131633,0.1870967741935484,30,fold_2024,2024
2024-06-28,0.08003654507903536,0.07053064900691561,30,fold_2024,2024
2024-07-01,-0.1113958614223286,-0.1203559510567297,30,fold_2024,2024
2024-07-02,-0.3277697784583344,-0.349944382647386,30,fold_2024,2024
2024-07-03,-0.40385939780501806,-0.3290688639786378,30,fold_2024,2024
2024-07-04,-0.3700531717657138,-0.4616240266963292,30,fold_2024,2024
2024-07-05,-0.3182547675083501,-0.47363737486095664,30,fold_2024,2024
2024-07-08,-0.14310877310266404,-0.15283648498331479,30,fold_2024,2024
2024-07-09,-0.12461209212534309,-0.04894871539912125,30,fold_2024,2024
2024-07-10,0.08700734153477176,0.2,30,fold_2024,2024
2024-07-11,0.17929234120869897,0.1642006907479613,30,fold_2024,2024
2024-07-12,0.2417234604968054,0.20088987764182425,30,fold_2024,2024
2024-07-15,0.2515685655717745,0.20222469410456062,30,fold_2024,2024
2024-07-16,0.19905868253161058,0.2729699666295884,30,fold_2024,2024
2024-07-17,0.2603868491508144,0.27608453837597335,30,fold_2024,2024
2024-07-18,0.17117358357222243,0.2921023359288098,30,fold_2024,2024
2024-07-19,0.06545881171579772,0.05139043381535039,30,fold_2024,2024
2024-07-22,0.019694745148423957,0.14571746384872078,30,fold_2024,2024
2024-07-23,0.08370512143855803,0.03270300333704116,30,fold_2024,2024
2024-07-24,-0.06122004475123793,-0.027808676307007785,30,fold_2024,2024
2024-07-25,-0.18621449290762046,-0.19199110122358176,30,fold_2024,2024
2024-07-26,-0.08414207557319635,-0.16173526140155728,30,fold_2024,2024
2024-07-29,0.053612187741370186,0.013125695216907676,30,fold_2024,2024
2024-07-30,-0.2353540220920583,-0.2983314794215795,30,fold_2024,2024
2024-07-31,-0.021023725657031568,-0.029588431590656286,30,fold_2024,2024
2024-08-01,0.01633933229073084,0.13948832035595105,30,fold_2024,2024
2024-08-02,-0.2169572269755438,-0.19243604004449388,30,fold_2024,2024
2024-08-05,-0.4004306313552198,-0.37619577308120133,30,fold_2024,2024
2024-08-06,-0.15457109496060104,-0.08654060066740822,30,fold_2024,2024
2024-08-07,-0.10538103096094396,-0.0707531431678207,30,fold_2024,2024
2024-08-08,-0.059836857118050486,0.045606229143492764,30,fold_2024,2024
2024-08-09,-0.02073523545685586,0.0371523915461624,30,fold_2024,2024
2024-08-12,-0.0669728042462828,-0.04672377379007028,30,fold_2024,2024
2024-08-13,-0.23989340189215302,-0.2827586206896551,30,fold_2024,2024
2024-08-14,-0.3601849749098725,-0.33793103448275863,30,fold_2024,2024
2024-08-15,-0.26207463573633044,-0.20758705212445508,30,fold_2024,2024
2024-08-16,-0.1114227181412058,-0.12569521690767518,30,fold_2024,2024
2024-08-19,0.08356380354156097,0.05939933259176862,30,fold_2024,2024
2024-08-20,0.11674456649182718,0.06607341490545049,30,fold_2024,2024
2024-08-21,0.4325051457626307,0.41090100111234706,30,fold_2024,2024
2024-08-22,0.18507503433899422,0.1350389321468298,30,fold_2024,2024
2024-08-23,0.12910552600360306,0.17063403781979977,30,fold_2024,2024
2024-08-26,-0.06301570811610399,0.0033370411568409346,30,fold_2024,2024
2024-08-27,-0.14427336453619763,-0.0647458008233831,30,fold_2024,2024
2024-08-28,-0.13281773191223323,-0.08342602892102337,30,fold_2024,2024
2024-08-29,-0.15915248436386725,-0.027808676307007785,30,fold_2024,2024
2024-08-30,-0.05520723289040152,0.06251390433815351,30,fold_2024,2024
2024-09-02,-0.042137782830267874,0.07409055558139716,30,fold_2024,2024
2024-09-03,-0.03527015089869708,-0.07408231368186874,30,fold_2024,2024
2024-09-04,-0.15413833557204848,-0.19955506117908786,30,fold_2024,2024
2024-09-05,-0.1581020055063245,-0.17819799777530587,30,fold_2024,2024
2024-09-06,-0.006668496259189163,-0.07052280311457175,30,fold_2024,2024
2024-09-09,0.09515776051262251,0.0825361512791991,30,fold_2024,2024
2024-09-10,0.2868987473928883,0.24449388209121245,30,fold_2024,2024
2024-09-11,0.2875505177033731,0.2,30,fold_2024,2024
2024-09-12,0.34819321211866183,0.332146829810901,30,fold_2024,2024
2024-09-13,0.2039277244238362,0.021804427768699466,30,fold_2024,2024
2024-09-18,0.2206494517242473,0.2756395995550612,30,fold_2024,2024
2024-09-19,0.32904422233104014,0.3441601779755284,30,fold_2024,2024
2024-09-20,0.15172144788540964,0.217797552836485,30,fold_2024,2024
2024-09-23,0.05985702272775277,-0.01477832512315271,28,fold_2024,2024
2024-09-24,0.15046162520105555,0.17196885428253617,30,fold_2024,2024
2024-09-25,-0.01637297307446262,0.038042269187986644,30,fold_2024,2024
2024-09-26,-0.1678454446600795,-0.12836484983314794,30,fold_2024,2024
2024-09-27,-0.004583779043726504,0.010901001112347052,30,fold_2024,2024
2024-09-30,-0.004675040160541604,-0.019704433497536946,28,fold_2024,2024
2024-10-08,-0.2889019457885788,-0.3472747497219132,30,fold_2024,2024
2024-10-09,-0.04100754609407182,-0.1561909009553778,30,fold_2024,2024
2024-10-10,0.19784636330371863,0.160845383759733,30,fold_2024,2024
2024-10-11,0.006819317485327788,-0.04516129032258065,30,fold_2024,2024
2024-10-14,0.11396619391893768,0.07274749721913237,30,fold_2024,2024
2024-10-15,0.16651364638228838,0.15372636262513903,30,fold_2024,2024
2024-10-16,0.2690342609125147,0.22625139043381537,30,fold_2024,2024
2024-10-17,0.3650229265404512,0.2912124582869855,30,fold_2024,2024
2024-10-18,0.46224480195360856,0.37486095661846497,30,fold_2024,2024
2024-10-21,-0.033771694196601046,-0.07274749721913237,30,fold_2024,2024
2024-10-22,0.0010178588972360421,-0.023804226918798663,30,fold_2024,2024
2024-10-23,-0.12249387165800545,-0.14883203559510566,30,fold_2024,2024
2024-10-24,-0.11172532964818398,-0.11012235817575085,30,fold_2024,2024
2024-10-25,0.05153349176401044,-0.20133481646273638,30,fold_2024,2024
2024-10-28,0.24206796857360177,0.12080088987764183,30,fold_2024,2024
2024-10-29,0.048919298990212016,0.08342602892102337,30,fold_2024,2024
2024-10-30,0.19898132296441415,0.12836484983314794,30,fold_2024,2024
2024-10-31,0.17536263385939097,0.2551724137931034,30,fold_2024,2024
2024-11-01,0.19291519320238457,0.13192436040044492,30,fold_2024,2024
2024-11-04,0.17876489692338887,0.2088987764182425,30,fold_2024,2024
2024-11-05,0.23757949365534212,0.2654060066740823,30,fold_2024,2024
2024-11-06,0.27137130559967093,0.3299221357063403,30,fold_2024,2024
2024-11-07,0.3434127420048874,0.35261401557285876,30,fold_2024,2024
2024-11-08,0.3543998536183041,0.3753058954393771,30,fold_2024,2024
2024-11-11,-0.010101116093706777,-0.09543937708565071,30,fold_2024,2024
2024-11-12,-0.06677659701753744,-0.16529477196885425,30,fold_2024,2024
2024-11-13,0.0018895361099491757,-0.021579532814238044,30,fold_2024,2024
2024-11-14,-0.25389980949060126,-0.22269187986651834,30,fold_2024,2024
2024-11-15,-0.26890269018820934,-0.19288097886540603,30,fold_2024,2024
2024-11-18,-0.2834305013790277,-0.21245828698553948,30,fold_2024,2024
2024-11-19,-0.04223296419873438,-0.017577038711502627,30,fold_2024,2024
2024-11-20,0.18734571660260682,0.15016685205784203,30,fold_2024,2024
2024-11-21,0.32010528829016593,0.23292547274749723,30,fold_2024,2024
2024-11-22,0.4810807175993463,0.31835372636262516,30,fold_2024,2024
2024-11-25,0.33214341051501006,0.307230255839822,30,fold_2024,2024
2024-11-26,0.18210755665788955,0.038042269187986644,30,fold_2024,2024
2024-11-27,0.01597704281883002,-0.05583982202447163,30,fold_2024,2024
2024-11-28,0.08456302146917853,0.09721913236929922,30,fold_2024,2024
2024-11-29,0.005704761910192997,0.026918798665183537,30,fold_2024,2024
2024-12-02,0.05791271069747382,0.160845383759733,30,fold_2024,2024
2024-12-03,-0.2191544764857772,-0.11234705228031144,30,fold_2024,2024
2024-12-04,-0.19664080470480352,-0.10433815350389322,30,fold_2024,2024
2024-12-05,-0.37570334170788133,-0.28720800889877635,30,fold_2024,2024
2024-12-06,-0.07643150355380662,-0.04204671857619577,30,fold_2024,2024
2024-12-09,-0.2529708077866652,-0.08698553948832036,30,fold_2024,2024
2024-12-10,0.1966619108153325,0.24805339265850945,30,fold_2024,2024
2024-12-11,-0.07033168813058611,-0.0353726362625139,30,fold_2024,2024
2024-12-12,0.14128536323777632,0.10789766407119021,30,fold_2024,2024
2024-12-13,-0.16300767028560956,-0.12703003337041155,30,fold_2024,2024
2024-12-16,-0.30208781247454564,-0.27786429365962184,30,fold_2024,2024
2024-12-17,-0.22325706773236983,-0.23648498331479423,30,fold_2024,2024
2024-12-18,-0.1876065252292926,-0.11546162402669634,30,fold_2024,2024
2024-12-19,-0.3083466812408623,-0.2925472747497219,30,fold_2024,2024
2024-12-20,-0.08738492771099017,-0.09810901001112346,30,fold_2024,2024
2024-12-23,-0.20313785380074173,-0.07675194660734148,30,fold_2024,2024
