trade_date,instruments,long_count,short_count,long_return,short_asset_return,gross_return,gross_exposure,net_exposure,round_trip_turnover,net_1bps_return,net_3bps_return,net_5bps_return,test_year
2019-01-02,29,5,5,0.015393094393049362,0.00953769397245474,0.002927700210297311,1.0,0.0,2.0,0.002727700210297311,0.002327700210297311,0.0019277002102973109,2019
2019-01-03,29,5,5,0.01981806419373398,0.01139665877588548,0.00421070270892425,1.0,0.0,2.0,0.004010702708924251,0.0036107027089242504,0.00321070270892425,2019
2019-01-04,29,5,5,-0.00055840216968792,-0.00802695674944044,0.00373427728987626,1.0,0.0,2.0,0.00353427728987626,0.00313427728987626,0.00273427728987626,2019
2019-01-07,29,5,5,-0.0030392457016989,-0.0035648869624834807,0.00026282063039229043,1.0,0.0,2.0,6.282063039229042e-05,-0.0003371793696077095,-0.0007371793696077096,2019
2019-01-08,29,5,5,0.00392576477560002,0.0011965690167064804,0.0013645978794467697,1.0,0.0,2.0,0.0011645978794467696,0.0007645978794467697,0.0003645978794467697,2019
2019-01-09,29,5,5,0.0016981185862303399,-0.0025191874058210994,0.0021086529960257197,1.0,0.0,2.0,0.0019086529960257196,0.0015086529960257199,0.0011086529960257197,2019
2019-01-10,29,5,5,0.0012355880439278801,0.00856882421712658,-0.00366661808659935,1.0,0.0,2.0,-0.00386661808659935,-0.00426661808659935,-0.00466661808659935,2019
2019-01-11,29,5,5,-0.00986468217070754,-0.0056780761686463805,-0.0020933030010305796,1.0,0.0,2.0,-0.0022933030010305797,-0.0026933030010305795,-0.0030933030010305796,2019
2019-01-14,29,5,5,0.005270506981872361,-0.00132855072539156,0.00329952885363196,1.0,0.0,2.0,0.00309952885363196,0.0026995288536319603,0.00229952885363196,2019
2019-01-15,29,5,5,0.0016818836826169796,0.0038032137359936997,-0.00106066502668836,1.0,0.0,2.0,-0.00126066502668836,-0.0016606650266883598,-0.00206066502668836,2019
2019-01-16,29,5,5,0.0013381031131145002,-0.0006478111438019002,0.0009929571284582003,1.0,0.0,2.0,0.0007929571284582003,0.00039295712845820033,-7.04287154179974e-06,2019
2019-01-17,29,5,5,0.01944042072035566,0.005055566118661881,0.00719242730084689,1.0,0.0,2.0,0.006992427300846891,0.0065924273008468905,0.00619242730084689,2019
2019-01-18,29,5,5,0.01045938842791366,0.009131349190502099,0.0006640196187057803,1.0,0.0,2.0,0.00046401961870578027,6.40196187057803e-05,-0.00033598038129421977,2019
2019-01-21,29,5,5,-0.00216400165466966,-0.017219426400066618,0.007527712372698479,1.0,0.0,2.0,0.007327712372698479,0.006927712372698479,0.006527712372698479,2019
2019-01-22,29,5,5,0.0036065663665282204,-0.00022282952519178008,0.0019146979458600003,1.0,0.0,2.0,0.0017146979458600002,0.0013146979458600002,0.0009146979458600003,2019
2019-01-23,29,5,5,-0.0038680007288980993,-0.00109692777611746,-0.0013855364763903197,1.0,0.0,2.0,-0.0015855364763903198,-0.0019855364763903195,-0.0023855364763903197,2019
2019-01-24,29,5,5,0.0024942932470960605,-0.00136453314288758,0.0019294131949918203,1.0,0.0,2.0,0.0017294131949918202,0.0013294131949918202,0.0009294131949918202,2019
2019-01-25,29,5,5,-0.00526699476077272,0.0031921900539,-0.00422959240733636,1.0,0.0,2.0,-0.0044295924073363595,-0.00482959240733636,-0.00522959240733636,2019
2019-01-28,29,5,5,0.00014672393790289995,-0.00209573106522782,0.00112122750156536,1.0,0.0,2.0,0.00092122750156536,0.0005212275015653601,0.00012122750156536,2019
2019-01-29,29,5,5,0.0034805340907719403,0.0059922609799209405,-0.0012558634445745001,1.0,0.0,2.0,-0.0014558634445745002,-0.0018558634445745002,-0.0022558634445745,2019
2019-01-30,29,5,5,0.014318109857421619,-0.0030356513219077204,0.00867688058966467,1.0,0.0,2.0,0.008476880589664669,0.00807688058966467,0.007676880589664669,2019
2019-01-31,29,5,5,0.013433631767421739,0.01566110247064802,-0.0011137353516131408,1.0,0.0,2.0,-0.0013137353516131408,-0.0017137353516131406,-0.0021137353516131408,2019
2019-02-01,29,5,5,0.017665354324026262,-0.01108002786562048,0.014372691094823371,1.0,0.0,2.0,0.01417269109482337,0.013772691094823371,0.01337269109482337,2019
2019-02-11,29,5,5,0.0018570376457764798,-0.0004424798177368808,0.0011497587317566803,1.0,0.0,2.0,0.0009497587317566803,0.0005497587317566803,0.00014975873175668026,2019
2019-02-12,29,5,5,-0.01475054220460698,-0.011014280460705262,-0.0018681308719508596,1.0,0.0,2.0,-0.0020681308719508597,-0.0024681308719508594,-0.0028681308719508596,2019
2019-02-13,29,5,5,0.0004044502298344207,0.0006710256399606797,-0.00013328770506312952,1.0,0.0,2.0,-0.00033328770506312955,-0.0007332877050631294,-0.0011332877050631296,2019
2019-02-14,29,5,5,-0.00933676741217308,-0.011097701132717719,0.0008804668602723194,1.0,0.0,2.0,0.0006804668602723194,0.00028046686027231947,-0.00011953313972768061,2019
2019-02-15,29,5,5,0.004180548837978739,-0.00897050933922404,0.006575529088601389,1.0,0.0,2.0,0.00637552908860139,0.0059755290886013895,0.005575529088601389,2019
2019-02-18,29,5,5,0.0018206724243775402,0.01035402723839672,-0.00426667740700959,1.0,0.0,2.0,-0.00446667740700959,-0.00486667740700959,-0.00526667740700959,2019
2019-02-19,29,5,5,-0.0024503575611920605,0.0090918987179897,-0.00577112813959088,1.0,0.0,2.0,-0.00597112813959088,-0.00637112813959088,-0.00677112813959088,2019
2019-02-20,29,5,5,-0.0009192351230834998,-0.00398328954047974,0.00153202720869812,1.0,0.0,2.0,0.00133202720869812,0.0009320272086981201,0.00053202720869812,2019
2019-02-21,29,5,5,0.0036289891651251397,0.00215079496496222,0.0007390971000814598,1.0,0.0,2.0,0.0005390971000814598,0.00013909710008145986,-0.0002609028999185402,2019
2019-02-22,29,5,5,-0.02163376915366824,-0.0064884845934478005,-0.007572642280110219,1.0,0.0,2.0,-0.007772642280110219,-0.008172642280110219,-0.008572642280110218,2019
2019-02-25,29,5,5,-0.0012931606002505405,-2.1180743332520042e-05,-0.0006359899284590102,1.0,0.0,2.0,-0.0008359899284590102,-0.00123598992845901,-0.0016359899284590102,2019
2019-02-26,29,5,5,-0.0009251366354354002,1.0144273778079932e-05,-0.00046764045460674007,1.0,0.0,2.0,-0.0006676404546067401,-0.00106764045460674,-0.0014676404546067401,2019
2019-02-27,29,5,5,0.004053415218398261,0.0048802544586579195,-0.00041341962012982937,1.0,0.0,2.0,-0.0006134196201298294,-0.0010134196201298292,-0.0014134196201298294,2019
2019-02-28,29,5,5,0.029548616405217037,0.00732212102521662,0.01111324769000021,1.0,0.0,2.0,0.010913247690000209,0.01051324769000021,0.010113247690000209,2019
2019-03-01,29,5,5,-0.01341572697579868,-0.0022073824305793794,-0.005604172272609651,1.0,0.0,2.0,-0.005804172272609651,-0.006204172272609651,-0.006604172272609651,2019
2019-03-04,29,5,5,-0.0013850734680692998,0.00225730698926358,-0.0018211902286664398,1.0,0.0,2.0,-0.00202119022866644,-0.0024211902286664397,-0.00282119022866644,2019
2019-03-05,29,5,5,-0.00296112785973396,0.011709585836168882,-0.007335356847951421,1.0,0.0,2.0,-0.007535356847951421,-0.007935356847951422,-0.008335356847951421,2019
2019-03-06,29,5,5,0.0008924359885350997,-0.00357305629916256,0.00223274614384883,1.0,0.0,2.0,0.0020327461438488298,0.00163274614384883,0.0012327461438488298,2019
2019-03-07,29,5,5,-0.01480547962264848,-0.00712863722014712,-0.0038384212012506796,1.0,0.0,2.0,-0.00403842120125068,-0.00443842120125068,-0.00483842120125068,2019
2019-03-08,29,5,5,0.0102975678257889,-0.00024888588651761996,0.00527322685615326,1.0,0.0,2.0,0.00507322685615326,0.00467322685615326,0.00427322685615326,2019
2019-03-11,29,5,5,0.015216311427423959,-0.004898019752838599,0.010057165590131279,1.0,0.0,2.0,0.009857165590131278,0.009457165590131279,0.00905716559013128,2019
2019-03-12,29,5,5,-0.0055634898588362595,-0.0010387790159123,-0.0022623554214619796,1.0,0.0,2.0,-0.0024623554214619797,-0.0028623554214619795,-0.0032623554214619797,2019
2019-03-13,29,5,5,-0.002794453511133,-0.00022002970047821997,-0.0012872119053273902,1.0,0.0,2.0,-0.0014872119053273903,-0.00188721190532739,-0.0022872119053273902,2019
2019-03-14,29,5,5,-0.006006771019754961,-0.0028479605990258602,-0.0015794052103645503,1.0,0.0,2.0,-0.0017794052103645504,-0.00217940521036455,-0.0025794052103645503,2019
2019-03-15,29,5,5,-1.0636322959900122e-05,0.0034023050037289204,-0.0017064706633444103,1.0,0.0,2.0,-0.0019064706633444104,-0.0023064706633444104,-0.0027064706633444105,2019
2019-03-18,29,5,5,-0.00644803896593244,0.00014447571609022043,-0.00329625734101133,1.0,0.0,2.0,-0.0034962573410113303,-0.00389625734101133,-0.00429625734101133,2019
2019-03-19,29,5,5,0.0009670777793478198,-0.012758671024254981,0.0068628744018014,1.0,0.0,2.0,0.0066628744018014,0.0062628744018014,0.0058628744018014,2019
2019-03-20,29,5,5,0.007549575970590039,-4.016151721337987e-05,0.0037948687439017096,1.0,0.0,2.0,0.0035948687439017095,0.0031948687439017098,0.0027948687439017096,2019
2019-03-21,29,5,5,0.0039743712061692,-0.00216565070797054,0.00307001095706987,1.0,0.0,2.0,0.00287001095706987,0.0024700109570698703,0.00207001095706987,2019
2019-03-22,29,5,5,-0.00794497032117578,-0.006206237418064061,-0.0008693664515558594,1.0,0.0,2.0,-0.0010693664515558595,-0.0014693664515558593,-0.0018693664515558595,2019
2019-03-25,29,5,5,-0.0006015649155795401,0.00216816732117324,-0.00138486611837639,1.0,0.0,2.0,-0.0015848661183763902,-0.00198486611837639,-0.00238486611837639,2019
2019-03-26,29,5,5,-0.00174477484652676,-0.0024226002299845006,0.0003389126917288703,1.0,0.0,2.0,0.00013891269172887027,-0.00026108730827112967,-0.0006610873082711297,2019
2019-03-27,29,5,5,-0.00367090087572322,-0.006528923220747121,0.0014290111725119505,1.0,0.0,2.0,0.0012290111725119504,0.0008290111725119505,0.00042901117251195045,2019
2019-03-28,29,5,5,0.008436441548992299,0.00100468162206086,0.0037158799634657196,1.0,0.0,2.0,0.0035158799634657195,0.0031158799634657197,0.0027158799634657196,2019
2019-03-29,29,5,5,0.008879356701011,0.01417528264883984,-0.00264796297391442,1.0,0.0,2.0,-0.00284796297391442,-0.0032479629739144197,-0.00364796297391442,2019
2019-04-01,29,5,5,0.00409949516687568,0.00613527593025264,-0.00101789038168848,1.0,0.0,2.0,-0.00121789038168848,-0.0016178903816884797,-0.00201789038168848,2019
2019-04-02,29,5,5,0.0075069295147085395,0.01305661978666826,-0.0027748451359798604,1.0,0.0,2.0,-0.0029748451359798605,-0.00337484513597986,-0.0037748451359798604,2019
2019-04-03,29,5,5,0.00307267880611844,0.0015328432682250597,0.0007699177689466901,1.0,0.0,2.0,0.0005699177689466901,0.00016991776894669018,-0.0002300822310533099,2019
2019-04-04,29,5,5,0.0056987675995444995,0.006418739970085701,-0.0003599861852706006,1.0,0.0,2.0,-0.0005599861852706006,-0.0009599861852706005,-0.0013599861852706006,2019
2019-04-08,29,5,5,-0.00304803229823744,-0.009857469293621902,0.003404718497692231,1.0,0.0,2.0,0.003204718497692231,0.002804718497692231,0.002404718497692231,2019
2019-04-09,29,5,5,0.0006709805513401201,0.00552681252644314,-0.00242791598755151,1.0,0.0,2.0,-0.00262791598755151,-0.0030279159875515097,-0.00342791598755151,2019
2019-04-10,29,5,5,0.0010023141071015002,0.00298870379013876,-0.00099319484151863,1.0,0.0,2.0,-0.00119319484151863,-0.00159319484151863,-0.00199319484151863,2019
2019-04-11,29,5,5,0.0029611158154755606,0.0005162067150343199,0.0012224545502206204,1.0,0.0,2.0,0.0010224545502206203,0.0006224545502206204,0.00022245455022062034,2019
2019-04-12,29,5,5,-0.0058559740347569,0.006194688392596599,-0.00602533121367675,1.0,0.0,2.0,-0.00622533121367675,-0.00662533121367675,-0.00702533121367675,2019
2019-04-15,29,5,5,-0.0025926865666855404,-0.012402226593633558,0.0049047700134740085,1.0,0.0,2.0,0.004704770013474009,0.004304770013474009,0.0039047700134740085,2019
2019-04-16,29,5,5,0.00274385905447502,-0.004336676820609441,0.00354026793754223,1.0,0.0,2.0,0.00334026793754223,0.0029402679375422304,0.00254026793754223,2019
2019-04-17,29,5,5,-0.01747669861359848,-0.011732312012853019,-0.0028721933003727305,1.0,0.0,2.0,-0.0030721933003727306,-0.0034721933003727303,-0.0038721933003727305,2019
2019-04-18,29,5,5,0.00889504318069472,0.00385821231279004,0.0025184154339523398,1.0,0.0,2.0,0.0023184154339523397,0.00191841543395234,0.0015184154339523397,2019
2019-04-19,29,5,5,0.0050817849698974,0.0014656569451361602,0.0018080640123806198,1.0,0.0,2.0,0.0016080640123806197,0.00120806401238062,0.0008080640123806198,2019
2019-04-22,29,5,5,-0.0006841487242105202,0.00544199047676564,-0.00306306960048808,1.0,0.0,2.0,-0.0032630696004880802,-0.00366306960048808,-0.00406306960048808,2019
2019-04-23,29,5,5,-0.00526587230651116,-0.0013972877760846196,-0.00193429226521327,1.0,0.0,2.0,-0.00213429226521327,-0.00253429226521327,-0.00293429226521327,2019
2019-04-24,29,5,5,0.0053346227000811396,-0.0022897592640398,0.00381219098206047,1.0,0.0,2.0,0.0036121909820604698,0.00321219098206047,0.00281219098206047,2019
2019-04-25,29,5,5,0.00036379290776611986,-0.01155024768127818,0.005957020294522149,1.0,0.0,2.0,0.00575702029452215,0.005357020294522149,0.004957020294522149,2019
2019-04-26,29,5,5,0.00026795345733724026,-0.0002498677474064001,0.0002589106023718202,1.0,0.0,2.0,5.8910602371820166e-05,-0.00034108939762817977,-0.0007410893976281798,2019
2019-04-29,29,5,5,0.00025408857185045986,0.0130562723374016,-0.00640109188277557,1.0,0.0,2.0,-0.0066010918827755696,-0.00700109188277557,-0.00740109188277557,2019
2019-04-30,29,5,5,-0.00659822900500642,0.00217539553469878,-0.004386812269852601,1.0,0.0,2.0,-0.0045868122698526,-0.0049868122698526005,-0.005386812269852601,2019
2019-05-06,29,5,5,0.01142986693959518,0.00946374326683284,0.0009830618363811695,1.0,0.0,2.0,0.0007830618363811696,0.0003830618363811696,-1.6938163618830486e-05,2019
2019-05-07,29,5,5,0.0017130968875011803,-0.00098767313687354,0.00135038501218736,1.0,0.0,2.0,0.00115038501218736,0.0007503850121873601,0.00035038501218736,2019
2019-05-08,29,5,5,0.00011456190600147992,-0.00820449500524624,0.00415952845562386,1.0,0.0,2.0,0.00395952845562386,0.00355952845562386,0.00315952845562386,2019
2019-05-09,29,5,5,0.00593822636802242,-0.004609890737543899,0.005274058552783159,1.0,0.0,2.0,0.00507405855278316,0.0046740585527831596,0.004274058552783159,2019
2019-05-10,29,5,5,-0.004723783494639501,-0.0014938580501253798,-0.0016149627222570605,1.0,0.0,2.0,-0.0018149627222570606,-0.0022149627222570606,-0.0026149627222570608,2019
2019-05-13,29,5,5,-0.029779266121401644,-0.00665260881924284,-0.011563328651079402,1.0,0.0,2.0,-0.011763328651079402,-0.012163328651079401,-0.0125633286510794,2019
2019-05-14,29,5,5,0.0148597260174879,0.0008377781013405999,0.00701097395807365,1.0,0.0,2.0,0.0068109739580736505,0.00641097395807365,0.00601097395807365,2019
2019-05-15,29,5,5,0.0167477987564104,0.00558978094665028,0.0055790089048800605,1.0,0.0,2.0,0.005379008904880061,0.004979008904880061,0.0045790089048800605,2019
2019-05-16,29,5,5,-0.00565708894831358,0.00669814383390784,-0.00617761639111071,1.0,0.0,2.0,-0.00637761639111071,-0.00677761639111071,-0.00717761639111071,2019
2019-05-17,29,5,5,0.005835787685747719,0.0003866822368474001,0.0027245527244501595,1.0,0.0,2.0,0.0025245527244501594,0.0021245527244501596,0.0017245527244501594,2019
2019-05-20,29,5,5,0.01347627444437296,0.0018632674465482598,0.00580650349891235,1.0,0.0,2.0,0.00560650349891235,0.00520650349891235,0.00480650349891235,2019
2019-05-21,29,5,5,-0.00852834328236662,-0.0007868050581426201,-0.0038707691121120003,1.0,0.0,2.0,-0.004070769112112,-0.0044707691121120005,-0.004870769112112001,2019
2019-05-22,29,5,5,-0.01868476175119628,-0.01059523250924824,-0.00404476462097402,1.0,0.0,2.0,-0.004244764620974019,-0.00464476462097402,-0.00504476462097402,2019
2019-05-23,29,5,5,-0.00016378237952211945,0.0048734662313161,-0.00251862430541911,1.0,0.0,2.0,-0.00271862430541911,-0.0031186243054191097,-0.00351862430541911,2019
2019-05-24,29,5,5,-0.008734177453365199,0.0009889037770557398,-0.0048615406152104695,1.0,0.0,2.0,-0.005061540615210469,-0.005461540615210469,-0.0058615406152104695,2019
2019-05-27,29,5,5,0.00646088571033696,-0.0006295739336038599,0.0035452298219704097,1.0,0.0,2.0,0.0033452298219704096,0.00294522982197041,0.0025452298219704097,2019
2019-05-28,29,5,5,-0.00182502749664318,0.02117587932942574,-0.01150045341303446,1.0,0.0,2.0,-0.01170045341303446,-0.01210045341303446,-0.012500453413034459,2019
2019-05-29,29,5,5,0.00871985319060158,-0.01489685085556194,0.01180835202308176,1.0,0.0,2.0,0.01160835202308176,0.01120835202308176,0.010808352023081759,2019
2019-05-30,29,5,5,-0.02843855839441134,-0.0029156580247905596,-0.01276145018481039,1.0,0.0,2.0,-0.01296145018481039,-0.01336145018481039,-0.01376145018481039,2019
2019-05-31,29,5,5,-0.02682889055255494,-0.011380937493469362,-0.007723976529542789,1.0,0.0,2.0,-0.007923976529542789,-0.00832397652954279,-0.00872397652954279,2019
2019-06-03,29,5,5,-0.010237120551683378,0.00930902070071116,-0.00977307062619727,1.0,0.0,2.0,-0.00997307062619727,-0.01037307062619727,-0.01077307062619727,2019
2019-06-04,29,5,5,0.0023682115255225004,0.0010954769502845804,0.00063636728761896,1.0,0.0,2.0,0.00043636728761896,3.636728761896005e-05,-0.00036363271238104,2019
2019-06-05,29,5,5,-0.00634237902522688,-0.00297808785170642,-0.00168214558676023,1.0,0.0,2.0,-0.00188214558676023,-0.00228214558676023,-0.00268214558676023,2019
2019-06-06,29,5,5,0.0009282465635321003,0.0002196961004466001,0.00035427523154275007,1.0,0.0,2.0,0.00015427523154275006,-0.0002457247684572499,-0.00064572476845725,2019
2019-06-10,29,5,5,0.011208259892690161,0.011752766938059258,-0.0002722535226845485,1.0,0.0,2.0,-0.0004722535226845485,-0.0008722535226845484,-0.0012722535226845485,2019
2019-06-11,29,5,5,-0.01747962115390658,-0.01887340648838972,0.0006968926672415703,1.0,0.0,2.0,0.0004968926672415703,9.689266724157038e-05,-0.0003031073327584297,2019
2019-06-12,29,5,5,0.014492556420777241,0.0032302639277512805,0.00563114624651298,1.0,0.0,2.0,0.005431146246512981,0.00503114624651298,0.00463114624651298,2019
2019-06-13,29,5,5,-0.007992097383358621,0.00012337968393430002,-0.00405773853364646,1.0,0.0,2.0,-0.00425773853364646,-0.00465773853364646,-0.00505773853364646,2019
2019-06-14,29,5,5,0.004408852666143879,-0.0064334959535661,0.00542117430985499,1.0,0.0,2.0,0.00522117430985499,0.00482117430985499,0.00442117430985499,2019
2019-06-17,29,5,5,-0.00190555101039312,0.0021079266891609804,-0.00200673884977705,1.0,0.0,2.0,-0.00220673884977705,-0.00260673884977705,-0.00300673884977705,2019
2019-06-18,29,5,5,0.00861894308793664,-0.006669922475413499,0.00764443278167507,1.0,0.0,2.0,0.00744443278167507,0.00704443278167507,0.00664443278167507,2019
2019-06-19,29,5,5,0.024720630458524823,0.01231922128023714,0.006200704589143841,1.0,0.0,2.0,0.006000704589143841,0.005600704589143841,0.005200704589143841,2019
2019-06-20,29,5,5,5.383202831859765e-06,0.0002454023413001806,-0.00012000956923416041,1.0,0.0,2.0,-0.0003200095692341604,-0.0007200095692341603,-0.0011200095692341604,2019
2019-06-21,29,5,5,0.00689613961143804,0.01263392992203522,-0.0028688951552985897,1.0,0.0,2.0,-0.00306889515529859,-0.0034688951552985896,-0.0038688951552985898,2019
2019-06-24,29,5,5,-0.006636809041845699,0.00665238075063476,-0.00664459489624023,1.0,0.0,2.0,-0.0068445948962402295,-0.00724459489624023,-0.00764459489624023,2019
2019-06-25,29,5,5,0.020242157407348978,-0.00439031008056766,0.012316233743958318,1.0,0.0,2.0,0.012116233743958317,0.011716233743958318,0.011316233743958317,2019
2019-06-26,29,5,5,0.00214215092550524,-0.004562926522138499,0.0033525387238218696,1.0,0.0,2.0,0.0031525387238218695,0.0027525387238218697,0.0023525387238218696,2019
2019-06-27,29,5,5,0.0021064204035219003,0.0088925335933381,-0.0033930565949081,1.0,0.0,2.0,-0.0035930565949081,-0.0039930565949081,-0.0043930565949080996,2019
2019-06-28,29,5,5,0.0181869206921667,-0.009322038023258919,0.01375447935771281,1.0,0.0,2.0,0.01355447935771281,0.013154479357712811,0.01275447935771281,2019
2019-07-01,29,5,5,-0.00729727158636492,-0.00632066602487572,-0.0004883027807446,1.0,0.0,2.0,-0.0006883027807446,-0.0010883027807445998,-0.0014883027807446,2019
2019-07-02,29,5,5,-0.00748896196479088,0.0016756515831878,-0.00458230677398934,1.0,0.0,2.0,-0.00478230677398934,-0.00518230677398934,-0.00558230677398934,2019
2019-07-03,29,5,5,-0.01179143160054216,0.00026649534169677976,-0.00602896347111947,1.0,0.0,2.0,-0.0062289634711194695,-0.00662896347111947,-0.00702896347111947,2019
2019-07-04,29,5,5,-0.01165239825142012,-0.0047883017615560795,-0.0034320482449320205,1.0,0.0,2.0,-0.0036320482449320205,-0.004032048244932021,-0.00443204824493202,2019
2019-07-05,29,5,5,0.02475349263159744,-0.00031312377823996,0.0125333082049187,1.0,0.0,2.0,0.0123333082049187,0.0119333082049187,0.011533308204918699,2019
2019-07-08,29,5,5,2.8079882268620005e-05,-0.010195899957229821,0.00511198991974922,1.0,0.0,2.0,0.004911989919749221,0.0045119899197492205,0.00411198991974922,2019
2019-07-09,29,5,5,0.00910854028542748,0.0011308131034719006,0.00398886359097779,1.0,0.0,2.0,0.0037888635909777897,0.00338886359097779,0.0029888635909777897,2019
2019-07-10,29,5,5,0.01090660643253126,0.0012634818274808398,0.00482156230252521,1.0,0.0,2.0,0.004621562302525211,0.0042215623025252105,0.0038215623025252103,2019
2019-07-11,29,5,5,-0.0061923260571586595,-0.00300431425071668,-0.0015940059032209897,1.0,0.0,2.0,-0.0017940059032209897,-0.0021940059032209895,-0.0025940059032209897,2019
2019-07-12,29,5,5,-0.0018173494009318004,0.01095827019119996,-0.00638780979606588,1.0,0.0,2.0,-0.00658780979606588,-0.00698780979606588,-0.00738780979606588,2019
2019-07-15,29,5,5,-0.0051801113412887,0.00792186900862816,-0.00655099017495843,1.0,0.0,2.0,-0.00675099017495843,-0.00715099017495843,-0.00755099017495843,2019
2019-07-16,29,5,5,-0.00842763421327776,0.0019828204692735,-0.00520522734127563,1.0,0.0,2.0,-0.00540522734127563,-0.00580522734127563,-0.00620522734127563,2019
2019-07-17,29,5,5,-0.01000574722615776,0.012078981465691458,-0.011042364345924609,1.0,0.0,2.0,-0.01124236434592461,-0.011642364345924609,-0.012042364345924608,2019
2019-07-18,29,5,5,0.01243664236193712,0.00868355507011438,0.00187654364591137,1.0,0.0,2.0,0.00167654364591137,0.0012765436459113702,0.00087654364591137,2019
2019-07-19,29,5,5,-0.006511697823254181,-0.01112627811730604,0.0023072901470259292,1.0,0.0,2.0,0.002107290147025929,0.0017072901470259294,0.0013072901470259292,2019
2019-07-22,29,5,5,0.0011611434437771603,-0.00531667170796668,0.0032389075758719205,1.0,0.0,2.0,0.0030389075758719204,0.0026389075758719207,0.0022389075758719205,2019
2019-07-23,29,5,5,0.00871606030328736,0.0033114616685264,0.00270229931738048,1.0,0.0,2.0,0.00250229931738048,0.00210229931738048,0.00170229931738048,2019
2019-07-24,29,5,5,-0.00045538713525257874,-0.00509678274298096,0.0023206978038641905,1.0,0.0,2.0,0.0021206978038641904,0.0017206978038641907,0.0013206978038641905,2019
2019-07-25,29,5,5,0.005918037205511199,0.00031082670919478015,0.0028036052481582095,1.0,0.0,2.0,0.0026036052481582094,0.0022036052481582097,0.0018036052481582095,2019
2019-07-26,29,5,5,-0.01592097579674246,-0.0011734902085181998,-0.00737374279411213,1.0,0.0,2.0,-0.00757374279411213,-0.007973742794112131,-0.00837374279411213,2019
2019-07-29,29,5,5,0.013543892370488558,-0.0049478228564931,0.009245857613490829,1.0,0.0,2.0,0.009045857613490828,0.00864585761349083,0.00824585761349083,2019
2019-07-30,29,5,5,0.0049063976718277,-3.625617607280057e-06,0.00245501164471749,1.0,0.0,2.0,0.00225501164471749,0.00185501164471749,0.0014550116447174899,2019
2019-07-31,29,5,5,-0.004612559914727502,-0.008555925263158041,0.0019716826742152698,1.0,0.0,2.0,0.0017716826742152697,0.00137168267421527,0.0009716826742152697,2019
2019-08-01,29,5,5,-0.010253995595792102,0.0021562296603786597,-0.006205112628085381,1.0,0.0,2.0,-0.006405112628085381,-0.006805112628085381,-0.007205112628085381,2019
2019-08-02,29,5,5,-0.020452360431036997,0.01190039346117406,-0.016176376946105527,1.0,0.0,2.0,-0.016376376946105525,-0.016776376946105526,-0.017176376946105527,2019
2019-08-05,29,5,5,0.00102938970358432,-0.0007778363178832599,0.00090361301073379,1.0,0.0,2.0,0.00070361301073379,0.00030361301073379005,-9.638698926621003e-05,2019
2019-08-06,29,5,5,0.00699642672094056,-0.00219075518125834,0.00459359095109945,1.0,0.0,2.0,0.00439359095109945,0.00399359095109945,0.00359359095109945,2019
2019-08-07,29,5,5,0.0034407533403815597,0.01360990841584368,-0.00508457753773106,1.0,0.0,2.0,-0.00528457753773106,-0.00568457753773106,-0.00608457753773106,2019
2019-08-08,29,5,5,0.0025689417627566603,0.009234485502276419,-0.0033327718697598796,1.0,0.0,2.0,-0.0035327718697598797,-0.003932771869759879,-0.00433277186975988,2019
2019-08-09,29,5,5,0.00364697222412212,-0.00372982422537592,0.0036883982247490196,1.0,0.0,2.0,0.0034883982247490195,0.0030883982247490198,0.0026883982247490196,2019
2019-08-12,29,5,5,-0.00896195691597832,0.00279765359767412,-0.00587980525682622,1.0,0.0,2.0,-0.00607980525682622,-0.00647980525682622,-0.00687980525682622,2019
2019-08-13,29,5,5,0.01714390404625534,-0.01613225754089614,0.01663808079357574,1.0,0.0,2.0,0.01643808079357574,0.01603808079357574,0.01563808079357574,2019
2019-08-14,29,5,5,-0.0104016286078535,0.0011463994299755597,-0.00577401401891453,1.0,0.0,2.0,-0.005974014018914529,-0.0063740140189145296,-0.00677401401891453,2019
2019-08-15,29,5,5,-0.0001587126329547197,-0.00017889299536115992,1.0090181203220106e-05,1.0,0.0,2.0,-0.0001899098187967799,-0.0005899098187967798,-0.00098990981879678,2019
2019-08-16,29,5,5,0.0107003185901583,0.0032370382993052,0.0037316401454265498,1.0,0.0,2.0,0.0035316401454265497,0.00313164014542655,0.0027316401454265497,2019
2019-08-19,29,5,5,-0.0072003075028847,-0.00011385621046516009,-0.00354322564620977,1.0,0.0,2.0,-0.00374322564620977,-0.00414322564620977,-0.004543225646209769,2019
2019-08-20,29,5,5,0.00011793913300242042,-0.01263004530646374,0.00637399221973308,1.0,0.0,2.0,0.00617399221973308,0.00577399221973308,0.00537399221973308,2019
2019-08-21,29,5,5,0.0020514977198479597,0.0035045235482675,-0.0007265129142097701,1.0,0.0,2.0,-0.0009265129142097701,-0.0013265129142097701,-0.00172651291420977,2019
2019-08-22,29,5,5,-0.0025241128197731394,0.00139672196476418,-0.0019604173922686597,1.0,0.0,2.0,-0.00216041739226866,-0.0025604173922686596,-0.0029604173922686597,2019
2019-08-23,29,5,5,-0.00908422108049256,0.0032476010509158,-0.00616591106570418,1.0,0.0,2.0,-0.00636591106570418,-0.00676591106570418,-0.0071659110657041804,2019
2019-08-26,29,5,5,-0.01069605313133622,-0.0024693708443033996,-0.00411334114351641,1.0,0.0,2.0,-0.00431334114351641,-0.00471334114351641,-0.00511334114351641,2019
2019-08-27,29,5,5,0.00022245136008738014,0.0068433743132532395,-0.0033104614765829296,1.0,0.0,2.0,-0.0035104614765829297,-0.00391046147658293,-0.004310461476582929,2019
2019-08-28,29,5,5,-0.009164193032484641,0.0023277417602577998,-0.00574596739637122,1.0,0.0,2.0,-0.00594596739637122,-0.00634596739637122,-0.00674596739637122,2019
2019-08-29,29,5,5,0.01560231390531086,0.0022337743244036008,0.00668426979045363,1.0,0.0,2.0,0.0064842697904536305,0.00608426979045363,0.00568426979045363,2019
2019-08-30,29,5,5,0.0023039293125983397,0.0037535470529363596,-0.0007248088701690099,1.0,0.0,2.0,-0.0009248088701690099,-0.00132480887016901,-0.00172480887016901,2019
2019-09-02,29,5,5,-0.00246148267280746,0.00976327204652044,-0.00611237735966395,1.0,0.0,2.0,-0.00631237735966395,-0.00671237735966395,-0.00711237735966395,2019
2019-09-03,29,5,5,0.0126293767397743,0.015433418961311582,-0.0014020211107686406,1.0,0.0,2.0,-0.0016020211107686407,-0.0020020211107686404,-0.0024020211107686406,2019
2019-09-04,29,5,5,0.0018761120945989195,-0.0019446923608768796,0.0019104022277378996,1.0,0.0,2.0,0.0017104022277378995,0.0013104022277378997,0.0009104022277378995,2019
2019-09-05,29,5,5,-0.011212367882293298,-0.00752560731202348,-0.001843380285134909,1.0,0.0,2.0,-0.002043380285134909,-0.002443380285134909,-0.002843380285134909,2019
2019-09-06,29,5,5,0.025449571363380035,0.00689323137995172,0.009278169991714158,1.0,0.0,2.0,0.009078169991714157,0.008678169991714158,0.008278169991714157,2019
2019-09-09,29,5,5,-0.0014708235858909,-0.007374897631749101,0.0029520370229291007,1.0,0.0,2.0,0.0027520370229291006,0.002352037022929101,0.0019520370229291007,2019
2019-09-10,29,5,5,0.0008548467401734202,0.0005885796231496203,0.00013313355851189994,1.0,0.0,2.0,-6.686644148810007e-05,-0.0004668664414881,-0.0008668664414881001,2019
2019-09-11,29,5,5,-0.00574432102536738,-0.00157072200745352,-0.00208679950895693,1.0,0.0,2.0,-0.00228679950895693,-0.0026867995089569297,-0.00308679950895693,2019
2019-09-12,29,5,5,-0.01465375495464524,-9.731991909182059e-05,-0.0072782175177767095,1.0,0.0,2.0,-0.007478217517776709,-0.00787821751777671,-0.00827821751777671,2019
2019-09-16,29,5,5,0.00938811468707428,0.009964136830467601,-0.00028801107169666024,1.0,0.0,2.0,-0.0004880110716966602,-0.0008880110716966602,-0.0012880110716966603,2019
2019-09-17,29,5,5,-0.011440656102556238,-0.0060551885948854,-0.002692733753835419,1.0,0.0,2.0,-0.002892733753835419,-0.003292733753835419,-0.003692733753835419,2019
2019-09-18,29,5,5,0.00070071232804352,-0.007498965908573139,0.004099839118308329,1.0,0.0,2.0,0.0038998391183083293,0.0034998391183083295,0.0030998391183083293,2019
2019-09-19,29,5,5,-0.0008302578940587198,-0.005035157088811881,0.0021024495973765807,1.0,0.0,2.0,0.0019024495973765806,0.0015024495973765808,0.0011024495973765806,2019
2019-09-20,29,5,5,0.01478326574789882,0.01369265460947108,0.0005453055692138699,1.0,0.0,2.0,0.0003453055692138699,-5.4694430786130063e-05,-0.00045469443078613014,2019
2019-09-23,29,5,5,-0.01995748859739788,-0.00808198362285268,-0.0059377524872726,1.0,0.0,2.0,-0.0061377524872726,-0.0065377524872726,-0.0069377524872726,2019
2019-09-24,29,5,5,-0.008404265744129603,-0.00016968601944949998,-0.0041172898623400515,1.0,0.0,2.0,-0.004317289862340051,-0.004717289862340051,-0.0051172898623400515,2019
2019-09-25,29,5,5,0.004649816721928079,-0.018171597646248542,0.01141070718408831,1.0,0.0,2.0,0.01121070718408831,0.01081070718408831,0.010410707184088309,2019
2019-09-26,29,5,5,0.00039936611600156004,-0.00814118279565158,0.00427027445582657,1.0,0.0,2.0,0.0040702744558265705,0.0036702744558265703,0.00327027445582657,2019
2019-09-27,29,5,5,0.00923435971144734,0.004122261074234941,0.0025560493186061995,1.0,0.0,2.0,0.0023560493186061994,0.0019560493186061997,0.0015560493186061995,2019
2019-09-30,29,5,5,0.006100077972140199,-0.0008557991389690799,0.0034779385555546395,1.0,0.0,2.0,0.0032779385555546394,0.0028779385555546396,0.0024779385555546395,2019
2019-10-08,29,5,5,0.004954031598864181,0.0003177693379563799,0.0023181311304539005,1.0,0.0,2.0,0.0021181311304539004,0.0017181311304539006,0.0013181311304539005,2019
2019-10-09,29,5,5,-0.0015977506289609603,-0.0001465747328506,-0.0007255879480551801,1.0,0.0,2.0,-0.0009255879480551801,-0.00132558794805518,-0.0017255879480551801,2019
2019-10-10,29,5,5,0.00478589140144954,0.0010649664191757402,0.0018604624911368998,1.0,0.0,2.0,0.0016604624911368997,0.0012604624911368998,0.0008604624911368998,2019
2019-10-11,29,5,5,-0.01613279529252038,-0.0016506608012921392,-0.007241067245614121,1.0,0.0,2.0,-0.007441067245614121,-0.007841067245614121,-0.00824106724561412,2019
2019-10-14,29,5,5,0.0031342061484096197,4.452697609761986e-05,0.001544839586156,1.0,0.0,2.0,0.0013448395861559998,0.000944839586156,0.0005448395861559999,2019
2019-10-15,29,5,5,-0.014977965188530517,-0.00963929505304684,-0.0026693350677418383,1.0,0.0,2.0,-0.0028693350677418384,-0.003269335067741838,-0.0036693350677418383,2019
2019-10-16,29,5,5,-0.00472494318857058,-0.004212912191699421,-0.00025601549843557933,1.0,0.0,2.0,-0.0004560154984355793,-0.0008560154984355793,-0.0012560154984355794,2019
2019-10-17,29,5,5,0.0017471765249846602,0.009930999442878601,-0.004091911458946971,1.0,0.0,2.0,-0.0042919114589469705,-0.004691911458946971,-0.005091911458946971,2019
2019-10-18,29,5,5,-0.00911381011602566,-0.0046246402953921,-0.00224458491031678,1.0,0.0,2.0,-0.00244458491031678,-0.0028445849103167797,-0.00324458491031678,2019
2019-10-21,29,5,5,0.00275655186119714,-0.0059439644337487,0.00435025814747292,1.0,0.0,2.0,0.004150258147472921,0.0037502581474729204,0.00335025814747292,2019
2019-10-22,29,5,5,-0.0017161530627115202,-0.0007404558592957801,-0.00048784860170787003,1.0,0.0,2.0,-0.0006878486017078701,-0.00108784860170787,-0.0014878486017078701,2019
2019-10-23,29,5,5,0.0122276238278889,0.0027855485399476596,0.00472103764397062,1.0,0.0,2.0,0.00452103764397062,0.00412103764397062,0.00372103764397062,2019
2019-10-24,29,5,5,-0.0011607890487074803,0.010905158385614701,-0.0060329737171610906,1.0,0.0,2.0,-0.00623297371716109,-0.00663297371716109,-0.007032973717161091,2019
2019-10-25,29,5,5,-0.00689005678914464,-0.0011788081062711398,-0.0028556243414367497,1.0,0.0,2.0,-0.00305562434143675,-0.0034556243414367496,-0.0038556243414367497,2019
2019-10-28,29,5,5,0.00124910681191084,-0.0029045648802352203,0.00207683584607303,1.0,0.0,2.0,0.00187683584607303,0.0014768358460730303,0.0010768358460730302,2019
2019-10-29,29,5,5,0.0011341744640893403,0.00416245112716384,-0.00151413833153725,1.0,0.0,2.0,-0.0017141383315372502,-0.00211413833153725,-0.00251413833153725,2019
2019-10-30,29,5,5,-0.0026547188526893396,-0.00136130357668678,-0.0006467076380012798,1.0,0.0,2.0,-0.0008467076380012798,-0.0012467076380012797,-0.0016467076380012797,2019
2019-10-31,29,5,5,0.0029062243826053,0.00422389772683334,-0.0006588366721140199,1.0,0.0,2.0,-0.0008588366721140199,-0.00125883667211402,-0.00165883667211402,2019
2019-11-01,29,5,5,-0.00266533995352776,-0.0009188726008396599,-0.0008732336763440499,1.0,0.0,2.0,-0.00107323367634405,-0.0014732336763440498,-0.00187323367634405,2019
2019-11-04,29,5,5,0.00850257642702808,8.54247577413602e-05,0.0042085758346433605,1.0,0.0,2.0,0.004008575834643361,0.0036085758346433607,0.0032085758346433605,2019
2019-11-05,29,5,5,-0.008973346666416521,-0.00325554316512668,-0.0028589017506449204,1.0,0.0,2.0,-0.0030589017506449205,-0.0034589017506449203,-0.0038589017506449204,2019
2019-11-06,29,5,5,-0.0074616433511084605,-0.011288218238368002,0.0019132874436297706,1.0,0.0,2.0,0.0017132874436297705,0.0013132874436297707,0.0009132874436297705,2019
2019-11-07,29,5,5,-0.008515798990720639,-0.0023962324296127996,-0.0030597832805539195,1.0,0.0,2.0,-0.0032597832805539195,-0.0036597832805539193,-0.0040597832805539195,2019
2019-11-08,29,5,5,-0.024083943816365957,0.007145409471961281,-0.01561467664416362,1.0,0.0,2.0,-0.015814676644163618,-0.01621467664416362,-0.01661467664416362,2019
2019-11-11,29,5,5,0.00874011154976722,-0.0005732860657354802,0.00465669880775135,1.0,0.0,2.0,0.0044566988077513504,0.00405669880775135,0.00365669880775135,2019
2019-11-12,29,5,5,-0.0039419204497381805,-0.0039004640465614996,-2.0728201588340444e-05,1.0,0.0,2.0,-0.00022072820158834045,-0.0006207282015883404,-0.0010207282015883405,2019
2019-11-13,29,5,5,0.008753419212028721,0.00112936674777034,0.0038120262321291905,1.0,0.0,2.0,0.0036120262321291904,0.0032120262321291906,0.0028120262321291905,2019
2019-11-14,29,5,5,-0.017368047034020742,-0.004512815494161481,-0.006427615769929631,1.0,0.0,2.0,-0.00662761576992963,-0.0070276157699296305,-0.007427615769929631,2019
2019-11-15,29,5,5,0.005608867104304518,0.00387834376832182,0.0008652616679913491,1.0,0.0,2.0,0.0006652616679913491,0.0002652616679913491,-0.00013473833200865096,2019
2019-11-18,29,5,5,0.0021017754816401997,0.01111228771938268,-0.00450525611887124,1.0,0.0,2.0,-0.00470525611887124,-0.00510525611887124,-0.00550525611887124,2019
2019-11-19,29,5,5,-0.0018389865208152997,0.00856180630710522,-0.00520039641396026,1.0,0.0,2.0,-0.005400396413960259,-0.0058003964139602595,-0.00620039641396026,2019
2019-11-20,29,5,5,-0.00166063748990712,0.00024524675030257996,-0.00095294212010485,1.0,0.0,2.0,-0.00115294212010485,-0.00155294212010485,-0.0019529421201048502,2019
2019-11-21,29,5,5,0.00801350751512636,-0.00055706216303778,0.00428528483908207,1.0,0.0,2.0,0.00408528483908207,0.00368528483908207,0.0032852848390820697,2019
2019-11-22,29,5,5,0.0026052332876389,-0.0020196866538127597,0.00231245997072583,1.0,0.0,2.0,0.0021124599707258297,0.00171245997072583,0.0013124599707258298,2019
2019-11-25,29,5,5,-0.007848653602874182,-0.012288947282529961,0.0022201468398278896,1.0,0.0,2.0,0.0020201468398278895,0.0016201468398278898,0.0012201468398278896,2019
2019-11-26,29,5,5,-0.0039672399612042,-0.0022695913909529597,-0.0008488242851256199,1.0,0.0,2.0,-0.00104882428512562,-0.0014488242851256198,-0.00184882428512562,2019
2019-11-27,29,5,5,-0.0027333064738125,-2.5631399532200037e-05,-0.00135383753714015,1.0,0.0,2.0,-0.00155383753714015,-0.00195383753714015,-0.00235383753714015,2019
2019-11-28,29,5,5,-0.0031074891432282593,0.0022041743329027402,-0.0026558317380654998,1.0,0.0,2.0,-0.0028558317380655,-0.0032558317380654996,-0.0036558317380655,2019
2019-11-29,29,5,5,-0.0012042713682566797,-0.007098917950502699,0.0029473232911230093,1.0,0.0,2.0,0.0027473232911230092,0.0023473232911230095,0.0019473232911230093,2019
2019-12-02,29,5,5,0.002104663162540479,0.00196371439419834,7.047438417106958e-05,1.0,0.0,2.0,-0.00012952561582893043,-0.0005295256158289304,-0.0009295256158289304,2019
2019-12-03,29,5,5,-0.0026480976312117195,0.0017151638617535394,-0.0021816307464826296,1.0,0.0,2.0,-0.0023816307464826296,-0.0027816307464826294,-0.0031816307464826296,2019
2019-12-04,29,5,5,0.0008574333541846599,0.00727064049378248,-0.00320660356979891,1.0,0.0,2.0,-0.00340660356979891,-0.00380660356979891,-0.00420660356979891,2019
2019-12-05,29,5,5,0.0012267608403582,0.0013678124724412202,-7.052581604151007e-05,1.0,0.0,2.0,-0.00027052581604151006,-0.00067052581604151,-0.00107052581604151,2019
2019-12-06,30,6,6,0.01775524218552155,0.0044545431985086,0.006650349493506475,1.0,0.0,2.0,0.0064503494935064755,0.006050349493506475,0.005650349493506475,2019
2019-12-09,30,6,6,-9.488476666866664e-05,-0.0015982116905020997,0.0007516634619167165,1.0,0.0,2.0,0.0005516634619167166,0.0001516634619167166,-0.0002483365380832835,2019
2019-12-10,30,6,6,0.009564930199095666,-0.0007297650228349668,0.005147347610965317,1.0,0.0,2.0,0.004947347610965317,0.004547347610965317,0.0041473476109653165,2019
2019-12-11,30,6,6,0.0022329827095268167,-0.006612291017142016,0.004422636863334417,1.0,0.0,2.0,0.004222636863334417,0.003822636863334417,0.0034226368633344167,2019
2019-12-12,30,6,6,-0.004446182757400501,0.002606640147160033,-0.003526411452280267,1.0,0.0,2.0,-0.0037264114522802673,-0.004126411452280267,-0.004526411452280267,2019
2019-12-13,30,6,6,0.0028603620697913337,-0.0017578555676531667,0.0023091088187222504,1.0,0.0,2.0,0.0021091088187222503,0.0017091088187222506,0.0013091088187222504,2019
2019-12-16,30,6,6,-0.0024316700815074,0.005108680989110733,-0.0037701755353090668,1.0,0.0,2.0,-0.0039701755353090664,-0.004370175535309067,-0.004770175535309067,2019
2019-12-17,30,6,6,-0.0027407887490836502,-0.003704568537501817,0.0004818898942090834,1.0,0.0,2.0,0.0002818898942090834,-0.00011811010579091655,-0.0005181101057909166,2019
2019-12-18,30,6,6,0.012964155714607984,0.0035104451096012994,0.004726855302503342,1.0,0.0,2.0,0.0045268553025033425,0.004126855302503342,0.003726855302503342,2019
2019-12-19,30,6,6,-0.003969283328562517,0.005688244411123567,-0.004828763869843042,1.0,0.0,2.0,-0.005028763869843042,-0.005428763869843042,-0.005828763869843042,2019
2019-12-20,30,6,6,0.00018510215740591665,-0.003855998066139017,0.0020205501117724666,1.0,0.0,2.0,0.0018205501117724665,0.0014205501117724667,0.0010205501117724666,2019
2019-12-23,30,6,6,0.0007405565579058998,-0.00188968397391595,0.001315120265910925,1.0,0.0,2.0,0.0011151202659109248,0.000715120265910925,0.0003151202659109249,2019
2019-12-24,30,6,6,-0.0006262463691778501,0.0021200278801769,-0.0013731371246773752,1.0,0.0,2.0,-0.0015731371246773753,-0.001973137124677375,-0.002373137124677375,2019
2019-12-25,30,6,6,-0.0006359197995007668,0.007373897857331901,-0.0040049088284163335,1.0,0.0,2.0,-0.004204908828416333,-0.004604908828416333,-0.0050049088284163335,2019
2019-12-26,30,6,6,0.00851988524569485,0.006830957184087767,0.0008444640308035412,1.0,0.0,2.0,0.0006444640308035412,0.00024446403080354126,-0.00015553596919645881,2019
2019-12-27,30,6,6,0.011380212729222119,0.0029131446106116497,0.004233534059305235,1.0,0.0,2.0,0.004033534059305235,0.003633534059305235,0.003233534059305235,2019
2019-12-30,30,6,6,-0.0033388712341542496,-0.003358739456922383,9.934111384066755e-06,1.0,0.0,2.0,-0.00019006588861593325,-0.0005900658886159332,-0.0009900658886159333,2019
2019-12-31,30,6,6,0.0031935684997274165,0.0007370410787763669,0.0012282637104755248,1.0,0.0,2.0,0.0010282637104755247,0.0006282637104755249,0.0002282637104755248,2019
2020-01-02,30,6,6,0.01977491531522233,0.0017237286017267163,0.009025593356747807,1.0,0.0,2.0,0.008825593356747806,0.008425593356747807,0.008025593356747806,2020
2020-01-03,30,6,6,0.016395585897978234,0.01017861901899775,0.0031084834394902424,1.0,0.0,2.0,0.0029084834394902423,0.0025084834394902425,0.0021084834394902423,2020
2020-01-06,30,6,6,0.0010698955413025665,-0.002486005503332183,0.0017779505223173748,1.0,0.0,2.0,0.0015779505223173747,0.0011779505223173748,0.0007779505223173748,2020
2020-01-07,30,6,6,0.017644836003321385,0.004079417977266383,0.006782709013027501,1.0,0.0,2.0,0.006582709013027501,0.006182709013027501,0.0057827090130275005,2020
2020-01-08,30,6,6,-0.0050488530652733,-0.022941418079242496,0.008946282506984598,1.0,0.0,2.0,0.008746282506984598,0.008346282506984598,0.007946282506984599,2020
2020-01-09,30,6,6,0.004994281558044133,0.003310299270791316,0.0008419911436264086,1.0,0.0,2.0,0.0006419911436264086,0.0002419911436264086,-0.00015800885637359146,2020
2020-01-10,30,6,6,0.005239963439420451,-0.002364656816987084,0.0038023101282037676,1.0,0.0,2.0,0.0036023101282037675,0.003202310128203768,0.0028023101282037676,2020
2020-01-13,30,6,6,-0.004584445358495033,-0.007140706908250767,0.0012781307748778673,1.0,0.0,2.0,0.0010781307748778672,0.0006781307748778674,0.0002781307748778673,2020
2020-01-14,30,6,6,-0.014745881231692333,-0.0021143079662810332,-0.0063157866327056495,1.0,0.0,2.0,-0.006515786632705649,-0.006915786632705649,-0.0073157866327056495,2020
2020-01-15,30,6,6,-0.0023782013240643495,0.0009853704887377997,-0.0016817859064010747,1.0,0.0,2.0,-0.0018817859064010748,-0.0022817859064010746,-0.0026817859064010748,2020
2020-01-16,30,6,6,0.006142818005109517,-0.0014850270588079,0.003813922531958709,1.0,0.0,2.0,0.0036139225319587087,0.003213922531958709,0.002813922531958709,2020
2020-01-17,30,6,6,0.0037648993298844,-0.008177711692216066,0.005971305511050233,1.0,0.0,2.0,0.005771305511050233,0.005371305511050233,0.004971305511050233,2020
2020-01-20,30,6,6,-0.00955606468789265,-0.005864101688293,-0.0018459814997998252,1.0,0.0,2.0,-0.0020459814997998253,-0.002445981499799825,-0.0028459814997998253,2020
2020-01-21,30,6,6,0.0029181501931383504,-0.00661599059128315,0.00476707039221075,1.0,0.0,2.0,0.00456707039221075,0.00416707039221075,0.00376707039221075,2020
2020-01-22,30,6,6,-0.012770633628449267,-0.010412863487193481,-0.0011788850706278926,1.0,0.0,2.0,-0.0013788850706278927,-0.0017788850706278924,-0.0021788850706278926,2020
2020-01-23,30,6,6,0.0008330361775781502,-0.0006848259061992333,0.0007589310418886917,1.0,0.0,2.0,0.0005589310418886918,0.0001589310418886918,-0.00024106895811130827,2020
2020-02-03,30,6,6,0.028245931302912686,0.015495602680987599,0.006375164310962544,1.0,0.0,2.0,0.006175164310962544,0.005775164310962544,0.005375164310962544,2020
2020-02-04,30,6,6,0.008132114138404834,0.00205803617627145,0.003037038981066692,1.0,0.0,2.0,0.002837038981066692,0.002437038981066692,0.002037038981066692,2020
2020-02-05,30,6,6,0.008660978226002267,0.003417448779850734,0.0026217647230757663,1.0,0.0,2.0,0.0024217647230757662,0.0020217647230757665,0.0016217647230757663,2020
2020-02-06,30,6,6,0.0015247768561933671,0.0037831963056208996,-0.0011292097247137664,1.0,0.0,2.0,-0.0013292097247137665,-0.0017292097247137662,-0.0021292097247137664,2020
2020-02-07,30,6,6,0.0016270107392214663,0.003529358308271333,-0.0009511737845249334,1.0,0.0,2.0,-0.0011511737845249334,-0.0015511737845249334,-0.0019511737845249334,2020
2020-02-10,30,6,6,0.004180045535253183,0.0019600284465209833,0.0011100085443661,1.0,0.0,2.0,0.0009100085443661,0.0005100085443661,0.00011000854436609992,2020
2020-02-11,30,6,6,-0.00253540566750125,-0.00021866353946684968,-0.0011583710640172002,1.0,0.0,2.0,-0.0013583710640172003,-0.0017583710640172003,-0.0021583710640172005,2020
2020-02-12,30,6,6,-0.0025869992222146165,-0.004951833750427099,0.0011824172641062413,1.0,0.0,2.0,0.0009824172641062412,0.0005824172641062413,0.00018241726410624126,2020
2020-02-13,30,6,6,-0.001529920134594167,0.0008284135991610832,-0.001179166866877625,1.0,0.0,2.0,-0.001379166866877625,-0.0017791668668776248,-0.002179166866877625,2020
2020-02-14,30,6,6,0.010816913486757266,0.00286571464184155,0.0039755994224578576,1.0,0.0,2.0,0.0037755994224578575,0.0033755994224578577,0.0029755994224578575,2020
2020-02-17,30,6,6,-0.0062437059532711335,-0.0077054019597032,0.0007308480032160334,1.0,0.0,2.0,0.0005308480032160334,0.00013084800321603348,-0.0002691519967839666,2020
2020-02-18,30,6,6,0.004021819822612366,0.00375902643332615,0.00013139669464310778,1.0,0.0,2.0,-6.860330535689223e-05,-0.00046860330535689217,-0.0008686033053568922,2020
2020-02-19,30,6,6,0.008888266984115016,0.006124345570027733,0.0013819607070436413,1.0,0.0,2.0,0.0011819607070436412,0.0007819607070436414,0.0003819607070436413,2020
2020-02-20,30,6,6,-0.0026367276806171327,0.0031475699584113327,-0.0028921488195142327,1.0,0.0,2.0,-0.003092148819514233,-0.0034921488195142326,-0.0038921488195142327,2020
2020-02-21,30,6,6,-0.005397981021665683,-0.005697445532613599,0.00014973225547395804,1.0,0.0,2.0,-5.026774452604197e-05,-0.0004502677445260419,-0.000850267744526042,2020
2020-02-24,30,6,6,0.009526490489492249,0.005753935740193433,0.0018862773746494079,1.0,0.0,2.0,0.0016862773746494078,0.001286277374649408,0.0008862773746494078,2020
2020-02-25,30,6,6,-0.0041597960866768995,-0.0061296073930825505,0.0009849056532028255,1.0,0.0,2.0,0.0007849056532028255,0.00038490565320282554,-1.509434679717453e-05,2020
2020-02-26,30,6,6,-0.006645070213156051,-0.0037835395617102498,-0.0014307653257229008,1.0,0.0,2.0,-0.0016307653257229009,-0.002030765325722901,-0.0024307653257229006,2020
2020-02-27,30,6,6,-0.017420940964544517,-0.010578980237217333,-0.003420980363663592,1.0,0.0,2.0,-0.003620980363663592,-0.004020980363663592,-0.004420980363663592,2020
2020-02-28,30,6,6,0.030374376682490167,0.014528846374333932,0.007922765154078117,1.0,0.0,2.0,0.007722765154078117,0.007322765154078117,0.006922765154078117,2020
2020-03-02,30,6,6,-0.01127195700381585,-0.008633940854736616,-0.0013190080745396167,1.0,0.0,2.0,-0.0015190080745396167,-0.0019190080745396165,-0.0023190080745396167,2020
2020-03-03,30,6,6,0.008205962160094385,0.003718427907716667,0.0022437671261888587,1.0,0.0,2.0,0.0020437671261888586,0.0016437671261888588,0.0012437671261888586,2020
2020-03-04,30,6,6,-0.0017964125450775001,0.0010373345668197667,-0.0014168735559486334,1.0,0.0,2.0,-0.0016168735559486335,-0.0020168735559486332,-0.0024168735559486334,2020
2020-03-05,30,6,6,-0.007788183407880051,-0.0053212004214474,-0.0012334914932163252,1.0,0.0,2.0,-0.0014334914932163253,-0.001833491493216325,-0.002233491493216325,2020
2020-03-06,30,6,6,0.007511540669335383,0.007894718974169266,-0.00019158915241694174,1.0,0.0,2.0,-0.0003915891524169417,-0.0007915891524169417,-0.0011915891524169418,2020
2020-03-09,30,6,6,0.018931540364603133,0.010702683323221584,0.004114428520690774,1.0,0.0,2.0,0.0039144285206907745,0.0035144285206907743,0.003114428520690774,2020
2020-03-10,30,6,6,-0.021362817500210806,-0.0041544951604723995,-0.008604161169869203,1.0,0.0,2.0,-0.008804161169869203,-0.009204161169869203,-0.009604161169869202,2020
2020-03-11,30,6,6,-0.008130179725793217,-0.011385900429277533,0.001627860351742158,1.0,0.0,2.0,0.001427860351742158,0.0010278603517421582,0.000627860351742158,2020
2020-03-12,30,6,6,0.014500139162943433,0.011449147281585964,0.0015254959406787345,1.0,0.0,2.0,0.0013254959406787344,0.0009254959406787346,0.0005254959406787345,2020
2020-03-13,30,6,6,-0.010375809682679267,-0.0034966452914997497,-0.003439582195589759,1.0,0.0,2.0,-0.003639582195589759,-0.004039582195589759,-0.004439582195589759,2020
2020-03-16,30,6,6,0.008287547129769817,0.004463727168330233,0.001911909980719792,1.0,0.0,2.0,0.001711909980719792,0.0013119099807197923,0.0009119099807197921,2020
2020-03-17,30,6,6,-0.008099444879018034,-0.0209414327248006,0.006420993922891283,1.0,0.0,2.0,0.0062209939228912835,0.005820993922891283,0.005420993922891283,2020
2020-03-18,30,6,6,-0.008501661432412067,-0.01940196876621223,0.005450153666900082,1.0,0.0,2.0,0.0052501536669000825,0.004850153666900082,0.004450153666900082,2020
2020-03-19,30,6,6,0.00045448123064703295,-0.0005363096545313164,0.0004953954425891747,1.0,0.0,2.0,0.0002953954425891747,-0.00010460455741082529,-0.0005046045574108254,2020
2020-03-20,30,6,6,0.003196193915647299,0.009489892166477333,-0.003146849125415017,1.0,0.0,2.0,-0.003346849125415017,-0.003746849125415017,-0.004146849125415017,2020
2020-03-23,30,6,6,-0.0023593667285565336,-0.0015870847437512339,-0.00038614099240264984,1.0,0.0,2.0,-0.0005861409924026498,-0.0009861409924026498,-0.0013861409924026498,2020
2020-03-24,30,6,6,0.0009067339727553497,0.008785226422645934,-0.003939246224945292,1.0,0.0,2.0,-0.004139246224945292,-0.004539246224945292,-0.004939246224945292,2020
2020-03-25,30,6,6,-0.014649301448586734,-0.006325833980043133,-0.0041617337342718,1.0,0.0,2.0,-0.0043617337342718,-0.0047617337342718,-0.0051617337342718,2020
2020-03-26,30,6,6,-0.0024781075472040327,0.0022354732682763664,-0.0023567904077401993,1.0,0.0,2.0,-0.0025567904077401994,-0.002956790407740199,-0.0033567904077401994,2020
2020-03-27,30,6,6,-0.01769177619255328,-0.004463327351817117,-0.0066142244203680825,1.0,0.0,2.0,-0.006814224420368082,-0.007214224420368082,-0.0076142244203680825,2020
2020-03-30,30,6,6,0.01343538381476115,-0.0021523990199603005,0.007793891417360725,1.0,0.0,2.0,0.007593891417360725,0.007193891417360725,0.006793891417360725,2020
2020-03-31,30,6,6,-0.0050405360894402495,-0.012995578639055351,0.003977521274807551,1.0,0.0,2.0,0.003777521274807551,0.0033775212748075514,0.002977521274807551,2020
2020-04-01,30,6,6,0.01888943798524715,0.01992214087200207,-0.0005163514433774597,1.0,0.0,2.0,-0.0007163514433774597,-0.0011163514433774595,-0.0015163514433774597,2020
2020-04-02,30,6,6,-0.017304287748060598,-0.016676831623837433,-0.00031372806211158247,1.0,0.0,2.0,-0.0005137280621115824,-0.0009137280621115824,-0.0013137280621115825,2020
2020-04-03,30,6,6,0.0019433552803930169,0.00019140701212159994,0.0008759741341357085,1.0,0.0,2.0,0.0006759741341357085,0.0002759741341357085,-0.00012402586586429155,2020
2020-04-07,30,6,6,0.013730081946736734,0.014503831822142316,-0.000386874937702791,1.0,0.0,2.0,-0.000586874937702791,-0.0009868749377027908,-0.001386874937702791,2020
2020-04-08,30,6,6,0.009370413688225715,0.004974725519839568,0.0021978440841930735,1.0,0.0,2.0,0.0019978440841930734,0.0015978440841930737,0.0011978440841930735,2020
2020-04-09,30,6,6,0.015160851202914633,0.0024608794201796667,0.006349985891367483,1.0,0.0,2.0,0.0061499858913674835,0.005749985891367483,0.005349985891367483,2020
2020-04-10,30,6,6,-0.012310850363369,-0.013790288962304734,0.000739719299467867,1.0,0.0,2.0,0.000539719299467867,0.00013971929946786702,-0.00026028070053213306,2020
2020-04-13,30,6,6,-0.0009440988283403166,-0.014983042203393882,0.007019471687526782,1.0,0.0,2.0,0.006819471687526783,0.006419471687526782,0.006019471687526782,2020
2020-04-14,30,6,6,-0.0014925409178372167,0.002584496003181566,-0.0020385184605093915,1.0,0.0,2.0,-0.0022385184605093916,-0.0026385184605093913,-0.0030385184605093915,2020
2020-04-15,30,6,6,0.0004677037508767159,-0.012269261584890966,0.006368482667883841,1.0,0.0,2.0,0.006168482667883841,0.005768482667883841,0.005368482667883841,2020
2020-04-16,30,6,6,0.00182424644972375,0.006471171451176917,-0.0023234625007265836,1.0,0.0,2.0,-0.0025234625007265836,-0.0029234625007265834,-0.0033234625007265836,2020
2020-04-17,30,6,6,0.0009236237452260662,0.012535893735882599,-0.005806134995328266,1.0,0.0,2.0,-0.006006134995328266,-0.006406134995328266,-0.006806134995328266,2020
2020-04-20,30,6,6,-0.017770854359171046,-0.019297978438241867,0.0007635620395354103,1.0,0.0,2.0,0.0005635620395354103,0.00016356203953541034,-0.00023643796046458974,2020
2020-04-21,30,6,6,0.0016789998274026167,0.0031658111328550496,-0.0007434056527262164,1.0,0.0,2.0,-0.0009434056527262164,-0.0013434056527262164,-0.0017434056527262163,2020
2020-04-22,30,6,6,0.03650591984140759,0.01497745340488225,0.01076423321826267,1.0,0.0,2.0,0.01056423321826267,0.01016423321826267,0.009764233218262669,2020
2020-04-23,30,6,6,-0.0015083105022485838,-0.009279362358426498,0.003885525928088957,1.0,0.0,2.0,0.003685525928088957,0.0032855259280889573,0.002885525928088957,2020
2020-04-24,30,6,6,-0.0045465694690965995,-0.0011568325489197835,-0.001694868460088408,1.0,0.0,2.0,-0.001894868460088408,-0.0022948684600884077,-0.002694868460088408,2020
2020-04-27,30,6,6,0.005748486310553133,-0.00810807650408615,0.006928281407319641,1.0,0.0,2.0,0.006728281407319642,0.006328281407319641,0.005928281407319641,2020
2020-04-28,30,6,6,0.002552070844426883,-0.005419238863251449,0.003985654853839166,1.0,0.0,2.0,0.003785654853839166,0.003385654853839166,0.002985654853839166,2020
2020-04-29,30,6,6,0.004303391527205283,-0.003801440495267683,0.004052416011236483,1.0,0.0,2.0,0.0038524160112364827,0.003452416011236483,0.0030524160112364827,2020
2020-04-30,30,6,6,-0.00695967318638925,-0.0017285032024686668,-0.0026155849919602915,1.0,0.0,2.0,-0.0028155849919602916,-0.0032155849919602913,-0.0036155849919602915,2020
2020-05-06,30,6,6,0.006848035348111432,0.0046223045430692335,0.0011128654025210991,1.0,0.0,2.0,0.0009128654025210991,0.0005128654025210992,0.0001128654025210991,2020
2020-05-07,30,6,6,-0.001735804887744266,0.000352971081013733,-0.0010443879843789995,1.0,0.0,2.0,-0.0012443879843789995,-0.0016443879843789995,-0.0020443879843789993,2020
2020-05-08,30,6,6,-0.013193080164826518,-0.0075981276438556,-0.0027974762604854593,1.0,0.0,2.0,-0.0029974762604854594,-0.003397476260485459,-0.0037974762604854593,2020
2020-05-11,30,6,6,-0.012119924321139617,-0.001491342925575417,-0.0053142906977821005,1.0,0.0,2.0,-0.0055142906977821,-0.0059142906977821,-0.0063142906977821005,2020
2020-05-12,30,6,6,-0.0029387852129153335,0.00016532176662458308,-0.0015520534897699584,1.0,0.0,2.0,-0.0017520534897699585,-0.0021520534897699582,-0.0025520534897699584,2020
2020-05-13,30,6,6,-0.004094921872550367,-0.002252334047279017,-0.0009212939126356748,1.0,0.0,2.0,-0.001121293912635675,-0.0015212939126356749,-0.0019212939126356748,2020
2020-05-14,30,6,6,0.010150293715604233,0.021169529079108882,-0.005509617681752324,1.0,0.0,2.0,-0.005709617681752324,-0.006109617681752324,-0.006509617681752324,2020
2020-05-15,30,6,6,0.010389844187834467,0.02473322795656117,-0.007171691884363352,1.0,0.0,2.0,-0.007371691884363351,-0.0077716918843633515,-0.008171691884363352,2020
2020-05-18,30,6,6,0.0022655527570579668,-0.00026319645403853246,0.0012643746055482495,1.0,0.0,2.0,0.0010643746055482494,0.0006643746055482496,0.0002643746055482495,2020
2020-05-19,30,6,6,0.004962889541565633,0.0054643285012265334,-0.00025071947983045005,1.0,0.0,2.0,-0.00045071947983045004,-0.00085071947983045,-0.00125071947983045,2020
2020-05-20,30,6,6,0.0022939501649617174,0.001452586797413883,0.00042068168377391716,1.0,0.0,2.0,0.00022068168377391715,-0.0001793183162260828,-0.0005793183162260829,2020
2020-05-21,30,6,6,-0.017802531093372334,-0.024032750078847986,0.003115109492737826,1.0,0.0,2.0,0.0029151094927378257,0.002515109492737826,0.002115109492737826,2020
2020-05-22,30,6,6,0.014254462120682466,0.0028729033122090832,0.005690779404236692,1.0,0.0,2.0,0.005490779404236692,0.005090779404236692,0.004690779404236692,2020
2020-05-25,30,6,6,0.00195383658339755,0.0002862316934076168,0.0008338024449949666,1.0,0.0,2.0,0.0006338024449949666,0.00023380244499496662,-0.00016619755500503345,2020
2020-05-26,30,6,6,0.0011178841026720833,0.00018615090721894995,0.00046586659772656665,1.0,0.0,2.0,0.0002658665977265666,-0.0001341334022734333,-0.0005341334022734333,2020
2020-05-27,30,6,6,0.005346795165346433,0.0004697862858271666,0.0024385044397596334,1.0,0.0,2.0,0.0022385044397596333,0.0018385044397596336,0.0014385044397596334,2020
2020-05-28,30,6,6,0.003288444330664067,-0.0007187995728952833,0.002003621951779675,1.0,0.0,2.0,0.001803621951779675,0.0014036219517796753,0.0010036219517796752,2020
2020-05-29,30,6,6,0.00893254505337845,0.007230255408281199,0.000851144822548625,1.0,0.0,2.0,0.000651144822548625,0.00025114482254862504,-0.00014885517745137503,2020
2020-06-01,30,6,6,0.0033170966436718834,0.0016870932947706,0.0008150016744506417,1.0,0.0,2.0,0.0006150016744506417,0.00021500167445064175,-0.00018499832554935832,2020
2020-06-02,30,6,6,0.0170918758922799,-0.001031153142510183,0.009061514517395041,1.0,0.0,2.0,0.008861514517395041,0.008461514517395042,0.008061514517395042,2020
2020-06-03,30,6,6,-0.005239797930552483,-0.006962556904903751,0.0008613794871756338,1.0,0.0,2.0,0.0006613794871756338,0.0002613794871756339,-0.0001386205128243662,2020
2020-06-04,30,6,6,0.006788352437753016,0.003440377668487584,0.0016739873846327161,1.0,0.0,2.0,0.001473987384632716,0.001073987384632716,0.0006739873846327161,2020
2020-06-05,30,6,6,0.006448894464070466,-0.0007438041399208331,0.00359634930199565,1.0,0.0,2.0,0.0033963493019956497,0.00299634930199565,0.00259634930199565,2020
2020-06-08,30,6,6,-0.00026445366448180015,5.036995720306652e-05,-0.00015741181084243333,1.0,0.0,2.0,-0.0003574118108424333,-0.0007574118108424333,-0.0011574118108424332,2020
2020-06-09,30,6,6,-0.0024389110783187328,-0.0011342422451682997,-0.0006523344165752166,1.0,0.0,2.0,-0.0008523344165752165,-0.0012523344165752165,-0.0016523344165752167,2020
2020-06-10,30,6,6,-0.011679983192075917,-0.0007728959782357333,-0.005453543606920092,1.0,0.0,2.0,-0.005653543606920092,-0.006053543606920092,-0.006453543606920092,2020
2020-06-11,30,6,6,-0.0011824188289000668,-0.0021534768434760833,0.00048552900728800826,1.0,0.0,2.0,0.0002855290072880083,-0.00011447099271199169,-0.0005144709927119918,2020
2020-06-12,30,6,6,-0.011332913392540167,-0.008603635484023084,-0.0013646389542585416,1.0,0.0,2.0,-0.0015646389542585417,-0.0019646389542585414,-0.0023646389542585416,2020
2020-06-15,30,6,6,0.019192687979633898,0.0074168480095138005,0.005887919985060049,1.0,0.0,2.0,0.00568791998506005,0.0052879199850600495,0.004887919985060049,2020
2020-06-16,30,6,6,-0.006349491349680349,-0.006690152093924967,0.00017033037212230888,1.0,0.0,2.0,-2.9669627877691127e-05,-0.00042966962787769106,-0.0008296696278776911,2020
2020-06-17,30,6,6,0.0012695067030486834,0.005267436762065183,-0.0019989650295082497,1.0,0.0,2.0,-0.00219896502950825,-0.0025989650295082495,-0.0029989650295082497,2020
2020-06-18,30,6,6,0.010533603012595302,0.006389438435448584,0.002072082288573359,1.0,0.0,2.0,0.001872082288573359,0.0014720822885733592,0.001072082288573359,2020
2020-06-19,30,6,6,-0.010307672082449116,-0.005658312992090834,-0.0023246795451791406,1.0,0.0,2.0,-0.0025246795451791407,-0.0029246795451791405,-0.0033246795451791406,2020
2020-06-22,30,6,6,0.003424481888873649,-0.0027014353056284165,0.0030629585972510327,1.0,0.0,2.0,0.0028629585972510326,0.002462958597251033,0.0020629585972510326,2020
2020-06-23,30,6,6,-0.0023132590629327166,-0.0024156523161466834,5.119662660698341e-05,1.0,0.0,2.0,-0.0001488033733930166,-0.0005488033733930165,-0.0009488033733930166,2020
2020-06-24,30,6,6,-0.010389132327671751,0.002943454375387833,-0.0066662933515297925,1.0,0.0,2.0,-0.006866293351529792,-0.007266293351529792,-0.0076662933515297925,2020
2020-06-29,30,6,6,0.009150948712945533,0.0011219676311414331,0.00401449054090205,1.0,0.0,2.0,0.0038144905409020495,0.0034144905409020498,0.0030144905409020496,2020
2020-06-30,30,6,6,0.0031728725319836,0.007928824293566967,-0.0023779758807916836,1.0,0.0,2.0,-0.0025779758807916837,-0.0029779758807916834,-0.0033779758807916836,2020
2020-07-01,30,6,6,0.008324877154097084,0.0050377649831831,0.0016435560854569918,1.0,0.0,2.0,0.0014435560854569917,0.001043556085456992,0.0006435560854569917,2020
2020-07-02,30,6,6,0.009960185218027016,0.0063505522497871005,0.001804816484119958,1.0,0.0,2.0,0.001604816484119958,0.0012048164841199581,0.000804816484119958,2020
2020-07-03,30,6,6,0.0048955262240035,0.007965817637502851,-0.0015351457067496756,1.0,0.0,2.0,-0.0017351457067496757,-0.0021351457067496755,-0.0025351457067496756,2020
2020-07-06,30,6,6,-0.007508350541673449,0.0033373608787746005,-0.005422855710224024,1.0,0.0,2.0,-0.005622855710224024,-0.006022855710224024,-0.0064228557102240244,2020
2020-07-07,30,6,6,0.009281694609751383,0.0081655171492045,0.0005580887302734415,1.0,0.0,2.0,0.00035808873027344155,-4.1911269726558416e-05,-0.0004419112697265585,2020
2020-07-08,30,6,6,0.0022539239185801496,0.006578137228227916,-0.002162106654823883,1.0,0.0,2.0,-0.002362106654823883,-0.002762106654823883,-0.003162106654823883,2020
2020-07-09,30,6,6,-0.015223373882940436,-0.01295660004711417,-0.0011333869179131328,1.0,0.0,2.0,-0.0013333869179131329,-0.0017333869179131326,-0.002133386917913133,2020
2020-07-10,30,6,6,0.006428035483013832,0.008962780985772266,-0.0012673727513792168,1.0,0.0,2.0,-0.0014673727513792169,-0.0018673727513792166,-0.002267372751379217,2020
2020-07-13,30,6,6,-0.001263374980926233,0.0008198049476255669,-0.0010415899642759,1.0,0.0,2.0,-0.0012415899642759,-0.0016415899642758997,-0.0020415899642759,2020
2020-07-14,30,6,6,0.002098634172556017,0.007504126392894749,-0.0027027461101693656,1.0,0.0,2.0,-0.0029027461101693657,-0.0033027461101693655,-0.0037027461101693656,2020
2020-07-15,30,6,6,-0.006101203527051416,-0.0023569287578509503,-0.0018721373846002328,1.0,0.0,2.0,-0.0020721373846002327,-0.002472137384600233,-0.002872137384600233,2020
2020-07-16,30,6,6,0.004103172926875017,0.015179418737901332,-0.005538122905513157,1.0,0.0,2.0,-0.005738122905513157,-0.006138122905513157,-0.006538122905513157,2020
2020-07-17,30,6,6,0.0021226155137412665,0.0035608157926201,-0.0007191001394394167,1.0,0.0,2.0,-0.0009191001394394167,-0.0013191001394394167,-0.0017191001394394167,2020
2020-07-20,30,6,6,0.01221313143277205,0.002158398445382417,0.005027366493694816,1.0,0.0,2.0,0.004827366493694816,0.004427366493694816,0.004027366493694816,2020
2020-07-21,30,6,6,-0.0022299440107128496,0.0026372921973835,-0.002433618104048175,1.0,0.0,2.0,-0.002633618104048175,-0.0030336181040481747,-0.003433618104048175,2020
2020-07-22,30,6,6,0.004109192277530983,0.007996246315975666,-0.0019435270192223416,1.0,0.0,2.0,-0.0021435270192223417,-0.0025435270192223415,-0.0029435270192223416,2020
2020-07-23,30,6,6,-0.009352070867755666,-0.0061132922544905,-0.0016193893066325832,1.0,0.0,2.0,-0.0018193893066325833,-0.002219389306632583,-0.0026193893066325832,2020
2020-07-24,30,6,6,0.002046476532271133,0.0174298003928555,-0.007691661930292183,1.0,0.0,2.0,-0.007891661930292183,-0.008291661930292184,-0.008691661930292183,2020
2020-07-27,30,6,6,0.001192356205844333,-0.005517541661867468,0.0033549489338559006,1.0,0.0,2.0,0.0031549489338559005,0.0027549489338559007,0.0023549489338559005,2020
2020-07-28,30,6,6,0.0075570160753846176,0.005922336763510401,0.0008173396559371083,1.0,0.0,2.0,0.0006173396559371083,0.00021733965593710833,-0.00018266034406289175,2020
2020-07-29,30,6,6,-0.00409227944449475,0.0016875231851647837,-0.0028899013148297667,1.0,0.0,2.0,-0.003089901314829767,-0.0034899013148297665,-0.0038899013148297667,2020
2020-07-30,30,6,6,0.0032843612199853337,-0.0022638980360096166,0.0027741296279974754,1.0,0.0,2.0,0.0025741296279974753,0.0021741296279974755,0.0017741296279974754,2020
2020-07-31,30,6,6,0.0010150606062471663,0.007206845927357884,-0.003095892660555359,1.0,0.0,2.0,-0.003295892660555359,-0.0036958926605553588,-0.004095892660555359,2020
2020-08-03,30,6,6,0.003289397159594233,0.011346409426598534,-0.004028506133502151,1.0,0.0,2.0,-0.00422850613350215,-0.00462850613350215,-0.005028506133502151,2020
2020-08-04,30,6,6,0.016332469509205548,-0.0004935922209908164,0.008413030865098182,1.0,0.0,2.0,0.008213030865098182,0.007813030865098183,0.0074130308650981825,2020
2020-08-05,30,6,6,0.0012503398504600837,0.003769761067200717,-0.0012597106083703166,1.0,0.0,2.0,-0.0014597106083703167,-0.0018597106083703165,-0.0022597106083703166,2020
2020-08-06,30,6,6,0.0006461145762556315,0.003658102150120084,-0.0015059937869322264,1.0,0.0,2.0,-0.0017059937869322265,-0.0021059937869322264,-0.0025059937869322266,2020
2020-08-07,30,6,6,-0.007451013178977516,-0.0048055486300782,-0.001322732274449658,1.0,0.0,2.0,-0.001522732274449658,-0.0019227322744496578,-0.002322732274449658,2020
2020-08-10,30,6,6,-0.0021784402255925995,0.00019921998111138302,-0.0011888301033519913,1.0,0.0,2.0,-0.0013888301033519914,-0.0017888301033519914,-0.002188830103351991,2020
2020-08-11,30,6,6,-0.0021656950522506665,-0.0086625795103336,0.003248442229041467,1.0,0.0,2.0,0.003048442229041467,0.002648442229041467,0.002248442229041467,2020
2020-08-12,30,6,6,0.00039060325573744993,-0.002715426196773684,0.001553014726255567,1.0,0.0,2.0,0.001353014726255567,0.0009530147262555672,0.0005530147262555671,2020
2020-08-13,30,6,6,0.0048142980808805165,-0.002695176808235583,0.00375473744455805,1.0,0.0,2.0,0.0035547374445580497,0.00315473744455805,0.00275473744455805,2020
2020-08-14,30,6,6,0.0036238969957502003,0.00796500894992605,-0.0021705559770879247,1.0,0.0,2.0,-0.0023705559770879248,-0.0027705559770879245,-0.0031705559770879247,2020
2020-08-17,30,6,6,0.005760564111413916,-0.0010839602207482499,0.003422262166081083,1.0,0.0,2.0,0.003222262166081083,0.002822262166081083,0.002422262166081083,2020
2020-08-18,30,6,6,-0.0099881732073501,-0.006393490421572184,-0.001797341392888958,1.0,0.0,2.0,-0.001997341392888958,-0.002397341392888958,-0.002797341392888958,2020
2020-08-19,30,6,6,0.0003363470315371336,-0.005580935129655767,0.0029586410805964502,1.0,0.0,2.0,0.00275864108059645,0.0023586410805964504,0.00195864108059645,2020
2020-08-20,30,6,6,-0.00235579143821165,-0.00254692025423445,9.556440801140008e-05,1.0,0.0,2.0,-0.00010443559198859993,-0.0005044355919885999,-0.0009044355919885999,2020
2020-08-21,30,6,6,0.008515576072444965,0.0056568889879766845,0.0014293435422341404,1.0,0.0,2.0,0.0012293435422341403,0.0008293435422341405,0.0004293435422341404,2020
2020-08-24,30,6,6,-0.0084832336218196,-0.00125837582379235,-0.0036124288990136253,1.0,0.0,2.0,-0.0038124288990136253,-0.0042124288990136255,-0.004612428899013626,2020
2020-08-25,30,6,6,0.0017766584210558167,-8.534703927894997e-05,0.0009310027301673834,1.0,0.0,2.0,0.0007310027301673834,0.0003310027301673834,-6.899726983261665e-05,2020
2020-08-26,30,6,6,0.005905757566912001,-0.0054674809762936165,0.005686619271602808,1.0,0.0,2.0,0.005486619271602809,0.0050866192716028085,0.004686619271602808,2020
2020-08-27,30,6,6,0.0070827220986566,0.004235475475234984,0.001423623311710808,1.0,0.0,2.0,0.0012236233117108078,0.000823623311710808,0.0004236233117108079,2020
2020-08-28,30,6,6,0.013110587679581731,0.004906451623321383,0.004102068028130174,1.0,0.0,2.0,0.003902068028130174,0.003502068028130174,0.003102068028130174,2020
2020-08-31,30,6,6,0.0014714693346503833,0.00011139493741130014,0.0006800371986195416,1.0,0.0,2.0,0.0004800371986195416,8.003719861954164e-05,-0.00031996280138045844,2020
2020-09-01,30,6,6,0.0052904887221975165,0.0019080320019033167,0.0016912283601471,1.0,0.0,2.0,0.0014912283601471,0.0010912283601471002,0.0006912283601471,2020
2020-09-02,30,6,6,-0.011067332667992749,-0.004171116800354816,-0.0034481079338189663,1.0,0.0,2.0,-0.0036481079338189664,-0.004048107933818966,-0.004448107933818966,2020
2020-09-03,30,6,6,-0.009286942954316967,-0.006580793714549983,-0.0013530746198834919,1.0,0.0,2.0,-0.001553074619883492,-0.0019530746198834917,-0.002353074619883492,2020
2020-09-04,30,6,6,-0.008914743066279115,0.0009844785195202667,-0.0049496107928996905,1.0,0.0,2.0,-0.00514961079289969,-0.00554961079289969,-0.0059496107928996905,2020
2020-09-07,30,6,6,-0.002113923170364633,-0.003945903231587617,0.0009159900306114918,1.0,0.0,2.0,0.0007159900306114919,0.0003159900306114919,-8.400996938850817e-05,2020
2020-09-08,30,6,6,-0.008596496260917233,-0.003923184808948267,-0.002336655725984483,1.0,0.0,2.0,-0.002536655725984483,-0.002936655725984483,-0.003336655725984483,2020
2020-09-09,30,6,6,-0.002248157381596333,0.00039078021588433344,-0.001319468798740333,1.0,0.0,2.0,-0.0015194687987403332,-0.0019194687987403331,-0.0023194687987403333,2020
2020-09-10,30,6,6,0.006249472888988034,0.0091954291520863,-0.001472978131549133,1.0,0.0,2.0,-0.001672978131549133,-0.0020729781315491328,-0.002472978131549133,2020
2020-09-11,30,6,6,0.008730883463652217,0.007070846452425966,0.0008300185056131257,1.0,0.0,2.0,0.0006300185056131257,0.00023001850561312571,-0.00016998149438687436,2020
2020-09-14,30,6,6,-0.01105035573318295,-0.0023652251499771,-0.004342565291602925,1.0,0.0,2.0,-0.004542565291602924,-0.004942565291602924,-0.005342565291602925,2020
2020-09-15,30,6,6,-0.0010551502564944838,-0.013233488570147367,0.006089169156826442,1.0,0.0,2.0,0.005889169156826442,0.005489169156826442,0.005089169156826442,2020
2020-09-16,30,6,6,-0.0060346786269437165,0.006250600968775835,-0.006142639797859776,1.0,0.0,2.0,-0.006342639797859775,-0.006742639797859776,-0.007142639797859776,2020
2020-09-17,30,6,6,0.0165591028420113,0.019919434865558364,-0.001680166011773532,1.0,0.0,2.0,-0.0018801660117735322,-0.002280166011773532,-0.002680166011773532,2020
2020-09-18,30,6,6,-0.0021343242122172836,0.004683423109740983,-0.003408873660979133,1.0,0.0,2.0,-0.0036088736609791333,-0.004008873660979133,-0.004408873660979133,2020
2020-09-21,30,6,6,-0.01634726989693815,-0.01985108943919135,0.0017519097711265995,1.0,0.0,2.0,0.0015519097711265994,0.0011519097711265996,0.0007519097711265995,2020
2020-09-22,30,6,6,-0.013495779212393732,-0.0154381843283004,0.0009712025579533337,1.0,0.0,2.0,0.0007712025579533337,0.00037120255795333376,-2.879744204666631e-05,2020
2020-09-23,30,6,6,-0.011404581241753533,-0.006669533389303082,-0.0023675239262252253,1.0,0.0,2.0,-0.0025675239262252254,-0.002967523926225225,-0.0033675239262252253,2020
2020-09-24,30,6,6,0.009006918975655616,0.0074654813941829,0.000770718790736358,1.0,0.0,2.0,0.000570718790736358,0.00017071879073635805,-0.00022928120926364202,2020
2020-09-25,30,6,6,0.0012130594863928998,0.002633048158058667,-0.0007099943358328837,1.0,0.0,2.0,-0.0009099943358328837,-0.0013099943358328837,-0.0017099943358328837,2020
2020-09-28,30,6,6,0.0055063992218224,0.0042598647418646005,0.0006232672399788999,1.0,0.0,2.0,0.0004232672399788999,2.3267239978899917e-05,-0.00037673276002110016,2020
2020-09-29,30,6,6,-0.0042825143761788175,0.003851027123392383,-0.004066770749785601,1.0,0.0,2.0,-0.0042667707497856,-0.004666770749785601,-0.005066770749785601,2020
2020-09-30,30,6,6,0.015992259779529214,0.010518593665495233,0.0027368330570169902,1.0,0.0,2.0,0.00253683305701699,0.0021368330570169904,0.0017368330570169902,2020
2020-10-09,30,6,6,0.017517491055631565,0.019572135582360185,-0.0010273222633643102,1.0,0.0,2.0,-0.0012273222633643103,-0.00162732226336431,-0.00202732226336431,2020
2020-10-12,30,6,6,-0.003641576035558217,-0.0009827146960482331,-0.0013294306697549919,1.0,0.0,2.0,-0.001529430669754992,-0.0019294306697549917,-0.002329430669754992,2020
2020-10-13,30,6,6,0.00074715101435055,0.0022605337434747834,-0.0007566913645621167,1.0,0.0,2.0,-0.0009566913645621167,-0.0013566913645621168,-0.0017566913645621167,2020
2020-10-14,30,6,6,-0.0065298554052434996,-0.0037678802243264506,-0.0013809875904585245,1.0,0.0,2.0,-0.0015809875904585246,-0.0019809875904585245,-0.0023809875904585243,2020
2020-10-15,30,6,6,0.009822541955933017,0.013823973023381583,-0.002000715533724283,1.0,0.0,2.0,-0.002200715533724283,-0.0026007155337242826,-0.003000715533724283,2020
2020-10-16,30,6,6,-0.009929579289742868,0.0019786354479875835,-0.005954107368865226,1.0,0.0,2.0,-0.0061541073688652255,-0.006554107368865226,-0.006954107368865226,2020
2020-10-19,30,6,6,0.007533131324525232,0.0028021939188171505,0.002365468702854041,1.0,0.0,2.0,0.002165468702854041,0.001765468702854041,0.001365468702854041,2020
2020-10-20,30,6,6,0.005878024182708684,0.00043119764444846646,0.002723413269130109,1.0,0.0,2.0,0.0025234132691301088,0.002123413269130109,0.0017234132691301089,2020
2020-10-21,30,6,6,-0.0006895877935592336,-0.006876850897599818,0.0030936315520202922,1.0,0.0,2.0,0.002893631552020292,0.0024936315520202924,0.002093631552020292,2020
2020-10-22,30,6,6,-0.00511798749823815,-0.0028395039254312158,-0.001139241786403467,1.0,0.0,2.0,-0.001339241786403467,-0.001739241786403467,-0.0021392417864034667,2020
2020-10-23,30,6,6,7.657149686091666e-05,-0.009937910388512933,0.005007240942686925,1.0,0.0,2.0,0.004807240942686925,0.004407240942686925,0.004007240942686925,2020
2020-10-26,30,6,6,0.005597925043407133,0.004517175426603167,0.0005403748084019831,1.0,0.0,2.0,0.0003403748084019831,-5.962519159801686e-05,-0.00045962519159801693,2020
2020-10-27,30,6,6,0.0036633331308728,0.00911290507377045,-0.0027247859714488254,1.0,0.0,2.0,-0.0029247859714488255,-0.0033247859714488253,-0.0037247859714488255,2020
2020-10-28,30,6,6,-0.010091951165658882,-0.005604875133626234,-0.0022435380160163243,1.0,0.0,2.0,-0.0024435380160163244,-0.002843538016016324,-0.0032435380160163244,2020
2020-10-29,30,6,6,0.0025510988224303837,0.002643423206495367,-4.616219203249167e-05,1.0,0.0,2.0,-0.00024616219203249165,-0.0006461621920324916,-0.0010461621920324917,2020
2020-10-30,30,6,6,-0.0035121286556250835,0.0027375432647861165,-0.0031248359602056,1.0,0.0,2.0,-0.0033248359602056003,-0.0037248359602056,-0.0041248359602056,2020
2020-11-02,30,6,6,0.004791094303509734,-0.00096507943970865,0.002878086871609192,1.0,0.0,2.0,0.002678086871609192,0.0022780868716091923,0.001878086871609192,2020
2020-11-03,30,6,6,-0.004539701034010984,-0.0027973263322280833,-0.0008711873508914505,1.0,0.0,2.0,-0.0010711873508914506,-0.0014711873508914505,-0.0018711873508914505,2020
2020-11-04,30,6,6,-0.007514305082059667,0.00010888796483901575,-0.003811596523449341,1.0,0.0,2.0,-0.004011596523449341,-0.004411596523449341,-0.004811596523449341,2020
2020-11-05,30,6,6,-0.012886494900316932,1.4770804720149841e-05,-0.006450632852518541,1.0,0.0,2.0,-0.006650632852518541,-0.007050632852518541,-0.0074506328525185414,2020
2020-11-06,30,6,6,0.02146051428829245,-0.0004063484376037668,0.010933431362948108,1.0,0.0,2.0,0.010733431362948107,0.010333431362948108,0.009933431362948109,2020
2020-11-09,30,6,6,-0.0052696056862678335,-0.015534055106950618,0.005132224710341393,1.0,0.0,2.0,0.004932224710341393,0.004532224710341393,0.004132224710341393,2020
2020-11-10,30,6,6,0.0017485692455787166,0.012018049555462235,-0.005134740154941759,1.0,0.0,2.0,-0.005334740154941758,-0.0057347401549417585,-0.006134740154941759,2020
2020-11-11,30,6,6,-0.003902721729287734,0.0012447567484934329,-0.0025737392388905833,1.0,0.0,2.0,-0.0027737392388905834,-0.003173739238890583,-0.0035737392388905834,2020
2020-11-12,30,6,6,-0.0015514986548924002,0.004058126288812716,-0.002804812471852558,1.0,0.0,2.0,-0.0030048124718525583,-0.003404812471852558,-0.003804812471852558,2020
2020-11-13,30,6,6,0.016256540816813016,0.006046799320136417,0.0051048707483383,1.0,0.0,2.0,0.004904870748338301,0.0045048707483383,0.0041048707483383,2020
2020-11-16,30,6,6,-0.0017983875541022667,-0.0059616903980385496,0.0020816514219681413,1.0,0.0,2.0,0.0018816514219681412,0.0014816514219681415,0.0010816514219681413,2020
2020-11-17,30,6,6,-0.002526425738208066,0.0009865140293570662,-0.001756469883782566,1.0,0.0,2.0,-0.001956469883782566,-0.002356469883782566,-0.0027564698837825663,2020
2020-11-18,30,6,6,0.0032752044887595505,0.0007597887596300333,0.0012577078645647586,1.0,0.0,2.0,0.0010577078645647585,0.0006577078645647586,0.0002577078645647586,2020
2020-11-19,30,6,6,0.00231976601884745,0.005711946212437784,-0.001696090096795167,1.0,0.0,2.0,-0.0018960900967951672,-0.002296090096795167,-0.0026960900967951673,2020
2020-11-20,30,6,6,-0.008066104345099917,0.0039497873263661,-0.006007945835733008,1.0,0.0,2.0,-0.006207945835733007,-0.006607945835733008,-0.007007945835733008,2020
2020-11-23,30,6,6,-0.001269851624596083,0.006169994747812349,-0.003719923186204216,1.0,0.0,2.0,-0.003919923186204216,-0.004319923186204216,-0.004719923186204216,2020
2020-11-24,30,6,6,0.0072118895399341165,-0.0004062671091464162,0.0038090783245402662,1.0,0.0,2.0,0.003609078324540266,0.0032090783245402664,0.002809078324540266,2020
2020-11-25,30,6,6,0.0005241066300834828,0.005156468323830017,-0.002316180846873267,1.0,0.0,2.0,-0.002516180846873267,-0.002916180846873267,-0.003316180846873267,2020
2020-11-26,30,6,6,0.0064641451490161,0.005068165788596866,0.0006979896802096169,1.0,0.0,2.0,0.0004979896802096169,9.798968020961697e-05,-0.0003020103197903831,2020
2020-11-27,30,6,6,-0.019914495672921168,0.0025303989652184673,-0.011222447319069817,1.0,0.0,2.0,-0.011422447319069818,-0.011822447319069817,-0.012222447319069817,2020
2020-11-30,30,6,6,0.0080445252031348,0.0065287844170825,0.0007578703930261497,1.0,0.0,2.0,0.0005578703930261497,0.00015787039302614977,-0.0002421296069738503,2020
2020-12-01,30,6,6,-0.011057324458477782,0.016755802737850566,-0.013906563598164175,1.0,0.0,2.0,-0.014106563598164175,-0.014506563598164175,-0.014906563598164176,2020
2020-12-02,30,6,6,0.0067703360233699675,-0.004817977559694933,0.005794156791532451,1.0,0.0,2.0,0.005594156791532451,0.005194156791532451,0.004794156791532451,2020
2020-12-03,30,6,6,0.0191429353581668,-0.0009717770216266824,0.010057356189896742,1.0,0.0,2.0,0.009857356189896742,0.009457356189896743,0.009057356189896743,2020
2020-12-04,30,6,6,0.006546689552073568,0.0007934497092400827,0.0028766199214167428,1.0,0.0,2.0,0.0026766199214167427,0.002276619921416743,0.0018766199214167428,2020
2020-12-07,30,6,6,-0.005877271388214482,-0.0047829328824239336,-0.0005471692528952743,1.0,0.0,2.0,-0.0007471692528952743,-0.0011471692528952741,-0.0015471692528952743,2020
2020-12-08,30,6,6,0.018000797302447264,0.0033323594341428003,0.007334218934152232,1.0,0.0,2.0,0.0071342189341522325,0.006734218934152232,0.006334218934152232,2020
2020-12-09,30,6,6,-0.0025961274210093335,-0.0036558099260587495,0.000529841252524708,1.0,0.0,2.0,0.00032984125252470806,-7.015874747529191e-05,-0.000470158747475292,2020
2020-12-10,30,6,6,0.007645044141067782,0.0007191812612987002,0.003462931439884541,1.0,0.0,2.0,0.003262931439884541,0.002862931439884541,0.002462931439884541,2020
2020-12-11,30,6,6,0.011673159680936135,-0.0012644572971238664,0.00646880848903,1.0,0.0,2.0,0.00626880848903,0.00586880848903,0.00546880848903,2020
2020-12-14,30,6,6,0.009444065051709433,0.006577431251289034,0.0014333169002101998,1.0,0.0,2.0,0.0012333169002101997,0.0008333169002101999,0.0004333169002101998,2020
2020-12-15,30,6,6,0.008586517837084499,0.0008048932977654001,0.0038908122696595495,1.0,0.0,2.0,0.0036908122696595494,0.0032908122696595496,0.0028908122696595494,2020
2020-12-16,30,6,6,0.018396843120951783,-0.0015643581561961334,0.009980600638573959,1.0,0.0,2.0,0.009780600638573958,0.009380600638573959,0.00898060063857396,2020
2020-12-17,30,6,6,0.011407332608976917,0.006332391875342034,0.0025374703668174414,1.0,0.0,2.0,0.0023374703668174414,0.0019374703668174416,0.0015374703668174414,2020
2020-12-18,30,6,6,0.006330743965674166,0.026541746141872217,-0.010105501088099026,1.0,0.0,2.0,-0.010305501088099026,-0.010705501088099026,-0.011105501088099025,2020
2020-12-21,30,6,6,-0.02290379222784905,-0.02253001455383663,-0.0001868888370062105,1.0,0.0,2.0,-0.0003868888370062105,-0.0007868888370062105,-0.0011868888370062105,2020
2020-12-22,30,6,6,-0.012631977856926801,0.004307035508508084,-0.008469506682717443,1.0,0.0,2.0,-0.008669506682717444,-0.009069506682717443,-0.009469506682717444,2020
2020-12-23,30,6,6,0.0204219444187204,-0.0021830750115958996,0.01130250971515815,1.0,0.0,2.0,0.01110250971515815,0.01070250971515815,0.01030250971515815,2020
2020-12-24,30,6,6,0.019898738554979967,0.003639939830125983,0.008129399362426992,1.0,0.0,2.0,0.007929399362426991,0.007529399362426992,0.007129399362426992,2020
2020-12-25,30,6,6,-0.0155574638558477,-0.006584016421171999,-0.00448672371733785,1.0,0.0,2.0,-0.00468672371733785,-0.00508672371733785,-0.00548672371733785,2020
2020-12-28,30,6,6,-0.00757606576742325,-0.006085043133135117,-0.0007455113171440666,1.0,0.0,2.0,-0.0009455113171440665,-0.0013455113171440664,-0.0017455113171440666,2020
2020-12-29,30,6,6,0.0005236935620094833,0.007839730412676583,-0.00365801842533355,1.0,0.0,2.0,-0.00385801842533355,-0.00425801842533355,-0.0046580184253335495,2020
2020-12-30,30,6,6,0.0004533105940424667,0.0059809259887496505,-0.002763807697353592,1.0,0.0,2.0,-0.002963807697353592,-0.003363807697353592,-0.003763807697353592,2020
2020-12-31,30,6,6,0.011673238831051617,0.01540421309651475,-0.001865487132731566,1.0,0.0,2.0,-0.002065487132731566,-0.002465487132731566,-0.002865487132731566,2020
2021-01-04,30,6,6,0.007526933909026549,-0.006180917384711084,0.006853925646868817,1.0,0.0,2.0,0.006653925646868817,0.006253925646868817,0.005853925646868817,2021
2021-01-05,30,6,6,0.002542132309010851,0.007757173639444867,-0.0026075206652170077,1.0,0.0,2.0,-0.0028075206652170078,-0.0032075206652170075,-0.0036075206652170077,2021
2021-01-06,30,6,6,0.0067761497423351495,0.01147374846093955,-0.0023487993593022,1.0,0.0,2.0,-0.0025487993593022,-0.0029487993593021997,-0.0033487993593022,2021
2021-01-07,30,6,6,-0.0013198137922166002,-0.0007836999873518498,-0.0002680569024323752,1.0,0.0,2.0,-0.00046805690243237525,-0.0008680569024323752,-0.0012680569024323752,2021
2021-01-08,30,6,6,-0.02104672477957108,-0.01997680254786272,-0.0005349611158541809,1.0,0.0,2.0,-0.0007349611158541809,-0.0011349611158541807,-0.001534961115854181,2021
2021-01-11,30,6,6,-0.0062495574942361826,0.0025695463750324507,-0.004409551934634316,1.0,0.0,2.0,-0.004609551934634316,-0.005009551934634316,-0.005409551934634316,2021
2021-01-12,30,6,6,-0.015368819637048683,0.007891004810713117,-0.011629912223880899,1.0,0.0,2.0,-0.0118299122238809,-0.012229912223880899,-0.0126299122238809,2021
2021-01-13,30,6,6,-0.007583597539731431,-0.005576745938841401,-0.001003425800445015,1.0,0.0,2.0,-0.0012034258004450151,-0.0016034258004450149,-0.002003425800445015,2021
2021-01-14,30,6,6,0.0013222635194447836,0.002001954606896283,-0.0003398455437257497,1.0,0.0,2.0,-0.0005398455437257497,-0.0009398455437257497,-0.0013398455437257499,2021
2021-01-15,30,6,6,0.011044266261751099,-0.00032862465847096717,0.005686445460111033,1.0,0.0,2.0,0.005486445460111033,0.005086445460111033,0.004686445460111033,2021
2021-01-18,30,6,6,-0.015174501688495665,-0.0015512233533976332,-0.006811639167549016,1.0,0.0,2.0,-0.0070116391675490155,-0.007411639167549016,-0.007811639167549016,2021
2021-01-19,30,6,6,0.00044389574263598394,0.00919647638267405,-0.0043762903200190335,1.0,0.0,2.0,-0.004576290320019033,-0.004976290320019033,-0.0053762903200190336,2021
2021-01-20,30,6,6,0.009536102548632982,0.004396469853635,0.002569816347498991,1.0,0.0,2.0,0.002369816347498991,0.001969816347498991,0.0015698163474989909,2021
2021-01-21,30,6,6,-0.018221282342612232,-0.012777952368203416,-0.002721664987204408,1.0,0.0,2.0,-0.002921664987204408,-0.003321664987204408,-0.003721664987204408,2021
2021-01-22,30,6,6,0.005075100767422084,-0.0024436971406361337,0.003759398954029109,1.0,0.0,2.0,0.003559398954029109,0.003159398954029109,0.002759398954029109,2021
2021-01-25,30,6,6,-0.009555421254520765,-0.004650825098455483,-0.002452298078032641,1.0,0.0,2.0,-0.002652298078032641,-0.003052298078032641,-0.003452298078032641,2021
2021-01-26,30,6,6,0.014969640875306734,0.0031316899052900166,0.005918975485008359,1.0,0.0,2.0,0.005718975485008359,0.005318975485008359,0.004918975485008359,2021
2021-01-27,30,6,6,-0.010715801417678602,-0.004300844654167965,-0.0032074783817553185,1.0,0.0,2.0,-0.0034074783817553186,-0.0038074783817553183,-0.004207478381755319,2021
2021-01-28,30,6,6,-0.0057987349856991844,0.005668359039308066,-0.005733547012503625,1.0,0.0,2.0,-0.005933547012503625,-0.006333547012503625,-0.006733547012503625,2021
2021-01-29,30,6,6,0.0019951857363075653,0.0056285627397234346,-0.0018166885017079346,1.0,0.0,2.0,-0.0020166885017079347,-0.0024166885017079345,-0.0028166885017079347,2021
2021-02-01,30,6,6,-0.02072116040731625,-0.0054010588668936,-0.007660050770211325,1.0,0.0,2.0,-0.007860050770211326,-0.008260050770211325,-0.008660050770211324,2021
2021-02-02,30,6,6,-0.0007432076753737332,-0.0127119959493567,0.005984394136991483,1.0,0.0,2.0,0.005784394136991483,0.005384394136991483,0.004984394136991483,2021
2021-02-03,30,6,6,0.0223971761949483,0.003360851381143483,0.009518162406902408,1.0,0.0,2.0,0.009318162406902407,0.008918162406902408,0.008518162406902407,2021
2021-02-04,30,6,6,0.011417759803769434,0.0008558220288550994,0.005280968887457167,1.0,0.0,2.0,0.005080968887457168,0.004680968887457167,0.004280968887457167,2021
2021-02-05,30,6,6,0.014920172429592982,0.0028146613628957165,0.0060527555333486326,1.0,0.0,2.0,0.005852755533348633,0.005452755533348633,0.0050527555333486325,2021
2021-02-08,30,6,6,0.011746004122666185,0.003716492567498384,0.004014755777583901,1.0,0.0,2.0,0.003814755777583901,0.003414755777583901,0.003014755777583901,2021
2021-02-09,30,6,6,-0.0020823101472923003,-0.0013982285062205501,-0.0003420408205358751,1.0,0.0,2.0,-0.0005420408205358751,-0.000942040820535875,-0.001342040820535875,2021
2021-02-10,30,6,6,0.013387964834236566,0.019775805385369435,-0.0031939202755664345,1.0,0.0,2.0,-0.0033939202755664346,-0.0037939202755664344,-0.0041939202755664345,2021
2021-02-18,30,6,6,0.00649202071586565,0.002690508322039233,0.0019007561969132086,1.0,0.0,2.0,0.0017007561969132085,0.0013007561969132085,0.0009007561969132086,2021
2021-02-19,30,6,6,0.018228537915413182,0.024893209853108517,-0.0033323359688476675,1.0,0.0,2.0,-0.0035323359688476676,-0.003932335968847667,-0.0043323359688476675,2021
2021-02-22,30,6,6,-0.010456961029185618,0.00280896595926265,-0.006632963494224134,1.0,0.0,2.0,-0.006832963494224134,-0.007232963494224134,-0.007632963494224134,2021
2021-02-23,30,6,6,0.003924512566151116,0.004647561202768116,-0.0003615243183085,1.0,0.0,2.0,-0.0005615243183085,-0.0009615243183085,-0.0013615243183085,2021
2021-02-24,30,6,6,0.0110133606930055,0.0261720202086215,-0.007579329757808,1.0,0.0,2.0,-0.007779329757807999,-0.008179329757808,-0.008579329757808,2021
2021-02-25,30,6,6,-0.015391416972350051,-0.028011518409337896,0.0063100507184939226,1.0,0.0,2.0,0.006110050718493923,0.005710050718493923,0.0053100507184939225,2021
2021-02-26,30,6,6,0.0006708213138009329,0.0010153640693770008,-0.00017227137778803397,1.0,0.0,2.0,-0.000372271377788034,-0.0007722713777880339,-0.001172271377788034,2021
2021-03-01,30,6,6,-0.00421955349640685,-0.020529452477895498,0.008154949490744324,1.0,0.0,2.0,0.007954949490744323,0.007554949490744324,0.0071549494907443235,2021
2021-03-02,30,6,6,0.0037348311252398,0.005810538870401284,-0.0010378538725807419,1.0,0.0,2.0,-0.001237853872580742,-0.001637853872580742,-0.002037853872580742,2021
2021-03-03,30,6,6,-0.0066074966657612665,-0.00875116533182175,0.001071834333030242,1.0,0.0,2.0,0.0008718343330302421,0.00047183433303024213,7.183433303024206e-05,2021
2021-03-04,30,6,6,0.002333669322535651,-0.0012621592971585338,0.0017979143098470923,1.0,0.0,2.0,0.0015979143098470922,0.0011979143098470924,0.0007979143098470923,2021
2021-03-05,30,6,6,0.004576394449443417,0.016662453565171882,-0.006043029557864232,1.0,0.0,2.0,-0.006243029557864232,-0.006643029557864232,-0.007043029557864232,2021
2021-03-08,30,6,6,-0.028318791955675413,-0.013993084779475884,-0.0071628535880997645,1.0,0.0,2.0,-0.007362853588099764,-0.007762853588099764,-0.008162853588099764,2021
2021-03-09,30,6,6,-0.0063685539807802,-0.022073903627311917,0.007852674823265859,1.0,0.0,2.0,0.007652674823265859,0.007252674823265859,0.006852674823265859,2021
2021-03-10,30,6,6,0.008731249684350418,-0.0018573517841968662,0.005294300734273642,1.0,0.0,2.0,0.005094300734273642,0.004694300734273642,0.004294300734273642,2021
2021-03-11,30,6,6,-0.0030755325441561335,-0.007714533443252618,0.002319500449548242,1.0,0.0,2.0,0.002119500449548242,0.001719500449548242,0.0013195004495482419,2021
2021-03-12,30,6,6,0.004031992165879899,0.016138290097387518,-0.00605314896575381,1.0,0.0,2.0,-0.006253148965753809,-0.00665314896575381,-0.00705314896575381,2021
2021-03-15,30,6,6,-0.0007082062035118335,-0.013613188185438134,0.00645249099096315,1.0,0.0,2.0,0.00625249099096315,0.00585249099096315,0.00545249099096315,2021
2021-03-16,30,6,6,0.006251206376879983,0.015777876351769016,-0.004763334987444516,1.0,0.0,2.0,-0.004963334987444516,-0.005363334987444516,-0.005763334987444516,2021
2021-03-17,30,6,6,-2.932466578248252e-05,-0.009019063057946468,0.004494869196081993,1.0,0.0,2.0,0.004294869196081993,0.003894869196081993,0.003494869196081993,2021
2021-03-18,30,6,6,-0.013315713969086818,-0.031916103119341434,0.009300194575127308,1.0,0.0,2.0,0.009100194575127308,0.008700194575127308,0.008300194575127307,2021
2021-03-19,30,6,6,0.003992933504847049,0.007892124466930614,-0.0019495954810417825,1.0,0.0,2.0,-0.0021495954810417826,-0.0025495954810417823,-0.0029495954810417825,2021
2021-03-22,30,6,6,0.015784888384514018,0.0008157502035473999,0.007484569090483309,1.0,0.0,2.0,0.0072845690904833095,0.006884569090483309,0.006484569090483309,2021
2021-03-23,30,6,6,0.0045554460769339665,-0.004595497189261283,0.004575471633097625,1.0,0.0,2.0,0.004375471633097625,0.003975471633097625,0.003575471633097625,2021
2021-03-24,30,6,6,-0.0016628572360393161,-0.009363608398881082,0.003850375581420883,1.0,0.0,2.0,0.0036503755814208828,0.003250375581420883,0.002850375581420883,2021
2021-03-25,30,6,6,0.008144018753223868,0.014095254808132382,-0.002975618027454257,1.0,0.0,2.0,-0.003175618027454257,-0.0035756180274542568,-0.003975618027454257,2021
2021-03-26,30,6,6,-0.005190153024802634,-0.005014899540740267,-8.76267420311834e-05,1.0,0.0,2.0,-0.0002876267420311834,-0.0006876267420311833,-0.0010876267420311834,2021
2021-03-29,30,6,6,-0.006704907249200766,0.00336718640322955,-0.005036046826215158,1.0,0.0,2.0,-0.005236046826215157,-0.0056360468262151575,-0.006036046826215158,2021
2021-03-30,30,6,6,-0.009209779536476483,0.0037082126087932166,-0.006458996072634849,1.0,0.0,2.0,-0.006658996072634849,-0.007058996072634849,-0.007458996072634849,2021
2021-03-31,30,6,6,0.03168016132221602,0.0052917145614568666,0.013194223380379578,1.0,0.0,2.0,0.012994223380379578,0.012594223380379578,0.012194223380379579,2021
2021-04-01,30,6,6,0.010614008588039433,0.010498279101446831,5.786474329630073e-05,1.0,0.0,2.0,-0.00014213525670369928,-0.0005421352567036992,-0.0009421352567036993,2021
2021-04-02,30,6,6,0.005844461161380449,0.0015402511597573168,0.002152105000811566,1.0,0.0,2.0,0.001952105000811566,0.0015521050008115663,0.0011521050008115661,2021
2021-04-06,30,6,6,0.0028201231848317665,-0.0006854458863123993,0.0017527845355720828,1.0,0.0,2.0,0.0015527845355720828,0.0011527845355720828,0.0007527845355720828,2021
2021-04-07,30,6,6,-0.0066493626134870665,-0.008403549547082131,0.0008770934667975323,1.0,0.0,2.0,0.0006770934667975323,0.00027709346679753233,-0.00012290653320246774,2021
2021-04-08,30,6,6,-0.007089907129758666,-0.009850926044294767,0.0013805094572680505,1.0,0.0,2.0,0.0011805094572680504,0.0007805094572680505,0.0003805094572680505,2021
2021-04-09,30,6,6,0.0009088964065480827,-0.013850411167990816,0.007379653787269449,1.0,0.0,2.0,0.0071796537872694495,0.006779653787269449,0.006379653787269449,2021
2021-04-12,30,6,6,0.004025897294643967,-0.00218692237092355,0.0031064098327837587,1.0,0.0,2.0,0.0029064098327837586,0.002506409832783759,0.0021064098327837587,2021
2021-04-13,30,6,6,0.00140025671902585,0.004172010534170767,-0.0013858769075724585,1.0,0.0,2.0,-0.0015858769075724585,-0.0019858769075724583,-0.0023858769075724585,2021
2021-04-14,30,6,6,0.011354936559304385,0.0032429673182813993,0.004055984620511493,1.0,0.0,2.0,0.003855984620511493,0.0034559846205114934,0.003055984620511493,2021
2021-04-15,30,6,6,0.01713754372392583,0.006516717464439182,0.005310413129743324,1.0,0.0,2.0,0.005110413129743324,0.004710413129743324,0.004310413129743324,2021
2021-04-16,30,6,6,-0.003635906375872733,0.001633656974769333,-0.002634781675321033,1.0,0.0,2.0,-0.0028347816753210332,-0.003234781675321033,-0.003634781675321033,2021
2021-04-19,30,6,6,0.0052194935878636835,-0.0003087435288115499,0.002764118558337617,1.0,0.0,2.0,0.002564118558337617,0.002164118558337617,0.0017641185583376169,2021
2021-04-20,30,6,6,-0.004801126323486366,-0.008531288734200516,0.0018650812053570749,1.0,0.0,2.0,0.0016650812053570748,0.001265081205357075,0.0008650812053570748,2021
2021-04-21,30,6,6,0.002036637593930617,0.009758066666330167,-0.003860714536199775,1.0,0.0,2.0,-0.004060714536199775,-0.004460714536199775,-0.004860714536199775,2021
2021-04-22,30,6,6,0.006110803400888417,0.0026290689808201664,0.0017408672100341252,1.0,0.0,2.0,0.001540867210034125,0.0011408672100341253,0.0007408672100341252,2021
2021-04-23,30,6,6,0.013976758083887333,-0.0036343343232684497,0.008805546203577892,1.0,0.0,2.0,0.008605546203577891,0.008205546203577892,0.0078055462035778915,2021
2021-04-26,30,6,6,0.008024476666007918,0.0041415826569987995,0.0019414470045045593,1.0,0.0,2.0,0.0017414470045045592,0.0013414470045045594,0.0009414470045045593,2021
2021-04-27,30,6,6,-0.013097974995927965,-0.004962684762247416,-0.004067645116840274,1.0,0.0,2.0,-0.004267645116840274,-0.004667645116840274,-0.005067645116840274,2021
2021-04-28,30,6,6,0.0031141255228061995,0.007558211630615651,-0.002222043053904726,1.0,0.0,2.0,-0.002422043053904726,-0.002822043053904726,-0.003222043053904726,2021
2021-04-29,30,6,6,-0.011933619363240318,-0.004927324851766967,-0.003503147255736675,1.0,0.0,2.0,-0.0037031472557366753,-0.0041031472557366755,-0.004503147255736676,2021
2021-04-30,30,6,6,0.02374834428409695,0.025072940382868114,-0.0006622980493855828,1.0,0.0,2.0,-0.0008622980493855828,-0.0012622980493855827,-0.0016622980493855829,2021
2021-05-06,30,6,6,0.015140886057264213,0.005387385176285251,0.004876750440489481,1.0,0.0,2.0,0.004676750440489481,0.004276750440489481,0.003876750440489481,2021
2021-05-07,30,6,6,0.03294134184068065,0.008006561110193435,0.012467390365243608,1.0,0.0,2.0,0.012267390365243607,0.011867390365243608,0.011467390365243607,2021
2021-05-10,30,6,6,-0.0035777465092751994,-0.018379567253420017,0.007400910372072409,1.0,0.0,2.0,0.007200910372072409,0.006800910372072409,0.006400910372072409,2021
2021-05-11,30,6,6,0.014795100925513066,0.03819048850241938,-0.011697693788453156,1.0,0.0,2.0,-0.011897693788453156,-0.012297693788453155,-0.012697693788453156,2021
2021-05-12,30,6,6,-0.015366338884747081,-0.022833287499696046,0.003733474307474482,1.0,0.0,2.0,0.003533474307474482,0.0031334743074744823,0.002733474307474482,2021
2021-05-13,30,6,6,-0.022936613457823135,-0.020287717121621505,-0.0013244481681008152,1.0,0.0,2.0,-0.0015244481681008152,-0.001924448168100815,-0.002324448168100815,2021
2021-05-14,30,6,6,-0.0056987977712203335,0.0034305737992242334,-0.004564685785222284,1.0,0.0,2.0,-0.004764685785222283,-0.0051646857852222835,-0.005564685785222284,2021
2021-05-17,30,6,6,0.012404279381849903,0.008946552313158915,0.0017288635343454938,1.0,0.0,2.0,0.0015288635343454937,0.001128863534345494,0.0007288635343454938,2021
2021-05-18,30,6,6,-0.03728225470985736,-0.028782877058529884,-0.0042496888256637385,1.0,0.0,2.0,-0.004449688825663738,-0.004849688825663738,-0.0052496888256637385,2021
2021-05-19,30,6,6,0.002755183393547234,-0.008959250863263317,0.005857217128405276,1.0,0.0,2.0,0.005657217128405276,0.005257217128405276,0.004857217128405276,2021
2021-05-20,30,6,6,-0.028224390685282968,-0.009227568812982334,-0.009498410936150316,1.0,0.0,2.0,-0.009698410936150316,-0.010098410936150316,-0.010498410936150317,2021
2021-05-21,30,6,6,-0.011299933466291117,-0.013156702010754348,0.0009283842722316157,1.0,0.0,2.0,0.0007283842722316157,0.00032838427223161575,-7.161572776838432e-05,2021
2021-05-24,30,6,6,0.0037601250713682165,0.00334991108124825,0.00020510699505998323,1.0,0.0,2.0,5.106995059983224e-06,-0.0003948930049400167,-0.0007948930049400168,2021
2021-05-25,30,6,6,-0.0185820250024714,0.0054614565487608666,-0.012021740775616133,1.0,0.0,2.0,-0.012221740775616134,-0.012621740775616133,-0.013021740775616134,2021
2021-05-26,30,6,6,0.024536469623557048,-0.01544912183092535,0.0199927957272412,1.0,0.0,2.0,0.0197927957272412,0.0193927957272412,0.018992795727241198,2021
2021-05-27,30,6,6,0.01665651725759013,0.014125749978362167,0.0012653836396139808,1.0,0.0,2.0,0.0010653836396139807,0.0006653836396139809,0.0002653836396139808,2021
2021-05-28,30,6,6,0.0156929285538621,0.0020738355789522004,0.00680954648745495,1.0,0.0,2.0,0.0066095464874549505,0.00620954648745495,0.00580954648745495,2021
2021-05-31,30,6,6,0.012718854271003917,0.02448165204692095,-0.005881398887958516,1.0,0.0,2.0,-0.006081398887958516,-0.006481398887958516,-0.006881398887958516,2021
2021-06-01,30,6,6,0.0019453222576736827,-0.010483193206029267,0.006214257731851474,1.0,0.0,2.0,0.006014257731851475,0.0056142577318514745,0.005214257731851474,2021
2021-06-02,30,6,6,0.0009211231539556171,0.022808479137172835,-0.010943677991608608,1.0,0.0,2.0,-0.011143677991608609,-0.011543677991608608,-0.011943677991608607,2021
2021-06-03,30,6,6,-0.0008043399910281666,0.00018152749001476695,-0.0004929337405214667,1.0,0.0,2.0,-0.0006929337405214667,-0.0010929337405214666,-0.0014929337405214667,2021
2021-06-04,30,6,6,-0.015109428497013501,-0.021412931336518767,0.003151751419752633,1.0,0.0,2.0,0.002951751419752633,0.0025517514197526334,0.002151751419752633,2021
2021-06-07,30,6,6,0.011344267063292201,-0.017941110299266066,0.014642688681279135,1.0,0.0,2.0,0.014442688681279134,0.014042688681279135,0.013642688681279134,2021
2021-06-08,30,6,6,0.011734272355974032,0.0039274253393904,0.003903423508291816,1.0,0.0,2.0,0.0037034235082918157,0.003303423508291816,0.002903423508291816,2021
2021-06-09,30,6,6,-0.0035514607329263834,-0.012732172422345764,0.00459035584470969,1.0,0.0,2.0,0.0043903558447096905,0.00399035584470969,0.00359035584470969,2021
2021-06-10,30,6,6,0.0258254448950421,0.014338409904143317,0.005743517495449391,1.0,0.0,2.0,0.005543517495449391,0.005143517495449391,0.004743517495449391,2021
2021-06-11,30,6,6,0.003923754781110097,-0.009909406839780583,0.00691658081044534,1.0,0.0,2.0,0.00671658081044534,0.00631658081044534,0.00591658081044534,2021
2021-06-15,30,6,6,-0.022284315483858102,0.0013594911473025668,-0.011821903315580334,1.0,0.0,2.0,-0.012021903315580335,-0.012421903315580334,-0.012821903315580335,2021
2021-06-16,30,6,6,0.007792821188100399,0.007655305184901917,6.875800159924107e-05,1.0,0.0,2.0,-0.00013124199840075894,-0.0005312419984007589,-0.000931241998400759,2021
2021-06-17,30,6,6,-0.012089250602647416,-0.02066082509831818,0.0042857872478353825,1.0,0.0,2.0,0.004085787247835383,0.0036857872478353827,0.0032857872478353825,2021
2021-06-18,30,6,6,-0.007121742095589867,0.001021728547754967,-0.004071735321672417,1.0,0.0,2.0,-0.004271735321672417,-0.004671735321672417,-0.005071735321672417,2021
2021-06-21,30,6,6,0.01122444944649995,0.025277330796914962,-0.0070264406752075055,1.0,0.0,2.0,-0.007226440675207505,-0.007626440675207505,-0.008026440675207505,2021
2021-06-22,30,6,6,0.012030620563865849,0.009484545869292002,0.0012730373472869235,1.0,0.0,2.0,0.0010730373472869234,0.0006730373472869235,0.00027303734728692346,2021
2021-06-23,30,6,6,-0.004084251132707067,0.006057784460585233,-0.005071017796646151,1.0,0.0,2.0,-0.00527101779664615,-0.0056710177966461505,-0.006071017796646151,2021
2021-06-24,30,6,6,0.010659985788499452,0.025518367866843767,-0.007429191039172158,1.0,0.0,2.0,-0.007629191039172157,-0.008029191039172158,-0.008429191039172158,2021
2021-06-25,30,6,6,-0.0123166502922423,-0.008409988146371117,-0.0019533310729355916,1.0,0.0,2.0,-0.0021533310729355917,-0.0025533310729355914,-0.0029533310729355916,2021
2021-06-28,30,6,6,-0.0056536261565469335,-0.007371926416141767,0.0008591501297974167,1.0,0.0,2.0,0.0006591501297974167,0.0002591501297974167,-0.00014084987020258335,2021
2021-06-29,30,6,6,0.0057474320180536985,0.005251600318497716,0.00024791584977799106,1.0,0.0,2.0,4.791584977799105e-05,-0.0003520841502220089,-0.000752084150222009,2021
2021-06-30,30,6,6,0.002265011472944367,-0.009240824057011134,0.00575291776497775,1.0,0.0,2.0,0.0055529177649777505,0.00515291776497775,0.00475291776497775,2021
2021-07-01,30,6,6,0.012178850446144265,0.004615117030721684,0.0037818667077112907,1.0,0.0,2.0,0.0035818667077112906,0.003181866707711291,0.0027818667077112906,2021
2021-07-02,30,6,6,0.017833811058363448,0.00170964621137695,0.008062082423493249,1.0,0.0,2.0,0.007862082423493249,0.007462082423493249,0.007062082423493249,2021
2021-07-05,30,6,6,0.00027438067557611644,0.00608075054100935,-0.002903184932716617,1.0,0.0,2.0,-0.003103184932716617,-0.003503184932716617,-0.003903184932716617,2021
2021-07-06,30,6,6,-0.014509935783371784,-0.006567990923142468,-0.003970972430114658,1.0,0.0,2.0,-0.004170972430114658,-0.004570972430114658,-0.004970972430114658,2021
2021-07-07,30,6,6,-0.011638081018441283,-0.01246324876976835,0.0004125838756635332,1.0,0.0,2.0,0.00021258387566353321,-0.00018741612433646672,-0.0005874161243364668,2021
2021-07-08,30,6,6,0.013668069163629268,0.006478701556103634,0.0035946838037628167,1.0,0.0,2.0,0.0033946838037628166,0.002994683803762817,0.0025946838037628167,2021
2021-07-09,30,6,6,0.0019572675142029332,-0.00457956632263845,0.0032684169184206916,1.0,0.0,2.0,0.0030684169184206915,0.0026684169184206918,0.0022684169184206916,2021
2021-07-12,30,6,6,0.016982152347252033,0.010456422075514499,0.003262865135868767,1.0,0.0,2.0,0.003062865135868767,0.002662865135868767,0.002262865135868767,2021
2021-07-13,30,6,6,0.0065074039399645985,0.00872546092791595,-0.0011090284939756757,1.0,0.0,2.0,-0.0013090284939756757,-0.0017090284939756755,-0.0021090284939756757,2021
2021-07-14,30,6,6,0.00172803076037105,-0.003282218981491683,0.0025051248709313666,1.0,0.0,2.0,0.0023051248709313665,0.0019051248709313667,0.0015051248709313666,2021
2021-07-15,30,6,6,0.0018177085576560831,0.008691462370059981,-0.003436876906201949,1.0,0.0,2.0,-0.0036368769062019492,-0.004036876906201949,-0.00443687690620195,2021
2021-07-16,30,6,6,-0.0010164772851446503,-0.004566039333706317,0.0017747810242808334,1.0,0.0,2.0,0.0015747810242808333,0.0011747810242808336,0.0007747810242808334,2021
2021-07-19,30,6,6,0.010779803697694651,-0.0016980223072238163,0.006238913002459234,1.0,0.0,2.0,0.006038913002459234,0.005638913002459234,0.005238913002459234,2021
2021-07-20,30,6,6,-0.004472085124912481,0.0011708195174593497,-0.0028214523211859154,1.0,0.0,2.0,-0.0030214523211859155,-0.0034214523211859153,-0.0038214523211859155,2021
2021-07-21,30,6,6,-0.000753325176804217,0.0028254917633108497,-0.0017894084700575334,1.0,0.0,2.0,-0.0019894084700575335,-0.0023894084700575332,-0.0027894084700575334,2021
2021-07-22,30,6,6,0.005827923712184516,-0.0006905763889608497,0.0032592500505726828,1.0,0.0,2.0,0.0030592500505726827,0.002659250050572683,0.0022592500505726827,2021
2021-07-23,30,6,6,-0.002127807058576783,0.007485113944183983,-0.004806460501380383,1.0,0.0,2.0,-0.005006460501380382,-0.005406460501380383,-0.005806460501380383,2021
2021-07-26,30,6,6,0.00023762923585116634,-0.005188318053874417,0.0027129736448627917,1.0,0.0,2.0,0.0025129736448627916,0.002112973644862792,0.0017129736448627917,2021
2021-07-27,30,6,6,0.003076804071932183,0.0023597401504676166,0.00035853196073228327,1.0,0.0,2.0,0.00015853196073228326,-0.00024146803926771668,-0.0006414680392677168,2021
2021-07-28,30,6,6,0.0032930211598598325,0.008424709995632282,-0.002565844417886225,1.0,0.0,2.0,-0.002765844417886225,-0.003165844417886225,-0.003565844417886225,2021
2021-07-29,30,6,6,-0.011949518580802733,0.0013969402191538168,-0.0066732293999782755,1.0,0.0,2.0,-0.006873229399978275,-0.007273229399978275,-0.0076732293999782755,2021
2021-07-30,30,6,6,-0.015416694724418964,-0.009127193068498,-0.0031447508279604823,1.0,0.0,2.0,-0.0033447508279604824,-0.003744750827960482,-0.004144750827960482,2021
2021-08-02,30,6,6,-0.008749787981520969,-0.01914526569608553,0.005197738857282281,1.0,0.0,2.0,0.0049977388572822815,0.004597738857282281,0.004197738857282281,2021
2021-08-03,30,6,6,0.0359036511679861,0.007143566416969268,0.014380042375508415,1.0,0.0,2.0,0.014180042375508415,0.013780042375508415,0.013380042375508414,2021
2021-08-04,30,6,6,-0.00922610850752635,-0.012192615541841484,0.0014832535171575671,1.0,0.0,2.0,0.001283253517157567,0.0008832535171575672,0.0004832535171575671,2021
2021-08-05,30,6,6,0.010136530831554752,0.0182990092003074,-0.0040812391843763245,1.0,0.0,2.0,-0.004281239184376324,-0.004681239184376324,-0.0050812391843763245,2021
2021-08-06,30,6,6,-0.0074896625999498825,-0.0048237408378896665,-0.001332960881030108,1.0,0.0,2.0,-0.0015329608810301081,-0.0019329608810301079,-0.002332960881030108,2021
2021-08-09,30,6,6,0.015559700031843565,0.011136027831508534,0.002211836100167516,1.0,0.0,2.0,0.0020118361001675157,0.001611836100167516,0.0012118361001675158,2021
2021-08-10,30,6,6,0.019063439848220433,0.007179306515049166,0.005942066666585633,1.0,0.0,2.0,0.005742066666585634,0.005342066666585633,0.004942066666585633,2021
2021-08-11,30,6,6,-0.006426691887456916,-0.009871827935011184,0.0017225680237771342,1.0,0.0,2.0,0.001522568023777134,0.0011225680237771343,0.0007225680237771342,2021
2021-08-12,30,6,6,0.0003087463698376168,0.0044553078996135325,-0.002073280764887958,1.0,0.0,2.0,-0.002273280764887958,-0.0026732807648879578,-0.003073280764887958,2021
2021-08-13,30,6,6,-0.008244739878859467,-0.0009685508443301999,-0.0036380945172646336,1.0,0.0,2.0,-0.0038380945172646337,-0.0042380945172646334,-0.004638094517264634,2021
2021-08-16,30,6,6,-0.0010161411038642329,-4.4768899960199756e-05,-0.0004856861019520166,1.0,0.0,2.0,-0.0006856861019520166,-0.0010856861019520165,-0.0014856861019520167,2021
2021-08-17,30,6,6,-0.022870279850633904,-0.008651814418103816,-0.007109232716265044,1.0,0.0,2.0,-0.0073092327162650435,-0.007709232716265044,-0.008109232716265045,2021
2021-08-18,30,6,6,-0.005122625417507184,-0.010965672338248368,0.002921523460370592,1.0,0.0,2.0,0.002721523460370592,0.002321523460370592,0.001921523460370592,2021
2021-08-19,30,6,6,0.014673959569769517,0.001977149306484233,0.006348405131642642,1.0,0.0,2.0,0.006148405131642642,0.005748405131642642,0.005348405131642642,2021
2021-08-20,30,6,6,0.03442095031547224,0.00364519674404545,0.015387876785713394,1.0,0.0,2.0,0.015187876785713393,0.014787876785713394,0.014387876785713394,2021
2021-08-23,30,6,6,0.0191794751782845,0.006284788871355469,0.006447343153464515,1.0,0.0,2.0,0.006247343153464515,0.005847343153464515,0.005447343153464515,2021
2021-08-24,30,6,6,-0.004351458884343151,0.009764556657400166,-0.007058007770871658,1.0,0.0,2.0,-0.007258007770871658,-0.007658007770871658,-0.008058007770871657,2021
2021-08-25,30,6,6,-0.004910596615549517,-0.018187870503676765,0.006638636944063624,1.0,0.0,2.0,0.006438636944063624,0.006038636944063624,0.005638636944063624,2021
2021-08-26,30,6,6,0.006156367343088151,0.01023158333955365,-0.0020376079982327494,1.0,0.0,2.0,-0.0022376079982327495,-0.002637607998232749,-0.0030376079982327494,2021
2021-08-27,30,6,6,0.0018377580714102996,-0.0014573970338795665,0.0016475775526449332,1.0,0.0,2.0,0.001447577552644933,0.0010475775526449333,0.0006475775526449332,2021
2021-08-30,30,6,6,-0.0073117668033736176,-0.004441971041137183,-0.001434897881118217,1.0,0.0,2.0,-0.0016348978811182172,-0.002034897881118217,-0.002434897881118217,2021
2021-08-31,30,6,6,-0.006652079415453032,-0.0057163836388131155,-0.00046784788831995836,1.0,0.0,2.0,-0.0006678478883199583,-0.0010678478883199582,-0.0014678478883199584,2021
2021-09-01,30,6,6,0.017846377653517115,0.00411095349928495,0.006867712077116082,1.0,0.0,2.0,0.006667712077116083,0.0062677120771160826,0.005867712077116082,2021
2021-09-02,30,6,6,0.019853488022245982,0.008812157794158617,0.005520665114043683,1.0,0.0,2.0,0.005320665114043683,0.004920665114043683,0.004520665114043683,2021
2021-09-03,30,6,6,0.0018750548633777661,-0.002489501571205433,0.0021822782172916,1.0,0.0,2.0,0.0019822782172915997,0.0015822782172916,0.0011822782172915998,2021
2021-09-06,30,6,6,0.02843896404999242,0.012784124279297036,0.007827419885347693,1.0,0.0,2.0,0.0076274198853476935,0.007227419885347693,0.006827419885347693,2021
2021-09-07,30,6,6,-0.015255032731475432,0.0059132078795466675,-0.01058412030551105,1.0,0.0,2.0,-0.01078412030551105,-0.01118412030551105,-0.01158412030551105,2021
2021-09-08,30,6,6,0.01877971696929023,0.007598850003542418,0.005590433482873906,1.0,0.0,2.0,0.005390433482873907,0.0049904334828739065,0.004590433482873906,2021
2021-09-09,30,6,6,-0.0112255745745756,0.000805646937110684,-0.006015610755843142,1.0,0.0,2.0,-0.006215610755843141,-0.006615610755843142,-0.007015610755843142,2021
2021-09-10,30,6,6,-0.010946529335934117,-0.004436493509291018,-0.0032550179133215497,1.0,0.0,2.0,-0.00345501791332155,-0.0038550179133215495,-0.00425501791332155,2021
2021-09-13,30,6,6,-0.004961335356243016,-0.0042097561122812835,-0.0003757896219808662,1.0,0.0,2.0,-0.0005757896219808662,-0.0009757896219808661,-0.0013757896219808662,2021
2021-09-14,30,6,6,0.0012625235719116838,0.010041135627076349,-0.004389306027582332,1.0,0.0,2.0,-0.004589306027582332,-0.004989306027582332,-0.005389306027582332,2021
2021-09-15,30,6,6,-0.018912518246303103,0.0067478101818415175,-0.01283016421407231,1.0,0.0,2.0,-0.01303016421407231,-0.01343016421407231,-0.013830164214072311,2021
2021-09-16,30,6,6,-0.012941758728369482,-0.014012814956707947,0.0005355281141692326,1.0,0.0,2.0,0.00033552811416923264,-6.447188583076733e-05,-0.0004644718858307674,2021
2021-09-17,30,6,6,0.055653586630266226,-0.00345846847517715,0.029556027552721686,1.0,0.0,2.0,0.029356027552721688,0.028956027552721687,0.028556027552721686,2021
2021-09-22,30,6,6,-0.0011978789210551988,0.01475501260868,-0.0079764457648676,1.0,0.0,2.0,-0.0081764457648676,-0.0085764457648676,-0.0089764457648676,2021
2021-09-23,30,6,6,-0.01961844914800705,0.0018668982135755334,-0.010742673680791293,1.0,0.0,2.0,-0.010942673680791293,-0.011342673680791292,-0.011742673680791293,2021
2021-09-24,30,6,6,0.019112511074153713,0.012026262693847716,0.0035431241901529983,1.0,0.0,2.0,0.0033431241901529982,0.0029431241901529985,0.0025431241901529983,2021
2021-09-27,30,6,6,0.015385936098386635,-0.0037100019674932995,0.009547969032939967,1.0,0.0,2.0,0.009347969032939966,0.008947969032939967,0.008547969032939966,2021
2021-09-28,30,6,6,0.002833018342992716,-0.012462116152752981,0.007647567247872848,1.0,0.0,2.0,0.0074475672478728485,0.007047567247872848,0.006647567247872848,2021
2021-09-29,30,6,6,0.026487416094212946,0.003917593519576384,0.011284911287318282,1.0,0.0,2.0,0.011084911287318281,0.010684911287318282,0.010284911287318281,2021
2021-09-30,30,6,6,-0.019262501718771835,0.0015330636700881667,-0.01039778269443,1.0,0.0,2.0,-0.010597782694430001,-0.01099778269443,-0.011397782694430002,2021
2021-10-08,30,6,6,0.045078309243345056,0.02680444562468068,0.009136931809332189,1.0,0.0,2.0,0.008936931809332188,0.00853693180933219,0.008136931809332188,2021
2021-10-11,30,6,6,-0.0022878947327434327,0.0010127368874284174,-0.001650315810085925,1.0,0.0,2.0,-0.0018503158100859252,-0.002250315810085925,-0.002650315810085925,2021
2021-10-12,30,6,6,-0.0257686587344288,-0.002045866079498833,-0.011861396327464982,1.0,0.0,2.0,-0.012061396327464982,-0.012461396327464982,-0.012861396327464983,2021
2021-10-13,30,6,6,0.0042280316444888,-0.0016873139957443494,0.0029576728201165746,1.0,0.0,2.0,0.0027576728201165746,0.002357672820116575,0.0019576728201165746,2021
2021-10-14,30,6,6,0.00420348808780785,0.01585331117547328,-0.005824911543832715,1.0,0.0,2.0,-0.006024911543832715,-0.006424911543832715,-0.006824911543832715,2021
2021-10-15,30,6,6,-0.007879803286334017,0.0008574985133152652,-0.004368650899824641,1.0,0.0,2.0,-0.004568650899824641,-0.004968650899824641,-0.005368650899824641,2021
2021-10-18,30,6,6,-0.002298401766724433,-0.011559444672670232,0.0046305214529729,1.0,0.0,2.0,0.0044305214529729,0.0040305214529729,0.0036305214529729,2021
2021-10-19,30,6,6,-0.03742000725496105,-0.0184946703933247,-0.009462668430818175,1.0,0.0,2.0,-0.009662668430818176,-0.010062668430818175,-0.010462668430818174,2021
2021-10-20,30,6,6,-0.0340576273401704,-0.0201973258500444,-0.006930150745062999,1.0,0.0,2.0,-0.007130150745062998,-0.0075301507450629985,-0.007930150745062998,2021
2021-10-21,30,6,6,-0.01084246926706685,-0.022765090678263485,0.005961310705598318,1.0,0.0,2.0,0.005761310705598318,0.005361310705598318,0.004961310705598318,2021
2021-10-22,30,6,6,0.0087877497188363,-0.0013013495986012168,0.005044549658718759,1.0,0.0,2.0,0.004844549658718759,0.004444549658718759,0.004044549658718759,2021
2021-10-25,30,6,6,-0.013822860629193834,0.0004850306828047167,-0.007153945655999275,1.0,0.0,2.0,-0.007353945655999275,-0.007753945655999275,-0.008153945655999275,2021
2021-10-26,30,6,6,-0.05875593348960017,-0.010329418860900583,-0.02421325731434979,1.0,0.0,2.0,-0.02441325731434979,-0.02481325731434979,-0.025213257314349792,2021
2021-10-27,30,6,6,-0.00013538196203226617,-0.0013744588733707998,0.0006195384556692668,1.0,0.0,2.0,0.00041953845566926687,1.95384556692669e-05,-0.00038046154433073317,2021
2021-10-28,30,6,6,-0.03991194167345211,-0.0036000943041001494,-0.01815592368467598,1.0,0.0,2.0,-0.01835592368467598,-0.01875592368467598,-0.01915592368467598,2021
2021-10-29,30,6,6,-0.01937731898211265,-0.008357146437520717,-0.005510086272295966,1.0,0.0,2.0,-0.005710086272295966,-0.006110086272295966,-0.006510086272295966,2021
2021-11-01,30,6,6,-0.02659101832050888,-0.007720873941562317,-0.009435072189473282,1.0,0.0,2.0,-0.009635072189473282,-0.010035072189473282,-0.010435072189473281,2021
2021-11-02,30,6,6,0.05977920764194669,0.004285974121560316,0.027746616760193188,1.0,0.0,2.0,0.02754661676019319,0.027146616760193188,0.026746616760193187,2021
2021-11-03,30,6,6,-0.01764475001391347,-0.028246416835794885,0.005300833410940708,1.0,0.0,2.0,0.0051008334109407085,0.004700833410940708,0.004300833410940708,2021
2021-11-04,30,6,6,-0.006593557788533767,-0.0105842273936706,0.0019953348025684163,1.0,0.0,2.0,0.0017953348025684162,0.0013953348025684165,0.0009953348025684163,2021
2021-11-05,30,6,6,0.009693261399033083,0.009576472146714934,5.839462615907405e-05,1.0,0.0,2.0,-0.00014160537384092596,-0.0005416053738409259,-0.000941605373840926,2021
2021-11-08,30,6,6,-0.008503114883715166,-0.0007313018353799173,-0.0038859065241676244,1.0,0.0,2.0,-0.0040859065241676245,-0.004485906524167625,-0.004885906524167625,2021
2021-11-09,30,6,6,0.008166557674965248,-0.00103894052021885,0.004602749097592049,1.0,0.0,2.0,0.004402749097592049,0.004002749097592049,0.0036027490975920487,2021
2021-11-10,30,6,6,0.04239790300088662,-0.005146221254302467,0.023772062127594543,1.0,0.0,2.0,0.023572062127594544,0.023172062127594543,0.022772062127594542,2021
2021-11-11,30,6,6,-0.022743315200119647,-0.006661134379365583,-0.008041090410377032,1.0,0.0,2.0,-0.008241090410377032,-0.008641090410377032,-0.009041090410377033,2021
2021-11-12,30,6,6,-0.024032312906491497,0.0006389367209120002,-0.012335624813701748,1.0,0.0,2.0,-0.012535624813701749,-0.012935624813701748,-0.013335624813701749,2021
2021-11-15,30,6,6,-0.009397355689124816,-0.0005349113381431332,-0.004431222175490841,1.0,0.0,2.0,-0.0046312221754908406,-0.005031222175490841,-0.005431222175490841,2021
2021-11-16,30,6,6,0.02136451074330802,-0.004026004382575367,0.012695257562941693,1.0,0.0,2.0,0.012495257562941692,0.012095257562941693,0.011695257562941694,2021
2021-11-17,30,6,6,-0.012925358675610366,-0.006425849310881484,-0.003249754682364441,1.0,0.0,2.0,-0.003449754682364441,-0.003849754682364441,-0.004249754682364441,2021
2021-11-18,30,6,6,0.033607630037841285,0.010938430416156933,0.011334599810842175,1.0,0.0,2.0,0.011134599810842175,0.010734599810842176,0.010334599810842175,2021
2021-11-19,30,6,6,0.020435651893652335,-0.00135158658152855,0.010893619237590442,1.0,0.0,2.0,0.010693619237590442,0.010293619237590442,0.009893619237590443,2021
2021-11-22,30,6,6,0.0022043854722543174,0.009010918897503018,-0.0034032667126243504,1.0,0.0,2.0,-0.0036032667126243505,-0.00400326671262435,-0.0044032667126243505,2021
2021-11-23,30,6,6,0.03897252733387057,0.0041873540600390995,0.017392586636915737,1.0,0.0,2.0,0.017192586636915738,0.016792586636915737,0.016392586636915736,2021
2021-11-24,30,6,6,0.0105234697121622,-0.0008112996348912334,0.005667384673526716,1.0,0.0,2.0,0.005467384673526717,0.0050673846735267165,0.004667384673526716,2021
2021-11-25,30,6,6,-0.03325814176948003,-0.030420760996675216,-0.0014186903864024086,1.0,0.0,2.0,-0.0016186903864024087,-0.0020186903864024084,-0.0024186903864024086,2021
2021-11-26,30,6,6,0.004750030138096317,0.0063433896658570835,-0.0007966797638803832,1.0,0.0,2.0,-0.0009966797638803833,-0.001396679763880383,-0.0017966797638803832,2021
2021-11-29,30,6,6,-0.02111881499971904,-0.01215574078839455,-0.004481537105662245,1.0,0.0,2.0,-0.004681537105662245,-0.005081537105662245,-0.005481537105662245,2021
2021-11-30,30,6,6,0.009156946068336716,0.019913260187596284,-0.005378157059629784,1.0,0.0,2.0,-0.005578157059629784,-0.005978157059629784,-0.006378157059629784,2021
2021-12-01,30,6,6,-0.016545701062556917,-0.021522032283724235,0.002488165610583659,1.0,0.0,2.0,0.0022881656105836587,0.001888165610583659,0.0014881656105836588,2021
2021-12-02,30,6,6,0.02275620890133018,0.003573677298000233,0.009591265801664974,1.0,0.0,2.0,0.009391265801664973,0.008991265801664974,0.008591265801664975,2021
2021-12-03,30,6,6,0.0023201992591222664,-0.013627017589071267,0.007973608424096766,1.0,0.0,2.0,0.007773608424096767,0.007373608424096767,0.0069736084240967664,2021
2021-12-06,30,6,6,-0.005806150796246883,0.023728910631051998,-0.01476753071364944,1.0,0.0,2.0,-0.014967530713649441,-0.01536753071364944,-0.01576753071364944,2021
2021-12-07,30,6,6,-0.010332498523147049,-0.016381755395457033,0.003024628436154992,1.0,0.0,2.0,0.002824628436154992,0.002424628436154992,0.002024628436154992,2021
2021-12-08,30,6,6,0.008385485214261901,-0.0007355154140939166,0.004560500314177909,1.0,0.0,2.0,0.004360500314177909,0.003960500314177909,0.003560500314177909,2021
2021-12-09,30,6,6,-0.0007745625715404834,-0.0059778617298535995,0.002601649579156558,1.0,0.0,2.0,0.002401649579156558,0.002001649579156558,0.001601649579156558,2021
2021-12-10,30,6,6,0.0212017508647525,0.011040677870964319,0.005080536496894091,1.0,0.0,2.0,0.004880536496894091,0.004480536496894091,0.004080536496894091,2021
2021-12-13,30,6,6,-0.008354212789633683,-0.0067186571030016335,-0.0008177778433160247,1.0,0.0,2.0,-0.0010177778433160247,-0.0014177778433160245,-0.0018177778433160247,2021
2021-12-14,30,6,6,-0.006239265329518584,-0.0085915337633483,0.0011761342169148577,1.0,0.0,2.0,0.0009761342169148577,0.0005761342169148578,0.0001761342169148577,2021
2021-12-15,30,6,6,0.03008688681799815,0.008877379255080168,0.01060475378145899,1.0,0.0,2.0,0.010404753781458989,0.01000475378145899,0.009604753781458988,2021
2021-12-16,30,6,6,0.014487904931472268,0.009395198642061951,0.0025463531447051588,1.0,0.0,2.0,0.0023463531447051587,0.001946353144705159,0.0015463531447051588,2021
2021-12-17,30,6,6,-0.015289839982676466,-0.009140450122258366,-0.0030746949302090498,1.0,0.0,2.0,-0.00327469493020905,-0.0036746949302090496,-0.00407469493020905,2021
2021-12-20,30,6,6,0.01709383979961478,0.0034456168942881994,0.00682411145266329,1.0,0.0,2.0,0.006624111452663291,0.006224111452663291,0.00582411145266329,2021
2021-12-21,30,6,6,0.0001721659688099504,-0.0010501235168425165,0.0006111447428262335,1.0,0.0,2.0,0.00041114474282623347,1.1144742826233508e-05,-0.00038885525717376657,2021
2021-12-22,30,6,6,0.010826510959863249,0.010648582326074865,8.896431689419185e-05,1.0,0.0,2.0,-0.00011103568310580816,-0.0005110356831058081,-0.0009110356831058082,2021
2021-12-23,30,6,6,0.008685961737390285,0.008070127537644583,0.0003079170998728509,1.0,0.0,2.0,0.00010791709987285086,-0.00029208290012714907,-0.0006920829001271491,2021
2021-12-24,30,6,6,-0.022636377474179986,-0.03170103965916587,0.004532331092492941,1.0,0.0,2.0,0.004332331092492941,0.003932331092492941,0.003532331092492941,2021
2021-12-27,30,6,6,-0.0025763701644319335,0.0139464157039087,-0.008261392934170317,1.0,0.0,2.0,-0.008461392934170317,-0.008861392934170317,-0.009261392934170318,2021
2021-12-28,30,6,6,0.004223856034226734,-0.0022253399391177673,0.003224597986672251,1.0,0.0,2.0,0.003024597986672251,0.002624597986672251,0.002224597986672251,2021
2021-12-29,30,6,6,-0.00011389230103794961,0.006587145445241051,-0.0033505188731395,1.0,0.0,2.0,-0.0035505188731395003,-0.0039505188731395,-0.0043505188731395,2021
2021-12-30,30,6,6,0.005592377279632184,0.0048598649589664325,0.0003662561603328756,1.0,0.0,2.0,0.00016625616033287557,-0.00023374383966712437,-0.0006337438396671244,2021
2021-12-31,30,6,6,0.016484650798032418,0.008320955855363068,0.004081847471334675,1.0,0.0,2.0,0.0038818474713346748,0.003481847471334675,0.003081847471334675,2021
2022-01-04,30,6,6,0.01121532941021755,0.0021480809844335335,0.004533624212892009,1.0,0.0,2.0,0.004333624212892009,0.003933624212892009,0.0035336242128920087,2022
2022-01-05,30,6,6,-0.009063688136368318,0.0038971477847667157,-0.006480417960567517,1.0,0.0,2.0,-0.006680417960567516,-0.0070804179605675165,-0.007480417960567517,2022
2022-01-06,30,6,6,0.0070167908092169,0.008140198862926966,-0.0005617040268550326,1.0,0.0,2.0,-0.0007617040268550326,-0.0011617040268550325,-0.0015617040268550327,2022
2022-01-07,30,6,6,0.005500765428496333,0.003423414883192167,0.0010386752726520832,1.0,0.0,2.0,0.0008386752726520832,0.0004386752726520832,3.867527265208315e-05,2022
2022-01-10,30,6,6,0.00742319470460975,0.00732530714675225,4.8943778928750136e-05,1.0,0.0,2.0,-0.00015105622107124987,-0.0005510562210712498,-0.0009510562210712499,2022
2022-01-11,30,6,6,0.006473992615178617,0.011002501059355033,-0.002264254222088208,1.0,0.0,2.0,-0.002464254222088208,-0.0028642542220882077,-0.003264254222088208,2022
2022-01-12,30,6,6,-0.005447060033307867,-0.0056184629528018,8.570145974696672e-05,1.0,0.0,2.0,-0.00011429854025303329,-0.0005142985402530332,-0.0009142985402530333,2022
2022-01-13,30,6,6,-0.0015345906397678168,0.029846985580134804,-0.01569078810995131,1.0,0.0,2.0,-0.015890788109951308,-0.01629078810995131,-0.01669078810995131,2022
2022-01-14,30,6,6,-0.022549040811591415,-0.010673473900720584,-0.005937783455435415,1.0,0.0,2.0,-0.006137783455435415,-0.006537783455435415,-0.006937783455435415,2022
2022-01-17,30,6,6,0.019019484597055,0.0033925059737038173,0.007813489311675591,1.0,0.0,2.0,0.007613489311675592,0.007213489311675592,0.006813489311675591,2022
2022-01-18,30,6,6,0.004798469482852618,0.006982280769220865,-0.0010919056431841238,1.0,0.0,2.0,-0.001291905643184124,-0.0016919056431841236,-0.002091905643184124,2022
2022-01-19,30,6,6,0.026324259219771596,0.004518131486572084,0.010903063866599757,1.0,0.0,2.0,0.010703063866599756,0.010303063866599757,0.009903063866599757,2022
2022-01-20,30,6,6,-0.009467974459734484,-0.002739920554303917,-0.0033640269527152834,1.0,0.0,2.0,-0.0035640269527152835,-0.003964026952715283,-0.004364026952715283,2022
2022-01-21,30,6,6,-0.006412173414495184,-0.0121430429358488,0.0028654347606768076,1.0,0.0,2.0,0.0026654347606768075,0.0022654347606768078,0.0018654347606768076,2022
2022-01-24,30,6,6,0.006798337033284217,-0.010492738554172114,0.008645537793728165,1.0,0.0,2.0,0.008445537793728164,0.008045537793728165,0.007645537793728165,2022
2022-01-25,30,6,6,0.006775623894925266,0.0022790467403386665,0.0022482885772933,1.0,0.0,2.0,0.0020482885772933,0.0016482885772933003,0.0012482885772933001,2022
2022-01-26,30,6,6,0.0020942318377373662,0.0038829249231819504,-0.0008943465427222921,1.0,0.0,2.0,-0.0010943465427222922,-0.0014943465427222921,-0.0018943465427222921,2022
2022-01-27,30,6,6,0.008842397622387267,-0.00010428282935598301,0.0044733402258716245,1.0,0.0,2.0,0.004273340225871625,0.0038733402258716246,0.0034733402258716245,2022
2022-01-28,30,6,6,0.006777688558354668,0.0039073947364633,0.001435146910945684,1.0,0.0,2.0,0.0012351469109456838,0.000835146910945684,0.00043514691094568387,2022
2022-02-07,30,6,6,0.0108200015413681,-0.008765519324334283,0.009792760432851192,1.0,0.0,2.0,0.009592760432851191,0.009192760432851192,0.008792760432851193,2022
2022-02-08,30,6,6,-0.014278804238384185,-0.00437328986496545,-0.004952757186709367,1.0,0.0,2.0,-0.005152757186709367,-0.005552757186709367,-0.005952757186709367,2022
2022-02-09,30,6,6,0.010385202751633483,0.014826233749432332,-0.0022205154988994245,1.0,0.0,2.0,-0.0024205154988994246,-0.0028205154988994244,-0.0032205154988994246,2022
2022-02-10,30,6,6,-0.01356254519761755,-0.03497132853754415,0.0107043916699633,1.0,0.0,2.0,0.0105043916699633,0.010104391669963301,0.0097043916699633,2022
2022-02-11,30,6,6,0.006277779895410449,0.011497758757724316,-0.0026099894311569336,1.0,0.0,2.0,-0.0028099894311569337,-0.0032099894311569334,-0.0036099894311569336,2022
2022-02-14,30,6,6,-0.0032503021141543167,0.001369438278046784,-0.00230987019610055,1.0,0.0,2.0,-0.0025098701961005503,-0.00290987019610055,-0.00330987019610055,2022
2022-02-15,30,6,6,0.011115133697079569,-0.00089960215288975,0.00600736792498466,1.0,0.0,2.0,0.00580736792498466,0.00540736792498466,0.00500736792498466,2022
2022-02-16,30,6,6,-0.02314507466087942,-0.0027676034409100173,-0.0101887356099847,1.0,0.0,2.0,-0.010388735609984701,-0.0107887356099847,-0.0111887356099847,2022
2022-02-17,30,6,6,0.014458707261395467,0.006344074691249133,0.0040573162850731665,1.0,0.0,2.0,0.0038573162850731664,0.0034573162850731667,0.0030573162850731665,2022
2022-02-18,30,6,6,0.01613301776020225,-0.0030687410761768667,0.009600879418189559,1.0,0.0,2.0,0.009400879418189559,0.00900087941818956,0.008600879418189558,2022
2022-02-21,30,6,6,0.005429442466470952,-0.0015731149060294678,0.00350127868625021,1.0,0.0,2.0,0.00330127868625021,0.00290127868625021,0.00250127868625021,2022
2022-02-22,30,6,6,0.017046831916080533,-0.0034233665979795836,0.010235099257030058,1.0,0.0,2.0,0.010035099257030057,0.009635099257030058,0.009235099257030057,2022
2022-02-23,30,6,6,0.00531930701130072,0.009753819279546902,-0.002217256134123091,1.0,0.0,2.0,-0.002417256134123091,-0.002817256134123091,-0.003217256134123091,2022
2022-02-24,30,6,6,-0.035182488757412436,-0.02918718316310875,-0.0029976527971518428,1.0,0.0,2.0,-0.003197652797151843,-0.0035976527971518426,-0.003997652797151843,2022
2022-02-25,30,6,6,0.018040618911517082,0.008060820360194417,0.004989899275661332,1.0,0.0,2.0,0.0047898992756613325,0.004389899275661332,0.003989899275661332,2022
2022-02-28,30,6,6,0.029782347299371684,0.005343149873014016,0.012219598713178834,1.0,0.0,2.0,0.012019598713178833,0.011619598713178834,0.011219598713178833,2022
2022-03-01,30,6,6,0.010884430106431683,0.007762722591970484,0.0015608537572306,1.0,0.0,2.0,0.0013608537572305998,0.0009608537572306,0.0005608537572305999,2022
2022-03-02,30,6,6,0.01581450030224035,0.0200136240738489,-0.002099561885804275,1.0,0.0,2.0,-0.0022995618858042753,-0.002699561885804275,-0.0030995618858042752,2022
2022-03-03,30,6,6,-0.022696927238631648,-0.012621161330212967,-0.0050378829542093405,1.0,0.0,2.0,-0.00523788295420934,-0.00563788295420934,-0.0060378829542093405,2022
2022-03-04,30,6,6,0.042053729792842935,0.03364259665637032,0.004205566568236306,1.0,0.0,2.0,0.004005566568236306,0.0036055665682363063,0.003205566568236306,2022
2022-03-07,30,6,6,0.017408577058483466,-0.007011732186929517,0.012210154622706491,1.0,0.0,2.0,0.01201015462270649,0.011610154622706492,0.01121015462270649,2022
2022-03-08,30,6,6,0.014061153005873683,0.014059165912227183,9.935468232502229e-07,1.0,0.0,2.0,-0.0001990064531767498,-0.0005990064531767497,-0.0009990064531767498,2022
2022-03-09,29,5,5,0.004799063951329739,-0.03729783384624676,0.02104844889878825,1.0,0.0,2.0,0.02084844889878825,0.02044844889878825,0.02004844889878825,2022
2022-03-10,30,6,6,-0.004921710596785,-0.005451596166776584,0.0002649427849957921,1.0,0.0,2.0,6.49427849957921e-05,-0.00033505721500420784,-0.0007350572150042079,2022
2022-03-11,30,6,6,-0.022977529851273732,0.012453596015468466,-0.0177155629333711,1.0,0.0,2.0,-0.0179155629333711,-0.0183155629333711,-0.0187155629333711,2022
2022-03-14,30,6,6,-0.02549845960175783,-0.011035687922077967,-0.007231385839839931,1.0,0.0,2.0,-0.007431385839839931,-0.007831385839839932,-0.008231385839839931,2022
2022-03-15,30,6,6,0.03647362620661173,0.0087870154645567,0.013843305371027514,1.0,0.0,2.0,0.013643305371027514,0.013243305371027515,0.012843305371027514,2022
2022-03-16,30,6,6,-0.021611968910101417,-0.0023173724413187496,-0.009647298234391333,1.0,0.0,2.0,-0.009847298234391334,-0.010247298234391333,-0.010647298234391332,2022
2022-03-17,30,6,6,0.0274137315115197,0.0069877273170768335,0.010213002097221433,1.0,0.0,2.0,0.010013002097221432,0.009613002097221433,0.009213002097221434,2022
2022-03-18,30,6,6,0.01954993858141205,0.005471052530161366,0.0070394430256253415,1.0,0.0,2.0,0.006839443025625342,0.006439443025625342,0.0060394430256253415,2022
2022-03-21,30,6,6,0.035230057064346405,-0.0050936482369879,0.020161852650667153,1.0,0.0,2.0,0.019961852650667154,0.019561852650667153,0.019161852650667152,2022
2022-03-22,30,6,6,0.0055470328915475835,0.003020781946488084,0.0012631254725297498,1.0,0.0,2.0,0.0010631254725297498,0.0006631254725297499,0.0002631254725297498,2022
2022-03-23,30,6,6,0.005881637492673852,-0.001102661787403617,0.003492149640038734,1.0,0.0,2.0,0.003292149640038734,0.0028921496400387344,0.002492149640038734,2022
2022-03-24,30,6,6,0.016444000327450466,-0.0020494735922995497,0.009246736959875008,1.0,0.0,2.0,0.009046736959875007,0.008646736959875008,0.008246736959875007,2022
2022-03-25,30,6,6,-0.0009440447478292332,-0.013507923999169833,0.0062819396256703006,1.0,0.0,2.0,0.006081939625670301,0.005681939625670301,0.0052819396256703005,2022
2022-03-28,30,6,6,-0.0003516754614950341,0.0007537188090277165,-0.0005526971352613752,1.0,0.0,2.0,-0.0007526971352613752,-0.0011526971352613753,-0.0015526971352613753,2022
2022-03-29,30,6,6,0.03702957749368111,0.036977630925759036,2.597328396103729e-05,1.0,0.0,2.0,-0.00017402671603896272,-0.0005740267160389627,-0.0009740267160389627,2022
2022-03-30,30,6,6,-0.005575511097828966,-0.016887600390565704,0.005656044646368369,1.0,0.0,2.0,0.00545604464636837,0.005056044646368369,0.004656044646368369,2022
2022-03-31,30,6,6,-0.008511565022841016,0.006973647120372299,-0.007742606071606657,1.0,0.0,2.0,-0.007942606071606658,-0.008342606071606657,-0.008742606071606658,2022
2022-04-01,30,6,6,0.007278816341759399,-0.0095536673389766,0.008416241840367999,1.0,0.0,2.0,0.008216241840367998,0.007816241840367999,0.007416241840367999,2022
2022-04-06,30,6,6,-0.006475971918555067,-0.022316211507138167,0.00792011979429155,1.0,0.0,2.0,0.007720119794291551,0.007320119794291551,0.006920119794291551,2022
2022-04-07,30,6,6,-0.0006418546167513661,0.006195983305902917,-0.0034189189613271415,1.0,0.0,2.0,-0.0036189189613271416,-0.004018918961327142,-0.004418918961327142,2022
2022-04-08,30,6,6,-0.015288495806914182,-0.003978392415453734,-0.005655051695730225,1.0,0.0,2.0,-0.005855051695730224,-0.0062550516957302245,-0.006655051695730225,2022
2022-04-11,30,6,6,0.01851075218784665,0.0179946781998131,0.0002580369940167748,1.0,0.0,2.0,5.8036994016774814e-05,-0.0003419630059832251,-0.0007419630059832252,2022
2022-04-12,30,6,6,-0.0083726759648026,-0.005482332153571082,-0.001445171905615759,1.0,0.0,2.0,-0.001645171905615759,-0.0020451719056157587,-0.002445171905615759,2022
2022-04-13,30,6,6,0.014243290460153919,0.0004951784200876001,0.006874056020033159,1.0,0.0,2.0,0.006674056020033159,0.006274056020033159,0.005874056020033159,2022
2022-04-14,30,6,6,0.011992325637239518,0.0050292501255032665,0.0034815377558681257,1.0,0.0,2.0,0.0032815377558681256,0.002881537755868126,0.0024815377558681257,2022
2022-04-15,30,6,6,0.0025263966710256844,0.0010193527269207003,0.000753521972052492,1.0,0.0,2.0,0.0005535219720524921,0.0001535219720524921,-0.000246478027947508,2022
2022-04-18,30,6,6,0.0034211032153119336,0.005067089630333133,-0.0008229932075105998,1.0,0.0,2.0,-0.0010229932075105999,-0.0014229932075105999,-0.0018229932075105998,2022
2022-04-19,30,6,6,-0.008247445322098618,-0.0035044740256455504,-0.0023714856482265336,1.0,0.0,2.0,-0.0025714856482265337,-0.0029714856482265335,-0.0033714856482265337,2022
2022-04-20,30,6,6,0.010928402600257249,0.00021699488759436723,0.0053557038563314405,1.0,0.0,2.0,0.005155703856331441,0.004755703856331441,0.0043557038563314405,2022
2022-04-21,30,6,6,-0.013336528302720899,-0.014341812272133998,0.0005026419847065497,1.0,0.0,2.0,0.0003026419847065497,-9.735801529345029e-05,-0.0004973580152934504,2022
2022-04-22,30,6,6,-0.0486314914058767,-0.028795232703555437,-0.009918129351160631,1.0,0.0,2.0,-0.010118129351160632,-0.010518129351160631,-0.01091812935116063,2022
2022-04-25,30,6,6,0.012456716472303465,0.006992439400019066,0.0027321385361421995,1.0,0.0,2.0,0.0025321385361421994,0.0021321385361421996,0.0017321385361421995,2022
2022-04-26,30,6,6,0.0020712464752087657,0.00507802556708255,-0.0015033895459368922,1.0,0.0,2.0,-0.0017033895459368923,-0.0021033895459368923,-0.002503389545936892,2022
2022-04-27,30,6,6,0.010897622228148683,-0.0004032070057242503,0.005650414616936467,1.0,0.0,2.0,0.005450414616936467,0.005050414616936467,0.004650414616936467,2022
2022-04-28,30,6,6,0.010848545926521317,0.010125269031845116,0.00036163844733810065,1.0,0.0,2.0,0.00016163844733810064,-0.0002383615526618993,-0.0006383615526618994,2022
2022-04-29,30,6,6,0.0006938709085571164,-0.0018756873410612166,0.0012847791248091665,1.0,0.0,2.0,0.0010847791248091664,0.0006847791248091665,0.00028477912480916645,2022
2022-05-05,30,6,6,-0.019325428576146882,-0.015367961829485284,-0.0019787333733307993,1.0,0.0,2.0,-0.0021787333733307994,-0.002578733373330799,-0.0029787333733307993,2022
2022-05-06,30,6,6,-0.012009390546809417,-0.016078357949400015,0.002034483701295299,1.0,0.0,2.0,0.0018344837012952988,0.001434483701295299,0.0010344837012952988,2022
2022-05-09,30,6,6,-0.008443338443859433,-0.002900564436614017,-0.002771387003622708,1.0,0.0,2.0,-0.0029713870036227083,-0.003371387003622708,-0.003771387003622708,2022
2022-05-10,30,6,6,0.022661926021481982,0.0018628153253999833,0.010399555348041,1.0,0.0,2.0,0.010199555348041,0.009799555348041,0.009399555348041,2022
2022-05-11,30,6,6,-0.021199539656280905,-0.0018935137367379331,-0.009653012959771485,1.0,0.0,2.0,-0.009853012959771486,-0.010253012959771485,-0.010653012959771484,2022
2022-05-12,30,6,6,0.019854976316568684,0.013016323382521967,0.0034193264670233587,1.0,0.0,2.0,0.0032193264670233586,0.002819326467023359,0.0024193264670233586,2022
2022-05-13,30,6,6,0.017659994249794298,-5.547786585813341e-05,0.008857736057826216,1.0,0.0,2.0,0.008657736057826215,0.008257736057826216,0.007857736057826217,2022
2022-05-16,30,6,6,0.006097422394181183,-0.0038766109672283,0.004987016680704741,1.0,0.0,2.0,0.0047870166807047415,0.004387016680704741,0.003987016680704741,2022
2022-05-17,30,6,6,-0.02196629052762668,-0.012718211773540433,-0.004624039377043124,1.0,0.0,2.0,-0.004824039377043124,-0.005224039377043124,-0.005624039377043124,2022
2022-05-18,30,6,6,0.015815549124606434,-0.005008775521502234,0.010412162323054334,1.0,0.0,2.0,0.010212162323054334,0.009812162323054334,0.009412162323054335,2022
2022-05-19,30,6,6,0.013342193200830785,0.012089347914054716,0.0006264226433880344,1.0,0.0,2.0,0.00042642264338803445,2.6422643388034485e-05,-0.0003735773566119656,2022
2022-05-20,30,6,6,-0.002713434553452317,-0.0015262938797439834,-0.0005935703368541669,1.0,0.0,2.0,-0.0007935703368541669,-0.0011935703368541669,-0.0015935703368541668,2022
2022-05-23,30,6,6,-0.020488175526143317,-0.009557700209879668,-0.005465237658131825,1.0,0.0,2.0,-0.005665237658131824,-0.0060652376581318244,-0.006465237658131825,2022
2022-05-24,30,6,6,0.007746357862694417,0.0016965062713421503,0.0030249257956761334,1.0,0.0,2.0,0.0028249257956761333,0.0024249257956761336,0.0020249257956761334,2022
2022-05-25,30,6,6,0.0008958822065757168,0.0004831381014092664,0.0002063720525832252,1.0,0.0,2.0,6.372052583225195e-06,-0.0003936279474167747,-0.0007936279474167748,2022
2022-05-26,30,6,6,0.01877477896386465,0.005493677583793117,0.006640550690035767,1.0,0.0,2.0,0.006440550690035767,0.006040550690035767,0.005640550690035767,2022
2022-05-27,30,6,6,0.00639093524722605,-0.009749847456951134,0.008070391352088592,1.0,0.0,2.0,0.007870391352088592,0.0074703913520885925,0.007070391352088592,2022
2022-05-30,30,6,6,0.013005877909678753,0.004119066832476166,0.004443405538601293,1.0,0.0,2.0,0.004243405538601293,0.003843405538601293,0.003443405538601293,2022
2022-05-31,30,6,6,-0.014414540792830085,0.0010461453818166669,-0.007730343087323376,1.0,0.0,2.0,-0.007930343087323375,-0.008330343087323376,-0.008730343087323376,2022
2022-06-01,30,6,6,-0.0009819939936197165,0.0044647160325510995,-0.002723355013085408,1.0,0.0,2.0,-0.002923355013085408,-0.003323355013085408,-0.003723355013085408,2022
2022-06-02,30,6,6,-0.0028709368199517165,-0.00203835173466755,-0.00041629254264208314,1.0,0.0,2.0,-0.0006162925426420831,-0.001016292542642083,-0.0014162925426420832,2022
2022-06-06,30,6,6,-0.00818678574753115,0.005171443424994717,-0.006679114586262934,1.0,0.0,2.0,-0.006879114586262934,-0.007279114586262934,-0.007679114586262934,2022
2022-06-07,30,6,6,0.009053835881455849,0.013401123627380383,-0.002173643872962267,1.0,0.0,2.0,-0.002373643872962267,-0.002773643872962267,-0.003173643872962267,2022
2022-06-08,30,6,6,-0.011279625661570966,-0.01037531615541645,-0.0004521547530772583,1.0,0.0,2.0,-0.0006521547530772583,-0.0010521547530772581,-0.0014521547530772583,2022
2022-06-09,30,6,6,0.00770594094216795,0.0005066901244363166,0.0035996254088658166,1.0,0.0,2.0,0.0033996254088658165,0.0029996254088658168,0.0025996254088658166,2022
2022-06-10,30,6,6,-0.008780959611251284,-0.014574793062106399,0.0028969167254275577,1.0,0.0,2.0,0.0026969167254275576,0.002296916725427558,0.0018969167254275577,2022
2022-06-13,30,6,6,-0.0005910763410772499,-0.0034673947577907997,0.0014381592083567748,1.0,0.0,2.0,0.0012381592083567747,0.0008381592083567749,0.0004381592083567748,2022
2022-06-14,30,6,6,-0.03391453834628048,-0.013337977717331783,-0.010288280314474346,1.0,0.0,2.0,-0.010488280314474347,-0.010888280314474346,-0.011288280314474347,2022
2022-06-15,30,6,6,-0.01133659058907305,-0.004983961307867733,-0.003176314640602658,1.0,0.0,2.0,-0.003376314640602658,-0.003776314640602658,-0.004176314640602658,2022
2022-06-16,30,6,6,-0.01075385430433525,0.001507977222923967,-0.006130915763629608,1.0,0.0,2.0,-0.006330915763629608,-0.006730915763629608,-0.007130915763629608,2022
2022-06-17,30,6,6,-0.05925177725477233,-0.013765285487250431,-0.02274324588376095,1.0,0.0,2.0,-0.022943245883760947,-0.02334324588376095,-0.02374324588376095,2022
2022-06-20,30,6,6,0.011676522020714166,-0.0099070887933515,0.010791805407032833,1.0,0.0,2.0,0.010591805407032832,0.010191805407032833,0.009791805407032832,2022
2022-06-21,30,6,6,-0.02841883553394355,-0.012590398380980599,-0.007914218576481474,1.0,0.0,2.0,-0.008114218576481475,-0.008514218576481474,-0.008914218576481475,2022
2022-06-22,30,6,6,0.014703286974141484,-0.0003787380375753332,0.007541012505858409,1.0,0.0,2.0,0.007341012505858409,0.006941012505858409,0.006541012505858409,2022
2022-06-23,30,6,6,-0.04889945488887263,-0.01798163344507005,-0.01545891072190129,1.0,0.0,2.0,-0.01565891072190129,-0.01605891072190129,-0.01645891072190129,2022
2022-06-24,30,6,6,0.023210991797170188,0.007352076830812417,0.007929457483178885,1.0,0.0,2.0,0.007729457483178885,0.007329457483178885,0.006929457483178885,2022
2022-06-27,30,6,6,0.023825073366867316,0.007904647036791617,0.007960213165037849,1.0,0.0,2.0,0.007760213165037849,0.007360213165037849,0.006960213165037849,2022
2022-06-28,30,6,6,-0.0053153541956745,-0.003875023868093916,-0.0007201651637902917,1.0,0.0,2.0,-0.0009201651637902917,-0.0013201651637902915,-0.0017201651637902917,2022
2022-06-29,30,6,6,-0.0277470002518922,-0.00912554267236415,-0.009310728789764024,1.0,0.0,2.0,-0.009510728789764025,-0.009910728789764024,-0.010310728789764023,2022
2022-06-30,30,6,6,-0.03553866833989227,-0.025392161950526283,-0.0050732531946829935,1.0,0.0,2.0,-0.005273253194682993,-0.005673253194682993,-0.0060732531946829935,2022
2022-07-01,30,6,6,-0.022725571898772518,-0.004931375466381433,-0.008897098216195543,1.0,0.0,2.0,-0.009097098216195544,-0.009497098216195543,-0.009897098216195544,2022
2022-07-04,30,6,6,-0.005128147116769234,-0.0046495302021450835,-0.00023930845731207507,1.0,0.0,2.0,-0.00043930845731207505,-0.000839308457312075,-0.001239308457312075,2022
2022-07-05,30,6,6,-0.006059176790298584,-0.015040267202030671,0.004490545205866043,1.0,0.0,2.0,0.004290545205866044,0.0038905452058660434,0.0034905452058660432,2022
2022-07-06,30,6,6,-0.014997967510991134,0.0006993213620461169,-0.007848644436518625,1.0,0.0,2.0,-0.008048644436518626,-0.008448644436518625,-0.008848644436518626,2022
2022-07-07,30,6,6,-0.022913496757053103,-0.002804446075857917,-0.010054525340597593,1.0,0.0,2.0,-0.010254525340597594,-0.010654525340597593,-0.011054525340597594,2022
2022-07-08,30,6,6,-0.011080576427665051,0.007597736150416933,-0.009339156289040992,1.0,0.0,2.0,-0.009539156289040993,-0.009939156289040992,-0.010339156289040991,2022
2022-07-11,30,6,6,-0.017118337140064832,-0.008190973787824516,-0.004463681676120158,1.0,0.0,2.0,-0.0046636816761201575,-0.005063681676120158,-0.005463681676120158,2022
2022-07-12,30,6,6,0.00024365212944954992,-0.012829921912176,0.006536787020812776,1.0,0.0,2.0,0.006336787020812776,0.005936787020812776,0.005536787020812776,2022
2022-07-13,30,6,6,0.0054265731129705995,0.0023126084430634664,0.0015569823349535666,1.0,0.0,2.0,0.0013569823349535665,0.0009569823349535666,0.0005569823349535665,2022
2022-07-14,30,6,6,-0.03695124551384391,-0.016698650845903818,-0.010126297333970047,1.0,0.0,2.0,-0.010326297333970048,-0.010726297333970047,-0.011126297333970046,2022
2022-07-15,30,6,6,0.05754918854478978,0.03070012670270751,0.013424530921041133,1.0,0.0,2.0,0.013224530921041132,0.012824530921041133,0.012424530921041132,2022
2022-07-18,30,6,6,-0.01945858286207625,-0.016608601888734167,-0.0014249904866710413,1.0,0.0,2.0,-0.0016249904866710413,-0.002024990486671041,-0.0024249904866710413,2022
2022-07-19,30,6,6,0.014588901373704366,-0.005595449886912633,0.0100921756303085,1.0,0.0,2.0,0.0098921756303085,0.0094921756303085,0.0090921756303085,2022
2022-07-20,30,6,6,-0.010430994704275767,-0.01143000706273855,0.0004995061792313913,1.0,0.0,2.0,0.0002995061792313913,-0.00010049382076860868,-0.0005004938207686088,2022
2022-07-21,30,6,6,0.026506615478458517,0.010974907867048198,0.007765853805705159,1.0,0.0,2.0,0.00756585380570516,0.0071658538057051595,0.006765853805705159,2022
2022-07-22,30,6,6,0.009529981660178967,-0.003387766308909867,0.006458873984544417,1.0,0.0,2.0,0.006258873984544417,0.005858873984544417,0.005458873984544417,2022
2022-07-25,30,6,6,0.0118861662384255,0.011533702686786683,0.0001762317758194085,1.0,0.0,2.0,-2.376822418059151e-05,-0.00042376822418059145,-0.0008237682241805915,2022
2022-07-26,30,6,6,-0.006502665535450101,-0.0043990492266461,-0.0010518081544020007,1.0,0.0,2.0,-0.0012518081544020008,-0.0016518081544020006,-0.0020518081544020008,2022
2022-07-27,30,6,6,0.035011213457735085,0.022790434584526915,0.006110389436604085,1.0,0.0,2.0,0.005910389436604086,0.0055103894366040854,0.005110389436604085,2022
2022-07-28,30,6,6,0.002128390128225367,0.0112635888336957,-0.004567599352735167,1.0,0.0,2.0,-0.0047675993527351666,-0.005167599352735167,-0.005567599352735167,2022
2022-07-29,30,6,6,0.0017276757471710504,-0.014293319710916052,0.008010497729043551,1.0,0.0,2.0,0.007810497729043552,0.0074104977290435515,0.007010497729043551,2022
2022-08-01,30,6,6,0.011850636722892235,-0.002017986163091234,0.006934311442991735,1.0,0.0,2.0,0.006734311442991735,0.006334311442991735,0.005934311442991735,2022
2022-08-02,30,6,6,-0.004838808003737583,-0.003471418939467717,-0.000683694532134933,1.0,0.0,2.0,-0.000883694532134933,-0.001283694532134933,-0.001683694532134933,2022
2022-08-03,30,6,6,-0.022531819141551803,-0.015726807696090916,-0.0034025057227304433,1.0,0.0,2.0,-0.0036025057227304434,-0.004002505722730443,-0.004402505722730443,2022
2022-08-04,30,6,6,0.006201368548901634,0.004022219110242416,0.0010895747193296087,1.0,0.0,2.0,0.0008895747193296088,0.0004895747193296088,8.957471932960872e-05,2022
2022-08-05,30,6,6,0.03757261084075393,0.0012330885259603497,0.01816976115739679,1.0,0.0,2.0,0.01796976115739679,0.01756976115739679,0.01716976115739679,2022
2022-08-08,30,6,6,0.008520212698266166,-0.002350721291260417,0.005435466994763292,1.0,0.0,2.0,0.005235466994763292,0.004835466994763292,0.004435466994763292,2022
2022-08-09,30,6,6,-0.014040509209417735,-0.011154588281334933,-0.0014429604640414009,1.0,0.0,2.0,-0.001642960464041401,-0.0020429604640414007,-0.002442960464041401,2022
2022-08-10,30,6,6,0.0072128861390459665,-0.0015658623397210338,0.004389374239383501,1.0,0.0,2.0,0.004189374239383501,0.0037893742393835007,0.0033893742393835006,2022
2022-08-11,30,6,6,0.011152443652430883,-0.0010751172219285168,0.0061137804371797,1.0,0.0,2.0,0.0059137804371797,0.0055137804371797,0.0051137804371797,2022
2022-08-12,30,6,6,-0.012705642823841984,0.002256577864589099,-0.0074811103442155415,1.0,0.0,2.0,-0.007681110344215541,-0.008081110344215542,-0.008481110344215542,2022
2022-08-15,30,6,6,0.01954342753136405,0.0021367311677060502,0.008703348181829,1.0,0.0,2.0,0.008503348181828999,0.008103348181829,0.007703348181828999,2022
2022-08-16,30,6,6,-0.02741059851599705,-0.001501492546449183,-0.012954552984773932,1.0,0.0,2.0,-0.013154552984773932,-0.013554552984773932,-0.013954552984773931,2022
2022-08-17,30,6,6,-0.010434161148677916,-0.011070095532209613,0.0003179671917658486,1.0,0.0,2.0,0.00011796719176584858,-0.00028203280823415136,-0.0006820328082341514,2022
2022-08-18,30,6,6,-0.007988582598542383,-0.0114429024089456,0.001727159905201608,1.0,0.0,2.0,0.0015271599052016078,0.001127159905201608,0.0007271599052016079,2022
2022-08-19,30,6,6,0.025726331263301466,0.006697892285293633,0.009514219489003916,1.0,0.0,2.0,0.009314219489003916,0.008914219489003916,0.008514219489003917,2022
2022-08-22,30,6,6,0.008581352792701684,0.0020548356650627,0.003263258563819492,1.0,0.0,2.0,0.003063258563819492,0.0026632585638194923,0.002263258563819492,2022
2022-08-23,30,6,6,0.009358505953308017,0.005200706892858983,0.002078899530224517,1.0,0.0,2.0,0.001878899530224517,0.0014788995302245172,0.001078899530224517,2022
2022-08-24,30,6,6,0.006841430022263384,-0.0027094977853824496,0.0047754639038229164,1.0,0.0,2.0,0.004575463903822917,0.004175463903822917,0.0037754639038229164,2022
2022-08-25,30,6,6,0.009457190816318451,0.010073553372647367,-0.00030818127816445787,1.0,0.0,2.0,-0.0005081812781644578,-0.0009081812781644578,-0.0013081812781644579,2022
2022-08-26,30,6,6,-0.016691705443251617,-0.023534110997410266,0.0034212027770793244,1.0,0.0,2.0,0.0032212027770793243,0.0028212027770793246,0.0024212027770793244,2022
2022-08-29,30,6,6,-0.021307488663726667,-0.0032015780823718832,-0.009052955290677392,1.0,0.0,2.0,-0.009252955290677392,-0.009652955290677391,-0.01005295529067739,2022
2022-08-30,30,6,6,0.007853239415673468,0.004842233287120767,0.0015055030642763504,1.0,0.0,2.0,0.0013055030642763503,0.0009055030642763504,0.0005055030642763503,2022
2022-08-31,30,6,6,-0.0188568399166066,0.0022713401643135005,-0.01056409004046005,1.0,0.0,2.0,-0.01076409004046005,-0.01116409004046005,-0.011564090040460051,2022
2022-09-01,30,6,6,-0.0002530723034175492,-0.005989573212632567,0.002868250454607509,1.0,0.0,2.0,0.002668250454607509,0.002268250454607509,0.0018682504546075089,2022
2022-09-02,30,6,6,0.021696737118813102,0.009460459448249166,0.006118138835281968,1.0,0.0,2.0,0.0059181388352819685,0.005518138835281968,0.005118138835281968,2022
2022-09-05,30,6,6,0.0003246196262874001,0.004626110432052033,-0.0021507454028823164,1.0,0.0,2.0,-0.0023507454028823165,-0.0027507454028823162,-0.0031507454028823164,2022
2022-09-06,30,6,6,-0.01779838288909535,-0.00994469389587825,-0.003926844496608551,1.0,0.0,2.0,-0.0041268444966085505,-0.004526844496608551,-0.004926844496608551,2022
2022-09-07,30,6,6,0.008161438917370985,0.000981146218071467,0.003590146349649759,1.0,0.0,2.0,0.003390146349649759,0.002990146349649759,0.002590146349649759,2022
2022-09-08,30,6,6,0.012711855828722697,0.014989528909749868,-0.0011388365405135851,1.0,0.0,2.0,-0.0013388365405135852,-0.001738836540513585,-0.002138836540513585,2022
2022-09-09,30,6,6,0.009896920093056835,-0.0035992523390794167,0.0067480862160681256,1.0,0.0,2.0,0.006548086216068126,0.006148086216068126,0.0057480862160681255,2022
2022-09-13,30,6,6,-0.0041318062380838,-0.006168297880669767,0.0010182458212929834,1.0,0.0,2.0,0.0008182458212929834,0.0004182458212929834,1.824582129298334e-05,2022
2022-09-14,30,6,6,0.005249410806946933,-0.0033906033843292666,0.0043200070956381,1.0,0.0,2.0,0.0041200070956381,0.0037200070956381,0.0033200070956380997,2022
2022-09-15,30,6,6,0.000746604883118483,-0.0025470071665535834,0.0016468060248360332,1.0,0.0,2.0,0.001446806024836033,0.0010468060248360334,0.0006468060248360332,2022
2022-09-16,30,6,6,0.00033189524284340036,0.002118282834857483,-0.0008931937960070413,1.0,0.0,2.0,-0.0010931937960070414,-0.0014931937960070414,-0.0018931937960070414,2022
2022-09-19,30,6,6,-0.0010583821616811336,0.00871661968099,-0.004887500921335567,1.0,0.0,2.0,-0.005087500921335567,-0.005487500921335567,-0.005887500921335567,2022
2022-09-20,30,6,6,0.015315205601710602,0.0033674949584371334,0.005973855321636734,1.0,0.0,2.0,0.005773855321636734,0.005373855321636734,0.004973855321636734,2022
2022-09-21,30,6,6,0.009721334828735884,0.005383855691429983,0.0021687395686529505,1.0,0.0,2.0,0.0019687395686529504,0.0015687395686529507,0.0011687395686529505,2022
2022-09-22,30,6,6,-0.014401093058322332,-0.008802242295897166,-0.0027994253812125827,1.0,0.0,2.0,-0.0029994253812125828,-0.0033994253812125825,-0.0037994253812125827,2022
2022-09-23,30,6,6,-0.0065584124949586335,-0.00244707791012945,-0.002055667292414592,1.0,0.0,2.0,-0.002255667292414592,-0.0026556672924145917,-0.003055667292414592,2022
2022-09-26,30,6,6,0.013716826857154118,0.011179759936780567,0.0012685334601867755,1.0,0.0,2.0,0.0010685334601867754,0.0006685334601867755,0.00026853346018677546,2022
2022-09-27,30,6,6,-0.010616290963409982,-0.005467821590654034,-0.0025742346863779743,1.0,0.0,2.0,-0.0027742346863779744,-0.003174234686377974,-0.0035742346863779743,2022
2022-09-28,30,6,6,0.012023612544053134,0.0044124137945715505,0.0038055993747407916,1.0,0.0,2.0,0.0036055993747407915,0.0032055993747407917,0.0028055993747407915,2022
2022-09-29,30,6,6,-0.00015771222021260015,4.849032984133421e-06,-8.128062659836679e-05,1.0,0.0,2.0,-0.0002812806265983668,-0.0006812806265983668,-0.0010812806265983667,2022
2022-09-30,30,6,6,-0.010561571547769133,-0.0027748558461477666,-0.0038933578508106833,1.0,0.0,2.0,-0.004093357850810683,-0.004493357850810683,-0.004893357850810683,2022
2022-10-10,30,6,6,0.003930114029041482,-0.0165227437526467,0.010226428890844092,1.0,0.0,2.0,0.010026428890844092,0.009626428890844092,0.009226428890844091,2022
2022-10-11,30,6,6,-0.003559238230959333,-0.00012765508387256654,-0.0017157915735433833,1.0,0.0,2.0,-0.0019157915735433834,-0.002315791573543383,-0.0027157915735433833,2022
2022-10-12,30,6,6,-0.007014389574890084,-0.0013248237237283831,-0.0028447829255808504,1.0,0.0,2.0,-0.0030447829255808505,-0.00344478292558085,-0.0038447829255808504,2022
2022-10-13,30,6,6,0.021978896367359436,0.01490947314651835,0.0035347116104205425,1.0,0.0,2.0,0.0033347116104205424,0.0029347116104205427,0.0025347116104205425,2022
2022-10-14,30,6,6,-0.02505711306766525,-0.010503124943248116,-0.0072769940622085675,1.0,0.0,2.0,-0.007476994062208567,-0.007876994062208568,-0.008276994062208567,2022
2022-10-17,30,6,6,-0.00970634062469175,0.0009663635797839167,-0.005336352102237834,1.0,0.0,2.0,-0.005536352102237833,-0.005936352102237833,-0.006336352102237834,2022
2022-10-18,30,6,6,0.006583763631587966,0.0049610279758558,0.0008113678278660833,1.0,0.0,2.0,0.0006113678278660833,0.00021136782786608337,-0.0001886321721339167,2022
2022-10-19,30,6,6,-0.015070986848986815,0.0013204656073504666,-0.00819572622816864,1.0,0.0,2.0,-0.008395726228168641,-0.00879572622816864,-0.009195726228168642,2022
2022-10-20,30,6,6,0.003414936355312266,-0.004408762694405817,0.003911849524859042,1.0,0.0,2.0,0.0037118495248590418,0.003311849524859042,0.002911849524859042,2022
2022-10-21,30,6,6,0.004567190091196116,0.001136692458466584,0.001715248816364766,1.0,0.0,2.0,0.001515248816364766,0.0011152488163647663,0.0007152488163647661,2022
2022-10-24,30,6,6,-0.010142006460695368,-0.0007258228224801501,-0.004708091819107609,1.0,0.0,2.0,-0.004908091819107609,-0.005308091819107609,-0.005708091819107609,2022
2022-10-25,30,6,6,-0.0066012613989764,0.0052992819763629335,-0.005950271687669667,1.0,0.0,2.0,-0.0061502716876696666,-0.006550271687669667,-0.006950271687669667,2022
2022-10-26,30,6,6,-0.00296968945128095,-0.0032313684522790663,0.0001308395004990582,1.0,0.0,2.0,-6.91604995009418e-05,-0.00046916049950094174,-0.0008691604995009418,2022
2022-10-27,30,6,6,-0.013903931473808652,-0.015781882987084387,0.0009389757566378677,1.0,0.0,2.0,0.0007389757566378677,0.00033897575663786774,-6.102424336213233e-05,2022
2022-10-28,30,6,6,-0.02243960195564015,-0.01223117542637337,-0.0051042132646333905,1.0,0.0,2.0,-0.00530421326463339,-0.00570421326463339,-0.0061042132646333905,2022
2022-10-31,30,6,6,0.02297081755150113,0.0211515073883054,0.0009096550815978644,1.0,0.0,2.0,0.0007096550815978644,0.00030965508159786447,-9.03449184021356e-05,2022
2022-11-01,30,6,6,0.005020536742076902,-0.002436385522837067,0.0037284611324569844,1.0,0.0,2.0,0.0035284611324569843,0.0031284611324569845,0.0027284611324569844,2022
2022-11-02,30,6,6,0.0033190765359226004,-0.0002956638310121832,0.0018073701834673919,1.0,0.0,2.0,0.0016073701834673918,0.001207370183467392,0.0008073701834673918,2022
2022-11-03,30,6,6,0.033858905151008596,0.011149203260716315,0.011354850945146142,1.0,0.0,2.0,0.011154850945146141,0.010754850945146142,0.01035485094514614,2022
2022-11-04,30,6,6,-0.0049154277734639665,-0.0013559605607058164,-0.001779733606379075,1.0,0.0,2.0,-0.001979733606379075,-0.0023797336063790748,-0.002779733606379075,2022
2022-11-07,30,6,6,0.0030576110651123335,0.006691824680194583,-0.0018171068075411247,1.0,0.0,2.0,-0.0020171068075411245,-0.0024171068075411247,-0.002817106807541125,2022
2022-11-08,30,6,6,0.0018394536058799836,0.008190744481771366,-0.003175645437945691,1.0,0.0,2.0,-0.003375645437945691,-0.0037756454379456908,-0.0041756454379456905,2022
2022-11-09,30,6,6,-0.014412785232012865,0.0026383204819594836,-0.008525552856986173,1.0,0.0,2.0,-0.008725552856986174,-0.009125552856986173,-0.009525552856986173,2022
2022-11-10,30,6,6,0.032792697215316774,0.014203089517611782,0.009294803848852496,1.0,0.0,2.0,0.009094803848852496,0.008694803848852496,0.008294803848852495,2022
2022-11-11,30,6,6,-0.017248933251358116,-0.007544641069132816,-0.00485214609111265,1.0,0.0,2.0,-0.00505214609111265,-0.00545214609111265,-0.00585214609111265,2022
2022-11-14,30,6,6,0.006862053021348118,0.0074011737605352,-0.0002695603695935414,1.0,0.0,2.0,-0.00046956036959354137,-0.0008695603695935413,-0.0012695603695935414,2022
2022-11-15,30,6,6,0.0053333669862221334,0.0034157735551629993,0.0009587967155295671,1.0,0.0,2.0,0.0007587967155295671,0.0003587967155295671,-4.120328447043296e-05,2022
2022-11-16,30,6,6,-0.007461379157659882,-0.0031609037971014834,-0.0021502376802791994,1.0,0.0,2.0,-0.0023502376802791995,-0.0027502376802791993,-0.0031502376802791995,2022
2022-11-17,30,6,6,-0.003296304991056716,-0.0013796203682109002,-0.000958342311422908,1.0,0.0,2.0,-0.001158342311422908,-0.001558342311422908,-0.001958342311422908,2022
2022-11-18,30,6,6,-0.016414539487271833,-0.01499964144720213,-0.0007074490200348511,1.0,0.0,2.0,-0.0009074490200348511,-0.001307449020034851,-0.0017074490200348512,2022
2022-11-21,30,6,6,-0.00961973125940005,0.00484798018309505,-0.00723385572124755,1.0,0.0,2.0,-0.00743385572124755,-0.00783385572124755,-0.00823385572124755,2022
2022-11-22,30,6,6,0.008695607673720067,0.0025383603848969163,0.0030786236444115753,1.0,0.0,2.0,0.002878623644411575,0.0024786236444115754,0.0020786236444115752,2022
2022-11-23,30,6,6,0.008519068853772833,0.008705609885914315,-9.327051607074116e-05,1.0,0.0,2.0,-0.00029327051607074114,-0.0006932705160707411,-0.0010932705160707412,2022
2022-11-24,30,6,6,0.014307202625567934,0.00934565995847645,0.002480771333545742,1.0,0.0,2.0,0.002280771333545742,0.001880771333545742,0.0014807713335457419,2022
2022-11-25,30,6,6,-0.020341745906498915,-0.0075909644693611,-0.006375390718568907,1.0,0.0,2.0,-0.006575390718568907,-0.006975390718568907,-0.007375390718568907,2022
2022-11-28,30,6,6,0.014782581883935768,0.006696959387196499,0.004042811248369634,1.0,0.0,2.0,0.003842811248369634,0.0034428112483696344,0.003042811248369634,2022
2022-11-29,30,6,6,-0.0013270883157331164,-0.004714513180235966,0.0016937124322514248,1.0,0.0,2.0,0.0014937124322514247,0.001093712432251425,0.0006937124322514247,2022
2022-11-30,30,6,6,-0.0088273666341972,0.0017192303973180669,-0.005273298515757634,1.0,0.0,2.0,-0.005473298515757633,-0.0058732985157576335,-0.006273298515757634,2022
2022-12-01,30,6,6,0.012367129200924533,0.013166921767717115,-0.0003998962833962911,1.0,0.0,2.0,-0.0005998962833962911,-0.000999896283396291,-0.0013998962833962911,2022
2022-12-02,30,6,6,0.0008848018865419497,0.000875019623646083,4.891131447933353e-06,1.0,0.0,2.0,-0.00019510886855206666,-0.0005951088685520666,-0.0009951088685520666,2022
2022-12-05,30,6,6,-0.005230820187717459,-0.0033287082077510673,-0.000951055989983196,1.0,0.0,2.0,-0.0011510559899831961,-0.001551055989983196,-0.001951055989983196,2022
2022-12-06,30,6,6,-0.005481117010225984,-0.006941545225963366,0.0007302141078686913,1.0,0.0,2.0,0.0005302141078686913,0.00013021410786869133,-0.00026978589213130875,2022
2022-12-07,30,6,6,0.010849542259433015,0.0101402795078017,0.00035463137581565746,1.0,0.0,2.0,0.00015463137581565745,-0.0002453686241843425,-0.0006453686241843426,2022
2022-12-08,30,6,6,0.009256238941351967,0.0132969473074826,-0.0020203541830653166,1.0,0.0,2.0,-0.0022203541830653167,-0.0026203541830653165,-0.0030203541830653166,2022
2022-12-09,30,6,6,0.00031900481830759997,-0.0052076013776839,0.00276330309799575,1.0,0.0,2.0,0.00256330309799575,0.00216330309799575,0.0017633030979957499,2022
2022-12-12,30,6,6,0.009771185027280783,0.007458117494592673,0.0011565337663440554,1.0,0.0,2.0,0.0009565337663440555,0.0005565337663440555,0.00015653376634405542,2022
2022-12-13,30,6,6,0.0050889934162126,0.007705554974246583,-0.0013082807790169913,1.0,0.0,2.0,-0.0015082807790169914,-0.0019082807790169912,-0.0023082807790169913,2022
2022-12-14,30,6,6,0.01203231005770475,0.005871798463590201,0.0030802557970572744,1.0,0.0,2.0,0.0028802557970572743,0.0024802557970572746,0.0020802557970572744,2022
2022-12-15,30,6,6,-0.0033685653332629494,-0.012067620318030435,0.004349527492383743,1.0,0.0,2.0,0.004149527492383743,0.003749527492383743,0.003349527492383743,2022
2022-12-16,30,6,6,-0.01331396999955918,-0.005922467265345101,-0.00369575136710704,1.0,0.0,2.0,-0.00389575136710704,-0.00429575136710704,-0.00469575136710704,2022
2022-12-19,30,6,6,0.0009594002533637501,0.0023945637894663336,-0.0007175817680512917,1.0,0.0,2.0,-0.0009175817680512917,-0.0013175817680512918,-0.0017175817680512918,2022
2022-12-20,30,6,6,0.014751609871756702,0.0107500497403693,0.002000780065693701,1.0,0.0,2.0,0.001800780065693701,0.0014007800656937013,0.001000780065693701,2022
2022-12-21,30,6,6,-0.014450728596016116,-0.008992757296312966,-0.002728985649851575,1.0,0.0,2.0,-0.002928985649851575,-0.003328985649851575,-0.003728985649851575,2022
2022-12-22,30,6,6,0.0034864702315870835,-0.009963363558959798,0.0067249168952734405,1.0,0.0,2.0,0.006524916895273441,0.006124916895273441,0.0057249168952734405,2022
2022-12-23,30,6,6,0.01863778072556485,0.007429797599105983,0.0056039915632294345,1.0,0.0,2.0,0.005403991563229435,0.005003991563229435,0.004603991563229434,2022
2022-12-26,30,6,6,0.021361491258963347,0.01604140745993505,0.002660041899514149,1.0,0.0,2.0,0.002460041899514149,0.0020600418995141492,0.001660041899514149,2022
2022-12-27,30,6,6,-0.007629242179747767,-0.0016022609552379333,-0.0030134906122549166,1.0,0.0,2.0,-0.0032134906122549167,-0.0036134906122549165,-0.004013490612254917,2022
2022-12-28,30,6,6,-0.0030134739039364834,-0.0077631252273644155,0.0023748256617139663,1.0,0.0,2.0,0.002174825661713966,0.0017748256617139664,0.0013748256617139663,2022
2022-12-29,30,6,6,0.005461963862286316,0.011165525444804349,-0.002851780791259016,1.0,0.0,2.0,-0.0030517807912590162,-0.003451780791259016,-0.003851780791259016,2022
2022-12-30,30,6,6,-0.0028068032645221,0.003421524788215483,-0.0031141640263687917,1.0,0.0,2.0,-0.003314164026368792,-0.0037141640263687915,-0.004114164026368792,2022
2023-01-03,30,6,6,-0.017858532650783215,-0.0051196598133459335,-0.0063694364187186405,1.0,0.0,2.0,-0.00656943641871864,-0.00696943641871864,-0.0073694364187186405,2023
2023-01-04,30,6,6,0.0020795552650406997,0.00031232405800973346,0.0008836156035154832,1.0,0.0,2.0,0.0006836156035154832,0.0002836156035154832,-0.00011638439648451685,2023
2023-01-05,30,6,6,0.001962686743708201,0.0033322125187768502,-0.0006847628875343247,1.0,0.0,2.0,-0.0008847628875343247,-0.0012847628875343247,-0.0016847628875343247,2023
2023-01-06,30,6,6,0.0029518690598879164,-0.002507746147950766,0.0027298076039193415,1.0,0.0,2.0,0.0025298076039193414,0.0021298076039193417,0.0017298076039193415,2023
2023-01-09,30,6,6,-0.009723785535172233,0.00249457074104745,-0.006109178138109842,1.0,0.0,2.0,-0.006309178138109842,-0.006709178138109842,-0.007109178138109842,2023
2023-01-10,30,6,6,0.012593643521899065,0.0033995334653168837,0.004597055028291091,1.0,0.0,2.0,0.004397055028291091,0.003997055028291091,0.003597055028291091,2023
2023-01-11,30,6,6,0.0007031459149292838,0.0021139087505401503,-0.0007053814178054332,1.0,0.0,2.0,-0.0009053814178054332,-0.001305381417805433,-0.0017053814178054332,2023
2023-01-12,30,6,6,0.004012726524990333,0.0050443231048596165,-0.0005157982899346419,1.0,0.0,2.0,-0.0007157982899346419,-0.0011157982899346417,-0.001515798289934642,2023
2023-01-13,30,6,6,-0.0037892108685930828,0.006367417196619834,-0.005078314032606459,1.0,0.0,2.0,-0.005278314032606458,-0.005678314032606459,-0.006078314032606459,2023
2023-01-16,30,6,6,-0.0011561729019999333,0.005195214451717,-0.0031756936768584667,1.0,0.0,2.0,-0.0033756936768584668,-0.0037756936768584665,-0.004175693676858466,2023
2023-01-17,30,6,6,0.010048348608136283,0.007213177070255733,0.001417585768940275,1.0,0.0,2.0,0.001217585768940275,0.0008175857689402751,0.000417585768940275,2023
2023-01-18,30,6,6,0.002212685409703399,-0.011881469485870369,0.007047077447786884,1.0,0.0,2.0,0.006847077447786884,0.006447077447786884,0.006047077447786884,2023
2023-01-19,30,6,6,0.0004052891404019166,0.020547293909527364,-0.010071002384562724,1.0,0.0,2.0,-0.010271002384562725,-0.010671002384562724,-0.011071002384562725,2023
2023-01-20,30,6,6,-0.005114637327707766,-0.0074472742911811,0.001166318481736667,1.0,0.0,2.0,0.000966318481736667,0.0005663184817366671,0.00016631848173666699,2023
2023-01-30,30,6,6,-0.012837521877693969,-0.008763261416036016,-0.0020371302308289764,1.0,0.0,2.0,-0.0022371302308289765,-0.0026371302308289763,-0.0030371302308289765,2023
2023-01-31,30,6,6,-0.005335490879524351,0.005073117755479483,-0.005204304317501917,1.0,0.0,2.0,-0.005404304317501917,-0.005804304317501917,-0.006204304317501917,2023
2023-02-01,30,6,6,-0.01185100973482415,-0.012523021302394285,0.00033600578378506756,1.0,0.0,2.0,0.00013600578378506755,-0.0002639942162149324,-0.0006639942162149325,2023
2023-02-02,30,6,6,0.007305914473673183,-0.0078626657063099,0.0075842900899915425,1.0,0.0,2.0,0.007384290089991543,0.006984290089991543,0.0065842900899915425,2023
2023-02-03,30,6,6,0.0006902689244169335,-0.007545651928468316,0.004117960426442625,1.0,0.0,2.0,0.003917960426442625,0.003517960426442625,0.0031179604264426246,2023
2023-02-06,30,6,6,-0.0042738634039886,-0.005788165443011267,0.0007571510195113337,1.0,0.0,2.0,0.0005571510195113337,0.00015715101951133375,-0.00024284898048866632,2023
2023-02-07,30,6,6,0.011224058974197317,0.0038100338196768667,0.003707012577260225,1.0,0.0,2.0,0.0035070125772602248,0.003107012577260225,0.002707012577260225,2023
2023-02-08,30,6,6,0.00032509110627751674,-0.0003690430676712361,0.00034706708697437643,1.0,0.0,2.0,0.00014706708697437642,-0.0002529329130256235,-0.0006529329130256236,2023
2023-02-09,30,6,6,-0.0012881357362503675,-0.0014700671630924172,9.096571342102487e-05,1.0,0.0,2.0,-0.00010903428657897514,-0.0005090342865789751,-0.0009090342865789751,2023
2023-02-10,30,6,6,-0.009009194647746034,-0.0019810340173439835,-0.003514080315201025,1.0,0.0,2.0,-0.0037140803152010252,-0.004114080315201025,-0.004514080315201025,2023
2023-02-13,30,6,6,0.0069333121913074,0.0035873153447851833,0.0016729984232611084,1.0,0.0,2.0,0.0014729984232611083,0.0010729984232611084,0.0006729984232611084,2023
2023-02-14,30,6,6,-0.0032209890055286995,0.0011340414588928665,-0.0021775152322107832,1.0,0.0,2.0,-0.0023775152322107833,-0.002777515232210783,-0.0031775152322107833,2023
2023-02-15,30,6,6,0.014207895719333785,0.0038738817823514827,0.005167006968491151,1.0,0.0,2.0,0.004967006968491151,0.004567006968491151,0.004167006968491151,2023
2023-02-16,30,6,6,0.007946458722647183,-0.0013691841075057498,0.004657821415076467,1.0,0.0,2.0,0.004457821415076467,0.004057821415076467,0.0036578214150764666,2023
2023-02-17,30,6,6,0.007334120124386968,0.007941305661119983,-0.00030359276836650724,1.0,0.0,2.0,-0.0005035927683665072,-0.0009035927683665072,-0.0013035927683665073,2023
2023-02-20,30,6,6,0.0149708239377276,0.0019741295129180668,0.006498347212404766,1.0,0.0,2.0,0.006298347212404767,0.0058983472124047665,0.005498347212404766,2023
2023-02-21,30,6,6,-0.005240950581636467,-0.003458043677699167,-0.00089145345196865,1.0,0.0,2.0,-0.00109145345196865,-0.0014914534519686498,-0.00189145345196865,2023
2023-02-22,30,6,6,-0.007103336526787883,-0.0035248668469086333,-0.001789234839939625,1.0,0.0,2.0,-0.001989234839939625,-0.002389234839939625,-0.002789234839939625,2023
2023-02-23,30,6,6,0.005275834530805816,-0.0024511082699860665,0.0038634714003959415,1.0,0.0,2.0,0.0036634714003959414,0.0032634714003959417,0.0028634714003959415,2023
2023-02-24,30,6,6,-0.0040241880835511995,-0.006628388381215184,0.0013021001488319923,1.0,0.0,2.0,0.0011021001488319923,0.0007021001488319924,0.00030210014883199233,2023
2023-02-27,30,6,6,-0.005214506799980499,-0.004456974764920467,-0.00037876601753001607,1.0,0.0,2.0,-0.000578766017530016,-0.000978766017530016,-0.001378766017530016,2023
2023-02-28,30,6,6,0.0070417788264680835,0.005384955517003301,0.0008284116547323914,1.0,0.0,2.0,0.0006284116547323914,0.00022841165473239144,-0.00017158834526760864,2023
2023-03-01,30,6,6,-0.007198025060811518,0.003030220783037617,-0.0051141229219245675,1.0,0.0,2.0,-0.005314122921924567,-0.005714122921924567,-0.0061141229219245675,2023
2023-03-02,30,6,6,0.00138601153793895,0.006439303346232332,-0.002526645904146691,1.0,0.0,2.0,-0.0027266459041466913,-0.003126645904146691,-0.0035266459041466912,2023
2023-03-03,30,6,6,-0.007579280245373517,-0.0010962084101293667,-0.0032415359176220754,1.0,0.0,2.0,-0.0034415359176220755,-0.003841535917622075,-0.004241535917622075,2023
2023-03-06,30,6,6,0.0036372683098881992,0.0013478352317248335,0.001144716539081683,1.0,0.0,2.0,0.000944716539081683,0.000544716539081683,0.00014471653908168297,2023
2023-03-07,30,6,6,-0.003431386468915,-0.012547661904607285,0.004558137717846142,1.0,0.0,2.0,0.0043581377178461425,0.003958137717846142,0.003558137717846142,2023
2023-03-08,30,6,6,-0.0006883704096386671,-0.0026382104034594167,0.0009749199969103749,1.0,0.0,2.0,0.0007749199969103749,0.0003749199969103749,-2.508000308962515e-05,2023
2023-03-09,30,6,6,-0.010407935579916284,-0.0034036729437950165,-0.0035021313180606337,1.0,0.0,2.0,-0.003702131318060634,-0.004102131318060634,-0.004502131318060634,2023
2023-03-10,30,6,6,0.00940315626699865,0.007401795988244634,0.001000680139377008,1.0,0.0,2.0,0.0008006801393770081,0.00040068013937700814,6.801393770080634e-07,2023
2023-03-13,30,6,6,-0.006503533435704382,0.007583284563599816,-0.007043408999652099,1.0,0.0,2.0,-0.007243408999652099,-0.007643408999652099,-0.008043408999652099,2023
2023-03-14,30,6,6,-0.006741935397935984,-0.00037919726669313324,-0.0031813690656214253,1.0,0.0,2.0,-0.0033813690656214253,-0.003781369065621425,-0.004181369065621426,2023
2023-03-15,30,6,6,-0.014451921357394782,-0.01818095414351877,0.0018645163930619936,1.0,0.0,2.0,0.0016645163930619935,0.0012645163930619938,0.0008645163930619936,2023
2023-03-16,30,6,6,0.013457518318148634,0.003943077796006201,0.004757220261071216,1.0,0.0,2.0,0.004557220261071217,0.004157220261071216,0.003757220261071216,2023
2023-03-17,30,6,6,-0.0073736092896809005,0.003227818651801917,-0.0053007139707414086,1.0,0.0,2.0,-0.005500713970741408,-0.005900713970741408,-0.006300713970741409,2023
2023-03-20,30,6,6,-0.011779697733331748,-0.0021434097725744,-0.0048181439803786745,1.0,0.0,2.0,-0.005018143980378674,-0.005418143980378674,-0.0058181439803786745,2023
2023-03-21,30,6,6,0.0018359721341231503,-0.0026711578928919,0.0022535650135075253,1.0,0.0,2.0,0.002053565013507525,0.0016535650135075255,0.0012535650135075253,2023
2023-03-22,30,6,6,-0.0064396855010111845,0.00212846532971395,-0.004284075415362567,1.0,0.0,2.0,-0.004484075415362567,-0.004884075415362567,-0.005284075415362567,2023
2023-03-23,30,6,6,0.020008044531348298,0.007702526600576183,0.006152758965386057,1.0,0.0,2.0,0.005952758965386057,0.005552758965386057,0.005152758965386057,2023
2023-03-24,30,6,6,0.0037721863024163,-0.0015668427717103004,0.0026695145370633005,1.0,0.0,2.0,0.0024695145370633004,0.0020695145370633007,0.0016695145370633005,2023
2023-03-27,30,6,6,-0.0024267024967254665,-0.0011264973124534832,-0.0006501025921359917,1.0,0.0,2.0,-0.0008501025921359916,-0.0012501025921359916,-0.0016501025921359918,2023
2023-03-28,30,6,6,0.0008811782493021166,0.00256623771648685,-0.0008425297335923668,1.0,0.0,2.0,-0.001042529733592367,-0.0014425297335923667,-0.0018425297335923668,2023
2023-03-29,30,6,6,0.0014126329985321168,0.00550685766008135,-0.0020471123307746167,1.0,0.0,2.0,-0.002247112330774617,-0.0026471123307746165,-0.0030471123307746167,2023
2023-03-30,30,6,6,0.004677359211774434,0.0012244552732752333,0.0017264519692496002,1.0,0.0,2.0,0.0015264519692496001,0.0011264519692496004,0.0007264519692496002,2023
2023-03-31,30,6,6,-0.018287146034138217,0.009110257063196564,-0.01369870154866739,1.0,0.0,2.0,-0.01389870154866739,-0.01429870154866739,-0.01469870154866739,2023
2023-04-03,30,6,6,-0.008332341998023017,-0.0020430997640278835,-0.0031446211169975664,1.0,0.0,2.0,-0.0033446211169975665,-0.003744621116997566,-0.004144621116997566,2023
2023-04-04,30,6,6,-0.006636066879592399,-0.001974100551093267,-0.0023309831642495662,1.0,0.0,2.0,-0.0025309831642495663,-0.002930983164249566,-0.0033309831642495662,2023
2023-04-06,30,6,6,0.013174854506797583,0.008596213685504618,0.002289320410646482,1.0,0.0,2.0,0.002089320410646482,0.0016893204106464823,0.0012893204106464821,2023
2023-04-07,30,6,6,-0.017745108675007667,-0.003022302580068433,-0.007361403047469617,1.0,0.0,2.0,-0.007561403047469616,-0.007961403047469617,-0.008361403047469617,2023
2023-04-10,30,6,6,0.015041824101067199,0.006312446446404233,0.004364688827331483,1.0,0.0,2.0,0.004164688827331483,0.0037646888273314832,0.003364688827331483,2023
2023-04-11,30,6,6,-0.0056635744623493,0.003489881351808983,-0.004576727907079141,1.0,0.0,2.0,-0.004776727907079141,-0.005176727907079141,-0.005576727907079141,2023
2023-04-12,30,6,6,-0.011884357551444251,-0.0036297905166123496,-0.004127283517415951,1.0,0.0,2.0,-0.004327283517415951,-0.004727283517415951,-0.005127283517415951,2023
2023-04-13,30,6,6,0.011000670508033083,-0.00303004825238635,0.007015359380209717,1.0,0.0,2.0,0.006815359380209717,0.006415359380209717,0.006015359380209717,2023
2023-04-14,30,6,6,0.008574595835590818,0.005466794971185067,0.0015539004322028755,1.0,0.0,2.0,0.0013539004322028754,0.0009539004322028755,0.0005539004322028755,2023
2023-04-17,30,6,6,0.0046797099277675,0.00023137000100521628,0.0022241699633811416,1.0,0.0,2.0,0.0020241699633811415,0.0016241699633811417,0.0012241699633811416,2023
2023-04-18,30,6,6,-0.012044741223064766,0.005896371485084251,-0.008970556354074509,1.0,0.0,2.0,-0.00917055635407451,-0.009570556354074508,-0.009970556354074508,2023
2023-04-19,30,6,6,-0.012576740810017166,0.007281783503187815,-0.00992926215660249,1.0,0.0,2.0,-0.010129262156602491,-0.01052926215660249,-0.01092926215660249,2023
2023-04-20,30,6,6,-0.017975513632741937,-0.0074987057329971825,-0.005238403949872378,1.0,0.0,2.0,-0.0054384039498723774,-0.005838403949872378,-0.006238403949872378,2023
2023-04-21,30,6,6,-0.009504446089493282,-0.013654881523333934,0.002075217716920326,1.0,0.0,2.0,0.0018752177169203258,0.001475217716920326,0.001075217716920326,2023
2023-04-24,30,6,6,0.0056617148587584,0.008906175132178382,-0.0016222301367099907,1.0,0.0,2.0,-0.0018222301367099908,-0.0022222301367099905,-0.0026222301367099907,2023
2023-04-25,30,6,6,0.0023914268888002833,0.006250684154732951,-0.0019296286329663337,1.0,0.0,2.0,-0.0021296286329663336,-0.0025296286329663338,-0.002929628632966334,2023
2023-04-26,30,6,6,-0.017806103836671017,-0.007299070012105283,-0.005253516912282867,1.0,0.0,2.0,-0.005453516912282867,-0.005853516912282867,-0.006253516912282867,2023
2023-04-27,30,6,6,0.0027207958536287166,0.0032989900324234506,-0.000289097089397367,1.0,0.0,2.0,-0.000489097089397367,-0.0008890970893973669,-0.001289097089397367,2023
2023-04-28,30,6,6,0.0015276618271844327,0.0034879975170405164,-0.0009801678449280417,1.0,0.0,2.0,-0.0011801678449280418,-0.0015801678449280415,-0.0019801678449280417,2023
2023-05-04,30,6,6,0.005663549500000267,0.00013417932759536683,0.0027646850862024504,1.0,0.0,2.0,0.0025646850862024503,0.0021646850862024505,0.0017646850862024503,2023
2023-05-05,30,6,6,0.031099908537060586,0.006232122893769833,0.012433892821645377,1.0,0.0,2.0,0.012233892821645376,0.011833892821645377,0.011433892821645378,2023
2023-05-08,30,6,6,-0.012042625403011436,-0.007623810412792167,-0.0022094074951096348,1.0,0.0,2.0,-0.002409407495109635,-0.0028094074951096346,-0.0032094074951096348,2023
2023-05-09,30,6,6,0.003912898656132817,0.0015388724866650164,0.0011870130847339002,1.0,0.0,2.0,0.0009870130847339001,0.0005870130847339003,0.00018701308473390021,2023
2023-05-10,30,6,6,-0.014284885241141852,-0.011393402264809517,-0.0014457414881661676,1.0,0.0,2.0,-0.0016457414881661677,-0.0020457414881661674,-0.0024457414881661676,2023
2023-05-11,30,6,6,0.0056276476793134834,-0.0036035511251203325,0.004615599402216908,1.0,0.0,2.0,0.004415599402216908,0.004015599402216908,0.003615599402216908,2023
2023-05-12,30,6,6,-0.0008519300850998992,0.001306621954697717,-0.001079276019898808,1.0,0.0,2.0,-0.001279276019898808,-0.0016792760198988078,-0.002079276019898808,2023
2023-05-15,30,6,6,-0.011848336553327565,-0.004490962311706499,-0.003678687120810533,1.0,0.0,2.0,-0.003878687120810533,-0.004278687120810533,-0.0046786871208105325,2023
2023-05-16,30,6,6,0.011543255617548001,0.0021791889330405167,0.004682033342253742,1.0,0.0,2.0,0.0044820333422537426,0.004082033342253742,0.003682033342253742,2023
2023-05-17,30,6,6,8.44014421424825e-05,-0.0017160720934032835,0.000900236767772883,1.0,0.0,2.0,0.000700236767772883,0.0003002367677728831,-9.976323222711699e-05,2023
2023-05-18,30,6,6,-0.0073236248376815334,-7.054232796071686e-05,-0.0036265412548604084,1.0,0.0,2.0,-0.0038265412548604085,-0.004226541254860408,-0.0046265412548604085,2023
2023-05-19,30,6,6,-0.035822489012003716,-0.0017211817301008168,-0.01705065364095145,1.0,0.0,2.0,-0.01725065364095145,-0.01765065364095145,-0.01805065364095145,2023
2023-05-22,30,6,6,-0.005077318387869949,-0.0026631198968907325,-0.0012070992454896081,1.0,0.0,2.0,-0.0014070992454896082,-0.0018070992454896082,-0.0022070992454896084,2023
2023-05-23,30,6,6,-0.009638275728856916,-0.010576814595433,0.0004692694332880422,1.0,0.0,2.0,0.0002692694332880422,-0.00013073056671195776,-0.0005307305667119578,2023
2023-05-24,30,6,6,-0.016630094230424417,-0.0029684134769337005,-0.006830840376745358,1.0,0.0,2.0,-0.007030840376745358,-0.007430840376745358,-0.00783084037674536,2023
2023-05-25,30,6,6,0.010160798914297518,0.011284541039698183,-0.0005618710627003322,1.0,0.0,2.0,-0.0007618710627003321,-0.001161871062700332,-0.0015618710627003322,2023
2023-05-26,30,6,6,0.0038389038965005993,-0.0017185034473320836,0.0027787036719163416,1.0,0.0,2.0,0.0025787036719163415,0.0021787036719163417,0.0017787036719163415,2023
2023-05-29,30,6,6,-0.017351299252582535,-0.005518588697097901,-0.005916355277742317,1.0,0.0,2.0,-0.0061163552777423165,-0.006516355277742317,-0.006916355277742317,2023
2023-05-30,30,6,6,-0.0034743420232653498,-0.016072876458008253,0.0062992672173714515,1.0,0.0,2.0,0.006099267217371452,0.005699267217371452,0.0052992672173714514,2023
2023-05-31,30,6,6,0.03336174531340263,0.016162036132749885,0.008599854590326372,1.0,0.0,2.0,0.008399854590326371,0.007999854590326372,0.007599854590326372,2023
2023-06-01,30,6,6,0.024698117758612064,0.0022671317669904004,0.011215492995810832,1.0,0.0,2.0,0.011015492995810831,0.010615492995810832,0.010215492995810833,2023
2023-06-02,30,6,6,-0.003954323018233766,-0.0034299276757302492,-0.0002621976712517584,1.0,0.0,2.0,-0.0004621976712517584,-0.0008621976712517584,-0.0012621976712517584,2023
2023-06-05,30,6,6,0.002412058653917083,0.0018085324095087167,0.0003017631222041832,1.0,0.0,2.0,0.00010176312220418321,-0.00029823687779581673,-0.0006982368777958168,2023
2023-06-06,30,6,6,0.0017309926942339334,0.0044829368614411995,-0.0013759720836036332,1.0,0.0,2.0,-0.0015759720836036333,-0.001975972083603633,-0.002375972083603633,2023
2023-06-07,30,6,6,-0.004553032391488817,0.0025294618742514497,-0.0035412471328701333,1.0,0.0,2.0,-0.0037412471328701334,-0.004141247132870133,-0.004541247132870133,2023
2023-06-08,30,6,6,0.011768526701291434,-0.006840662345262066,0.009304594523276751,1.0,0.0,2.0,0.00910459452327675,0.008704594523276751,0.00830459452327675,2023
2023-06-09,30,6,6,-0.017259780358729184,-0.006194877212243083,-0.005532451573243051,1.0,0.0,2.0,-0.005732451573243051,-0.006132451573243051,-0.006532451573243051,2023
2023-06-12,30,6,6,0.019052674656746985,0.00527068718262175,0.006890993737062617,1.0,0.0,2.0,0.006690993737062618,0.0062909937370626175,0.005890993737062617,2023
2023-06-13,30,6,6,0.016739311145335268,1.867929345500165e-06,0.008368721607994884,1.0,0.0,2.0,0.008168721607994884,0.007768721607994885,0.007368721607994884,2023
2023-06-14,30,6,6,-0.005038345570077567,0.006573965989285683,-0.005806155779681625,1.0,0.0,2.0,-0.006006155779681625,-0.006406155779681625,-0.006806155779681625,2023
2023-06-15,30,6,6,0.00633658234761245,0.004585418323532867,0.0008755820120397912,1.0,0.0,2.0,0.0006755820120397912,0.0002755820120397913,-0.0001244179879602088,2023
2023-06-16,30,6,6,-0.02086199735702635,0.00046439679718625034,-0.0106631970771063,1.0,0.0,2.0,-0.0108631970771063,-0.0112631970771063,-0.0116631970771063,2023
2023-06-19,30,6,6,0.0037783787720299332,0.0017940672808993503,0.0009921557455652916,1.0,0.0,2.0,0.0007921557455652916,0.0003921557455652916,-7.844254434708452e-06,2023
2023-06-20,30,6,6,-0.005438999711722417,0.0029752982049952004,-0.004207148958358809,1.0,0.0,2.0,-0.004407148958358809,-0.004807148958358809,-0.005207148958358809,2023
2023-06-21,30,6,6,0.0026629140755471334,-0.00351924685005865,0.003091080462802892,1.0,0.0,2.0,0.002891080462802892,0.002491080462802892,0.002091080462802892,2023
2023-06-26,30,6,6,0.011502716639174114,-0.0004831103761290664,0.00599291350765159,1.0,0.0,2.0,0.00579291350765159,0.00539291350765159,0.00499291350765159,2023
2023-06-27,30,6,6,-0.0051796295535126175,0.00046105239774088335,-0.0028203409756267506,1.0,0.0,2.0,-0.0030203409756267507,-0.0034203409756267504,-0.0038203409756267506,2023
2023-06-28,30,6,6,0.0017662922418333002,0.001997384634354017,-0.00011554619626035834,1.0,0.0,2.0,-0.0003155461962603583,-0.0007155461962603583,-0.0011155461962603585,2023
2023-06-29,30,6,6,0.008804732198781182,0.007861762688171117,0.00047148475530503237,1.0,0.0,2.0,0.0002714847553050324,-0.00012851524469496757,-0.0005285152446949676,2023
2023-06-30,30,6,6,0.016668692926623818,0.021325395655012135,-0.0023283513641941585,1.0,0.0,2.0,-0.0025283513641941586,-0.0029283513641941584,-0.0033283513641941586,2023
2023-07-03,30,6,6,0.0009303041857330001,-0.0055836798017927505,0.0032569919937628753,1.0,0.0,2.0,0.003056991993762875,0.0026569919937628754,0.0022569919937628752,2023
2023-07-04,30,6,6,-0.0004088404523722832,0.000703188799716566,-0.0005560146260444246,1.0,0.0,2.0,-0.0007560146260444246,-0.0011560146260444245,-0.0015560146260444247,2023
2023-07-05,30,6,6,0.008190479483116783,0.003896987004189733,0.002146746239463525,1.0,0.0,2.0,0.001946746239463525,0.0015467462394635253,0.001146746239463525,2023
2023-07-06,30,6,6,0.0005240236106172011,-0.0015294494678595,0.0010267365392383505,1.0,0.0,2.0,0.0008267365392383505,0.0004267365392383505,2.6736539238350447e-05,2023
2023-07-07,30,6,6,-0.002978362629294683,-0.0002490157092697,-0.0013646734600124915,1.0,0.0,2.0,-0.0015646734600124916,-0.0019646734600124913,-0.0023646734600124915,2023
2023-07-10,30,6,6,0.00978924749178555,0.006256017406050067,0.001766615042867742,1.0,0.0,2.0,0.0015666150428677418,0.001166615042867742,0.0007666150428677419,2023
2023-07-11,30,6,6,0.012138583506363368,0.0038149753453992664,0.0041618040804820506,1.0,0.0,2.0,0.003961804080482051,0.0035618040804820507,0.0031618040804820505,2023
2023-07-12,30,6,6,-0.006270955340065783,0.0015177171241911504,-0.0038943362321284666,1.0,0.0,2.0,-0.004094336232128466,-0.0044943362321284664,-0.004894336232128467,2023
2023-07-13,30,6,6,0.008100297952989935,0.0031659631833912496,0.0024671673847993427,1.0,0.0,2.0,0.0022671673847993426,0.0018671673847993429,0.0014671673847993427,2023
2023-07-14,30,6,6,-0.009332190289225216,-0.013415968419726634,0.002041889065250709,1.0,0.0,2.0,0.0018418890652507091,0.0014418890652507094,0.0010418890652507092,2023
2023-07-17,30,6,6,0.0023304500437937334,0.006339185228947084,-0.002004367592576675,1.0,0.0,2.0,-0.0022043675925766753,-0.002604367592576675,-0.003004367592576675,2023
2023-07-18,30,6,6,0.013324842204469715,0.010192047673692748,0.0015663972653884835,1.0,0.0,2.0,0.0013663972653884834,0.0009663972653884836,0.0005663972653884835,2023
2023-07-19,30,6,6,0.005273621247924367,-0.0020707933339583,0.0036722072909413333,1.0,0.0,2.0,0.0034722072909413332,0.0030722072909413335,0.0026722072909413333,2023
2023-07-20,30,6,6,-0.006652033412305701,1.1213984160533529e-05,-0.0033316236982331173,1.0,0.0,2.0,-0.0035316236982331174,-0.003931623698233118,-0.004331623698233117,2023
2023-07-21,30,6,6,-0.008027509891085199,-0.0007046107234186667,-0.0036614495838332662,1.0,0.0,2.0,-0.0038614495838332663,-0.004261449583833266,-0.004661449583833266,2023
2023-07-24,30,6,6,0.005651183196390366,0.0031838893689327334,0.0012336469137288165,1.0,0.0,2.0,0.0010336469137288164,0.0006336469137288165,0.00023364691372881646,2023
2023-07-25,30,6,6,0.015341924654753784,0.0033915320391622,0.005975196307795792,1.0,0.0,2.0,0.005775196307795792,0.005375196307795792,0.004975196307795792,2023
2023-07-26,30,6,6,-0.0025998681154886004,0.00025923292145659985,-0.0014295505184726,1.0,0.0,2.0,-0.0016295505184726001,-0.0020295505184726,-0.0024295505184726,2023
2023-07-27,30,6,6,-0.006685388476989768,0.0018763716217026001,-0.004280880049346184,1.0,0.0,2.0,-0.004480880049346184,-0.004880880049346184,-0.005280880049346184,2023
2023-07-28,30,6,6,-0.00672230253204245,-0.0026551601228677175,-0.0020335712045873667,1.0,0.0,2.0,-0.0022335712045873667,-0.0026335712045873665,-0.0030335712045873667,2023
2023-07-31,30,6,6,0.008113457339765883,0.002637794917222667,0.0027378312112716083,1.0,0.0,2.0,0.0025378312112716082,0.0021378312112716085,0.0017378312112716083,2023
2023-08-01,30,6,6,0.0012824771696321666,0.00217174744399645,-0.0004446351371821418,1.0,0.0,2.0,-0.0006446351371821418,-0.0010446351371821419,-0.0014446351371821418,2023
2023-08-02,30,6,6,-0.024217770019216517,-0.01511419236791605,-0.004551788825650233,1.0,0.0,2.0,-0.004751788825650233,-0.005151788825650233,-0.005551788825650233,2023
2023-08-03,30,6,6,0.007076861806219117,0.00033651873153893366,0.0033701715373400916,1.0,0.0,2.0,0.0031701715373400915,0.002770171537340092,0.0023701715373400916,2023
2023-08-04,30,6,6,-0.00304492233543895,-0.0038529240654101835,0.00040400086498561683,1.0,0.0,2.0,0.00020400086498561682,-0.00019599913501438312,-0.0005959991350143832,2023
2023-08-07,30,6,6,-0.007477104590363267,-0.0015732735357291167,-0.0029519155273170753,1.0,0.0,2.0,-0.0031519155273170753,-0.003551915527317075,-0.003951915527317076,2023
2023-08-08,30,6,6,0.017213829001354566,0.009216506409768817,0.003998661295792874,1.0,0.0,2.0,0.003798661295792874,0.0033986612957928744,0.0029986612957928743,2023
2023-08-09,30,6,6,-0.008104112989167364,0.0008613596260903335,-0.004482736307628849,1.0,0.0,2.0,-0.0046827363076288485,-0.005082736307628849,-0.005482736307628849,2023
2023-08-10,30,6,6,0.012158792772150631,0.0016835919948923004,0.0052376003886291655,1.0,0.0,2.0,0.005037600388629166,0.004637600388629166,0.0042376003886291655,2023
2023-08-11,30,6,6,-0.003711017181860067,-0.006935589924731284,0.0016122863714356087,1.0,0.0,2.0,0.0014122863714356086,0.0010122863714356087,0.0006122863714356087,2023
2023-08-14,30,6,6,0.010704031537301517,0.0022680418707916854,0.004217994833254916,1.0,0.0,2.0,0.004017994833254916,0.003617994833254916,0.0032179948332549157,2023
2023-08-15,30,6,6,-0.008227459245685282,-0.0031492704327264836,-0.002539094406479399,1.0,0.0,2.0,-0.0027390944064793993,-0.003139094406479399,-0.003539094406479399,2023
2023-08-16,30,6,6,0.013681671659226735,0.0021705499932042,0.0057555608330112674,1.0,0.0,2.0,0.005555560833011268,0.005155560833011268,0.004755560833011267,2023
2023-08-17,30,6,6,-0.0007696816798285503,0.00515340008862505,-0.0029615408842268,1.0,0.0,2.0,-0.0031615408842268003,-0.0035615408842268,-0.003961540884226801,2023
2023-08-18,30,6,6,0.043064286398425716,0.015852262476122283,0.013606011961151717,1.0,0.0,2.0,0.013406011961151716,0.013006011961151717,0.012606011961151718,2023
2023-08-21,30,6,6,0.0003455308379290165,-0.0025108451957315168,0.0014281880168302667,1.0,0.0,2.0,0.0012281880168302666,0.0008281880168302668,0.0004281880168302667,2023
2023-08-22,30,6,6,-0.0038887580618707507,0.006190867811936434,-0.005039812936903592,1.0,0.0,2.0,-0.005239812936903592,-0.005639812936903592,-0.006039812936903592,2023
2023-08-23,30,6,6,0.005490903390317999,-0.005268974824352484,0.005379939107335242,1.0,0.0,2.0,0.005179939107335242,0.004779939107335242,0.004379939107335242,2023
2023-08-24,30,6,6,0.01205248642573775,0.007107005047879533,0.0024727406889291084,1.0,0.0,2.0,0.0022727406889291083,0.0018727406889291085,0.0014727406889291084,2023
2023-08-25,30,6,6,-0.0004970962982195999,-0.01061262045779855,0.005057762079789476,1.0,0.0,2.0,0.004857762079789476,0.004457762079789476,0.004057762079789476,2023
2023-08-28,30,6,6,-0.014624597906055548,5.928296003161665e-05,-0.007341940433043583,1.0,0.0,2.0,-0.007541940433043582,-0.007941940433043583,-0.008341940433043583,2023
2023-08-29,30,6,6,0.020105833458111882,0.009475630628973067,0.0053151014145694075,1.0,0.0,2.0,0.005115101414569408,0.004715101414569408,0.0043151014145694075,2023
2023-08-30,30,6,6,0.0026572167560616838,-0.0004910240622966329,0.0015741204091791583,1.0,0.0,2.0,0.0013741204091791582,0.0009741204091791583,0.0005741204091791582,2023
2023-08-31,30,6,6,0.026129350750106122,0.013928647486311216,0.006100351631897453,1.0,0.0,2.0,0.0059003516318974535,0.005500351631897453,0.005100351631897453,2023
2023-09-01,30,6,6,-0.010285340743491033,-0.011155375610452649,0.0004350174334808079,1.0,0.0,2.0,0.00023501743348080788,-0.00016498256651919206,-0.0005649825665191921,2023
2023-09-04,30,6,6,0.011375455023714032,0.0019135836331673666,0.004730935695273332,1.0,0.0,2.0,0.004530935695273333,0.0041309356952733325,0.0037309356952733323,2023
2023-09-05,30,6,6,0.012958682830986367,0.004583364477548817,0.004187659176718775,1.0,0.0,2.0,0.003987659176718775,0.003587659176718775,0.003187659176718775,2023
2023-09-06,30,6,6,-0.009641593723815116,-0.005438077505860234,-0.002101758108977441,1.0,0.0,2.0,-0.002301758108977441,-0.0027017581089774406,-0.003101758108977441,2023
2023-09-07,30,6,6,-0.017741213334443482,-0.012375810020840183,-0.0026827016568016495,1.0,0.0,2.0,-0.0028827016568016496,-0.0032827016568016494,-0.0036827016568016496,2023
2023-09-08,30,6,6,0.015686179391052,0.005016437910863517,0.005334870740094242,1.0,0.0,2.0,0.0051348707400942425,0.004734870740094242,0.004334870740094242,2023
2023-09-11,30,6,6,-0.007927121224374216,0.005091569180649383,-0.0065093452025118,1.0,0.0,2.0,-0.006709345202511799,-0.007109345202511799,-0.0075093452025118,2023
2023-09-12,30,6,6,-0.010879113298236385,-0.0067844449757762165,-0.002047334161230084,1.0,0.0,2.0,-0.002247334161230084,-0.002647334161230084,-0.003047334161230084,2023
2023-09-13,30,6,6,0.004923136673584833,0.007660889387668249,-0.001368876357041708,1.0,0.0,2.0,-0.0015688763570417081,-0.001968876357041708,-0.002368876357041708,2023
2023-09-14,30,6,6,0.008456284192080984,-0.0004788978275249834,0.004467591009802984,1.0,0.0,2.0,0.004267591009802984,0.003867591009802984,0.003467591009802984,2023
2023-09-15,30,6,6,-0.00036152137752606646,-0.0028826684096238003,0.001260573516048867,1.0,0.0,2.0,0.0010605735160488668,0.000660573516048867,0.0002605735160488669,2023
2023-09-18,30,6,6,-0.008175954370767,-0.006057821813985384,-0.0010590662783908078,1.0,0.0,2.0,-0.001259066278390808,-0.0016590662783908076,-0.002059066278390808,2023
2023-09-19,30,6,6,0.004156871536281533,-0.0065917001896078345,0.005374285862944684,1.0,0.0,2.0,0.005174285862944684,0.004774285862944684,0.004374285862944684,2023
2023-09-20,30,6,6,-0.014063342083892282,-0.018777353857776933,0.0023570058869423257,1.0,0.0,2.0,0.0021570058869423256,0.0017570058869423259,0.0013570058869423257,2023
2023-09-21,30,6,6,0.01474724670964135,0.010916688835243599,0.0019152789371988752,1.0,0.0,2.0,0.0017152789371988751,0.0013152789371988754,0.0009152789371988752,2023
2023-09-22,30,6,6,-0.0150406589537777,-0.003761024536738333,-0.005639817208519683,1.0,0.0,2.0,-0.005839817208519683,-0.006239817208519683,-0.006639817208519683,2023
2023-09-25,30,6,6,-0.00886610246278125,-0.0017342562275488333,-0.0035659231176162084,1.0,0.0,2.0,-0.0037659231176162085,-0.004165923117616209,-0.004565923117616208,2023
2023-09-26,30,6,6,0.006255521323284534,-0.006095424850828517,0.006175473087056526,1.0,0.0,2.0,0.005975473087056526,0.005575473087056526,0.005175473087056526,2023
2023-09-27,30,6,6,0.01348036732056735,0.004303882515644217,0.004588242402461567,1.0,0.0,2.0,0.004388242402461567,0.003988242402461567,0.003588242402461567,2023
2023-09-28,30,6,6,-0.008301764656522317,-0.006296181316234567,-0.0010027916701438751,1.0,0.0,2.0,-0.0012027916701438752,-0.001602791670143875,-0.002002791670143875,2023
2023-10-09,30,6,6,-0.03107687581777557,-0.01459063583893135,-0.00824311998942211,1.0,0.0,2.0,-0.008443119989422111,-0.00884311998942211,-0.009243119989422111,2023
2023-10-10,30,6,6,-0.0016797736442604996,0.005936958193751933,-0.0038083659190062164,1.0,0.0,2.0,-0.0040083659190062165,-0.004408365919006217,-0.004808365919006217,2023
2023-10-11,30,6,6,0.005627053305760317,0.009506635144023985,-0.0019397909191318338,1.0,0.0,2.0,-0.002139790919131834,-0.0025397909191318337,-0.002939790919131834,2023
2023-10-12,30,6,6,-6.821622594429986e-05,0.00010312718792578332,-8.567170693504159e-05,1.0,0.0,2.0,-0.0002856717069350416,-0.0006856717069350415,-0.0010856717069350416,2023
2023-10-13,30,6,6,0.016624501691621715,-0.0014084500946912838,0.0090164758931565,1.0,0.0,2.0,0.008816475893156499,0.0084164758931565,0.008016475893156499,2023
2023-10-16,30,6,6,-0.007850305251655284,-0.0014108517870637498,-0.003219726732295767,1.0,0.0,2.0,-0.003419726732295767,-0.003819726732295767,-0.0042197267322957675,2023
2023-10-17,30,6,6,-0.0026493939327555996,-0.0052815143429051,0.0013160602050747503,1.0,0.0,2.0,0.0011160602050747502,0.0007160602050747504,0.0003160602050747503,2023
2023-10-18,30,6,6,0.0043281037865155495,0.001156000559080817,0.0015860516137173662,1.0,0.0,2.0,0.0013860516137173661,0.0009860516137173664,0.0005860516137173662,2023
2023-10-19,30,6,6,-0.004566140525405117,-0.003045329101235599,-0.0007604057120847588,1.0,0.0,2.0,-0.0009604057120847588,-0.0013604057120847586,-0.0017604057120847588,2023
2023-10-20,30,6,6,-0.0018113239092977997,-0.0062376087018616,0.0022131423962819,1.0,0.0,2.0,0.0020131423962819,0.0016131423962819002,0.0012131423962819,2023
2023-10-23,30,6,6,0.014074445067979766,-0.0026162863884547833,0.008345365728217275,1.0,0.0,2.0,0.008145365728217275,0.007745365728217275,0.007345365728217275,2023
2023-10-24,30,6,6,0.0054730958773951165,0.007160933580270833,-0.0008439188514378581,1.0,0.0,2.0,-0.0010439188514378582,-0.001443918851437858,-0.001843918851437858,2023
2023-10-25,30,6,6,0.0031003759221016336,-0.0014116175011037995,0.0022559967116027166,1.0,0.0,2.0,0.0020559967116027165,0.0016559967116027167,0.0012559967116027165,2023
2023-10-26,30,6,6,0.009659229825243485,0.0052722772001194676,0.0021934763125620086,1.0,0.0,2.0,0.0019934763125620085,0.0015934763125620087,0.0011934763125620086,2023
2023-10-27,30,6,6,0.0015931711184673835,9.731053256618312e-05,0.0007479302929506001,1.0,0.0,2.0,0.0005479302929506002,0.0001479302929506002,-0.0002520697070493999,2023
2023-10-30,30,6,6,-0.010714870228155815,-0.0038332832103587337,-0.0034407935088985406,1.0,0.0,2.0,-0.0036407935088985407,-0.0040407935088985405,-0.004440793508898541,2023
2023-10-31,30,6,6,-0.0021081786160804666,0.00011166318865658325,-0.0011099209023685249,1.0,0.0,2.0,-0.001309920902368525,-0.0017099209023685247,-0.002109920902368525,2023
2023-11-01,30,6,6,0.0025829335696402832,-0.006508429399915133,0.004545681484777708,1.0,0.0,2.0,0.004345681484777708,0.003945681484777708,0.0035456814847777077,2023
2023-11-02,30,6,6,0.0204134000634245,0.00474715966518245,0.007833120199121024,1.0,0.0,2.0,0.0076331201991210245,0.007233120199121024,0.006833120199121024,2023
2023-11-03,30,6,6,-0.0021713027868584837,7.003597932191657e-05,-0.0011206693830902,1.0,0.0,2.0,-0.0013206693830902002,-0.0017206693830902,-0.0021206693830902,2023
2023-11-06,30,6,6,-0.005674654364557799,-0.005414109881615299,-0.00013027224147124997,1.0,0.0,2.0,-0.00033027224147124995,-0.0007302722414712499,-0.00113027224147125,2023
2023-11-07,30,6,6,0.009081576907012168,0.0053404294938198165,0.0018705737065961756,1.0,0.0,2.0,0.0016705737065961755,0.0012705737065961758,0.0008705737065961756,2023
2023-11-08,30,6,6,0.007372734421160001,0.00015133947683256669,0.003610697472163717,1.0,0.0,2.0,0.003410697472163717,0.003010697472163717,0.002610697472163717,2023
2023-11-09,30,6,6,0.012341609512755083,0.007319568451903051,0.002511020530426016,1.0,0.0,2.0,0.002311020530426016,0.0019110205304260163,0.0015110205304260161,2023
2023-11-10,30,6,6,-0.00340068158542445,-0.008134412377222316,0.0023668653958989335,1.0,0.0,2.0,0.0021668653958989335,0.0017668653958989337,0.0013668653958989335,2023
2023-11-13,30,6,6,-0.0014403091301408166,0.009497196574769233,-0.005468752852455025,1.0,0.0,2.0,-0.005668752852455025,-0.006068752852455025,-0.006468752852455025,2023
2023-11-14,30,6,6,0.003953991486048716,0.010761597863736115,-0.0034038031888436997,1.0,0.0,2.0,-0.0036038031888437,-0.0040038031888437,-0.0044038031888437,2023
2023-11-15,30,6,6,0.0055981946789107504,0.0015097681001875003,0.002044213289361625,1.0,0.0,2.0,0.0018442132893616249,0.0014442132893616251,0.001044213289361625,2023
2023-11-16,30,6,6,-0.0037775003392413013,-0.010201650466752267,0.0032120750637554827,1.0,0.0,2.0,0.0030120750637554826,0.002612075063755483,0.0022120750637554826,2023
2023-11-17,30,6,6,0.01753097354000335,-0.003298358853022933,0.010414666196513142,1.0,0.0,2.0,0.010214666196513142,0.009814666196513142,0.009414666196513141,2023
2023-11-20,30,6,6,-0.0010877119286621505,-0.015473013070377949,0.007192650570857899,1.0,0.0,2.0,0.0069926505708579,0.006592650570857899,0.006192650570857899,2023
2023-11-21,30,6,6,0.005329068954945334,-0.0013314066631487664,0.00333023780904705,1.0,0.0,2.0,0.00313023780904705,0.00273023780904705,0.00233023780904705,2023
2023-11-22,30,6,6,-0.01096636592823025,-0.003389093969154617,-0.0037886359795378166,1.0,0.0,2.0,-0.003988635979537816,-0.004388635979537816,-0.004788635979537817,2023
2023-11-23,30,6,6,0.006602938768255799,0.0036487753230714666,0.0014770817225921663,1.0,0.0,2.0,0.0012770817225921662,0.0008770817225921664,0.0004770817225921663,2023
2023-11-24,30,6,6,-0.020541685626504068,0.0018147980877463166,-0.011178241857125192,1.0,0.0,2.0,-0.011378241857125193,-0.011778241857125192,-0.012178241857125193,2023
2023-11-27,30,6,6,0.003289671429089116,-0.00023297900913110008,0.0017613252191101079,1.0,0.0,2.0,0.0015613252191101078,0.001161325219110108,0.0007613252191101079,2023
2023-11-28,30,6,6,0.002122143618741867,0.0053628699839186654,-0.0016203631825883991,1.0,0.0,2.0,-0.0018203631825883992,-0.002220363182588399,-0.002620363182588399,2023
2023-11-29,30,6,6,0.011070172213651433,-0.0021582775401126335,0.006614224876882033,1.0,0.0,2.0,0.006414224876882034,0.0060142248768820334,0.005614224876882033,2023
2023-11-30,30,6,6,-0.012842027702310653,0.007234670535679018,-0.010038349118994835,1.0,0.0,2.0,-0.010238349118994836,-0.010638349118994835,-0.011038349118994834,2023
2023-12-01,30,6,6,-0.012969284597184,-0.00774871454377755,-0.0026102850267032246,1.0,0.0,2.0,-0.0028102850267032247,-0.0032102850267032245,-0.0036102850267032247,2023
2023-12-04,30,6,6,-0.0005690313496803,-0.014786550401608617,0.007108759525964159,1.0,0.0,2.0,0.006908759525964159,0.006508759525964159,0.006108759525964159,2023
2023-12-05,30,6,6,0.005788038497520832,0.011339294152205484,-0.002775627827342326,1.0,0.0,2.0,-0.002975627827342326,-0.0033756278273423257,-0.003775627827342326,2023
2023-12-06,30,6,6,0.028556541355933867,0.008311869964375948,0.010122335695778958,1.0,0.0,2.0,0.009922335695778958,0.009522335695778959,0.009122335695778958,2023
2023-12-07,30,6,6,0.01196157533243495,0.005566109393207768,0.003197732969613591,1.0,0.0,2.0,0.0029977329696135907,0.002597732969613591,0.002197732969613591,2023
2023-12-08,30,6,6,-0.0030440294715878328,-0.007561739326424733,0.0022588549274184504,1.0,0.0,2.0,0.0020588549274184503,0.0016588549274184506,0.0012588549274184504,2023
2023-12-11,30,6,6,0.013431762824287118,0.0060452577695647505,0.0036932525273611835,1.0,0.0,2.0,0.0034932525273611834,0.0030932525273611837,0.0026932525273611835,2023
2023-12-12,30,6,6,-0.015681633524020352,-0.021720258897965052,0.0030193126869723502,1.0,0.0,2.0,0.00281931268697235,0.0024193126869723504,0.00201931268697235,2023
2023-12-13,30,6,6,-0.0035193316203113167,-0.0005823601742753667,-0.001468485723017975,1.0,0.0,2.0,-0.001668485723017975,-0.002068485723017975,-0.0024684857230179748,2023
2023-12-14,30,6,6,-0.00247421751145255,0.0038044827085467834,-0.0031393501099996664,1.0,0.0,2.0,-0.0033393501099996665,-0.0037393501099996663,-0.0041393501099996665,2023
2023-12-15,30,6,6,-0.0070416784675662175,-0.0019550524465559,-0.0025433130105051585,1.0,0.0,2.0,-0.0027433130105051586,-0.0031433130105051584,-0.0035433130105051586,2023
2023-12-18,30,6,6,-0.0040761795671110995,0.0017954419582521333,-0.0029358107626816163,1.0,0.0,2.0,-0.0031358107626816164,-0.003535810762681616,-0.003935810762681616,2023
2023-12-19,30,6,6,0.006288143679899684,0.0140430583332648,-0.003877457326682558,1.0,0.0,2.0,-0.004077457326682558,-0.004477457326682558,-0.004877457326682558,2023
2023-12-20,30,6,6,0.012972355811626183,0.003322819512148233,0.004824768149738975,1.0,0.0,2.0,0.004624768149738975,0.004224768149738975,0.003824768149738975,2023
2023-12-21,30,6,6,0.0023104707299798004,0.007187789585952817,-0.0024386594279865084,1.0,0.0,2.0,-0.0026386594279865084,-0.003038659427986508,-0.0034386594279865084,2023
2023-12-22,30,6,6,-0.00332715372301615,-0.0039701017516485665,0.00032147401431620835,1.0,0.0,2.0,0.00012147401431620834,-0.0002785259856837916,-0.0006785259856837917,2023
2023-12-25,30,6,6,-0.0003193476655112002,-0.0027404950641450997,0.0012105736993169498,1.0,0.0,2.0,0.0010105736993169497,0.0006105736993169498,0.00021057369931694976,2023
2023-12-26,30,6,6,0.012515108279960684,0.0011273680313536338,0.005693870124303525,1.0,0.0,2.0,0.0054938701243035255,0.005093870124303525,0.004693870124303525,2023
2023-12-27,30,6,6,-0.004913744723385916,-0.0015015661277521665,-0.0017060892978168745,1.0,0.0,2.0,-0.0019060892978168746,-0.0023060892978168743,-0.0027060892978168745,2023
2023-12-28,30,6,6,-0.009252019588807784,0.0019795603833229676,-0.0056157899860653756,1.0,0.0,2.0,-0.005815789986065375,-0.006215789986065375,-0.006615789986065376,2023
2023-12-29,30,6,6,0.011218158481648215,0.0036027554553671667,0.003807701513140524,1.0,0.0,2.0,0.003607701513140524,0.0032077015131405243,0.002807701513140524,2023
2024-01-02,30,6,6,-0.004238489620894031,-0.0018409790765266329,-0.0011987552721836993,1.0,0.0,2.0,-0.0013987552721836994,-0.0017987552721836992,-0.0021987552721836993,2024
2024-01-03,30,6,6,0.00632622385051475,-0.010726874935983984,0.008526549393249367,1.0,0.0,2.0,0.008326549393249366,0.007926549393249367,0.007526549393249367,2024
2024-01-04,30,6,6,-0.012147302618269682,-0.007563527544530033,-0.002291887536869825,1.0,0.0,2.0,-0.002491887536869825,-0.0028918875368698247,-0.003291887536869825,2024
2024-01-05,30,6,6,-0.010136490702470734,-0.00787437886175515,-0.0011310559203577923,1.0,0.0,2.0,-0.0013310559203577924,-0.0017310559203577922,-0.0021310559203577923,2024
2024-01-08,30,6,6,-0.006168053418618983,-0.0037004046779248166,-0.0012338243703470832,1.0,0.0,2.0,-0.0014338243703470833,-0.0018338243703470833,-0.0022338243703470834,2024
2024-01-09,30,6,6,-0.02182007879388245,-0.009576275566122533,-0.006121901613879958,1.0,0.0,2.0,-0.006321901613879958,-0.006721901613879958,-0.007121901613879958,2024
2024-01-10,30,6,6,0.010409686833440452,0.0053845217610796825,0.0025125825361803846,1.0,0.0,2.0,0.0023125825361803845,0.0019125825361803847,0.0015125825361803845,2024
2024-01-11,30,6,6,-0.010625927872081916,-0.0027432041300194995,-0.003941361871031208,1.0,0.0,2.0,-0.004141361871031208,-0.004541361871031208,-0.004941361871031208,2024
2024-01-12,30,6,6,-0.0011830314710425665,0.0031578274205516003,-0.0021704294457970835,1.0,0.0,2.0,-0.0023704294457970836,-0.0027704294457970833,-0.0031704294457970835,2024
2024-01-15,30,6,6,0.013070898656747766,0.003942289434646601,0.004564304611050583,1.0,0.0,2.0,0.004364304611050584,0.0039643046110505835,0.0035643046110505833,2024
2024-01-16,30,6,6,-0.015090568348350932,-0.004916227066028166,-0.005087170641161383,1.0,0.0,2.0,-0.0052871706411613826,-0.005687170641161383,-0.006087170641161383,2024
2024-01-17,30,6,6,0.01840728959409355,-0.0010466386367777834,0.009726964115435666,1.0,0.0,2.0,0.009526964115435665,0.009126964115435666,0.008726964115435665,2024
2024-01-18,30,6,6,0.008343455839325683,0.0017720839915113834,0.00328568592390715,1.0,0.0,2.0,0.00308568592390715,0.00268568592390715,0.00228568592390715,2024
2024-01-19,30,6,6,0.0174630354460014,-0.007739421163458917,0.012601228304730159,1.0,0.0,2.0,0.012401228304730158,0.012001228304730159,0.01160122830473016,2024
2024-01-22,30,6,6,0.0077415363141374,0.006961250613347833,0.0003901428503947837,1.0,0.0,2.0,0.00019014285039478367,-0.00020985714960521627,-0.0006098571496052163,2024
2024-01-23,30,6,6,0.008190352031048785,0.0092926214749967,-0.000551134721973958,1.0,0.0,2.0,-0.000751134721973958,-0.0011511347219739579,-0.001551134721973958,2024
2024-01-24,30,6,6,-0.0043043402587908995,-0.006521858898747484,0.001108759319978292,1.0,0.0,2.0,0.0009087593199782921,0.0005087593199782921,0.00010875931997829207,2024
2024-01-25,30,6,6,-0.005502173106434901,-0.005535551949726266,1.6689421645682632e-05,1.0,0.0,2.0,-0.00018331057835431738,-0.0005833105783543173,-0.0009833105783543174,2024
2024-01-26,30,6,6,-0.0003374786873652498,0.00235893775817695,-0.0013482082227710998,1.0,0.0,2.0,-0.0015482082227710999,-0.0019482082227710996,-0.0023482082227711,2024
2024-01-29,30,6,6,-0.018393305523238018,-0.004681078868283783,-0.006856113327477117,1.0,0.0,2.0,-0.007056113327477117,-0.007456113327477117,-0.007856113327477116,2024
2024-01-30,30,6,6,-0.007046804553694517,-0.0010455459701410833,-0.003000629291776717,1.0,0.0,2.0,-0.003200629291776717,-0.0036006292917767167,-0.004000629291776717,2024
2024-01-31,30,6,6,-0.002814465879574384,-0.004279073273481267,0.0007323036969534413,1.0,0.0,2.0,0.0005323036969534413,0.0001323036969534413,-0.00026769630304655876,2024
2024-02-01,30,6,6,-0.0158111751281229,0.0006233002884522165,-0.00821723770828756,1.0,0.0,2.0,-0.00841723770828756,-0.00881723770828756,-0.00921723770828756,2024
2024-02-02,30,6,6,0.002927072724354683,-0.0026913917185520165,0.0028092322214533496,1.0,0.0,2.0,0.0026092322214533495,0.00220923222145335,0.0018092322214533496,2024
2024-02-05,30,6,6,0.006110497589792417,0.0013486854486416166,0.0023809060705754,1.0,0.0,2.0,0.0021809060705754,0.0017809060705754002,0.0013809060705754,2024
2024-02-06,30,6,6,0.0011858976710663169,-0.0020373513141535332,0.001611624492609925,1.0,0.0,2.0,0.0014116244926099249,0.001011624492609925,0.0006116244926099249,2024
2024-02-07,30,6,6,0.013973336864344349,0.0027218878398834498,0.005625724512230449,1.0,0.0,2.0,0.00542572451223045,0.0050257245122304495,0.004625724512230449,2024
2024-02-08,30,6,6,-0.013072912322990883,-0.009846163994937351,-0.001613374164026766,1.0,0.0,2.0,-0.001813374164026766,-0.002213374164026766,-0.002613374164026766,2024
2024-02-19,30,6,6,-0.007686953432537201,-0.0030922426131656665,-0.002297355409685767,1.0,0.0,2.0,-0.0024973554096857672,-0.002897355409685767,-0.003297355409685767,2024
2024-02-20,30,6,6,0.017361649166943417,0.0016091248980812003,0.007876262134431109,1.0,0.0,2.0,0.007676262134431109,0.007276262134431109,0.006876262134431109,2024
2024-02-21,30,6,6,0.005882678058833683,0.009234353808673667,-0.0016758378749199918,1.0,0.0,2.0,-0.001875837874919992,-0.0022758378749199917,-0.002675837874919992,2024
2024-02-22,30,6,6,-0.002281041301875584,0.0010063470368066164,-0.0016436941693411004,1.0,0.0,2.0,-0.0018436941693411005,-0.0022436941693411002,-0.0026436941693411004,2024
2024-02-23,30,6,6,-0.010417200821760016,-0.0060560366580822665,-0.0021805820818388746,1.0,0.0,2.0,-0.0023805820818388747,-0.0027805820818388744,-0.0031805820818388746,2024
2024-02-26,30,6,6,0.014609315688182918,0.0076226528241239155,0.0034933314320295013,1.0,0.0,2.0,0.003293331432029501,0.0028933314320295014,0.0024933314320295013,2024
2024-02-27,30,6,6,-0.010593985960699083,-0.00017951813754859994,-0.005207233911575242,1.0,0.0,2.0,-0.0054072339115752415,-0.005807233911575242,-0.006207233911575242,2024
2024-02-28,30,6,6,0.005348269098105151,0.002900999560375716,0.0012236347688647175,1.0,0.0,2.0,0.0010236347688647174,0.0006236347688647175,0.00022363476886471745,2024
2024-02-29,30,6,6,-0.0032707916656700667,0.005325658328449317,-0.0042982249970596915,1.0,0.0,2.0,-0.004498224997059691,-0.004898224997059691,-0.005298224997059692,2024
2024-03-01,30,6,6,0.0064301956428959,0.008007161896320334,-0.0007884831267122171,1.0,0.0,2.0,-0.0009884831267122172,-0.001388483126712217,-0.001788483126712217,2024
2024-03-04,30,6,6,-0.006714819531490849,0.006710588330451299,-0.006712703930971074,1.0,0.0,2.0,-0.006912703930971074,-0.007312703930971074,-0.007712703930971074,2024
2024-03-05,30,6,6,0.0050537991125309,0.002660272635907667,0.0011967632383116165,1.0,0.0,2.0,0.0009967632383116164,0.0005967632383116166,0.0001967632383116165,2024
2024-03-06,30,6,6,0.001506734134443533,0.00037966390174131674,0.0005635351163511081,1.0,0.0,2.0,0.0003635351163511081,-3.6464883648891847e-05,-0.0004364648836488919,2024
2024-03-07,30,6,6,0.004914201599833651,9.904803144755003e-05,0.00240757678419305,1.0,0.0,2.0,0.00220757678419305,0.0018075767841930503,0.0014075767841930501,2024
2024-03-08,30,6,6,-0.0121977193849284,-0.004994370075406317,-0.003601674654761041,1.0,0.0,2.0,-0.003801674654761041,-0.004201674654761041,-0.004601674654761041,2024
2024-03-11,30,6,6,0.007177276128815884,0.0020563896120585332,0.002560443258378675,1.0,0.0,2.0,0.002360443258378675,0.0019604432583786753,0.0015604432583786751,2024
2024-03-12,30,6,6,-0.0022799795963295995,-0.005930916616597983,0.0018254685101341918,1.0,0.0,2.0,0.0016254685101341918,0.0012254685101341918,0.0008254685101341918,2024
2024-03-13,30,6,6,-0.00431201290111275,-0.007277735483473584,0.0014828612911804168,1.0,0.0,2.0,0.0012828612911804167,0.0008828612911804169,0.0004828612911804168,2024
2024-03-14,30,6,6,2.3523072961132915e-05,0.0140292411758378,-0.007002859051438334,1.0,0.0,2.0,-0.0072028590514383335,-0.007602859051438334,-0.008002859051438334,2024
2024-03-15,30,6,6,-0.0016909202277784671,0.0060316906248780505,-0.003861305426328259,1.0,0.0,2.0,-0.004061305426328259,-0.004461305426328259,-0.004861305426328259,2024
2024-03-18,30,6,6,0.013151440743267117,-0.002434421650517517,0.007792931196892317,1.0,0.0,2.0,0.007592931196892317,0.007192931196892317,0.006792931196892317,2024
2024-03-19,30,6,6,0.002653603940436483,0.0025459639620050325,5.3819989215725264e-05,1.0,0.0,2.0,-0.00014618001078427475,-0.0005461800107842747,-0.0009461800107842748,2024
2024-03-20,30,6,6,0.015108947376512716,0.0026782573914199,0.006215344992546408,1.0,0.0,2.0,0.0060153449925464085,0.005615344992546408,0.005215344992546408,2024
2024-03-21,30,6,6,-0.0008218207017232998,-0.0121318415810271,0.0056550104396519,1.0,0.0,2.0,0.0054550104396519005,0.0050550104396519,0.0046550104396519,2024
2024-03-22,30,6,6,-0.007772429528362966,-0.0038313119339988505,-0.001970558797182058,1.0,0.0,2.0,-0.002170558797182058,-0.002570558797182058,-0.002970558797182058,2024
2024-03-25,30,6,6,-0.0060429601200879994,-0.004185876542868317,-0.0009285417886098412,1.0,0.0,2.0,-0.0011285417886098413,-0.001528541788609841,-0.0019285417886098413,2024
2024-03-26,30,6,6,-0.013414449885885402,-0.0056545932241624,-0.003879928330861501,1.0,0.0,2.0,-0.0040799283308615006,-0.004479928330861501,-0.004879928330861501,2024
2024-03-27,30,6,6,0.0044258840688213,0.002575853192637833,0.0009250154380917334,1.0,0.0,2.0,0.0007250154380917334,0.00032501543809173347,-7.49845619082666e-05,2024
2024-03-28,30,6,6,0.005405041560479167,-0.0025649624413656997,0.003985002000922434,1.0,0.0,2.0,0.0037850020009224336,0.003385002000922434,0.0029850020009224336,2024
2024-03-29,30,6,6,0.013115426172704883,0.006719621717029683,0.0031979022278375998,1.0,0.0,2.0,0.0029979022278375997,0.0025979022278376,0.0021979022278375998,2024
2024-04-01,30,6,6,0.0018160309162387504,-0.0025341381677200835,0.002175084541979417,1.0,0.0,2.0,0.001975084541979417,0.001575084541979417,0.001175084541979417,2024
2024-04-02,30,6,6,9.526277396196664e-05,0.006665802277500867,-0.00328526975176945,1.0,0.0,2.0,-0.00348526975176945,-0.00388526975176945,-0.00428526975176945,2024
2024-04-03,30,6,6,0.020822458995168002,0.008639324276662034,0.006091567359252984,1.0,0.0,2.0,0.0058915673592529845,0.005491567359252984,0.005091567359252984,2024
2024-04-08,30,6,6,0.008673113669553001,0.00791660315829885,0.000378255255627076,1.0,0.0,2.0,0.000178255255627076,-0.00022174474437292393,-0.000621744744372924,2024
2024-04-09,30,6,6,-0.0008500094750268668,0.0008995094296578333,-0.0008747594523423501,1.0,0.0,2.0,-0.0010747594523423502,-0.0014747594523423502,-0.0018747594523423501,2024
2024-04-10,30,6,6,0.0036080656272332663,-0.0012580770268440665,0.0024330713270386663,1.0,0.0,2.0,0.002233071327038666,0.0018330713270386665,0.0014330713270386663,2024
2024-04-11,30,6,6,0.008424747990420684,0.013699832908102333,-0.0026375424588408244,1.0,0.0,2.0,-0.0028375424588408245,-0.003237542458840824,-0.0036375424588408244,2024
2024-04-12,30,6,6,-0.0024264857729373833,8.365496612046646e-05,-0.0012550703695289249,1.0,0.0,2.0,-0.001455070369528925,-0.0018550703695289247,-0.002255070369528925,2024
2024-04-15,30,6,6,-0.008132843862602783,-0.0076062057084261,-0.0002633190770883415,1.0,0.0,2.0,-0.0004633190770883415,-0.0008633190770883414,-0.0012633190770883415,2024
2024-04-16,30,6,6,0.0106486185488867,0.010745021351005732,-4.820140105951578e-05,1.0,0.0,2.0,-0.00024820140105951576,-0.0006482014010595157,-0.0010482014010595158,2024
2024-04-17,30,6,6,-0.0008272756536456833,0.0040064876058328504,-0.002416881629739267,1.0,0.0,2.0,-0.002616881629739267,-0.0030168816297392667,-0.003416881629739267,2024
2024-04-18,30,6,6,0.0056527576161188335,0.0029994452710596004,0.0013266561725296165,1.0,0.0,2.0,0.0011266561725296164,0.0007266561725296166,0.0003266561725296165,2024
2024-04-19,30,6,6,-0.00596544783749925,-0.0008306275443420835,-0.0025674101465785835,1.0,0.0,2.0,-0.0027674101465785836,-0.0031674101465785833,-0.0035674101465785835,2024
2024-04-22,30,6,6,-0.0021709301056346,-0.01791815518119218,0.00787361253777879,1.0,0.0,2.0,0.007673612537778791,0.007273612537778791,0.0068736125377787905,2024
2024-04-23,30,6,6,0.016701364826684266,0.008754006915954482,0.003973678955364892,1.0,0.0,2.0,0.0037736789553648917,0.003373678955364892,0.002973678955364892,2024
2024-04-24,30,6,6,0.003974528916099801,0.010315390082436949,-0.003170430583168574,1.0,0.0,2.0,-0.003370430583168574,-0.0037704305831685737,-0.0041704305831685735,2024
2024-04-25,30,6,6,0.0067720367804264825,0.00730580707354515,-0.0002668851465593338,1.0,0.0,2.0,-0.0004668851465593338,-0.0008668851465593338,-0.0012668851465593338,2024
2024-04-26,30,6,6,-0.0104036400351154,0.0004450761616720834,-0.005424358098393742,1.0,0.0,2.0,-0.005624358098393741,-0.0060243580983937416,-0.006424358098393742,2024
2024-04-29,30,6,6,-0.0035726897755253835,-0.00383044505057695,0.00012887763752578336,1.0,0.0,2.0,-7.112236247421665e-05,-0.0004711223624742166,-0.0008711223624742167,2024
2024-04-30,30,6,6,0.005780544663527684,0.013347947975317019,-0.0037837016558946676,1.0,0.0,2.0,-0.003983701655894668,-0.004383701655894668,-0.004783701655894668,2024
2024-05-06,30,6,6,0.012716631474242367,-0.0029413579345613666,0.007828994704401867,1.0,0.0,2.0,0.007628994704401868,0.0072289947044018674,0.006828994704401867,2024
2024-05-07,30,6,6,0.0004369395067989335,-0.008008288785608917,0.004222614146203925,1.0,0.0,2.0,0.004022614146203926,0.0036226141462039254,0.003222614146203925,2024
2024-05-08,30,6,6,0.0035998365785622996,-0.0035878547559741836,0.0035938456672682416,1.0,0.0,2.0,0.0033938456672682415,0.0029938456672682417,0.0025938456672682415,2024
2024-05-09,30,6,6,-0.003136615823775533,-0.005183576551763383,0.0010234803639939249,1.0,0.0,2.0,0.0008234803639939249,0.0004234803639939249,2.348036399392483e-05,2024
2024-05-10,30,6,6,-0.0023612730770042663,0.0013196323609952498,-0.001840452718999758,1.0,0.0,2.0,-0.002040452718999758,-0.002440452718999758,-0.002840452718999758,2024
2024-05-13,30,6,6,-0.015603673903909267,-0.002257941342562617,-0.006672866280673325,1.0,0.0,2.0,-0.006872866280673325,-0.007272866280673325,-0.007672866280673325,2024
2024-05-14,30,6,6,-0.0007726682748206834,0.0021527354181858165,-0.00146270184650325,1.0,0.0,2.0,-0.00166270184650325,-0.00206270184650325,-0.0024627018465032497,2024
2024-05-15,30,6,6,0.011146926001671166,0.0061831759930208825,0.002481875004325142,1.0,0.0,2.0,0.002281875004325142,0.001881875004325142,0.001481875004325142,2024
2024-05-16,30,6,6,0.008465923858429885,0.013025007580632617,-0.002279541861101366,1.0,0.0,2.0,-0.002479541861101366,-0.0028795418611013658,-0.003279541861101366,2024
2024-05-17,30,6,6,0.01176772579616475,0.023112646016428432,-0.005672460110131841,1.0,0.0,2.0,-0.005872460110131841,-0.006272460110131841,-0.006672460110131841,2024
2024-05-20,30,6,6,-0.0013168794362603334,0.006699005239825366,-0.004007942338042849,1.0,0.0,2.0,-0.004207942338042849,-0.004607942338042849,-0.005007942338042849,2024
2024-05-21,30,6,6,0.0013674817956616,0.01543982272088875,-0.0070361704626135755,1.0,0.0,2.0,-0.007236170462613575,-0.007636170462613575,-0.008036170462613575,2024
2024-05-22,30,6,6,-0.005978990556801951,-0.014117710885630283,0.004069360164414166,1.0,0.0,2.0,0.0038693601644141655,0.0034693601644141658,0.0030693601644141656,2024
2024-05-23,30,6,6,-0.005552770697129251,0.01103614251651275,-0.008294456606821,1.0,0.0,2.0,-0.008494456606821,-0.008894456606821,-0.009294456606821,2024
2024-05-24,30,6,6,0.0039331062694051505,-0.005744701697455418,0.004838903983430284,1.0,0.0,2.0,0.004638903983430284,0.004238903983430284,0.0038389039834302837,2024
2024-05-27,30,6,6,0.0002557443873054668,-0.011017828089779483,0.005636786238542475,1.0,0.0,2.0,0.005436786238542476,0.005036786238542475,0.004636786238542475,2024
2024-05-28,30,6,6,0.0018843594270785164,0.0152822721420025,-0.006698956357461991,1.0,0.0,2.0,-0.006898956357461991,-0.007298956357461991,-0.007698956357461991,2024
2024-05-29,30,6,6,-0.013095936425267731,-0.011075672640758018,-0.0010101318922548569,1.0,0.0,2.0,-0.001210131892254857,-0.0016101318922548567,-0.002010131892254857,2024
2024-05-30,30,6,6,0.000307440437239517,-0.0028650486415351998,0.0015862445393873585,1.0,0.0,2.0,0.0013862445393873584,0.0009862445393873584,0.0005862445393873584,2024
2024-05-31,30,6,6,-0.016710153221803633,-0.01568321196025475,-0.0005134706307744416,1.0,0.0,2.0,-0.0007134706307744416,-0.0011134706307744414,-0.0015134706307744416,2024
2024-06-03,30,6,6,-0.0042785968519690664,-0.008401195633601416,0.002061299390816175,1.0,0.0,2.0,0.0018612993908161748,0.001461299390816175,0.001061299390816175,2024
2024-06-04,30,6,6,-0.0026110133362067162,-0.00457028665974465,0.000979636661768967,1.0,0.0,2.0,0.000779636661768967,0.000379636661768967,-2.0363338231033047e-05,2024
2024-06-05,30,6,6,0.008935032028792768,0.008386437451191133,0.0002742972888008172,1.0,0.0,2.0,7.429728880081719e-05,-0.00032570271119918275,-0.0007257027111991828,2024
2024-06-06,30,6,6,0.00217066681590585,0.012469185495216117,-0.005149259339655134,1.0,0.0,2.0,-0.005349259339655133,-0.0057492593396551335,-0.006149259339655134,2024
2024-06-07,30,6,6,-0.015781720409534766,-0.012178004949974367,-0.0018018577297801994,1.0,0.0,2.0,-0.0020018577297801995,-0.0024018577297801992,-0.0028018577297801994,2024
2024-06-11,30,6,6,0.008504313377521982,0.00519778071035325,0.0016532663335843659,1.0,0.0,2.0,0.0014532663335843658,0.001053266333584366,0.0006532663335843659,2024
2024-06-12,30,6,6,-0.008421934605250966,-0.009710328908069285,0.0006441971514091595,1.0,0.0,2.0,0.00044419715140915953,4.419715140915957e-05,-0.0003558028485908405,2024
2024-06-13,30,6,6,-0.0031062619686194498,0.0032579328319694337,-0.0031820974002944417,1.0,0.0,2.0,-0.003382097400294442,-0.0037820974002944416,-0.004182097400294442,2024
2024-06-14,30,6,6,-0.015454594172360267,-0.012935253384638884,-0.0012596703938606915,1.0,0.0,2.0,-0.0014596703938606916,-0.0018596703938606914,-0.0022596703938606915,2024
2024-06-17,30,6,6,0.0084477263297057,-0.0007375905084430666,0.004592658419074383,1.0,0.0,2.0,0.0043926584190743835,0.003992658419074383,0.003592658419074383,2024
2024-06-18,30,6,6,0.010101923697686017,0.0049550608632664165,0.0025734314172098003,1.0,0.0,2.0,0.0023734314172098,0.0019734314172098004,0.0015734314172098003,2024
2024-06-19,30,6,6,0.00010992593212876685,0.001472799389878601,-0.0006814367288749171,1.0,0.0,2.0,-0.0008814367288749171,-0.001281436728874917,-0.0016814367288749171,2024
2024-06-20,30,6,6,-0.007382718410352266,-0.003914852798276566,-0.0017339328060378498,1.0,0.0,2.0,-0.00193393280603785,-0.0023339328060378497,-0.00273393280603785,2024
2024-06-21,30,6,6,-0.007980144492141435,-0.014586286645327086,0.0033030710765928253,1.0,0.0,2.0,0.003103071076592825,0.0027030710765928254,0.0023030710765928252,2024
2024-06-24,30,6,6,0.003690273166866817,0.003194348629978517,0.00024796226844414995,1.0,0.0,2.0,4.796226844414994e-05,-0.00035203773155585,-0.0007520377315558501,2024
2024-06-25,30,6,6,0.0115153119976684,-0.0035108285549440327,0.007513070276306216,1.0,0.0,2.0,0.007313070276306216,0.006913070276306216,0.006513070276306216,2024
2024-06-26,30,6,6,-0.0029124512064651665,-0.007451727556974382,0.0022696381752546077,1.0,0.0,2.0,0.0020696381752546076,0.001669638175254608,0.0012696381752546077,2024
2024-06-27,30,6,6,0.008034813097948434,0.005164826369412134,0.0014349933642681502,1.0,0.0,2.0,0.0012349933642681501,0.0008349933642681503,0.0004349933642681502,2024
2024-06-28,30,6,6,0.002316303539148051,0.00222522518897935,4.5539175084350486e-05,1.0,0.0,2.0,-0.00015446082491564952,-0.0005544608249156495,-0.0009544608249156495,2024
2024-07-01,30,6,6,0.010744091391300418,0.004199103973737117,0.0032724937087816506,1.0,0.0,2.0,0.0030724937087816505,0.0026724937087816507,0.0022724937087816506,2024
2024-07-02,30,6,6,0.00028640076613718307,0.007099129482174783,-0.0034063643580187998,1.0,0.0,2.0,-0.0036063643580188,-0.0040063643580188,-0.0044063643580188,2024
2024-07-03,30,6,6,-0.0075831768234908324,-0.005787528029886884,-0.0008978243968019743,1.0,0.0,2.0,-0.0010978243968019744,-0.0014978243968019741,-0.0018978243968019743,2024
2024-07-04,30,6,6,-0.00869698986894847,-0.0069280908739815,-0.0008844494974834848,1.0,0.0,2.0,-0.0010844494974834849,-0.0014844494974834846,-0.0018844494974834848,2024
2024-07-05,30,6,6,-0.01751971845525865,-0.0012216765492095501,-0.00814902095302455,1.0,0.0,2.0,-0.00834902095302455,-0.00874902095302455,-0.009149020953024549,2024
2024-07-08,30,6,6,0.0006504538919330838,-0.002139820382793117,0.0013951371373631003,1.0,0.0,2.0,0.0011951371373631003,0.0007951371373631004,0.0003951371373631003,2024
2024-07-09,30,6,6,-0.017155480549618598,-0.0065087122249484165,-0.00532338416233509,1.0,0.0,2.0,-0.00552338416233509,-0.00592338416233509,-0.00632338416233509,2024
2024-07-10,30,6,6,0.0054578874765291,-0.0024757231979971503,0.003966805337263125,1.0,0.0,2.0,0.003766805337263125,0.003366805337263125,0.002966805337263125,2024
2024-07-11,30,6,6,-0.0008351538912152501,-0.008622287606246717,0.0038935668575157335,1.0,0.0,2.0,0.0036935668575157335,0.0032935668575157337,0.0028935668575157335,2024
2024-07-12,30,6,6,-0.006720320664108568,-0.007681685629790051,0.0004806824828407414,1.0,0.0,2.0,0.00028068248284074144,-0.00011931751715925853,-0.0005193175171592586,2024
2024-07-15,30,6,6,0.00016733250697181703,0.0017821425350355994,-0.0008074050140318912,1.0,0.0,2.0,-0.0010074050140318912,-0.0014074050140318911,-0.0018074050140318913,2024
2024-07-16,30,6,6,0.0022590529784492328,0.0025815055038326674,-0.00016122626269171733,1.0,0.0,2.0,-0.0003612262626917173,-0.0007612262626917173,-0.0011612262626917173,2024
2024-07-17,30,6,6,0.005559368055737466,0.00132164846851595,0.002118859793610758,1.0,0.0,2.0,0.001918859793610758,0.0015188597936107583,0.001118859793610758,2024
2024-07-18,30,6,6,-0.003878287908157184,-0.0004116118565861003,-0.0017333380257855417,1.0,0.0,2.0,-0.0019333380257855418,-0.0023333380257855416,-0.0027333380257855418,2024
2024-07-19,30,6,6,-0.0106102576036302,0.0001858290310345667,-0.005398043317332383,1.0,0.0,2.0,-0.005598043317332383,-0.005998043317332383,-0.006398043317332383,2024
2024-07-22,30,6,6,-0.006984078476633734,-0.005774876548376783,-0.0006046009641284752,1.0,0.0,2.0,-0.0008046009641284752,-0.001204600964128475,-0.0016046009641284753,2024
2024-07-23,30,6,6,0.004137075197419767,0.0035368952634414843,0.00030008996698914123,1.0,0.0,2.0,0.00010008996698914122,-0.0002999100330108587,-0.0006999100330108588,2024
2024-07-24,30,6,6,-0.01585973853010645,-0.01417691057218065,-0.0008414139789629004,1.0,0.0,2.0,-0.0010414139789629005,-0.0014414139789629002,-0.0018414139789629004,2024
2024-07-25,30,6,6,0.013335642346909116,0.003589294584502333,0.004873173881203391,1.0,0.0,2.0,0.004673173881203392,0.004273173881203391,0.0038731738812033912,2024
2024-07-26,30,6,6,5.4604335659116876e-05,-0.007333035471263234,0.0036938199034611753,1.0,0.0,2.0,0.0034938199034611752,0.0030938199034611755,0.0026938199034611753,2024
2024-07-29,30,6,6,-0.013983368830514466,-0.011385046975428317,-0.0012991609275430742,1.0,0.0,2.0,-0.0014991609275430743,-0.001899160927543074,-0.002299160927543074,2024
2024-07-30,30,6,6,0.01311335805438475,0.009982137545011482,0.001565610254686634,1.0,0.0,2.0,0.001365610254686634,0.0009656102546866341,0.000565610254686634,2024
2024-07-31,30,6,6,-0.0004713044181389678,0.0006793525836558332,-0.0005753285008974005,1.0,0.0,2.0,-0.0007753285008974005,-0.0011753285008974006,-0.0015753285008974006,2024
2024-08-01,30,6,6,0.0060687117958677,0.0003621149262936834,0.0028532984347870083,1.0,0.0,2.0,0.002653298434787008,0.0022532984347870084,0.0018532984347870082,2024
2024-08-02,30,6,6,-0.012971131565394417,-0.012591998658298147,-0.0001895664535481352,1.0,0.0,2.0,-0.0003895664535481352,-0.0007895664535481351,-0.0011895664535481352,2024
2024-08-05,30,6,6,-0.003952599699385184,-0.002256772592387417,-0.0008479135534988833,1.0,0.0,2.0,-0.0010479135534988834,-0.0014479135534988833,-0.0018479135534988833,2024
2024-08-06,30,6,6,0.0046114717238848165,0.0010327456145447164,0.0017893630546700501,1.0,0.0,2.0,0.00158936305467005,0.0011893630546700503,0.0007893630546700501,2024
2024-08-07,30,6,6,-0.006558220776057818,-0.013711752090247298,0.00357676565709474,1.0,0.0,2.0,0.00337676565709474,0.0029767656570947403,0.00257676565709474,2024
2024-08-08,30,6,6,0.006019970009531367,0.0039482154016145165,0.0010358773039584254,1.0,0.0,2.0,0.0008358773039584254,0.0004358773039584255,3.58773039584254e-05,2024
2024-08-09,30,6,6,-0.0035668255440154013,-0.0031512990592816835,-0.00020776324236685892,1.0,0.0,2.0,-0.0004077632423668589,-0.0008077632423668589,-0.001207763242366859,2024
2024-08-12,30,6,6,-0.004936856241571166,-0.01052209173951705,0.0027926177489729425,1.0,0.0,2.0,0.0025926177489729424,0.0021926177489729427,0.0017926177489729425,2024
2024-08-13,30,6,6,-0.014649184421030184,-0.00859164105871985,-0.0030287716811551665,1.0,0.0,2.0,-0.0032287716811551666,-0.0036287716811551664,-0.0040287716811551666,2024
2024-08-14,30,6,6,0.005728940991838083,0.0023156350150462333,0.001706652988395925,1.0,0.0,2.0,0.0015066529883959248,0.001106652988395925,0.0007066529883959249,2024
2024-08-15,30,6,6,-0.004140425458960416,0.0043483279229808,-0.004244376690970608,1.0,0.0,2.0,-0.004444376690970608,-0.004844376690970608,-0.005244376690970608,2024
2024-08-16,30,6,6,0.0045126707922786835,0.0034626988716344835,0.0005249859603221,1.0,0.0,2.0,0.0003249859603221,-7.501403967789995e-05,-0.0004750140396779,2024
2024-08-19,30,6,6,0.00041557095383751617,0.006175056043826184,-0.0028797425449943338,1.0,0.0,2.0,-0.003079742544994334,-0.0034797425449943336,-0.0038797425449943338,2024
2024-08-20,30,6,6,0.0106807422137933,0.0062204059577801495,0.0022301681280065756,1.0,0.0,2.0,0.0020301681280065756,0.0016301681280065758,0.0012301681280065756,2024
2024-08-21,30,6,6,-0.013340482027162202,-0.01649447788834343,0.0015769979305906142,1.0,0.0,2.0,0.0013769979305906141,0.0009769979305906144,0.0005769979305906142,2024
2024-08-22,30,6,6,0.0024265179974867833,-0.0010426301832928836,0.0017345740903898334,1.0,0.0,2.0,0.0015345740903898333,0.0011345740903898334,0.0007345740903898334,2024
2024-08-23,30,6,6,0.025907787157315936,0.017703163962154902,0.004102311597580517,1.0,0.0,2.0,0.003902311597580517,0.0035023115975805173,0.003102311597580517,2024
2024-08-26,30,6,6,0.0023960264818671004,0.006358561544080334,-0.001981267531106617,1.0,0.0,2.0,-0.002181267531106617,-0.002581267531106617,-0.002981267531106617,2024
2024-08-27,30,6,6,-0.005802244912458967,-0.0002306987941492995,-0.0027857730591548334,1.0,0.0,2.0,-0.0029857730591548335,-0.0033857730591548333,-0.0037857730591548335,2024
2024-08-28,30,6,6,0.003055363725390067,2.413950856705015e-05,0.0015156121084115085,1.0,0.0,2.0,0.0013156121084115084,0.0009156121084115085,0.0005156121084115084,2024
2024-08-29,30,6,6,0.005258662027591117,0.004287408736995483,0.00048562664529781677,1.0,0.0,2.0,0.0002856266452978168,-0.00011437335470218318,-0.0005143733547021833,2024
2024-08-30,30,6,6,-0.02411797817514777,-0.034523453165436445,0.005202737495144338,1.0,0.0,2.0,0.005002737495144338,0.004602737495144338,0.004202737495144338,2024
2024-09-02,30,6,6,-0.0016023622899188168,0.0011919059383308495,-0.0013971341141248332,1.0,0.0,2.0,-0.0015971341141248333,-0.001997134114124833,-0.0023971341141248333,2024
2024-09-03,30,6,6,-0.019249757607792264,-0.008609292112144217,-0.0053202327478240235,1.0,0.0,2.0,-0.005520232747824023,-0.005920232747824023,-0.0063202327478240235,2024
2024-09-04,30,6,6,-0.011929518475508652,-1.2911724219615122e-05,-0.005958303375644518,1.0,0.0,2.0,-0.006158303375644518,-0.006558303375644518,-0.006958303375644518,2024
2024-09-05,30,6,6,-7.608733779863347e-05,0.007760987280500726,-0.0039185373091496795,1.0,0.0,2.0,-0.004118537309149679,-0.004518537309149679,-0.0049185373091496795,2024
2024-09-06,30,6,6,-0.010294406865004551,-0.004834349373223684,-0.002730028745890434,1.0,0.0,2.0,-0.002930028745890434,-0.0033300287458904337,-0.003730028745890434,2024
2024-09-09,30,6,6,-0.013231349280203399,-0.00316614961364455,-0.005032599833279424,1.0,0.0,2.0,-0.005232599833279424,-0.005632599833279424,-0.006032599833279424,2024
2024-09-10,30,6,6,0.013278530219858498,0.008432129715883517,0.0024232002519874903,1.0,0.0,2.0,0.00222320025198749,0.0018232002519874904,0.0014232002519874902,2024
2024-09-11,30,6,6,0.013811686924815216,0.010090390339829816,0.0018606482924926997,1.0,0.0,2.0,0.0016606482924926996,0.0012606482924926998,0.0008606482924926996,2024
2024-09-12,30,6,6,-0.0010362223613276007,-0.005283414142088317,0.0021235958903803582,1.0,0.0,2.0,0.0019235958903803582,0.0015235958903803584,0.0011235958903803582,2024
2024-09-13,30,6,6,-0.005145920525751467,-0.0016878594623050836,-0.0017290305317231914,1.0,0.0,2.0,-0.0019290305317231915,-0.0023290305317231912,-0.0027290305317231914,2024
2024-09-18,30,6,6,0.019183393932539903,0.014126851399363568,0.0025282712665881677,1.0,0.0,2.0,0.0023282712665881676,0.0019282712665881678,0.0015282712665881677,2024
2024-09-19,30,6,6,-0.0064948051379361835,-0.007674761526464382,0.0005899781942640993,1.0,0.0,2.0,0.0003899781942640993,-1.0021805735900666e-05,-0.00041002180573590074,2024
2024-09-20,30,6,6,-0.014591031781748316,-0.00880935429976635,-0.0028908387409909827,1.0,0.0,2.0,-0.003090838740990983,-0.0034908387409909826,-0.0038908387409909827,2024
2024-09-23,30,6,6,0.023544623456024233,0.0161039903759772,0.0037203165400235168,1.0,0.0,2.0,0.0035203165400235167,0.003120316540023517,0.0027203165400235168,2024
2024-09-24,30,6,6,-0.005320636051154934,0.0024622862569224167,-0.003891461154038675,1.0,0.0,2.0,-0.004091461154038675,-0.0044914611540386755,-0.004891461154038676,2024
2024-09-25,30,6,6,-0.0030660363620322166,0.01566630259446865,-0.009366169478250435,1.0,0.0,2.0,-0.009566169478250435,-0.009966169478250434,-0.010366169478250434,2024
2024-09-26,30,6,6,0.003322210602376367,0.016019279727907284,-0.006348534562765459,1.0,0.0,2.0,-0.006548534562765458,-0.0069485345627654585,-0.007348534562765459,2024
2024-09-27,30,6,6,0.021498135073350952,0.06119970045196036,-0.019850782689304704,1.0,0.0,2.0,-0.020050782689304703,-0.020450782689304704,-0.020850782689304705,2024
2024-09-30,30,6,6,-0.020035062243665566,-0.07545503692299892,0.027709987339666675,1.0,0.0,2.0,0.027509987339666676,0.027109987339666675,0.026709987339666674,2024
2024-10-08,30,6,6,-0.012728624307684665,-0.013636055293818785,0.00045371549306705977,1.0,0.0,2.0,0.0002537154930670598,-0.00014628450693294018,-0.0005462845069329402,2024
2024-10-09,30,6,6,0.0032911033426901003,-0.014109587982391947,0.008700345662541024,1.0,0.0,2.0,0.008500345662541023,0.008100345662541024,0.007700345662541024,2024
2024-10-10,30,6,6,0.010225307731332884,0.011589516537228882,-0.000682104402947999,1.0,0.0,2.0,-0.000882104402947999,-0.0012821044029479988,-0.001682104402947999,2024
2024-10-11,30,6,6,0.004221035202234583,0.009099773261187433,-0.002439369029476425,1.0,0.0,2.0,-0.002639369029476425,-0.003039369029476425,-0.003439369029476425,2024
2024-10-14,30,6,6,-0.007177593194230083,0.011995490867643751,-0.009586542030936916,1.0,0.0,2.0,-0.009786542030936917,-0.010186542030936916,-0.010586542030936917,2024
2024-10-15,30,6,6,0.0040892481466982,-0.014623698876887135,0.009356473511792668,1.0,0.0,2.0,0.009156473511792667,0.008756473511792668,0.008356473511792667,2024
2024-10-16,30,6,6,-0.02122224101477777,-0.049065200420009954,0.013921479702616093,1.0,0.0,2.0,0.013721479702616092,0.013321479702616093,0.012921479702616093,2024
2024-10-17,30,6,6,0.013720050286756949,0.010126540079574867,0.0017967551035910408,1.0,0.0,2.0,0.0015967551035910407,0.001196755103591041,0.0007967551035910408,2024
2024-10-18,30,6,6,-0.0016965677007340166,0.0129633687483379,-0.0073299682245359585,1.0,0.0,2.0,-0.007529968224535958,-0.007929968224535958,-0.00832996822453596,2024
2024-10-21,30,6,6,-0.0034494627730008334,0.006952339805518133,-0.0052009012892594835,1.0,0.0,2.0,-0.005400901289259483,-0.005800901289259483,-0.0062009012892594835,2024
2024-10-22,30,6,6,0.0009691285410445991,0.0029138692272706657,-0.0009723703431130334,1.0,0.0,2.0,-0.0011723703431130335,-0.0015723703431130332,-0.0019723703431130334,2024
2024-10-23,30,6,6,0.007785449249616866,0.016363915646534364,-0.004289233198458749,1.0,0.0,2.0,-0.004489233198458749,-0.004889233198458749,-0.005289233198458749,2024
2024-10-24,30,6,6,0.007275604303914132,-0.012511938049663768,0.00989377117678895,1.0,0.0,2.0,0.00969377117678895,0.00929377117678895,0.00889377117678895,2024
2024-10-25,30,6,6,-0.0007164127578674663,0.01571514392003225,-0.008215778338949858,1.0,0.0,2.0,-0.008415778338949858,-0.008815778338949858,-0.009215778338949859,2024
2024-10-28,30,6,6,0.00043955405058585017,-0.016642504484056166,0.008541029267321008,1.0,0.0,2.0,0.008341029267321007,0.007941029267321008,0.007541029267321008,2024
2024-10-29,30,6,6,-0.002760549557258667,-0.00029571781277974973,-0.0012324158722394586,1.0,0.0,2.0,-0.0014324158722394586,-0.0018324158722394586,-0.0022324158722394584,2024
2024-10-30,30,6,6,-0.0016031333976317663,-0.005963162882918383,0.002180014742643308,1.0,0.0,2.0,0.001980014742643308,0.0015800147426433082,0.001180014742643308,2024
2024-10-31,30,6,6,0.002953213046666283,-0.007606315703348199,0.005279764375007241,1.0,0.0,2.0,0.005079764375007241,0.004679764375007241,0.004279764375007241,2024
2024-11-01,30,6,6,-0.0018632652893975999,-0.007649891315383917,0.0028933130129931584,1.0,0.0,2.0,0.0026933130129931583,0.0022933130129931586,0.0018933130129931584,2024
2024-11-04,30,6,6,-2.344544518466674e-06,0.0027435462627719495,-0.0013729454036452082,1.0,0.0,2.0,-0.0015729454036452083,-0.0019729454036452082,-0.002372945403645208,2024
2024-11-05,30,6,6,-0.011478528667435666,-0.009211978303940783,-0.0011332751817474413,1.0,0.0,2.0,-0.0013332751817474414,-0.0017332751817474411,-0.0021332751817474413,2024
2024-11-06,30,6,6,0.01678395931510255,0.014025021665451968,0.0013794688248252905,1.0,0.0,2.0,0.0011794688248252905,0.0007794688248252906,0.0003794688248252905,2024
2024-11-07,30,6,6,-0.010806956671317666,-0.003230586404271633,-0.0037881851335230168,1.0,0.0,2.0,-0.003988185133523016,-0.004388185133523017,-0.004788185133523017,2024
2024-11-08,30,6,6,0.002610561575578383,0.0041336328197887,-0.0007615356221051587,1.0,0.0,2.0,-0.0009615356221051586,-0.0013615356221051587,-0.0017615356221051587,2024
2024-11-11,30,6,6,-0.0066344595131582335,-0.005169965484468217,-0.0007322470143450084,1.0,0.0,2.0,-0.0009322470143450083,-0.0013322470143450082,-0.0017322470143450084,2024
2024-11-12,30,6,6,-0.0106875780258889,0.003937390028755566,-0.007312484027322233,1.0,0.0,2.0,-0.007512484027322233,-0.007912484027322234,-0.008312484027322233,2024
2024-11-13,30,6,6,-0.007760423982478151,-0.012323547603713667,0.002281561810617758,1.0,0.0,2.0,0.002081561810617758,0.001681561810617758,0.0012815618106177579,2024
2024-11-14,30,6,6,-0.010343101530417917,-0.021373040086323986,0.0055149692779530345,1.0,0.0,2.0,0.005314969277953035,0.004914969277953035,0.0045149692779530345,2024
2024-11-15,30,6,6,-0.005642608866664632,-0.006035657544554435,0.00019652433894490166,1.0,0.0,2.0,-3.475661055098346e-06,-0.0004034756610550983,-0.0008034756610550984,2024
2024-11-18,30,6,6,0.014707027025698283,0.009769908726455284,0.0024685591496214996,1.0,0.0,2.0,0.0022685591496214995,0.0018685591496214998,0.0014685591496214996,2024
2024-11-19,30,6,6,0.0012011091814377664,0.0030858132607863836,-0.0009423520396743086,1.0,0.0,2.0,-0.0011423520396743087,-0.0015423520396743084,-0.0019423520396743086,2024
2024-11-20,30,6,6,-0.00227916449070455,0.00033509063104503336,-0.0013071275608747916,1.0,0.0,2.0,-0.0015071275608747917,-0.0019071275608747917,-0.002307127560874792,2024
2024-11-21,30,6,6,-0.014859721469869169,-0.009213211570684632,-0.0028232549495922684,1.0,0.0,2.0,-0.0030232549495922685,-0.0034232549495922682,-0.0038232549495922684,2024
2024-11-22,30,6,6,0.010491248926956099,-0.004473200714173367,0.007482224820564733,1.0,0.0,2.0,0.007282224820564734,0.0068822248205647335,0.006482224820564733,2024
2024-11-25,30,6,6,-0.005207130342669533,-0.0035753909538914657,-0.0008158696943890338,1.0,0.0,2.0,-0.0010158696943890339,-0.0014158696943890338,-0.0018158696943890338,2024
2024-11-26,30,6,6,0.0016983002102415497,0.005838042926271633,-0.0020698713580150417,1.0,0.0,2.0,-0.002269871358015042,-0.0026698713580150415,-0.0030698713580150417,2024
2024-11-27,30,6,6,-0.009633490285717,-0.00298797179331955,-0.0033227592461987253,1.0,0.0,2.0,-0.0035227592461987253,-0.003922759246198725,-0.004322759246198725,2024
2024-11-28,30,6,6,0.006717903376847016,0.002874705791119083,0.0019215987928639666,1.0,0.0,2.0,0.0017215987928639665,0.0013215987928639665,0.0009215987928639666,2024
2024-11-29,30,6,6,0.004629339444848017,0.0006938407537117669,0.001967749345568125,1.0,0.0,2.0,0.0017677493455681248,0.001367749345568125,0.0009677493455681248,2024
2024-12-02,30,6,6,-0.003086835331998367,-0.0011949639471403506,-0.0009459356924290083,1.0,0.0,2.0,-0.0011459356924290083,-0.0015459356924290082,-0.0019459356924290084,2024
2024-12-03,30,6,6,-0.0028344551543205503,-0.015385654918154615,0.006275599881917032,1.0,0.0,2.0,0.0060755998819170326,0.005675599881917032,0.005275599881917032,2024
2024-12-04,30,6,6,-0.013760057261178802,-0.011396472172047749,-0.0011817925445655264,1.0,0.0,2.0,-0.0013817925445655265,-0.0017817925445655263,-0.0021817925445655265,2024
2024-12-05,30,6,6,-0.003976384746504916,0.0005939520237364671,-0.0022851683851206916,1.0,0.0,2.0,-0.0024851683851206917,-0.0028851683851206914,-0.0032851683851206916,2024
2024-12-06,30,6,6,0.0036040311109629664,-0.003317564355073951,0.0034607977330184587,1.0,0.0,2.0,0.0032607977330184586,0.002860797733018459,0.0024607977330184587,2024
2024-12-09,30,6,6,0.0026112592854005503,-0.009988060702560852,0.006299659993980701,1.0,0.0,2.0,0.006099659993980701,0.005699659993980701,0.005299659993980701,2024
2024-12-10,30,6,6,0.008240964153537617,0.006014551643838317,0.00111320625484965,1.0,0.0,2.0,0.0009132062548496499,0.00051320625484965,0.00011320625484964987,2024
2024-12-11,30,6,6,0.009579140316632867,0.0026986344676300836,0.0034402529245013917,1.0,0.0,2.0,0.0032402529245013916,0.002840252924501392,0.0024402529245013916,2024
2024-12-12,30,6,6,-0.007060244770154683,-0.009848729778565183,0.00139424250420525,1.0,0.0,2.0,0.00119424250420525,0.00079424250420525,0.00039424250420525,2024
2024-12-13,30,6,6,-0.00277646348948875,0.005271551349382783,-0.004024007419435767,1.0,0.0,2.0,-0.004224007419435767,-0.004624007419435767,-0.005024007419435767,2024
2024-12-16,30,6,6,-0.0019731420546124667,-0.0038268514194308334,0.0009268546824091834,1.0,0.0,2.0,0.0007268546824091834,0.0003268546824091834,-7.314531759081665e-05,2024
2024-12-17,30,6,6,-0.008079077574210466,-0.008831459266861817,0.00037619084632567554,1.0,0.0,2.0,0.00017619084632567553,-0.0002238091536743244,-0.0006238091536743245,2024
2024-12-18,30,6,6,-0.010526989621297667,-0.0013354663036327502,-0.0045957616588324585,1.0,0.0,2.0,-0.004795761658832458,-0.005195761658832458,-0.0055957616588324585,2024
2024-12-19,30,6,6,-0.0034192780341088334,0.007577776804253283,-0.005498527419181058,1.0,0.0,2.0,-0.005698527419181058,-0.006098527419181058,-0.006498527419181058,2024
2024-12-20,30,6,6,0.0078453025433947,-0.004934613509870467,0.006389958026632583,1.0,0.0,2.0,0.006189958026632583,0.005789958026632583,0.005389958026632583,2024
2024-12-23,30,6,6,0.002304873350888667,0.007142335011645,-0.0024187308303781664,1.0,0.0,2.0,-0.0026187308303781665,-0.0030187308303781663,-0.0034187308303781664,2024
2024-12-24,30,6,6,-0.0017316652713777836,-0.0024782353058874335,0.00037328501725482496,1.0,0.0,2.0,0.00017328501725482495,-0.000226714982745175,-0.0006267149827451751,2024
2024-12-25,30,6,6,-0.0008435669611421001,-0.003686122476734983,0.0014212777577964416,1.0,0.0,2.0,0.0012212777577964415,0.0008212777577964416,0.00042127775779644155,2024
2024-12-26,30,6,6,-0.006288348185955983,0.00364671186982875,-0.004967530027892367,1.0,0.0,2.0,-0.005167530027892366,-0.005567530027892367,-0.005967530027892367,2024
2024-12-27,30,6,6,0.006335366924104383,0.006728789280424683,-0.00019671117816015028,1.0,0.0,2.0,-0.00039671117816015026,-0.0007967111781601502,-0.0011967111781601503,2024
2024-12-30,30,6,6,0.0027812542529812665,0.004106517989903833,-0.0006626318684612833,1.0,0.0,2.0,-0.0008626318684612832,-0.001262631868461283,-0.0016626318684612833,2024
2024-12-31,30,6,6,-0.00034570193412473336,-0.005097157565857817,0.0023757278158665416,1.0,0.0,2.0,0.0021757278158665416,0.0017757278158665418,0.0013757278158665416,2024
2025-01-02,30,6,6,-0.0015710838520466,-0.017531226622024065,0.007980071384988732,1.0,0.0,2.0,0.007780071384988732,0.007380071384988732,0.006980071384988732,2025
2025-01-03,30,6,6,-0.008123651458558433,-0.0042040105244998,-0.001959820467029317,1.0,0.0,2.0,-0.002159820467029317,-0.0025598204670293167,-0.002959820467029317,2025
2025-01-06,30,6,6,-0.009171721038089567,-0.017524365187438166,0.004176322074674299,1.0,0.0,2.0,0.0039763220746743,0.0035763220746742996,0.0031763220746742994,2025
2025-01-07,30,6,6,0.001411892981679017,-0.0007882105371991,0.0011000517594390584,1.0,0.0,2.0,0.0009000517594390584,0.0005000517594390585,0.00010005175943905839,2025
2025-01-08,30,6,6,-0.000812416361184317,0.0034829238304195822,-0.0021476700958019497,1.0,0.0,2.0,-0.0023476700958019498,-0.0027476700958019495,-0.0031476700958019497,2025
2025-01-09,30,6,6,0.00844664182050155,0.003068405331494817,0.0026891182445033662,1.0,0.0,2.0,0.002489118244503366,0.0020891182445033664,0.0016891182445033662,2025
2025-01-10,30,6,6,0.020956309081149597,0.013667088002750016,0.0036446105391997902,1.0,0.0,2.0,0.00344461053919979,0.0030446105391997904,0.00264461053919979,2025
2025-01-13,30,6,6,-0.0021300138151737666,0.004552785988582066,-0.003341399901877916,1.0,0.0,2.0,-0.0035413999018779163,-0.003941399901877916,-0.004341399901877916,2025
2025-01-14,30,6,6,-0.00712937622897905,-0.0005020737960024665,-0.0033136512164882916,1.0,0.0,2.0,-0.0035136512164882917,-0.0039136512164882915,-0.004313651216488292,2025
2025-01-15,30,6,6,0.00424988176524745,0.015103011773287149,-0.00542656500401985,1.0,0.0,2.0,-0.00562656500401985,-0.00602656500401985,-0.00642656500401985,2025
2025-01-16,30,6,6,0.009720664741297383,0.0088464212093701,0.00043712176596364186,1.0,0.0,2.0,0.00023712176596364185,-0.0001628782340363581,-0.0005628782340363582,2025
2025-01-17,30,6,6,-0.004271920074438583,-0.006891080152122799,0.0013095800388421078,1.0,0.0,2.0,0.0011095800388421077,0.0007095800388421078,0.00030958003884210775,2025
2025-01-20,30,6,6,0.0013934389269221505,0.002532471401531683,-0.0005695162373047663,1.0,0.0,2.0,-0.0007695162373047663,-0.0011695162373047663,-0.0015695162373047663,2025
2025-01-21,30,6,6,0.0003856284442946835,0.0019513933388344666,-0.0007828824472698915,1.0,0.0,2.0,-0.0009828824472698915,-0.0013828824472698915,-0.0017828824472698917,2025
2025-01-22,30,6,6,-0.010405722204891733,-0.005419967919212801,-0.002492877142839466,1.0,0.0,2.0,-0.002692877142839466,-0.003092877142839466,-0.003492877142839466,2025
2025-01-23,30,6,6,-0.003126218840019117,0.004273587303496884,-0.003699903071758,1.0,0.0,2.0,-0.0038999030717580003,-0.0042999030717580005,-0.004699903071758001,2025
2025-01-24,30,6,6,-0.0089503504889612,-0.00032551238638121654,-0.004312419051289992,1.0,0.0,2.0,-0.0045124190512899915,-0.004912419051289992,-0.005312419051289992,2025
2025-01-27,30,6,6,0.013273840362324,-0.01783037737144195,0.015552108866882975,1.0,0.0,2.0,0.015352108866882975,0.014952108866882976,0.014552108866882976,2025
2025-02-05,30,6,6,0.002365046409107767,-8.577525697251621e-05,0.0012254108330401418,1.0,0.0,2.0,0.0010254108330401417,0.0006254108330401418,0.00022541083304014175,2025
2025-02-06,30,6,6,0.010736407197825516,0.008826648332188134,0.0009548794328186911,1.0,0.0,2.0,0.0007548794328186911,0.00035487943281869115,-4.512056718130892e-05,2025
2025-02-07,30,6,6,0.00011527828405224995,-0.0050844236759131,0.0025998509799826748,1.0,0.0,2.0,0.0023998509799826747,0.001999850979982675,0.0015998509799826748,2025
2025-02-10,30,6,6,0.005299368202546134,-0.0060062685452917,0.005652818373918917,1.0,0.0,2.0,0.005452818373918917,0.005052818373918917,0.004652818373918917,2025
2025-02-11,30,6,6,9.344808408223266e-05,0.0018868221872901834,-0.0008966870516039754,1.0,0.0,2.0,-0.0010966870516039755,-0.0014966870516039755,-0.0018966870516039754,2025
2025-02-12,30,6,6,-0.009663250605182366,-0.01385947406424525,0.002098111729531442,1.0,0.0,2.0,0.0018981117295314418,0.001498111729531442,0.001098111729531442,2025
2025-02-13,30,6,6,0.007658336612111784,0.012214049170347983,-0.0022778562791180997,1.0,0.0,2.0,-0.0024778562791181,-0.0028778562791180995,-0.0032778562791180997,2025
2025-02-14,30,6,6,-0.002874957515058483,-0.012594052931652451,0.004859547708296984,1.0,0.0,2.0,0.004659547708296984,0.004259547708296984,0.003859547708296984,2025
2025-02-17,30,6,6,0.006806547262276218,0.00303038750644105,0.0018880798779175839,1.0,0.0,2.0,0.0016880798779175838,0.0012880798779175838,0.0008880798779175839,2025
2025-02-18,30,6,6,0.007012615890516484,0.0045156038312040335,0.0012485060296562253,1.0,0.0,2.0,0.0010485060296562252,0.0006485060296562254,0.0002485060296562253,2025
2025-02-19,30,6,6,0.007505768778396667,0.00196700949517015,0.0027693796416132584,1.0,0.0,2.0,0.0025693796416132583,0.0021693796416132585,0.0017693796416132584,2025
2025-02-20,30,6,6,-0.00489002556318125,-0.003620145009073467,-0.0006349402770538914,1.0,0.0,2.0,-0.0008349402770538914,-0.0012349402770538915,-0.0016349402770538914,2025
2025-02-21,30,6,6,-0.0043100770189978665,-0.0035790576603436665,-0.00036550967932709997,1.0,0.0,2.0,-0.0005655096793271,-0.0009655096793270999,-0.0013655096793271,2025
2025-02-24,30,6,6,-0.0010533152133835333,-0.012277667886859115,0.00561217633673779,1.0,0.0,2.0,0.005412176336737791,0.0050121763367377906,0.00461217633673779,2025
2025-02-25,30,6,6,-0.0038053109510873505,-0.0019437538686197665,-0.000930778541233792,1.0,0.0,2.0,-0.001130778541233792,-0.001530778541233792,-0.001930778541233792,2025
2025-02-26,30,6,6,-0.004439787608019183,0.011303884833158266,-0.007871836220588724,1.0,0.0,2.0,-0.008071836220588725,-0.008471836220588724,-0.008871836220588725,2025
2025-02-27,30,6,6,-0.002088332455971033,-0.0007668841747579834,-0.0006607241406065248,1.0,0.0,2.0,-0.0008607241406065248,-0.0012607241406065246,-0.0016607241406065248,2025
2025-02-28,30,6,6,-0.0015339777827306832,-0.0021292942374447504,0.0002976582273570336,1.0,0.0,2.0,9.76582273570336e-05,-0.00030234177264296634,-0.0007023417726429664,2025
2025-03-03,30,6,6,-0.0231702078273745,-0.004334114754527917,-0.009418046536423292,1.0,0.0,2.0,-0.009618046536423293,-0.010018046536423292,-0.010418046536423291,2025
2025-03-04,30,6,6,-0.0005074171809675668,-0.011198937007458715,0.005345759913245574,1.0,0.0,2.0,0.005145759913245574,0.004745759913245574,0.004345759913245574,2025
2025-03-05,30,6,6,0.0022978724990014836,0.001291325367123633,0.0005032735659389253,1.0,0.0,2.0,0.00030327356593892534,-9.672643406107462e-05,-0.0004967264340610747,2025
2025-03-06,30,6,6,0.0016074434259535,0.0022683267820862,-0.0003304416780663499,1.0,0.0,2.0,-0.0005304416780663499,-0.0009304416780663499,-0.00133044167806635,2025
2025-03-07,30,6,6,0.010593720296324917,0.001706513121493733,0.004443603587415592,1.0,0.0,2.0,0.004243603587415592,0.003843603587415592,0.003443603587415592,2025
2025-03-10,30,6,6,-0.011029943931397017,-0.004339622180069967,-0.003345160875663525,1.0,0.0,2.0,-0.003545160875663525,-0.003945160875663525,-0.004345160875663525,2025
2025-03-11,30,6,6,-0.0043346628094002,0.004275705367746001,-0.0043051840885731,1.0,0.0,2.0,-0.0045051840885731,-0.0049051840885731,-0.0053051840885731,2025
2025-03-12,30,6,6,0.011162062451416701,-0.0067966356229119005,0.0089793490371643,1.0,0.0,2.0,0.0087793490371643,0.0083793490371643,0.0079793490371643,2025
2025-03-13,30,6,6,0.004200001536210167,0.006707802287559784,-0.0012539003756748086,1.0,0.0,2.0,-0.0014539003756748087,-0.0018539003756748084,-0.0022539003756748086,2025
2025-03-14,30,6,6,-0.00620012609947655,-0.0012425479885267,-0.002478789055474925,1.0,0.0,2.0,-0.002678789055474925,-0.0030787890554749247,-0.003478789055474925,2025
2025-03-17,30,6,6,0.0027787090048838337,-0.0020212019858276,0.002399955495355717,1.0,0.0,2.0,0.002199955495355717,0.0017999554953557172,0.001399955495355717,2025
2025-03-18,30,6,6,-0.006805071369121632,-0.0023964489216834503,-0.0022043112237190906,1.0,0.0,2.0,-0.0024043112237190907,-0.0028043112237190904,-0.0032043112237190906,2025
2025-03-19,30,6,6,-0.0016258715519086666,0.005389027031994499,-0.003507449291951583,1.0,0.0,2.0,-0.003707449291951583,-0.004107449291951583,-0.004507449291951583,2025
2025-03-20,30,6,6,0.0013554161117127499,-0.00023637130115613308,0.0007958937064344414,1.0,0.0,2.0,0.0005958937064344414,0.00019589370643444148,-0.0002041062935655586,2025
2025-03-21,30,6,6,0.0012195148484590492,0.004939629385881601,-0.001860057268711276,1.0,0.0,2.0,-0.002060057268711276,-0.0024600572687112758,-0.002860057268711276,2025
2025-03-24,30,6,6,0.0005746732385760004,0.0026652989416265996,-0.0010453128515252996,1.0,0.0,2.0,-0.0012453128515252996,-0.0016453128515252994,-0.0020453128515252996,2025
2025-03-25,30,6,6,-0.004240180564411217,-0.0030576067909527335,-0.0005912868867292418,1.0,0.0,2.0,-0.0007912868867292418,-0.0011912868867292419,-0.0015912868867292418,2025
2025-03-26,30,6,6,0.00261434273048885,-0.0009148607394185499,0.0017646017349536999,1.0,0.0,2.0,0.0015646017349536998,0.0011646017349536998,0.0007646017349536998,2025
2025-03-27,30,6,6,-0.0024829312291582,-0.0058106635272357,0.00166386614903875,1.0,0.0,2.0,0.00146386614903875,0.0010638661490387502,0.00066386614903875,2025
2025-03-28,30,6,6,-8.342249999774918e-05,-0.0069325792839178835,0.003424578391960067,1.0,0.0,2.0,0.003224578391960067,0.002824578391960067,0.002424578391960067,2025
2025-03-31,30,6,6,0.008360668944174282,0.00769419020280785,0.0003332393706832158,1.0,0.0,2.0,0.00013323937068321581,-0.0002667606293167841,-0.0006667606293167842,2025
2025-04-01,30,6,6,0.004416840962293833,-0.0036140476788129494,0.004015444320553391,1.0,0.0,2.0,0.003815444320553391,0.0034154443205533912,0.003015444320553391,2025
2025-04-02,30,6,6,-0.00892988525922665,-0.00272702695483045,-0.0031014291521981006,1.0,0.0,2.0,-0.0033014291521981007,-0.0037014291521981005,-0.004101429152198101,2025
2025-04-03,30,6,6,0.010515575140887067,0.0010113532102183833,0.0047521109653343415,1.0,0.0,2.0,0.004552110965334342,0.004152110965334342,0.0037521109653343414,2025
2025-04-07,30,6,6,-0.00265511485996645,-0.014518464912553966,0.005931675026293758,1.0,0.0,2.0,0.005731675026293758,0.005331675026293758,0.004931675026293758,2025
2025-04-08,30,6,6,-0.01884512255230397,-0.00978541967108695,-0.004529851440608509,1.0,0.0,2.0,-0.004729851440608509,-0.005129851440608509,-0.0055298514406085094,2025
2025-04-09,30,6,6,0.059237041422647296,0.003147616883413066,0.028044712269617116,1.0,0.0,2.0,0.027844712269617117,0.027444712269617116,0.027044712269617115,2025
2025-04-10,30,6,6,0.010079913700873184,-0.0011664290195799504,0.005623171360226567,1.0,0.0,2.0,0.005423171360226567,0.005023171360226567,0.004623171360226567,2025
2025-04-11,30,6,6,0.004240742046378449,0.0021045308700828,0.0010681055881478247,1.0,0.0,2.0,0.0008681055881478247,0.00046810558814782473,6.810558814782466e-05,2025
2025-04-14,30,6,6,-0.005380187550627534,-0.006766666015180334,0.0006932392322763999,1.0,0.0,2.0,0.0004932392322764,9.32392322764e-05,-0.0003067607677236001,2025
2025-04-15,30,6,6,-0.008232707415932983,0.0017439264299756666,-0.0049883169229543245,1.0,0.0,2.0,-0.005188316922954324,-0.005588316922954324,-0.0059883169229543246,2025
2025-04-16,30,6,6,0.0028098077116259167,-0.0005806234483471832,0.00169521557998655,1.0,0.0,2.0,0.00149521557998655,0.0010952155799865502,0.00069521557998655,2025
2025-04-17,30,6,6,-0.00026057011785806647,-0.007912396330895034,0.003825913106518484,1.0,0.0,2.0,0.003625913106518484,0.003225913106518484,0.002825913106518484,2025
2025-04-18,30,6,6,0.0104226760187352,0.0078097382426635985,0.0013064688880358006,1.0,0.0,2.0,0.0011064688880358005,0.0007064688880358006,0.00030646888803580056,2025
2025-04-21,30,6,6,0.003421425334685401,-0.005238011897488449,0.004329718616086925,1.0,0.0,2.0,0.0041297186160869255,0.0037297186160869253,0.003329718616086925,2025
2025-04-22,30,6,6,0.015651125534707582,-0.0022617815512013333,0.008956453542954457,1.0,0.0,2.0,0.008756453542954457,0.008356453542954457,0.007956453542954458,2025
2025-04-23,30,6,6,0.009196367860948332,-0.0026147229134555997,0.005905545387201966,1.0,0.0,2.0,0.005705545387201966,0.005305545387201966,0.004905545387201966,2025
2025-04-24,30,6,6,0.0024896927148077164,-0.00354712410620975,0.003018408410508733,1.0,0.0,2.0,0.002818408410508733,0.0024184084105087333,0.002018408410508733,2025
2025-04-25,30,6,6,0.0090758078759658,-0.0031676815871952836,0.006121744731580542,1.0,0.0,2.0,0.005921744731580542,0.005521744731580542,0.005121744731580542,2025
2025-04-28,30,6,6,-0.006843838502673501,-0.003944384098559617,-0.001449727202056942,1.0,0.0,2.0,-0.001649727202056942,-0.002049727202056942,-0.002449727202056942,2025
2025-04-29,30,6,6,-0.006295618828661733,-0.003132406966929883,-0.0015816059308659252,1.0,0.0,2.0,-0.0017816059308659253,-0.0021816059308659252,-0.002581605930865925,2025
2025-04-30,30,6,6,-0.0017597837090972334,-0.004246920681034101,0.001243568485968434,1.0,0.0,2.0,0.0010435684859684338,0.000643568485968434,0.0002435684859684339,2025
2025-05-06,30,6,6,0.011039158886647568,0.0013600625312227832,0.0048395481777123925,1.0,0.0,2.0,0.004639548177712393,0.004239548177712393,0.0038395481777123925,2025
2025-05-07,30,6,6,-0.004228605354332733,-0.00772032564955425,0.0017458601476107584,1.0,0.0,2.0,0.0015458601476107583,0.0011458601476107585,0.0007458601476107584,2025
2025-05-08,30,6,6,0.0019936686426491163,-0.004009637640001284,0.0030016531413251998,1.0,0.0,2.0,0.0028016531413251997,0.0024016531413252,0.0020016531413251997,2025
2025-05-09,30,6,6,0.013070079649093602,0.00686174474630975,0.003104167451391926,1.0,0.0,2.0,0.002904167451391926,0.0025041674513919263,0.002104167451391926,2025
2025-05-12,30,6,6,-0.02325102941460265,-0.005474396925195983,-0.008888316244703334,1.0,0.0,2.0,-0.009088316244703335,-0.009488316244703334,-0.009888316244703335,2025
2025-05-13,30,6,6,0.02514931953370132,0.0180286454105475,0.0035603370615769087,1.0,0.0,2.0,0.0033603370615769086,0.002960337061576909,0.0025603370615769087,2025
2025-05-14,30,6,6,-0.011268917435196368,-0.004394840542861984,-0.003437038446167192,1.0,0.0,2.0,-0.003637038446167192,-0.004037038446167192,-0.0044370384461671925,2025
2025-05-15,30,6,6,0.00021045024890693328,-0.009586873710919782,0.004898661979913357,1.0,0.0,2.0,0.004698661979913358,0.0042986619799133576,0.0038986619799133574,2025
2025-05-16,30,6,6,0.0059839078686338,-0.0026066605114152333,0.004295284190024517,1.0,0.0,2.0,0.004095284190024517,0.003695284190024517,0.003295284190024517,2025
2025-05-19,30,6,6,-0.0025657131708575497,-0.0016189087336516167,-0.0004734022186029665,1.0,0.0,2.0,-0.0006734022186029665,-0.0010734022186029665,-0.0014734022186029664,2025
2025-05-20,30,6,6,0.004314745303734367,0.006859370490719967,-0.0012723125934928003,1.0,0.0,2.0,-0.0014723125934928004,-0.0018723125934928002,-0.0022723125934928003,2025
2025-05-21,30,6,6,-0.009879160105386432,0.00015493356674328338,-0.005017046836064858,1.0,0.0,2.0,-0.0052170468360648575,-0.005617046836064858,-0.006017046836064858,2025
2025-05-22,30,6,6,-0.0032413441963087494,0.00039267829644504997,-0.0018170112463768997,1.0,0.0,2.0,-0.0020170112463768998,-0.0024170112463768995,-0.0028170112463768997,2025
2025-05-23,30,6,6,0.00042703243888556644,-0.0007071542856837334,0.0005670933622846499,1.0,0.0,2.0,0.00036709336228464996,-3.290663771535001e-05,-0.0004329066377153501,2025
2025-05-26,30,6,6,-0.004836781393100166,-6.569467299275004e-05,-0.002385543360053708,1.0,0.0,2.0,-0.0025855433600537082,-0.002985543360053708,-0.003385543360053708,2025
2025-05-27,30,6,6,-0.008256909054432484,-0.006436913468085617,-0.0009099977931734337,1.0,0.0,2.0,-0.0011099977931734338,-0.0015099977931734335,-0.0019099977931734337,2025
2025-05-28,30,6,6,0.0074824902917436,0.0030863063842911666,0.002198091953726217,1.0,0.0,2.0,0.001998091953726217,0.0015980919537262172,0.001198091953726217,2025
2025-05-29,30,6,6,-0.019121268530566834,-0.003256062377542017,-0.007932603076512409,1.0,0.0,2.0,-0.00813260307651241,-0.008532603076512409,-0.008932603076512408,2025
2025-05-30,30,6,6,-0.007191271546186067,-0.010740657187566116,0.0017746928206900246,1.0,0.0,2.0,0.0015746928206900246,0.0011746928206900248,0.0007746928206900246,2025
2025-06-03,30,6,6,0.025245544193174586,-0.0004230351304301333,0.01283428966180236,1.0,0.0,2.0,0.01263428966180236,0.01223428966180236,0.01183428966180236,2025
2025-06-04,30,6,6,-0.005356317728875349,0.0004354784263673501,-0.0028958980776213495,1.0,0.0,2.0,-0.0030958980776213496,-0.0034958980776213493,-0.0038958980776213495,2025
2025-06-05,30,6,6,0.004763743079997151,0.0027982923692183334,0.000982725355389409,1.0,0.0,2.0,0.0007827253553894089,0.000382725355389409,-1.72746446105911e-05,2025
2025-06-06,30,6,6,0.0010164930838015165,0.0019754506046714667,-0.00047947876043497506,1.0,0.0,2.0,-0.000679478760434975,-0.001079478760434975,-0.0014794787604349752,2025
2025-06-09,30,6,6,-0.0025068812047632167,0.00218066271749015,-0.002343771961126683,1.0,0.0,2.0,-0.0025437719611266832,-0.002943771961126683,-0.003343771961126683,2025
2025-06-10,30,6,6,-0.0013297018332567333,0.00030822182462451674,-0.000818961828940625,1.0,0.0,2.0,-0.001018961828940625,-0.001418961828940625,-0.001818961828940625,2025
2025-06-11,30,6,6,0.0018145398517585827,-0.008062195389929767,0.004938367620844175,1.0,0.0,2.0,0.004738367620844175,0.004338367620844175,0.003938367620844175,2025
2025-06-12,30,6,6,-0.0012725945734282,0.0267995906751968,-0.0140360926243125,1.0,0.0,2.0,-0.0142360926243125,-0.014636092624312499,-0.015036092624312498,2025
2025-06-13,30,6,6,0.0011794870769215166,0.011797070979876033,-0.005308791951477258,1.0,0.0,2.0,-0.005508791951477258,-0.005908791951477258,-0.006308791951477258,2025
2025-06-16,30,6,6,0.0006760782000941665,0.00432799109463905,-0.0018259564472724416,1.0,0.0,2.0,-0.0020259564472724415,-0.0024259564472724417,-0.0028259564472724414,2025
2025-06-17,30,6,6,0.0081075121496117,0.010423224964967734,-0.0011578564076780169,1.0,0.0,2.0,-0.001357856407678017,-0.0017578564076780167,-0.002157856407678017,2025
2025-06-18,30,6,6,-0.00163307761738,0.007369486095287616,-0.004501281856333808,1.0,0.0,2.0,-0.0047012818563338075,-0.005101281856333808,-0.005501281856333808,2025
2025-06-19,30,6,6,-0.00587825870081445,-0.0006393808607881667,-0.0026194389200131416,1.0,0.0,2.0,-0.0028194389200131417,-0.0032194389200131414,-0.0036194389200131416,2025
2025-06-20,30,6,6,0.0027146211755546667,1.6773937057633474e-05,0.0013489236192485165,1.0,0.0,2.0,0.0011489236192485164,0.0007489236192485166,0.0003489236192485165,2025
2025-06-23,30,6,6,-0.0158121122115374,-0.026388199922415752,0.005288043855439177,1.0,0.0,2.0,0.005088043855439177,0.004688043855439177,0.004288043855439177,2025
2025-06-24,30,6,6,-0.00034004048095266696,0.005329745579839367,-0.002834893030396017,1.0,0.0,2.0,-0.003034893030396017,-0.003434893030396017,-0.003834893030396017,2025
2025-06-25,30,6,6,0.0020300757849753834,0.007023332930704399,-0.002496628572864508,1.0,0.0,2.0,-0.002696628572864508,-0.0030966285728645077,-0.003496628572864508,2025
2025-06-26,30,6,6,-0.0003675890164548667,0.008630886586431732,-0.004499237801443299,1.0,0.0,2.0,-0.004699237801443299,-0.005099237801443299,-0.0054992378014432994,2025
2025-06-27,30,6,6,-0.0015810807294473334,-0.006226283166136016,0.0023226012183443414,1.0,0.0,2.0,0.0021226012183443413,0.0017226012183443416,0.0013226012183443414,2025
2025-06-30,30,6,6,0.0015549327796289334,-0.005686233574526067,0.0036205831770775004,1.0,0.0,2.0,0.0034205831770775003,0.0030205831770775005,0.0026205831770775003,2025
2025-07-01,30,6,6,-0.002843679734404183,0.022593849495104217,-0.0127187646147542,1.0,0.0,2.0,-0.0129187646147542,-0.0133187646147542,-0.0137187646147542,2025
2025-07-02,30,6,6,0.006124547701899366,-0.004098265860281333,0.005111406781090349,1.0,0.0,2.0,0.00491140678109035,0.0045114067810903494,0.004111406781090349,2025
2025-07-03,30,6,6,-0.0073681305862235,-0.00325126081453045,-0.002058434885846525,1.0,0.0,2.0,-0.002258434885846525,-0.002658434885846525,-0.003058434885846525,2025
2025-07-04,30,6,6,-0.0030170067381712334,-0.0038559501396358167,0.0004194717007322917,1.0,0.0,2.0,0.00021947170073229166,-0.00018052829926770827,-0.0005805282992677083,2025
2025-07-07,30,6,6,0.0033440384928957664,0.006592964280437651,-0.0016244628937709424,1.0,0.0,2.0,-0.0018244628937709425,-0.002224462893770942,-0.0026244628937709424,2025
2025-07-08,30,6,6,0.002771240787348,0.011201156193513834,-0.004214957703082917,1.0,0.0,2.0,-0.004414957703082916,-0.0048149577030829165,-0.005214957703082917,2025
2025-07-09,30,6,6,0.00301657335082735,0.022605583696148134,-0.009794505172660391,1.0,0.0,2.0,-0.009994505172660392,-0.010394505172660391,-0.010794505172660392,2025
2025-07-10,30,6,6,-0.0036200113360639664,0.005101183498200416,-0.0043605974171321915,1.0,0.0,2.0,-0.004560597417132191,-0.004960597417132191,-0.005360597417132192,2025
2025-07-11,30,6,6,0.007068697251672934,0.010418951469185101,-0.0016751271087560838,1.0,0.0,2.0,-0.0018751271087560839,-0.0022751271087560836,-0.002675127108756084,2025
2025-07-14,30,6,6,-0.005427983601812333,-0.009408604587184717,0.0019903104926861917,1.0,0.0,2.0,0.0017903104926861916,0.0013903104926861918,0.0009903104926861916,2025
2025-07-15,30,6,6,0.0013049632736533833,-0.004406754719871334,0.0028558589967623586,1.0,0.0,2.0,0.0026558589967623585,0.0022558589967623588,0.0018558589967623586,2025
2025-07-16,30,6,6,0.0077793744390535,0.017519824161805447,-0.004870224861375973,1.0,0.0,2.0,-0.005070224861375973,-0.005470224861375973,-0.005870224861375973,2025
2025-07-17,30,6,6,0.008239416922768049,0.005492974761344551,0.001373221080711749,1.0,0.0,2.0,0.0011732210807117488,0.000773221080711749,0.0003732210807117489,2025
2025-07-18,30,6,6,0.011599127065860101,0.033178558415960714,-0.010789715675050306,1.0,0.0,2.0,-0.010989715675050306,-0.011389715675050305,-0.011789715675050307,2025
2025-07-21,30,6,6,0.002651592564440116,0.028958024246651805,-0.013153215841105844,1.0,0.0,2.0,-0.013353215841105845,-0.013753215841105844,-0.014153215841105845,2025
2025-07-22,30,6,6,-0.0056258954436887,0.004782977899647317,-0.005204436671668008,1.0,0.0,2.0,-0.005404436671668008,-0.005804436671668008,-0.006204436671668008,2025
2025-07-23,30,6,6,-0.0002765703206895,0.03073940787919498,-0.01550798909994224,1.0,0.0,2.0,-0.01570798909994224,-0.01610798909994224,-0.01650798909994224,2025
2025-07-24,30,6,6,-0.0015713983087881002,0.024379653117874416,-0.012975525713331259,1.0,0.0,2.0,-0.013175525713331259,-0.013575525713331258,-0.013975525713331258,2025
2025-07-25,30,6,6,-0.008509101857814783,-0.07660293334929151,0.034046915745738364,1.0,0.0,2.0,0.033846915745738365,0.03344691574573836,0.03304691574573836,2025
2025-07-28,30,6,6,0.015526941303126034,0.0017232076423237166,0.006901866830401159,1.0,0.0,2.0,0.006701866830401159,0.006301866830401159,0.005901866830401159,2025
2025-07-29,30,6,6,0.0082125573759431,0.0018948659467488665,0.0031588457145971167,1.0,0.0,2.0,0.0029588457145971166,0.002558845714597117,0.0021588457145971167,2025
2025-07-30,30,6,6,-0.014793524158625932,-0.02769937445327209,0.006452925147323078,1.0,0.0,2.0,0.0062529251473230785,0.005852925147323078,0.005452925147323078,2025
2025-07-31,30,6,6,-0.0038726087896492,-0.006942629375818017,0.0015350102930844086,1.0,0.0,2.0,0.0013350102930844085,0.0009350102930844086,0.0005350102930844086,2025
2025-08-01,30,6,6,0.0020461850264869336,0.0034525849178211,-0.0007031999456670831,1.0,0.0,2.0,-0.0009031999456670831,-0.001303199945667083,-0.0017031999456670831,2025
2025-08-04,30,6,6,0.012168748956503167,0.009898697351643032,0.0011350258024300673,1.0,0.0,2.0,0.0009350258024300673,0.0005350258024300673,0.00013502580243006726,2025
2025-08-05,30,6,6,0.0007874433115606002,0.007675152616017217,-0.0034438546522283084,1.0,0.0,2.0,-0.0036438546522283084,-0.004043854652228308,-0.004443854652228308,2025
2025-08-06,30,6,6,-0.005313012956189617,-0.0008528383521186496,-0.002230087302035484,1.0,0.0,2.0,-0.002430087302035484,-0.0028300873020354837,-0.003230087302035484,2025
2025-08-07,30,6,6,-0.00804027288153285,-0.00521274791879205,-0.0014137624813704,1.0,0.0,2.0,-0.0016137624813704,-0.0020137624813704,-0.0024137624813704,2025
2025-08-08,30,6,6,-0.002733826030208683,0.015093254838870933,-0.008913540434539808,1.0,0.0,2.0,-0.009113540434539808,-0.009513540434539808,-0.009913540434539809,2025
2025-08-11,30,6,6,1.353581571934988e-05,0.02738126901109388,-0.013683866597687265,1.0,0.0,2.0,-0.013883866597687266,-0.014283866597687265,-0.014683866597687265,2025
2025-08-12,30,6,6,-0.0006890284582054496,-0.02371452852334835,0.01151275003257145,1.0,0.0,2.0,0.011312750032571449,0.01091275003257145,0.01051275003257145,2025
2025-08-13,30,6,6,-0.00964507313339085,-0.005442674930045734,-0.0021011991016725577,1.0,0.0,2.0,-0.002301199101672558,-0.0027011991016725576,-0.0031011991016725578,2025
2025-08-14,30,6,6,-0.0021767568561012335,-0.003217033159718151,0.0005201381518084587,1.0,0.0,2.0,0.0003201381518084587,-7.986184819154128e-05,-0.00047986184819154135,2025
2025-08-15,30,6,6,-0.0022752848526708504,-0.0054106665214318506,0.0015676908343805,1.0,0.0,2.0,0.0013676908343805,0.0009676908343805001,0.0005676908343805001,2025
2025-08-18,30,6,6,-0.003503737549228033,-0.004739542989044,0.0006179027199079833,1.0,0.0,2.0,0.0004179027199079833,1.7902719907983357e-05,-0.0003820972800920167,2025
2025-08-19,30,6,6,0.00224880339370275,-0.017579743814997065,0.009914273604349908,1.0,0.0,2.0,0.009714273604349908,0.009314273604349908,0.008914273604349907,2025
2025-08-20,30,6,6,-0.0050319888649379176,0.00023189848072008358,-0.0026319436728290007,1.0,0.0,2.0,-0.002831943672829001,-0.0032319436728290006,-0.0036319436728290007,2025
2025-08-21,30,6,6,0.00240291915549455,0.004776039330127266,-0.001186560087316358,1.0,0.0,2.0,-0.0013865600873163581,-0.001786560087316358,-0.002186560087316358,2025
2025-08-22,30,6,6,0.01704708161092145,0.0006021140820828833,0.008222483764419284,1.0,0.0,2.0,0.008022483764419283,0.007622483764419284,0.007222483764419284,2025
2025-08-25,30,6,6,-0.005311253453327301,-0.017615124023477115,0.006151935285074907,1.0,0.0,2.0,0.0059519352850749075,0.005551935285074907,0.005151935285074907,2025
2025-08-26,30,6,6,-0.0017278762797849833,-0.0016481380223364666,-3.986912872425835e-05,1.0,0.0,2.0,-0.00023986912872425836,-0.0006398691287242583,-0.0010398691287242584,2025
2025-08-27,30,6,6,0.0005059725722751336,0.001057006962903866,-0.00027551719531436627,1.0,0.0,2.0,-0.0004755171953143663,-0.0008755171953143662,-0.0012755171953143663,2025
2025-08-28,30,6,6,0.0031594353171766,-0.007855001088722483,0.005507218202949541,1.0,0.0,2.0,0.0053072182029495416,0.004907218202949541,0.004507218202949541,2025
2025-08-29,30,6,6,0.0030157375019034503,-0.021475908289820836,0.012245822895862143,1.0,0.0,2.0,0.012045822895862143,0.011645822895862143,0.011245822895862144,2025
2025-09-01,30,6,6,0.0008626617372895666,0.0005375798733416668,0.00016254093197394986,1.0,0.0,2.0,-3.745906802605015e-05,-0.0004374590680260501,-0.0008374590680260501,2025
2025-09-02,30,6,6,0.0030688227644767832,0.0021911023464847835,0.0004388602089959999,1.0,0.0,2.0,0.00023886020899599987,-0.00016113979100400007,-0.0005611397910040001,2025
2025-09-03,30,6,6,0.0015300239764935834,-0.003688185111576333,0.0026091045440349583,1.0,0.0,2.0,0.002409104544034958,0.0020091045440349584,0.0016091045440349582,2025
2025-09-04,30,6,6,0.011208291819748516,0.0030369177631466167,0.004085687028300949,1.0,0.0,2.0,0.0038856870283009493,0.0034856870283009496,0.0030856870283009494,2025
2025-09-05,30,6,6,0.00604061543919895,-0.0018985604016370332,0.003969587920417992,1.0,0.0,2.0,0.003769587920417992,0.003369587920417992,0.002969587920417992,2025
2025-09-08,30,6,6,-0.005006438692824483,-0.0078292762400728,0.0014114187736241584,1.0,0.0,2.0,0.0012114187736241584,0.0008114187736241585,0.0004114187736241584,2025
2025-09-09,30,6,6,0.005206462301411199,0.0021811649806371667,0.0015126486603870162,1.0,0.0,2.0,0.0013126486603870161,0.0009126486603870163,0.0005126486603870162,2025
2025-09-10,30,6,6,0.006800337882717149,0.0049164115797900336,0.0009419631514635579,1.0,0.0,2.0,0.000741963151463558,0.000341963151463558,-5.803684853644209e-05,2025
2025-09-11,30,6,6,-0.0031330198136327665,0.00032792223920113304,-0.0017304710264169497,1.0,0.0,2.0,-0.0019304710264169498,-0.0023304710264169495,-0.0027304710264169497,2025
2025-09-12,30,6,6,0.001009016347777817,0.016379789991836848,-0.007685386822029515,1.0,0.0,2.0,-0.007885386822029515,-0.008285386822029516,-0.008685386822029515,2025
2025-09-15,30,6,6,0.0015387400155283167,0.013978775245405565,-0.006220017614938624,1.0,0.0,2.0,-0.0064200176149386235,-0.006820017614938624,-0.007220017614938624,2025
2025-09-16,30,6,6,-0.0030582216686647836,-0.00734060755364865,0.0021411929424919336,1.0,0.0,2.0,0.0019411929424919335,0.0015411929424919337,0.0011411929424919335,2025
2025-09-17,30,6,6,-0.007368998394029366,-0.016121939815862435,0.004376470710916534,1.0,0.0,2.0,0.004176470710916535,0.0037764707109165345,0.0033764707109165343,2025
2025-09-18,30,6,6,-0.0011392950280423332,0.012060025694002734,-0.006599660361022533,1.0,0.0,2.0,-0.006799660361022533,-0.007199660361022533,-0.007599660361022533,2025
2025-09-19,30,6,6,-0.0008403298257673336,-0.012031797102011264,0.005595733638121965,1.0,0.0,2.0,0.005395733638121966,0.0049957336381219655,0.004595733638121965,2025
2025-09-22,30,6,6,-0.0005641909191997334,-0.0005996431438116996,1.7726112305983116e-05,1.0,0.0,2.0,-0.0001822738876940169,-0.0005822738876940168,-0.000982273887694017,2025
2025-09-23,30,6,6,0.0045591479665448,0.011125453104789967,-0.0032831525691225834,1.0,0.0,2.0,-0.0034831525691225835,-0.0038831525691225832,-0.004283152569122583,2025
2025-09-24,30,6,6,0.006582197377976767,0.005545491338509284,0.0005183530197337416,1.0,0.0,2.0,0.0003183530197337416,-8.164698026625835e-05,-0.00048164698026625843,2025
2025-09-25,30,6,6,0.0005531521087847502,-0.011904986408430582,0.006229069258607666,1.0,0.0,2.0,0.006029069258607666,0.005629069258607666,0.005229069258607666,2025
2025-09-26,30,6,6,-0.0020074656464577167,-0.006144951751672283,0.0020687430526072827,1.0,0.0,2.0,0.0018687430526072826,0.001468743052607283,0.0010687430526072827,2025
2025-09-29,30,6,6,-0.0031216908054292835,-0.010690364372440066,0.003784336783505391,1.0,0.0,2.0,0.003584336783505391,0.003184336783505391,0.002784336783505391,2025
2025-09-30,30,6,6,0.0061086747274943995,0.00324006340886935,0.0014343056593125248,1.0,0.0,2.0,0.0012343056593125247,0.0008343056593125249,0.0004343056593125248,2025
2025-10-09,30,6,6,-0.012821241311670015,-0.010429577784255217,-0.001195831763707399,1.0,0.0,2.0,-0.0013958317637073991,-0.0017958317637073989,-0.002195831763707399,2025
2025-10-10,30,6,6,-0.007068632256559866,-0.0007704188136764661,-0.0031491067214417003,1.0,0.0,2.0,-0.0033491067214417003,-0.0037491067214417,-0.0041491067214417,2025
2025-10-13,30,6,6,-0.008480287591128033,-0.00897721758037955,0.0002484649946257588,1.0,0.0,2.0,4.8464994625758805e-05,-0.00035153500537424113,-0.0007515350053742412,2025
2025-10-14,30,6,6,0.004643315783338051,-0.0015367710449939664,0.0030900434141660086,1.0,0.0,2.0,0.0028900434141660085,0.0024900434141660087,0.0020900434141660085,2025
2025-10-15,30,6,6,-0.0037635803507305005,0.009499509644390216,-0.006631544997560359,1.0,0.0,2.0,-0.006831544997560358,-0.0072315449975603584,-0.007631544997560359,2025
2025-10-16,30,6,6,-0.010854281767132616,-0.01052401372806345,-0.0001651340195345831,1.0,0.0,2.0,-0.0003651340195345831,-0.000765134019534583,-0.0011651340195345831,2025
2025-10-17,30,6,6,-0.00117352950263715,0.0010341219383121832,-0.0011038257204746666,1.0,0.0,2.0,-0.0013038257204746667,-0.0017038257204746664,-0.0021038257204746666,2025
2025-10-20,30,6,6,-0.0018062363638165003,-0.010194378525901316,0.004194071081042408,1.0,0.0,2.0,0.003994071081042408,0.003594071081042408,0.0031940710810424077,2025
2025-10-21,30,6,6,-0.0002271551545398835,0.008076555401734464,-0.004151855278137174,1.0,0.0,2.0,-0.004351855278137174,-0.004751855278137174,-0.005151855278137174,2025
2025-10-22,30,6,6,0.009323020044742083,0.017512585746479382,-0.00409478285086865,1.0,0.0,2.0,-0.0042947828508686494,-0.00469478285086865,-0.00509478285086865,2025
2025-10-23,30,6,6,-0.0041760676610699,-0.0030350246958214156,-0.000570521482624242,1.0,0.0,2.0,-0.000770521482624242,-0.001170521482624242,-0.001570521482624242,2025
2025-10-24,30,6,6,0.002616347909291867,0.009383279670412368,-0.00338346588056025,1.0,0.0,2.0,-0.0035834658805602502,-0.00398346588056025,-0.00438346588056025,2025
2025-10-27,30,6,6,-0.01234016950436795,-0.008597586173125935,-0.0018712916656210077,1.0,0.0,2.0,-0.002071291665621008,-0.0024712916656210076,-0.0028712916656210077,2025
2025-10-28,30,6,6,0.005180983422757233,0.02223251511745918,-0.008525765847350973,1.0,0.0,2.0,-0.008725765847350974,-0.009125765847350973,-0.009525765847350973,2025
2025-10-29,30,6,6,-0.0013873529486696497,-0.012544041539767965,0.005578344295549158,1.0,0.0,2.0,0.005378344295549158,0.004978344295549158,0.004578344295549158,2025
2025-10-30,30,6,6,0.0026588048277007502,-0.005203170436538833,0.003930987632119792,1.0,0.0,2.0,0.0037309876321197917,0.003330987632119792,0.0029309876321197918,2025
2025-10-31,30,6,6,0.004128530424691467,-0.0038707519328510832,0.0039996411787712755,1.0,0.0,2.0,0.0037996411787712754,0.0033996411787712757,0.0029996411787712755,2025
2025-11-03,30,6,6,-0.007642717626819718,-0.009456232199292466,0.0009067572862363742,1.0,0.0,2.0,0.0007067572862363743,0.0003067572862363743,-9.324271376362579e-05,2025
2025-11-04,30,6,6,0.003200444212727933,0.00468027791625875,-0.0007399168517654086,1.0,0.0,2.0,-0.0009399168517654086,-0.0013399168517654087,-0.0017399168517654086,2025
2025-11-05,30,6,6,0.006148861873112117,0.0030292116907349163,0.0015598250911886002,1.0,0.0,2.0,0.0013598250911886001,0.0009598250911886003,0.0005598250911886002,2025
2025-11-06,30,6,6,-0.006705157718062582,-0.006420124189263733,-0.00014251676439942448,1.0,0.0,2.0,-0.00034251676439942447,-0.0007425167643994244,-0.0011425167643994245,2025
2025-11-07,30,6,6,0.0005250207178253836,0.0012724142052075503,-0.00037369674369108335,1.0,0.0,2.0,-0.0005736967436910834,-0.0009736967436910833,-0.0013736967436910833,2025
2025-11-10,30,6,6,0.0020834426914291167,3.4234518553950245e-05,0.0010246040864375831,1.0,0.0,2.0,0.0008246040864375832,0.0004246040864375832,2.460408643758312e-05,2025
2025-11-11,30,6,6,0.0066335205594274665,0.004988445394152534,0.0008225375826374664,1.0,0.0,2.0,0.0006225375826374664,0.00022253758263746646,-0.00017746241736253362,2025
2025-11-12,30,6,6,-0.0033577889791362504,0.0097005256216823,-0.0065291573004092746,1.0,0.0,2.0,-0.006729157300409274,-0.007129157300409274,-0.007529157300409275,2025
2025-11-13,30,6,6,-0.0006582915517379331,-0.012475167729868683,0.005908438089065375,1.0,0.0,2.0,0.0057084380890653754,0.005308438089065375,0.004908438089065375,2025
2025-11-14,30,6,6,0.0018746908891134001,-0.0005489619439167001,0.0012118264165150501,1.0,0.0,2.0,0.00101182641651505,0.0006118264165150502,0.00021182641651505013,2025
2025-11-17,30,6,6,-0.009904194974675951,-0.016006266305899252,0.0030510356656116506,1.0,0.0,2.0,0.0028510356656116505,0.0024510356656116507,0.0020510356656116505,2025
2025-11-18,30,6,6,0.002974172455191217,-0.0127088421334363,0.007841507294313758,1.0,0.0,2.0,0.007641507294313759,0.007241507294313759,0.006841507294313758,2025
2025-11-19,30,6,6,-0.0016694249965320833,-0.012184493896199399,0.005257534449833658,1.0,0.0,2.0,0.005057534449833658,0.004657534449833658,0.004257534449833658,2025
2025-11-20,30,6,6,-0.004857256670626401,-0.008036404128007216,0.0015895737286904079,1.0,0.0,2.0,0.0013895737286904078,0.000989573728690408,0.0005895737286904078,2025
2025-11-21,30,6,6,0.0034235048122808836,0.013198300116955336,-0.004887397652337226,1.0,0.0,2.0,-0.0050873976523372255,-0.005487397652337226,-0.005887397652337226,2025
2025-11-24,30,6,6,-0.0014066243319873497,-0.00017356978880598336,-0.0006165272715906832,1.0,0.0,2.0,-0.0008165272715906832,-0.0012165272715906831,-0.001616527271590683,2025
2025-11-25,30,6,6,0.007401867711637433,0.005928132326904533,0.0007368676923664502,1.0,0.0,2.0,0.0005368676923664502,0.00013686769236645024,-0.00026313230763354983,2025
2025-11-26,30,6,6,0.008636921085728567,-0.0015798348020232497,0.005108377943875909,1.0,0.0,2.0,0.004908377943875909,0.004508377943875909,0.004108377943875909,2025
2025-11-27,30,6,6,0.004134779112923383,0.003391986383503484,0.0003713963647099497,1.0,0.0,2.0,0.0001713963647099497,-0.00022860363529005024,-0.0006286036352900503,2025
2025-11-28,30,6,6,0.0018250994197985002,0.006551653024728067,-0.0023632768024647835,1.0,0.0,2.0,-0.0025632768024647836,-0.0029632768024647834,-0.0033632768024647835,2025
2025-12-01,30,6,6,-0.001411509198749867,0.0038472595526348667,-0.0026293843756923668,1.0,0.0,2.0,-0.002829384375692367,-0.0032293843756923666,-0.003629384375692367,2025
2025-12-02,30,6,6,-0.0009301220852809998,-0.0037161855515537336,0.0013930317331363668,1.0,0.0,2.0,0.0011930317331363667,0.0007930317331363669,0.0003930317331363668,2025
2025-12-03,30,6,6,-0.0019207688716974998,-0.0016990286936783168,-0.00011087008900959147,1.0,0.0,2.0,-0.00031087008900959146,-0.0007108700890095914,-0.0011108700890095915,2025
2025-12-04,30,6,6,0.0031352980861953667,-0.009667545727745483,0.006401421906970425,1.0,0.0,2.0,0.006201421906970425,0.005801421906970425,0.005401421906970425,2025
2025-12-05,30,6,6,-0.0008709370918661502,-0.013091798970438584,0.0061104309392862165,1.0,0.0,2.0,0.005910430939286217,0.005510430939286217,0.0051104309392862165,2025
2025-12-08,30,6,6,-0.009883575181163283,-0.01445624861330125,0.0022863367160689835,1.0,0.0,2.0,0.0020863367160689835,0.0016863367160689837,0.0012863367160689835,2025
2025-12-09,30,6,6,0.0028808566589672,-0.01006245307075185,0.006471654864859525,1.0,0.0,2.0,0.006271654864859525,0.005871654864859525,0.0054716548648595245,2025
2025-12-10,30,6,6,-0.0010196351557536167,-0.010335693783176,0.004658029313711192,1.0,0.0,2.0,0.004458029313711192,0.004058029313711192,0.0036580293137111917,2025
2025-12-11,30,6,6,0.0005199258588499999,0.002605643384814333,-0.0010428587629821666,1.0,0.0,2.0,-0.0012428587629821667,-0.0016428587629821667,-0.002042858762982167,2025
2025-12-12,30,6,6,0.01122452529910495,0.012608572596459701,-0.0006920236486773756,1.0,0.0,2.0,-0.0008920236486773756,-0.0012920236486773755,-0.0016920236486773757,2025
2025-12-15,30,6,6,0.0012743812791672496,-0.00302093939285445,0.00214766033601085,1.0,0.0,2.0,0.0019476603360108497,0.00154766033601085,0.0011476603360108498,2025
2025-12-16,30,6,6,0.0016829311492241837,0.00992510769913745,-0.004121088274956633,1.0,0.0,2.0,-0.004321088274956633,-0.004721088274956633,-0.005121088274956633,2025
2025-12-17,30,6,6,0.0045467360725355,0.015340333384021467,-0.005396798655742984,1.0,0.0,2.0,-0.005596798655742983,-0.005996798655742984,-0.006396798655742984,2025
2025-12-18,30,6,6,-0.002069464528008066,-0.010735818982079134,0.004333177227035534,1.0,0.0,2.0,0.0041331772270355345,0.0037331772270355343,0.003333177227035534,2025
2025-12-19,30,6,6,0.01407231684474175,0.003284524653808033,0.005393896095466859,1.0,0.0,2.0,0.005193896095466859,0.004793896095466859,0.004393896095466859,2025
2025-12-22,30,6,6,-0.0002890065794507667,0.007678135716435166,-0.003983571147942967,1.0,0.0,2.0,-0.0041835711479429665,-0.004583571147942967,-0.004983571147942967,2025
2025-12-23,30,6,6,0.004721630796480866,0.017725800491474535,-0.006502084847496835,1.0,0.0,2.0,-0.0067020848474968345,-0.007102084847496835,-0.007502084847496835,2025
2025-12-24,30,6,6,-0.0010275278146515167,-0.005879408445400885,0.002425940315374684,1.0,0.0,2.0,0.002225940315374684,0.0018259403153746841,0.001425940315374684,2025
2025-12-25,30,6,6,0.005042453928745383,0.0067625824933978005,-0.0008600642823262086,1.0,0.0,2.0,-0.0010600642823262087,-0.0014600642823262085,-0.0018600642823262087,2025
2025-12-26,30,6,6,0.00034549645548491637,-0.008618336442660917,0.004481916449072917,1.0,0.0,2.0,0.004281916449072917,0.003881916449072917,0.0034819164490729167,2025
2025-12-29,30,6,6,-0.006201977338649516,0.01635618737896605,-0.011279082358807783,1.0,0.0,2.0,-0.011479082358807784,-0.011879082358807783,-0.012279082358807782,2025
2025-12-30,30,6,6,-0.009062215550031552,-0.017289553558022083,0.004113669003995265,1.0,0.0,2.0,0.003913669003995266,0.0035136690039952656,0.0031136690039952654,2025
