feature_name,source_factor_id,source_factor,horizon,coverage,missing_rate,stale_rate,ic_mean,ic_std,icir,ic_hit_rate,ic_t_nw,ic_p_nw,rank_ic_mean,rank_ic_std,rank_icir,rank_ic_hit_rate,rank_ic_t_nw,rank_ic_p_nw,ic_days,rank_ic_days,nonoverlap_rank_ic_mean,nonoverlap_rank_ic_t,nonoverlap_rank_ic_p,pooled_beta,pooled_t_two_way_cluster,pooled_p_two_way_cluster,pooled_observations,group_spread,group_monotonicity,group_days,gross_annual_return,gross_sharpe,average_one_way_turnover,gross_max_drawdown,net_1bps_annual_return,net_1bps_sharpe,net_3bps_annual_return,net_3bps_sharpe,net_5bps_annual_return,net_5bps_sharpe,rank_ic_q_bh
tsmom_20,1,时间序列动量,1,0.9812621849953065,0.018737815004693514,0.0011011625388114665,-0.0006558131685258343,0.2835124976142759,-0.0023131719908096628,0.5036344755970924,-0.10244907164665683,0.9184002350018562,-0.00735932683849378,0.2799028148351355,-0.02629243597578134,0.49065420560747663,-1.1689202271890833,0.24243577317660125,1926,1926,-0.00735932683849378,-1.1689202271890833,0.24243577317660125,8.242847645662e-06,0.0882547384038381,0.9296742120451251,54223,0.00013746433619809113,0.3,1926,0.01732050636095947,0.19115137696146736,0.19756836275527864,-0.18094392236632573,0.012341783619526451,0.13619747521558312,0.002384338136660407,0.026308946869759518,-0.007573107346205637,-0.08355044961256583,
tsmom_20,1,时间序列动量,5,0.9812621849953065,0.018737815004693514,0.0011011625388114665,0.00016564391436885918,0.2761996885613524,0.0005997252032819168,0.5041623309053069,0.014855657942347025,0.9881473358507099,-0.0030169343796984153,0.27479224629728954,-0.010978964728264144,0.495837669094693,-0.27591623508510726,0.7826124039765854,1922,1922,-0.005302143907260704,-0.38131115155002004,0.7029723798835686,0.0001526406273822966,0.4695056665066645,0.6387082354677398,53997,0.0010035996997779832,0.39999999999999997,1922,,,,,,,,,,,0.8976347428256148
tsmom_20,1,时间序列动量,20,0.9812621849953065,0.018737815004693514,0.0011011625388114665,0.0032639181665411986,0.26916927933050616,0.012125894064357604,0.5013109596224437,0.17222142702713047,0.8632634532250549,-0.005278184573900316,0.26005787250347057,-0.020296192240170992,0.48138437336130047,-0.29819782193683947,0.7655521840604603,1907,1907,-0.008755611535088728,-0.39749792350126584,0.6910003174946744,0.00018274372639385446,0.20362034860460732,0.8386501903866892,53431,0.0014270435730803252,0.3,1907,,,,,,,,,,,
csmom_20,2,横截面动量,1,0.9891688930608709,0.010831106939129143,0.23227308830962523,-0.0012110335811434305,0.3089715617023113,-0.003919563258414831,0.505711318795431,-0.17223900447579496,0.8632496349253637,-0.01022540059146249,0.30244911284075976,-0.033808664523496845,0.49065420560747663,-1.4933655968429682,0.13534151329875674,1926,1926,-0.01022540059146249,-1.4933655968429682,0.13534151329875674,-2.0449802851915903e-05,-0.20950285009452524,0.8340557106997246,54314,-2.6933246468007663e-05,-0.3,1926,-0.003393589054968958,-0.03239650071448458,0.190472481827622,-0.2517712534183466,-0.00819349559702504,-0.07821344908538988,-0.017793308681137196,-0.16982923345354267,-0.02739312176524935,-0.2614186241426578,
csmom_20,2,横截面动量,5,0.9891688930608709,0.010831106939129143,0.23227308830962523,-0.0031980558923625983,0.31203995261473605,-0.010248866741468575,0.5088449531737773,-0.2548620258356357,0.7988296669019157,-0.006496427814044078,0.3043713713832847,-0.021343754455353633,0.5067637877211238,-0.5348383959999043,0.5927616099709383,1922,1922,-0.009457150191299248,-0.625889754292315,0.531387255254149,-1.5439736314053194e-06,-0.005153855339446473,0.9958878366007538,54034,0.0003454643856908043,0.09999999999999999,1922,,,,,,,,,,,0.867958305927404
csmom_20,2,横截面动量,20,0.9891688930608709,0.010831106939129143,0.23227308830962523,-0.006375564550067307,0.29675943638405156,-0.02148394884338695,0.49449396958573677,-0.30845371928625626,0.7577371111163609,-0.01242533853144427,0.28266998975068197,-0.04395704879178562,0.4819087572102779,-0.6529034033578125,0.5138185547378897,1907,1907,-0.010638506788395561,-0.4524928848420549,0.6509139458779657,-0.00039906307480233984,-0.46141234071862314,0.644502799328295,53451,-0.0006275335837525473,-0.7999999999999999,1907,,,,,,,,,,,
trend_efficiency_20,3,趋势效率,1,0.9812621849953065,0.018737815004693514,0.0011011625388114665,0.001239338291016759,0.24972035001881265,0.004962904668856157,0.5129802699896158,0.22131478424194864,0.8248473392245714,0.0024040000156382363,0.23909769092943323,0.010054467721094586,0.5160955347871236,0.4516388825711526,0.6515291540456005,1926,1926,0.0024040000156382363,0.4516388825711526,0.6515291540456005,6.283162837354236e-05,0.7632849387491036,0.44529348232809984,54223,-2.52086749905216e-05,0.19999999999999998,1926,-0.003176293048805719,-0.04070855574223807,0.34838179300796124,-0.2414982661925119,-0.011955514232606355,-0.15321657339665404,-0.029513956600207596,-0.3781801102950947,-0.047072398967808834,-0.6030547858577238,
trend_efficiency_20,3,趋势效率,5,0.9812621849953065,0.018737815004693514,0.0011011625388114665,0.002569888026499526,0.24869206672294622,0.01033361482078354,0.49791883454734653,0.2687703765920763,0.7881063908397886,0.0020785914738381283,0.24174087159186217,0.00859842797848215,0.5046826222684704,0.23014006215211766,0.8179829351697305,1922,1922,-0.004429075100614904,-0.34647829123091584,0.7289832961530501,0.00028957246311900255,0.8216969804019557,0.41124937817663254,53997,0.0003909610473374712,0.6,1922,,,,,,,,,,,0.9105847768870585
trend_efficiency_20,3,趋势效率,20,0.9812621849953065,0.018737815004693514,0.0011011625388114665,-0.0007755368279427494,0.24530520091999605,-0.0031615180804734884,0.48138437336130047,-0.050494314208236565,0.9597284802313312,-0.004075328570587241,0.23251322403463048,-0.01752729801716681,0.48295752490823285,-0.29396734009650877,0.768782860103046,1907,1907,-0.009078211279615616,-0.42638011451885016,0.669830889016972,0.0003602749907193559,0.33635740840491307,0.7366013634243795,53431,0.0007302286912134301,0.7999999999999999,1907,,,,,,,,,,,
realized_vol_20,24,已实现波动率,1,0.9864972200158856,0.013502779984114421,0.0013358365224925989,0.01970018993197915,0.36252159095083336,0.054342114852549486,0.5180785123966942,2.4451914444376017,0.01447752697084656,0.016534042884676945,0.3353575809542432,0.04930272587734607,0.5144628099173554,2.2470476021974988,0.024636985066727044,1936,1936,0.016534042884676945,2.2470476021974988,0.024636985066727044,0.00021852304918640238,1.6637710781694397,0.09615818579319482,54513,0.0004902674817149985,0.9999999999999999,1936,0.06177370269608981,0.5479503340774988,0.07747933884297521,-0.1513049763316091,0.059821223357246836,0.5306350997833754,0.05591626467956089,0.4960021601460294,0.052011306001874924,0.46136632699406305,
realized_vol_20,24,已实现波动率,5,0.9864972200158856,0.013502779984114421,0.0013358365224925989,0.027645673759343174,0.370270523633794,0.07466344738444634,0.5253623188405797,1.8282346953034796,0.06751433600894134,0.020116731477163013,0.3378371536086965,0.059545645771286106,0.5181159420289855,1.4733586264431497,0.14065436015339688,1932,1932,0.017041602582729243,1.0353871366479723,0.3004881505956737,0.0009001394072584469,1.7246530296883515,0.08459002053849746,54287,0.0019490199500370657,0.9999999999999999,1932,,,,,,,,,,,0.518662953065651
realized_vol_20,24,已实现波动率,20,0.9864972200158856,0.013502779984114421,0.0013358365224925989,0.048043063805517185,0.35575948029301124,0.13504366423615155,0.5466875326030256,1.6868768566210197,0.09162703306046778,0.03822896090473872,0.31924973148307684,0.11974625860183442,0.5581637976004173,1.514319809643372,0.12994474666425818,1917,1917,0.057628105811504036,1.8164114660764754,0.06930727763021095,0.0028839480540829897,1.3528547850730264,0.17610202656641794,53721,0.007016640987772321,0.9999999999999999,1917,,,,,,,,,,,
momentum_quality_20,41,动量质量,1,0.9812621849953065,0.018737815004693514,0.001083110693912918,0.0009159719980083115,0.2821651692346899,0.0032462263166381637,0.4994807892004154,0.14507247528245729,0.8846536499032058,-0.007361842707452377,0.27940411869338366,-0.026348368599144443,0.49117341640706125,-1.1711226986691246,0.24154946118918041,1926,1926,-0.007361842707452377,-1.1711226986691246,0.24154946118918041,4.494923139231825e-05,0.4460196317964786,0.6555830650148572,54223,0.00015674307030119324,0.3,1926,0.019749626857950342,0.21817291006481734,0.1966078227760471,-0.16766253942971465,0.01479510972399395,0.16343224834934827,0.004886075456081171,0.05396733577652169,-0.005022958811831585,-0.05547231681228744,
momentum_quality_20,41,动量质量,5,0.9812621849953065,0.018737815004693514,0.001083110693912918,0.003283414626330639,0.2679678270012809,0.012253018069646637,0.5067637877211238,0.30696213162534286,0.7588721961602265,-0.00289690183845327,0.2748441135924756,-0.010540163296888517,0.4911550468262227,-0.2648361262165789,0.7911357055412198,1922,1922,-0.005466973515916786,-0.3927067448470503,0.6945360884221001,0.00023427428384451208,0.6520529863538302,0.514366991266431,53997,0.0010944818808462861,0.39999999999999997,1922,,,,,,,,,,,0.8976347428256148
momentum_quality_20,41,动量质量,20,0.9812621849953065,0.018737815004693514,0.001083110693912918,0.010556346030962801,0.26787494242098747,0.0394077398040935,0.5091767173571053,0.5784353039804015,0.5629702645382101,-0.00571252712064066,0.25996517711620887,-0.021974201252681867,0.48033560566334554,-0.3232426849845225,0.7465114565878707,1907,1907,-0.01117778727935847,-0.5049240819693325,0.6136121590722227,0.0005377199235644875,0.5639808500008484,0.572767164935317,53431,0.0014702991716195382,0.3,1907,,,,,,,,,,,
vol_managed_momentum_20,42,波动率管理动量,1,0.9812621849953065,0.018737815004693514,0.001083110693912918,-0.00021822106838038534,0.20842283856142052,-0.0010470113058942787,0.509865005192108,-0.04551840741823015,0.9636941031064344,-0.0022957044902981866,0.23604992581547657,-0.009725503968566251,0.49428868120456904,-0.42595704377748933,0.6701391473622151,1926,1926,-0.0022957044902981866,-0.42595704377748933,0.6701391473622151,-6.720247133671552e-07,-0.01024772913047214,0.9918236382518263,54223,0.0001777441805262544,0.19999999999999998,1926,0.022395766746308065,0.34257180677249505,0.2022931810314988,-0.16534500596913393,0.01729797858431429,0.2646186962805713,0.007102402260326757,0.10866655352125137,-0.0030931740636607787,-0.04733064318473574,
vol_managed_momentum_20,42,波动率管理动量,5,0.9812621849953065,0.018737815004693514,0.001083110693912918,0.003011636249611575,0.21052084103316188,0.014305644205255541,0.5093652445369407,0.36786338508154065,0.7129751032164442,0.005240699115179836,0.24081722120780755,0.02176214428891486,0.5052029136316337,0.5600398242196813,0.5754522742361405,1922,1922,0.00525166113438797,0.4328762335988814,0.6651046868115349,0.0002142432560152325,0.7608910079603451,0.4467221698473456,53997,0.0011282175049456842,0.09999999999999999,1922,,,,,,,,,,,0.867958305927404
vol_managed_momentum_20,42,波动率管理动量,20,0.9812621849953065,0.018737815004693514,0.001083110693912918,0.006871325752265876,0.1978409830393928,0.034731558884832786,0.51442055584688,0.5415578484648097,0.5881231362420615,0.012595816284480435,0.22682968117302804,0.05552984168272147,0.519140010487677,0.8694654449290075,0.3845926005253335,1907,1907,0.0057829586858368824,0.25594314784123173,0.7979947367791315,0.0005520899398736719,0.7764675886850837,0.4374729507131959,53431,0.003267987850002106,0.09999999999999999,1907,,,,,,,,,,,
tsmom_60,1,时间序列动量,1,0.9594014008231642,0.04059859917683584,0.0010650588490143692,0.0005096498534935015,0.2850718829622445,0.001787794180883846,0.5042417815482503,0.07894748402701292,0.9370743942850137,-0.002355847745935159,0.28093931606872485,-0.008385610739362871,0.5111346765641569,-0.37193128937360675,0.7099440080871167,1886,1886,-0.002355847745935159,-0.37193128937360675,0.7099440080871167,-1.3593891760229184e-05,-0.14897241458265137,0.8815754000172936,52983,-0.00016076704270320675,-0.09999999999999999,1886,-0.02025664738060405,-0.22065811782246644,0.12727995758218452,-0.23801451512716554,-0.023464102311675103,-0.2556033052389149,-0.0298790121738172,-0.3254964802345958,-0.03629392203595931,-0.3953918748308715,
tsmom_60,1,时间序列动量,5,0.9594014008231642,0.04059859917683584,0.0010650588490143692,-0.0029650079997510246,0.2812771066445794,-0.010541234710216202,0.5069075451647184,-0.25597884417444117,0.7979671731090605,-0.0041192256448906025,0.27707850543180446,-0.014866637303644764,0.5015940488841658,-0.367425261941942,0.7133018310390826,1882,1882,-0.002369401787145641,-0.1667957587549971,0.8675307559620631,6.814277368846528e-05,0.2057447994417475,0.8369902622197196,52768,0.0001225396129099558,0.09999999999999999,1882,,,,,,,,,,,0.8976347428256148
tsmom_60,1,时间序列动量,20,0.9594014008231642,0.04059859917683584,0.0010650588490143692,-0.004768110750095544,0.2766761377403319,-0.01723354528886241,0.4943760042849491,-0.21852268487443527,0.8270218853997635,-0.004380218082171032,0.26978780813375147,-0.01623578957281669,0.49973219068023567,-0.20805745206293866,0.8351841084725268,1867,1867,0.009441409785527361,0.37244025298362077,0.7095650884911155,0.00044963858091279685,0.3912697758577239,0.6955978370555393,52212,0.0014835670576174229,0.09999999999999999,1867,,,,,,,,,,,
csmom_60,2,横截面动量,1,0.9675066791826125,0.03249332081738754,0.34303920860711967,-0.0014240517022571714,0.3080510182819537,-0.004622778753335468,0.5143160127253447,-0.2052633073819075,0.8373664101210898,-0.004628850815244553,0.3028967544472343,-0.015281942600183639,0.503711558854719,-0.6821751036359671,0.4951282352416112,1886,1886,-0.004628850815244553,-0.6821751036359671,0.4951282352416112,-6.423498360996871e-05,-0.6299835447286745,0.5287053504109528,53115,-0.00010450482428317714,-0.7999999999999999,1886,-0.013167607859680318,-0.1266843759764941,0.11623365146694946,-0.2292908013502959,-0.01609669587664745,-0.15486692524342177,-0.021954871910581698,-0.21123324951068134,-0.027813047944515962,-0.2676003016884875,
csmom_60,2,横截面动量,5,0.9675066791826125,0.03249332081738754,0.34303920860711967,-0.007004142098549471,0.3081873818843836,-0.022726894448835914,0.5079702444208289,-0.5535174522592742,0.5799091334494049,-0.008230543480372375,0.2997910728683473,-0.027454264737185166,0.5026567481402763,-0.6788922144341053,0.49720615912991595,1882,1882,-0.007487663257616904,-0.48779035875139326,0.6256983411552526,-5.247155506734509e-05,-0.14514426636230207,0.884596968812396,52835,-0.00024004324763396586,-0.8999999999999998,1882,,,,,,,,,,,0.867958305927404
csmom_60,2,横截面动量,20,0.9675066791826125,0.03249332081738754,0.34303920860711967,-0.007461039309544253,0.3021388885674169,-0.024694071474614086,0.5066952329941082,-0.31513480000045013,0.752659307058049,-0.006488939669436001,0.2936147418127615,-0.02210018349001702,0.5109801821103375,-0.28357340097522266,0.77673732360046,1867,1867,0.008502289698772793,0.3131447388343203,0.7541707004119369,0.00032217517023823265,0.2763567039186276,0.7822741075017977,52252,-0.0002115141619657731,-0.09999999999999999,1867,,,,,,,,,,,
trend_efficiency_60,3,趋势效率,1,0.9594014008231642,0.04059859917683584,0.0010650588490143692,0.0025250429083702084,0.269083281350728,0.009383871401058997,0.5100742311770944,0.40787783483689627,0.6833633663561194,0.002292971162023842,0.2565615942234308,0.008937312573864703,0.5174973488865323,0.39186536909023606,0.695157692155395,1886,1886,0.002292971162023842,0.39186536909023606,0.695157692155395,5.725103438960797e-05,0.7277337576462988,0.4667765814591026,52983,9.89717149160165e-05,0.8999999999999998,1886,0.01247043607941809,0.14584431400813094,0.22279957582184517,-0.1780139576529266,0.0068558867687075736,0.08018236650082061,-0.004373211852713421,-0.051147369575655965,-0.015602310474134415,-0.18247764505680353,
trend_efficiency_60,3,趋势效率,5,0.9594014008231642,0.04059859917683584,0.0010650588490143692,-0.002738139647642272,0.26548232352581946,-0.010313830357055671,0.49946865037194477,-0.25434609393322305,0.799228192530196,-0.005612334582597917,0.2525244642612765,-0.0222249143227211,0.49415515409139216,-0.5640150254883618,0.5727439064399332,1882,1882,-0.006122247821158784,-0.49167910751975014,0.6229462100292389,3.8028997094559e-05,0.13444699541097155,0.893049121974658,52768,-0.00010242076850972295,-0.09999999999999999,1882,,,,,,,,,,,0.867958305927404
trend_efficiency_60,3,趋势效率,20,0.9594014008231642,0.04059859917683584,0.0010650588490143692,-0.013369199387285247,0.24182635151479412,-0.05528429512971156,0.46866630958757366,-0.7785958216608724,0.4362178411839923,-0.016400449425824883,0.22989924695637895,-0.07133755174472886,0.47455811462238884,-1.0253568080520505,0.3051948602084875,1867,1867,-0.022714196016801746,-1.0916613548142027,0.2749819772837194,-0.0003903018552090854,-0.40535752099077627,0.6852147307812203,52212,-0.0010267860627987178,-0.3,1867,,,,,,,,,,,
realized_vol_60,24,已实现波动率,1,0.9753953354032782,0.024604664596721837,0.0015524586612751822,0.015153136303504788,0.3667059803755596,0.04132230482847812,0.5099164926931107,1.8614703102290417,0.0626777895740137,0.014704965735681518,0.3413019675191374,0.04308491346407778,0.5104384133611691,1.954126678229059,0.050686237770597144,1916,1916,0.014704965735681518,1.954126678229059,0.050686237770597144,0.00015040588160652495,1.1322892418734511,0.25751285153235304,53869,0.00043397884207565417,0.9999999999999999,1916,0.054681334101532426,0.4751597752130568,0.02845337508698678,-0.17791483822997944,0.05396430904934035,0.46892620961068127,0.052530258944956214,0.456458683044406,0.05109620884057208,0.44399068638275635,
realized_vol_60,24,已实现波动率,5,0.9753953354032782,0.024604664596721837,0.0015524586612751822,0.021578093800635766,0.37364688946242147,0.05774996235531602,0.5298117154811716,1.407987562022703,0.15913475303802704,0.018538788457090286,0.3429686904805718,0.05405388005276375,0.5146443514644351,1.329429095098292,0.1837064441434768,1912,1912,0.016885096298108145,0.9932679224465674,0.320579405469526,0.0006612748783532677,1.2151851810495,0.2242954710818582,53654,0.0018782102948173547,0.8999999999999998,1912,,,,,,,,,,,0.5215822086658696
realized_vol_60,24,已实现波动率,20,0.9753953354032782,0.024604664596721837,0.0015524586612751822,0.037853947130358064,0.3662065199450304,0.10336775854247529,0.5434897206114918,1.2635054816087246,0.2064075778821286,0.03276708168198919,0.331400321375123,0.09887462252910445,0.5535055350553506,1.2210258887914625,0.22207621783037512,1897,1897,0.04451488780134644,1.3054690034418817,0.19173319518732157,0.002336906496604222,1.033005008275064,0.30160155490596197,53098,0.007510468132006409,0.8999999999999998,1897,,,,,,,,,,,
momentum_quality_60,41,动量质量,1,0.9594014008231642,0.04059859917683584,0.0010650588490143692,-0.0011305147448694554,0.28809524588469515,-0.0039241006612164755,0.5095440084835631,-0.17279995586274116,0.8628086717379991,-0.002305934066570075,0.28080829696839466,-0.008211773268329073,0.5084835630965006,-0.3640382035704617,0.715829481477493,1886,1886,-0.002305934066570075,-0.3640382035704617,0.715829481477493,-2.3317491762969264e-05,-0.25652133508063046,0.7975483084308038,52983,-0.00010782293069796638,-0.09999999999999999,1886,-0.013585689267943773,-0.14776140146728098,0.12605160834217038,-0.22753984948842343,-0.016762189798166464,-0.18231311671766182,-0.023115190858611846,-0.25141870441123826,-0.02946819191905724,-0.3205257169713726,
momentum_quality_60,41,动量质量,5,0.9594014008231642,0.04059859917683584,0.0010650588490143692,-0.004975088559095793,0.2826970184340575,-0.017598659464660372,0.4957492029755579,-0.4275621997123698,0.6689698914433355,-0.0041408910956134875,0.27633080552206385,-0.014985267704012302,0.5058448459086079,-0.37055043281380445,0.7109724065405072,1882,1882,-0.0026945807656175496,-0.1902068793539056,0.8491470205852714,-5.005382400266641e-06,-0.015342319811926266,0.9877590801221613,52768,0.00022133255837189104,0.09999999999999999,1882,,,,,,,,,,,0.8976347428256148
momentum_quality_60,41,动量质量,20,0.9594014008231642,0.04059859917683584,0.0010650588490143692,-0.010519627216630604,0.281975762583276,-0.03730684907190858,0.4863417246920193,-0.4836034093728381,0.6286673546899728,-0.0048545308985135874,0.2682507347854362,-0.018096990125289113,0.4965184788430637,-0.23221873422466532,0.8163681276236832,1867,1867,0.009936742612173944,0.39679710381578875,0.6915170866080544,-6.712728909411702e-05,-0.05914345747191577,0.9528378451440895,52212,0.001499343226450712,0.09999999999999999,1867,,,,,,,,,,,
vol_managed_momentum_60,42,波动率管理动量,1,0.9594014008231642,0.04059859917683584,0.0010109033143187235,0.008144374958222103,0.20483004911644645,0.03976162185848036,0.5111346765641569,1.771083911813774,0.07654674892266126,0.005356868690882028,0.23804174929579022,0.022503904070313285,0.49946977730646874,0.9958511875946714,0.31932245509420887,1886,1886,0.005356868690882028,0.9958511875946714,0.31932245509420887,0.00010379592759937823,1.4697241039570437,0.14163649175165785,52983,0.00033219433039130775,0.3,1886,0.041856485629304774,0.6199691720063316,0.12778366914103922,-0.15104613479371531,0.0386363371669506,0.5723266434799789,0.03219604024224221,0.4770035260339395,0.025755743317533827,0.38163714902301404,
vol_managed_momentum_60,42,波动率管理动量,5,0.9594014008231642,0.04059859917683584,0.0010109033143187235,0.01401409034005318,0.20037710974195067,0.06993857910267687,0.5302869287991498,1.769969181901567,0.0767322747409789,0.010434173593055996,0.23616596952917057,0.04418152883693599,0.5196599362380446,1.1075420525203807,0.2680596413009422,1882,1882,0.004754403517308365,0.38105186007282127,0.7031647674280056,0.00045643380174908597,1.6090250557858248,0.10761086300777215,52768,0.0011358046699365,0.09999999999999999,1882,,,,,,,,,,,0.6876312537719821
vol_managed_momentum_60,42,波动率管理动量,20,0.9594014008231642,0.04059859917683584,0.0010109033143187235,0.024524216386589668,0.20319871253869703,0.12069080596127936,0.5313336904124264,1.6110623786846423,0.10716612718128987,0.015176876005065152,0.23957946021070792,0.0633479848051967,0.4895554365291912,0.8472670204774373,0.39684630459133063,1867,1867,0.008336109649625844,0.32819818081293267,0.742761823239044,0.00196014302840992,1.9679180667455671,0.04907746569365419,52212,0.005290828624946159,0.09999999999999999,1867,,,,,,,,,,,
tsmom_120,1,时间序列动量,1,0.9274676871976316,0.07253231280236838,0.0011011625388114665,0.0048283945584874245,0.2826554700642828,0.01708226116193445,0.5136911281489595,0.7419296008168286,0.458129990162355,0.0012529111433591178,0.28226112694121464,0.004438837033411464,0.5175246440306681,0.19349445990534953,0.846571744429268,1826,1826,0.0012529111433591178,0.19349445990534953,0.846571744429268,3.227002500992128e-05,0.30811065608313537,0.757998133035493,51193,-4.668878018544107e-05,0.19999999999999998,1826,-0.00588278630336557,-0.06337139200104577,0.09089083607155897,-0.22710505251905833,-0.008173235372368868,-0.08804567435034383,-0.012754133510375434,-0.13739490620020733,-0.01733503164838202,-0.18674425744235945,
tsmom_120,1,时间序列动量,5,0.9274676871976316,0.07253231280236838,0.0011011625388114665,0.010948328320820624,0.2826142565558755,0.038739476395296554,0.5225027442371021,0.9241610431830019,0.3554024750799143,0.007900736428824107,0.27965063200214635,0.028252167256905995,0.5252469813391877,0.6883448809477264,0.4912356250901335,1822,1822,0.013664345207094381,0.9662484752326019,0.3339198616677407,0.00034738927714984743,0.9636822295156614,0.33520526633275216,50979,0.0005163843914069193,0.7,1822,,,,,,,,,,,0.867958305927404
tsmom_120,1,时间序列动量,20,0.9274676871976316,0.07253231280236838,0.0011011625388114665,0.020540444898987067,0.2772999294910549,0.0740730260432672,0.5428887659103486,0.8835534306255609,0.3769373275390816,0.022220520735220402,0.26740018214664796,0.0830983754642104,0.5534034311012729,1.011501420597808,0.3117765015436458,1807,1807,0.0326406445007088,1.180547935092833,0.23778235719474272,0.0015373064389426574,1.2698546617160287,0.20413640554032908,50428,0.004490345138077782,0.6,1807,,,,,,,,,,,
csmom_120,2,横截面动量,1,0.9350133583652249,0.06498664163477508,0.4136219221604448,0.005144042191948779,0.3074049653379883,0.016733764161203327,0.5169769989047097,0.732174840946533,0.4640618583648153,0.003439602090197964,0.3020485080511483,0.011387581790721869,0.5213581599123768,0.49972093641060344,0.6172715883864439,1826,1826,0.003439602090197964,0.49972093641060344,0.6172715883864439,3.725902570384635e-05,0.3083423854938579,0.7578218171466659,51323,0.00011404290012864751,0.3,1826,0.014369405416209602,0.13767019857481058,0.08736765242789339,-0.17988306580869107,0.012167740575026674,0.11657360127737555,0.007764410892660849,0.07438329611446957,0.0033610812102950246,0.03219736918867816,
csmom_120,2,横截面动量,5,0.9350133583652249,0.06498664163477508,0.4136219221604448,0.01358495957235038,0.31053812757712945,0.04374651086596842,0.5329308452250274,1.0497538953136414,0.2938312775157338,0.012156207844935046,0.3010758021758572,0.04037590452996502,0.539517014270033,0.9831661543185619,0.32552566955274287,1822,1822,0.01844089182523059,1.2313416452250685,0.21819511230643918,0.0004688000122194507,1.1186374778950543,0.2632948279981906,51056,0.0012432666687259791,0.8999999999999998,1822,,,,,,,,,,,0.7113338705041419
csmom_120,2,横截面动量,20,0.9350133583652249,0.06498664163477508,0.4136219221604448,0.03112813146390646,0.3014708576239612,0.1032541974678496,0.5661317100166021,1.2494205853874354,0.21151128308744505,0.027061613453509267,0.2906220156713473,0.0931161852655793,0.5605976757055894,1.1479814874200718,0.2509762062790627,1807,1807,0.04714838626694291,1.6522135437186636,0.09849102644163195,0.0022056239236597055,1.6263310242799895,0.10387925536190534,50495,0.005581292061099889,0.6,1807,,,,,,,,,,,
trend_efficiency_120,3,趋势效率,1,0.9274676871976316,0.07253231280236838,0.0011011625388114665,0.0017478331817222476,0.26487987072616254,0.0065985881710475015,0.5032858707557503,0.2810853186417854,0.7786449614387985,0.0006542845781782551,0.25887272154157703,0.002527437322410858,0.5016429353778752,0.10885392351565874,0.9133183531036596,1826,1826,0.0006542845781782551,0.10885392351565874,0.9133183531036596,3.209876574603695e-05,0.3446156165166698,0.7303833639258115,51193,-6.606226239559075e-05,0.0,1826,-0.008323845061844441,-0.09764105070878658,0.16387367652427895,-0.2651059761729879,-0.012453461710256264,-0.1460882164638414,-0.020712695007079923,-0.242991166739925,-0.028971928303903584,-0.3399022593254656,
trend_efficiency_120,3,趋势效率,5,0.9274676871976316,0.07253231280236838,0.0011011625388114665,-0.003925137212589814,0.26907015438217874,-0.0145877837012524,0.48792535675082327,-0.34376105121639666,0.7310259936712836,-0.006429537053733472,0.2595694785068748,-0.02477000412651822,0.47804610318331503,-0.5937490391097741,0.5526799783435191,1822,1822,-0.010547635764360588,-0.7815316484089618,0.4344898701786888,5.441996663406008e-07,0.001718318327745324,0.99862898101043,50979,-0.000447496780716804,-0.09999999999999999,1822,,,,,,,,,,,0.867958305927404
trend_efficiency_120,3,趋势效率,20,0.9274676871976316,0.07253231280236838,0.0011011625388114665,-0.03212155203358423,0.27352642389407533,-0.11743491387882687,0.46928610957387934,-1.437049971848842,0.15070379488001479,-0.02168684776170312,0.26358089132792056,-0.08227776927395904,0.4886552296624239,-1.0336982838912485,0.3012772356232102,1807,1807,-0.02875338057371819,-1.1947786904806794,0.23217350816701166,-0.0010983699516202495,-1.040070269076949,0.2983072552626618,50428,-0.0028983325577070125,0.0,1807,,,,,,,,,,,
realized_vol_120,24,已实现波动率,1,0.9597082821864394,0.04029171781356056,0.001967651093941801,0.01738605615337549,0.3675742196354387,0.04729944382557361,0.5164369034994698,2.121863288239248,0.033849220110783305,0.012972805731322432,0.34249077992942156,0.037877824722743744,0.5095440084835631,1.7115805067053471,0.08697400320013984,1886,1886,0.012972805731322432,1.7115805067053471,0.08697400320013984,0.00016906107301346016,1.175277431063018,0.23988374072275565,52971,0.0004935913420213763,0.7,1886,0.06219250909469343,0.5330748481957363,0.01726758571933545,-0.15575579851628996,0.06175736593456618,0.5293436742130433,0.06088707961431167,0.5218809478141965,0.06001679329405715,0.5144177377189598,
realized_vol_120,24,已实现波动率,5,0.9597082821864394,0.04029171781356056,0.001967651093941801,0.022302432774648034,0.3734243917591125,0.05972409212367365,0.524442082890542,1.4384071355140977,0.15031856921983347,0.014302137721263234,0.3436397686883723,0.04161956509240071,0.5111583421891605,1.0139291163067383,0.3106165768477338,1882,1882,0.009360307516083313,0.5429232924045672,0.5871826179858458,0.0006470952406111586,1.106635753666591,0.26845144261043274,52744,0.0020744995003794875,0.7,1882,,,,,,,,,,,0.7113338705041419
realized_vol_120,24,已实现波动率,20,0.9597082821864394,0.04029171781356056,0.001967651093941801,0.023201941918824714,0.37491796085176304,0.06188538384801046,0.5345474022495983,0.7439870833736372,0.45688428944725556,0.01709668025599612,0.33788612117983147,0.05059894202312275,0.5254418853776112,0.6155197050673077,0.538211560096617,1867,1867,0.013380730102264671,0.40809460818919313,0.6832042183515654,0.0015984968927312381,0.636472786104652,0.5244683131141936,52171,0.00730716805855317,0.6,1867,,,,,,,,,,,
momentum_quality_120,41,动量质量,1,0.9274676871976316,0.07253231280236838,0.0011011625388114665,0.0016346713410473241,0.27927775463052046,0.005853209981618355,0.5120481927710844,0.252628618933012,0.8005552124965905,0.0009557803381574505,0.2818254303047236,0.003391391391202751,0.5147864184008762,0.14783310160591184,0.8824744850473168,1826,1826,0.0009557803381574505,0.14783310160591184,0.8824744850473168,-1.2499620900542667e-05,-0.12008960623301435,0.9044121658290537,51193,-5.5158323561643715e-05,0.19999999999999998,1826,-0.006949948768767108,-0.07490408978848438,0.09215041986126322,-0.21589554777097086,-0.009272139349270953,-0.09993236713287966,-0.013916520510278613,-0.14998901774431325,-0.018560901671286285,-0.20004501932157603,
momentum_quality_120,41,动量质量,5,0.9274676871976316,0.07253231280236838,0.0011011625388114665,0.003201238351481333,0.27944507180382433,0.01145569800468216,0.5153677277716795,0.2716026919820312,0.7859275293412815,0.007395222178326711,0.27917309905632115,0.02648973774093749,0.526344676180022,0.6453957632019788,0.5186707483178459,1822,1822,0.013357157880814305,0.9440789929216183,0.34512928333512827,8.667421172096764e-05,0.23861561107426305,0.8114036588712605,50979,0.0004513119016737911,0.7,1822,,,,,,,,,,,0.867958305927404
momentum_quality_120,41,动量质量,20,0.9274676871976316,0.07253231280236838,0.0011011625388114665,0.008943655247026836,0.2753984564484182,0.032475328156757376,0.5301604869950194,0.3895601783597109,0.6968618032854071,0.021592792155435393,0.26632160483750883,0.08107788389383518,0.5522966242390703,0.9869724183457504,0.323656160200799,1807,1807,0.03275209024576454,1.1895617515088162,0.23421868658817868,0.0006679660397992717,0.5908895329844309,0.5545944396564881,50428,0.004044084284275255,0.7,1807,,,,,,,,,,,
vol_managed_momentum_120,42,波动率管理动量,1,0.9274676871976316,0.07253231280236838,0.001028955159217272,0.002636665067419759,0.2049720328919581,0.012863535723478724,0.5049288061336255,0.5661559583219051,0.5712877660768321,-0.0018856280335216734,0.23591588179087924,-0.007992798192336763,0.49780941949616647,-0.3528556503746437,0.7241966607235846,1826,1826,-0.0018856280335216734,-0.3528556503746437,0.7241966607235846,2.8715751316595864e-05,0.48727701679103963,0.6260620327724711,51193,3.791275920551499e-05,0.6,1826,0.0047770076598948885,0.07096217882774258,0.08679262504563709,-0.2585022171143724,0.0025898335087448272,0.03846904967955337,-0.001784514793555269,-0.026502699817807188,-0.006158863095855401,-0.091451687651419,
vol_managed_momentum_120,42,波动率管理动量,5,0.9274676871976316,0.07253231280236838,0.001028955159217272,0.011150501157525982,0.20203345826100372,0.05519135916151488,0.5214050493962679,1.3750913520551054,0.16910312510331516,0.002932253718796639,0.2349858625824096,0.01247842609156241,0.5115257958287596,0.30627504805821004,0.7593952357063452,1822,1822,0.00733280219305788,0.5942714260211199,0.5523305868384136,0.0003100846761408443,1.2073549429251178,0.22729547975779218,50979,-7.844535257678261e-05,-0.09999999999999999,1822,,,,,,,,,,,0.8976347428256148
vol_managed_momentum_120,42,波动率管理动量,20,0.9274676871976316,0.07253231280236838,0.001028955159217272,0.011066559074973668,0.20230215771869048,0.05470311933282578,0.509131156613171,0.6704861960622231,0.5025479031954037,0.006901014361902156,0.23548074326111162,0.029306066671659862,0.509131156613171,0.36435295118652516,0.7155944638473264,1807,1807,-0.002379029440966388,-0.08919387227027903,0.9289278351891369,0.0009092353414655514,0.9655849136306541,0.33425192735722187,50428,-0.001784052394903845,-0.09999999999999999,1807,,,,,,,,,,,
multi_horizon_trend,4,多周期趋势一致性,1,0.9350133583652249,0.06498664163477508,0.7762293306375911,0.0015643957371660308,0.2559339380318991,0.00611249820635764,0.5032858707557503,0.26670762007927423,0.789694286409468,-0.003718396424767273,0.2646669478073052,-0.014049341844809833,0.4939759036144578,-0.6154550483861441,0.5382542468110861,1826,1826,-0.003718396424767273,-0.6154550483861441,0.5382542468110861,-2.35660268460479e-06,-0.02654989253089782,0.978818739121663,51323,-4.8461659953485106e-05,-0.3,1826,-0.006106169154139129,-0.07820760005209952,0.1838627236217598,-0.22458954938943465,-0.01073950978940747,-0.13753384156954426,-0.02000619105994416,-0.25613703917960473,-0.029272872330480856,-0.3746680770453671,
multi_horizon_trend,4,多周期趋势一致性,5,0.9350133583652249,0.06498664163477508,0.7762293306375911,0.008405146845865085,0.25448951593024205,0.03302747783201024,0.5142700329308453,0.8050962893179907,0.42076411693904414,0.005157510153953339,0.25768560644135874,0.02001473898825245,0.5153677277716795,0.49887332872854123,0.617868624558491,1822,1822,0.0023973093536547125,0.17445733917271367,0.8615060549929978,0.0003108897481015134,0.9231579863620786,0.3559248798081517,51056,0.0006167714731390084,0.09999999999999999,1822,,,,,,,,,,,0.867958305927404
multi_horizon_trend,4,多周期趋势一致性,20,0.9350133583652249,0.06498664163477508,0.7762293306375911,0.018920425203170586,0.2450239296042815,0.07721868322709316,0.5268400664084117,0.9932258966108425,0.3205998808559224,0.017910302459713444,0.24600460841063881,0.07280474368113052,0.5323741007194245,0.9675578773838056,0.3332652228204256,1807,1807,0.04049903177746953,1.5638524030714973,0.1178522344813559,0.0015493873944823172,1.4102424562595604,0.15846810338446604,50495,0.0026720076862018515,0.49999999999999994,1807,,,,,,,,,,,
carry,5,Carry,1,0.9884287674200303,0.011571232579969726,0.0008123330204346884,0.01567456393787767,0.2669719846323385,0.05871239246119384,0.5318602261048304,2.610221899772986,0.009048350855515483,0.023163934246295037,0.24540685027604017,0.09438992522107523,0.5426515930113053,4.247766141123828,2.159125999959942e-05,1946,1946,0.023163934246295037,4.247766141123828,2.159125999959942e-05,0.00018796581122279449,1.9130863515711738,0.055736998714947694,54679,0.0008117813693368608,0.3,1946,0.10228445253644447,1.2748245592748801,0.30428228845495026,-0.10803447322635573,0.09461653886737972,1.1793233694669885,0.07928071152925022,0.9882649879891028,0.06394488419112072,0.79714670302951,
carry,5,Carry,5,0.9884287674200303,0.011571232579969726,0.0008123330204346884,0.026275263702231422,0.2620760407910181,0.10025816790777745,0.55870236869207,2.6668096603511886,0.007657502648426819,0.0391061150098138,0.23761686530727008,0.1645763441885508,0.5648815653964985,4.419588261465724,9.88891280459326e-06,1942,1942,0.044508101367066254,3.6027140581409705,0.0003149118832311759,0.0008351468149703348,2.1082248503890932,0.03501154472550966,54491,0.0028297035901187263,0.8999999999999998,1942,,,,,,,,,,,0.00029172292773550117
carry,5,Carry,20,0.9884287674200303,0.011571232579969726,0.0008123330204346884,0.06158308572655131,0.2686597146038179,0.22922337209121774,0.6165023352361183,3.1924458006745415,0.0014107341719581776,0.08387254026138334,0.24315605452257744,0.344932970828393,0.6268811624286456,4.954000611579056,7.270297735317131e-07,1927,1927,0.06908868838567246,3.0964615266842457,0.001958452746632811,0.003689670377868356,3.3554552176125014,0.0007923448384704048,53989,0.010803707877686563,0.8999999999999998,1927,,,,,,,,,,,
curve_curvature,10,期限结构曲率,1,0.9789876525380894,0.021012347461910608,0.00014441475918838906,-0.009006074687093489,0.2320877572176552,-0.03880460906280146,0.48252826310380265,-1.714729921840562,0.08639475497679497,-0.011032992875631833,0.20788668922540027,-0.05307214673888695,0.47327852004111,-2.347341285429109,0.018907926797072053,1946,1946,-0.011032992875631833,-2.347341285429109,0.018907926797072053,-0.00012376809214351118,-1.212186058534996,0.2254411669339661,54189,-0.00041574308019307613,-0.6,1946,-0.05238362810432759,-0.7518161426554338,0.4195829051044878,-0.3895718236030502,-0.06295711731296069,-0.9035347657377228,-0.08410409573022687,-1.2068852881726904,-0.10525107414749307,-1.510075758276372,
curve_curvature,10,期限结构曲率,5,0.9789876525380894,0.021012347461910608,0.00014441475918838906,-0.010559351321898806,0.22754242207758663,-0.046406077712833324,0.46961894953656025,-1.3868559285595263,0.16548569880355757,-0.01831995092265553,0.2012620697318664,-0.09102535289964217,0.46601441812564365,-2.7865856430111093,0.005326654069095228,1942,1942,-0.018389974469921477,-1.8213635916430766,0.06855160575419786,-0.0003152879037728662,-0.9233023489719391,0.3558496641120128,54045,-0.001242050987090149,-0.39999999999999997,1942,,,,,,,,,,,0.052378765012769744
curve_curvature,10,期限结构曲率,20,0.9789876525380894,0.021012347461910608,0.00014441475918838906,-0.013790687422671576,0.2281373842682974,-0.06044904681844363,0.4696419304618578,-1.1876471957818067,0.23497243549021674,-0.025498015927910365,0.2049955035770106,-0.12438329369664215,0.44836533471717693,-2.594849533641934,0.009463233701385045,1927,1927,-0.01072585556550757,-0.4830837272347597,0.6290362878494361,-0.0007151855180965725,-0.9680760819664761,0.33300637407280254,53563,-0.002589024504441327,-0.39999999999999997,1927,,,,,,,,,,,
term_structure_slope,44,期限结构斜率,1,0.9884287674200303,0.011571232579969726,0.0,0.027495371107526475,0.30039948028778946,0.0915293564462405,0.5488180883864338,4.055289690502054,5.007220705648996e-05,0.02996050425612338,0.2767539261397933,0.10825683550010343,0.5549845837615622,4.8499742517578515,1.2347750201265629e-06,1946,1946,0.02996050425612338,4.8499742517578515,1.2347750201265629e-06,0.000297048745397507,3.0636991433933733,0.0021861864581104225,54679,0.0007752465092830789,0.9999999999999999,1946,0.09768106016966793,1.0616562813599124,0.07441760877012675,-0.10789621714750774,0.09580573642866075,1.0412923998375996,0.09205508894664637,1.0005576089381734,0.08830444146463197,0.9598141093926684,
term_structure_slope,44,期限结构斜率,5,0.9884287674200303,0.011571232579969726,0.0,0.05125756044517357,0.31271213323625857,0.16391292501096444,0.5710607621009269,4.054082151949363,5.03315276780689e-05,0.0513886469447353,0.28566961055260437,0.17988839220709613,0.5751802265705458,4.4380843722531536,9.07630430088216e-06,1942,1942,0.05747630060340941,3.9413744320388364,8.101604349184137e-05,0.0013400687223452156,3.106328380420714,0.0018942622873507804,54491,0.003310016310944997,0.9999999999999999,1942,,,,,,,,,,,0.00029172292773550117
term_structure_slope,44,期限结构斜率,20,0.9884287674200303,0.011571232579969726,0.0,0.1072797433379534,0.2967970623991672,0.3614582384028826,0.6741048261546445,4.579578969690834,4.659128549729421e-06,0.10763531402353461,0.27201993123546137,0.3956890715127971,0.6922677737415672,5.0509460738914385,4.39627181349098e-07,1927,1927,0.11042076074804306,4.236304537054464,2.2722854513177154e-05,0.006198221742675549,3.7290921605477476,0.00019217086390633037,53989,0.016248198233629378,0.9999999999999999,1927,,,,,,,,,,,
carry_change_5,6,Carry变化,1,0.9835908729872193,0.016409127012780744,0.0,0.0076244517428458065,0.24281056640569149,0.0314008235132023,0.5162287480680062,1.404481300249151,0.16017557625890688,0.006464581806774921,0.21264099612268253,0.030401389782077588,0.5193199381761978,1.353674185127154,0.17584034752541156,1941,1941,0.006464581806774921,1.353674185127154,0.17584034752541156,9.796447052955767e-05,1.368886893683429,0.17103463323242674,54440,0.0004526527172923231,0.09999999999999999,1941,0.057034242378832714,0.7794361883498997,0.5405289369740682,-0.08559648279797272,0.04341291316708619,0.5933132615828459,0.016170254743593144,0.2210078948979094,-0.01107240367989989,-0.15133489019257232,
carry_change_5,6,Carry变化,5,0.9835908729872193,0.016409127012780744,0.0,-0.0048548202118264185,0.2370594095279865,-0.020479339847732446,0.4925141972121838,-0.7040407095526933,0.48140742182513996,0.005799576400822815,0.2051013788762593,0.028276632914895152,0.504388229220444,0.9831775201487061,0.3255200766036429,1937,1937,0.006948174860147126,0.662120805401472,0.5078938030441262,-0.00018591228855538967,-1.050916175464903,0.2932970905972835,54287,0.00017760339374942366,0.39999999999999997,1937,,,,,,,,,,,0.7113338705041419
carry_change_5,6,Carry变化,20,0.9835908729872193,0.016409127012780744,0.0,-0.002767109933925483,0.24684308588463513,-0.011209995710468159,0.49011446409989595,-0.3632494038076534,0.7164185854662666,0.009755425593041342,0.21289619386731082,0.0458224518523872,0.5249739854318418,1.4466462447491135,0.1479960271298941,1922,1922,0.020388118695960116,0.9816281925823848,0.3262830531143528,-0.00013028027487044038,-0.35596594109118485,0.7218660718090752,53806,0.000540321441498753,0.3,1922,,,,,,,,,,,
basis_momentum_5,9,基差动量,1,0.9835908729872193,0.016409127012780744,0.0,0.01112563078364572,0.24137882598378985,0.04609199145078648,0.5146831530139103,2.059464025888547,0.03944980778254063,0.009343185975645816,0.21091184519427073,0.04429901017195035,0.517774343122102,1.9706554601480093,0.04876329834506314,1941,1941,0.009343185975645816,1.9706554601480093,0.04876329834506314,0.00014015380902866696,2.6204657631567727,0.008780974666494303,54440,0.00032934822241329197,0.3,1941,0.04149787602407479,0.5690445170919125,0.5316117121758543,-0.10898524761185957,0.02810126087724327,0.3853432305502026,0.0013080305835801967,0.01793610902084132,-0.025485199710082854,-0.3494356371789599,
basis_momentum_5,9,基差动量,5,0.9835908729872193,0.016409127012780744,0.0,-0.0017074570852450442,0.2344818312044891,-0.007281831076097274,0.4940629839958699,-0.2442257303022295,0.8070560004146168,0.00838977898401515,0.20507097907805694,0.04091158593835804,0.5172947857511616,1.3771481914855344,0.16846643577987352,1937,1937,0.011001611927771727,1.027637823536072,0.3041202252602543,-0.00013715673299466845,-0.8254080478911084,0.4091399673928542,54287,0.0002443929760109415,0.39999999999999997,1937,,,,,,,,,,,0.5215822086658696
basis_momentum_5,9,基差动量,20,0.9835908729872193,0.016409127012780744,0.0,-0.00265215299388608,0.24255323426994274,-0.010934313046242218,0.48959417273673256,-0.34767661512619774,0.7280830607203967,0.009686245947036955,0.21086217859497197,0.04593638371555706,0.5286160249739854,1.3764923561073765,0.1686692522414206,1922,1922,0.00827115737301316,0.4115683908508949,0.6806558038429439,-0.00017451969441103937,-0.41227633075923226,0.6801368952069029,53806,-8.677869394545144e-06,0.0,1922,,,,,,,,,,,
term_structure_momentum_5,45,期限结构动量,1,0.9835908729872193,0.016409127012780744,0.0,0.017034338950037198,0.26717896475565034,0.06375628772128833,0.5198351365275631,2.837640592942719,0.0045448326237920895,0.016982236600691182,0.22568585358381393,0.07524723561986314,0.527047913446677,3.32153361707669,0.0008952419718150087,1941,1941,0.016982236600691182,3.32153361707669,0.0008952419718150087,0.0001834940364713609,3.0183504366011107,0.002541548199544463,54440,0.0005344003120719593,0.8999999999999998,1941,0.06733443932106688,0.8580785117265465,0.34277434312210203,-0.13164000408343002,0.058696525874389886,0.747946239841075,0.041420698981035946,0.5277188321551111,0.024144872087682002,0.30755653637336894,
term_structure_momentum_5,45,期限结构动量,5,0.9835908729872193,0.016409127012780744,0.0,0.010148911366491873,0.27266131391614584,0.037221677034876555,0.5188435725348477,1.0614934704550816,0.2884656987475913,0.009358596969659459,0.22762727033903155,0.04111368974253665,0.5152297367062467,1.1762429510211043,0.23949780554515376,1937,1937,0.006048650302737093,0.4887078370277732,0.6250485545999361,8.31189748109005e-05,0.288062942352837,0.7732985585293687,54287,0.0003950444549143984,0.7999999999999999,1937,,,,,,,,,,,0.6422895694165487
term_structure_momentum_5,45,期限结构动量,20,0.9835908729872193,0.016409127012780744,0.0,-0.000878565772645187,0.277876348061297,-0.003161714837462105,0.5057232049947971,-0.06693964998859576,0.9466297476845691,0.006726081896226758,0.2430495890659515,0.027673701988451566,0.5088449531737773,0.5903904280051047,0.5549289264175027,1922,1922,-0.004473068210479513,-0.1974475955246262,0.8434772867950776,-0.00011828754050228831,-0.13389403709684156,0.8934863655360202,53806,0.0002906640228552568,0.39999999999999997,1922,,,,,,,,,,,
term_structure_acceleration_5,46,期限结构加速度,1,0.9799082966279153,0.020091703372084657,0.0,0.016358473952377633,0.2611944272289807,0.06262949070516229,0.5175619834710744,2.8092713896871495,0.004965376996205571,0.016394517119397194,0.22178543383570648,0.07392062154785996,0.5289256198347108,3.3099690160397324,0.0009330629912978099,1936,1936,0.016394517119397194,3.3099690160397324,0.0009330629912978099,0.00022828355690924796,4.118578392716817,3.8121688631306014e-05,54246,0.0006956756743548945,0.8999999999999998,1936,0.08765513496871671,1.16350838144814,0.40767045454545453,-0.10181019194336816,0.07738183951417126,1.027097751980809,0.05683524860508033,0.754292908167572,0.03628865769598944,0.4815342821956484,
term_structure_acceleration_5,46,期限结构加速度,5,0.9799082966279153,0.020091703372084657,0.0,0.010279279024416242,0.27447367496050257,0.037450874026062626,0.5108695652173914,1.1342287515708398,0.25669860661509747,0.010793028586563697,0.23346158939817863,0.046230425374838555,0.5232919254658385,1.4115690587565186,0.15807688824752386,1932,1932,-0.006479949333871208,-0.5361663323210353,0.5918435996973138,0.00015388098075142233,0.5921447472541252,0.5537536648032599,54111,0.0005529310970081409,0.6,1932,,,,,,,,,,,0.5215822086658696
term_structure_acceleration_5,46,期限结构加速度,20,0.9799082966279153,0.020091703372084657,0.0,0.008313706257976422,0.2725207362041567,0.030506692348534818,0.5159102764736567,1.0831505256832608,0.2787416154732828,0.006912023523483052,0.2339936359832463,0.02953936543803245,0.5232133541992697,1.0052560327939148,0.3147735803600643,1917,1917,0.05801654310024117,2.5783971788559197,0.009925983504868995,0.00014855694306475573,0.41573822406708255,0.6776015676082778,53632,5.975127607211569e-05,0.3,1917,,,,,,,,,,,
carry_change_20,6,Carry变化,1,0.9751426095746986,0.02485739042530144,0.0,-0.0014380914658764284,0.24229158831999761,-0.0059353751232053605,0.5062305295950156,-0.261589067063899,0.7936382738137453,0.005295607332694503,0.20672078512961262,0.025617198238552505,0.5155763239875389,1.1397591335840025,0.25438666360477347,1926,1926,0.005295607332694503,1.1397591335840025,0.25438666360477347,1.808868227777599e-05,0.25647618521558385,0.797583167039606,53973,0.0002684026875312211,0.3,1926,0.03381873862893385,0.49579779523783724,0.41310141917618554,-0.14354007691515303,0.023408582865693965,0.3431893388228829,0.0025882713392142145,0.037946653595917666,-0.018232040187265538,-0.26728835386652505,
carry_change_20,6,Carry变化,5,0.9751426095746986,0.02485739042530144,0.0,-0.010015726481510565,0.2426148311780236,-0.04128241638352818,0.48283038501560877,-1.1578240948516683,0.2469358284402854,-0.0035565653711318868,0.20828925022319347,-0.017075126859983556,0.4885535900104058,-0.5071540983494313,0.6120466991769689,1922,1922,0.0012252809348861215,0.11929400700258645,0.9050424313149273,-0.00011373611530956765,-0.3970285462185103,0.6913464101352815,53831,-0.00018679512873749293,-0.09999999999999999,1922,,,,,,,,,,,0.867958305927404
carry_change_20,6,Carry变化,20,0.9751426095746986,0.02485739042530144,0.0,-0.026984194927003533,0.2542572763667232,-0.1061294894392064,0.45359202936549553,-1.8679099341785699,0.061774625960420326,-0.009747292626272814,0.21595412529409796,-0.045135940853171595,0.47718930256948083,-0.8441087940492381,0.39860861401929015,1907,1907,-0.020143720745430974,-0.798449155330887,0.424609887631609,-0.0010975630042790827,-1.1294551301143059,0.2587058875885311,53352,-0.0026372117646118677,-0.3,1907,,,,,,,,,,,
basis_momentum_20,9,基差动量,1,0.9751426095746986,0.02485739042530144,0.0,-0.001780051743229213,0.236918976451208,-0.007513335444431162,0.5083073727933541,-0.33045720897879083,0.7410545204683165,0.004071833848790889,0.20392908252185554,0.019966911038078648,0.5088265835929388,0.8838629208101998,0.37677021542072053,1926,1926,0.004071833848790889,0.8838629208101998,0.37677021542072053,1.0727222621414612e-05,0.1790811386910775,0.857873991739724,53973,0.0001607358403673551,0.39999999999999997,1926,0.02025271588628674,0.29355680376538124,0.3996019383869851,-0.16772561080991122,0.010182747038934717,0.14759217267921274,-0.009957190655769345,-0.14431031186161236,-0.030097128350473387,-0.4361394499123788,
basis_momentum_20,9,基差动量,5,0.9751426095746986,0.02485739042530144,0.0,-0.008852230968394943,0.23548955025475818,-0.0375907591603041,0.4890738813735692,-1.0596146755532498,0.2893199343488626,-0.0037014889767819125,0.20727694228703022,-0.017857697705981272,0.48647242455775236,-0.5238102298170026,0.600410537515734,1922,1922,-0.0018574851489382908,-0.18116277018496715,0.856239816115635,-0.00014852632960212083,-0.6115104223933426,0.5408617205960753,53831,-0.00027333507823959805,0.0,1922,,,,,,,,,,,0.867958305927404
basis_momentum_20,9,基差动量,20,0.9751426095746986,0.02485739042530144,0.0,-0.028022553023885902,0.2475762933753021,-0.11318754571305573,0.4410068169900367,-2.0338746258518228,0.0419642379075044,-0.009442428401186755,0.21650059086172263,-0.04361386896730257,0.4714210802307289,-0.8161468418884286,0.4144161558408249,1907,1907,-0.03201476661084559,-1.4219888940272511,0.15502947505448866,-0.0012173517279185932,-1.2654089852236314,0.20572475591324457,53352,-0.003111053984156179,0.0,1907,,,,,,,,,,,
term_structure_momentum_20,45,期限结构动量,1,0.9751426095746986,0.02485739042530144,0.0,0.0059658599312568455,0.2817730669956989,0.021172569808980045,0.5254413291796469,0.9224465822318709,0.35629568145740886,0.006591984706657303,0.23913415658260864,0.027566052465533543,0.5103842159916926,1.2024685273839757,0.22918205278222348,1926,1926,0.006591984706657303,1.2024685273839757,0.22918205278222348,3.448100963825489e-05,0.2709681048988478,0.786415563437535,53973,0.00012676806879478907,0.6,1926,0.015972776668143424,0.19362330725699023,0.18129975770162687,-0.20797328083480848,0.011404022774062427,0.13823827917101839,0.0022665149859004315,0.027473238771920618,-0.0068709928022615665,-0.08328083511219347,
term_structure_momentum_20,45,期限结构动量,5,0.9751426095746986,0.02485739042530144,0.0,-0.006651363237478518,0.28534168661186904,-0.02331017005070807,0.5031217481789803,-0.5870343816924187,0.5571806158230346,-0.0015321204753955566,0.24446380379722435,-0.006267269230034587,0.5078043704474505,-0.16218948963350138,0.8711566362745607,1922,1922,0.005226470544793364,0.42052535144843073,0.6741017135031471,-0.0003081017595115636,-0.7033745727856697,0.481822348335571,53831,-0.00021460652298868236,-0.3,1922,,,,,,,,,,,0.9178257417892693
term_structure_momentum_20,45,期限结构动量,20,0.9751426095746986,0.02485739042530144,0.0,-0.020980286677575802,0.2736402299356851,-0.0766710606934766,0.4819087572102779,-1.1415845472608628,0.2536267502058671,-0.006619344246968006,0.2265146742513434,-0.029222584668501885,0.47981122181436814,-0.4542191999937059,0.6496710651351989,1907,1907,-0.010504373924493498,-0.42551588827560355,0.6704606418173736,-0.0010943128444828197,-0.7615762075131538,0.4463129794977705,53352,-0.0014224339667079406,-0.3,1907,,,,,,,,,,,
term_structure_acceleration_20,46,期限结构加速度,1,0.9634269622355405,0.036573037764459526,0.0,0.004182667019088358,0.2766668516877519,0.01511806345275127,0.5162644281217209,0.6644969359912731,0.5063723093456933,0.005465360344930953,0.2410202163957306,0.022675941573122603,0.5104931794333684,0.9916968618897634,0.3213454223300348,1906,1906,0.005465360344930953,0.9916968618897634,0.3213454223300348,2.4010017561392555e-05,0.2224952232668513,0.8239283913692476,53333,0.00014718077069998404,0.49999999999999994,1906,0.018544777108197987,0.22836738854175812,0.20989419377404683,-0.1921929588936444,0.013255443425092016,0.16323653199200286,0.002676776058880037,0.03296482560397315,-0.007901891307331921,-0.09731458760239105,
term_structure_acceleration_20,46,期限结构加速度,5,0.9634269622355405,0.036573037764459526,0.0,0.0011593155349860597,0.27639895215550503,0.004194355752600018,0.5036803364879074,0.10658839233165018,0.915115527697896,0.005740668441291011,0.2379443765960125,0.024126094188128895,0.5173501577287066,0.6253948633131292,0.5317119326256193,1902,1902,0.006972749097145369,0.588863412840655,0.555952902929034,-0.00016702442711317783,-0.3390164446242322,0.7345973419683809,53202,-0.00029069798330636583,0.0,1902,,,,,,,,,,,0.867958305927404
term_structure_acceleration_20,46,期限结构加速度,20,0.9634269622355405,0.036573037764459526,0.0,-0.0206339910865116,0.2815669078219842,-0.07328272788206022,0.47058823529411764,-1.1062803915499797,0.26860517621002655,-0.009429011114458716,0.24437656213656495,-0.0385839420606527,0.48860625331213564,-0.6037312409756084,0.5460223401232214,1887,1887,-0.02275753128864774,-1.0074006813145273,0.3137422640597831,-0.0010196294888748032,-0.6461774428248354,0.5181644462661219,52725,-0.0029328233697900985,0.0,1887,,,,,,,,,,,
carry_change_60,6,Carry变化,1,0.9532637735576576,0.04673622644234243,0.0,0.0013075137891066175,0.24770199535649526,0.0052785759243676265,0.5,0.23531770119522238,0.8139621572597273,0.00470495204393237,0.22000523360379184,0.02138563690900887,0.5106044538706257,0.9604831124003435,0.33681212631494917,1886,1886,0.00470495204393237,0.9604831124003435,0.33681212631494917,1.6091672079065444e-05,0.15915202389247218,0.8735491013739812,52762,0.0002323956523432979,0.0,1886,0.02928185219525554,0.38731769296343094,0.36106398020501945,-0.16231004570759833,0.020183039894089053,0.26698509639197276,0.0019854152917560737,0.026266546684917708,-0.016212209310576917,-0.2145007552956874,
carry_change_60,6,Carry变化,5,0.9532637735576576,0.04673622644234243,0.0,-0.011947066728746979,0.24195070625031748,-0.049378102316373386,0.48990435706695007,-1.3624180698516395,0.1730659842733474,-0.0026311915389204913,0.20707266066520646,-0.012706609991236758,0.5005313496280552,-0.36762985204543897,0.7131492525912784,1882,1882,-0.011415416680376827,-1.084409030989061,0.2781834813010825,-0.0001904021599150836,-0.4269880149103249,0.6693880572107813,52611,-0.00020804729081475758,0.0,1882,,,,,,,,,,,0.8976347428256148
carry_change_60,6,Carry变化,20,0.9532637735576576,0.04673622644234243,0.0,-0.024500593304014946,0.24019406917462066,-0.10200332334685192,0.4799143010176754,-1.5683136144493852,0.11680796018038848,-0.004873975589382265,0.20702233554805172,-0.023543235450799813,0.5040171397964649,-0.3910389464093199,0.6957684481896909,1867,1867,0.0014816788987853805,0.06635098678151882,0.9470983910429285,-0.0011160275420134629,-0.808262944812689,0.4189392291839745,52127,-0.0032110735864165165,0.0,1867,,,,,,,,,,,
basis_momentum_60,9,基差动量,1,0.9532637735576576,0.04673622644234243,1.8051844898548633e-05,0.002053719538892054,0.2420326336366574,0.00848530013508478,0.5031813361611877,0.37498918954378796,0.7076685065172676,0.0029994708593063216,0.2182775708531715,0.013741544069701838,0.49893955461293743,0.6131553529280744,0.5397736228882042,1886,1886,0.0029994708593063216,0.6131553529280744,0.5397736228882042,2.9093335730657448e-05,0.3274122971409538,0.7433560667987431,52762,0.00015851295624394723,0.09999999999999999,1886,0.019972632486737345,0.2650077857449814,0.34359314245316364,-0.1586979317830285,0.011314085296917627,0.1501372027223985,-0.0060030090827218364,-0.07967409673811697,-0.023320103462361283,-0.30955806434536104,
basis_momentum_60,9,基差动量,5,0.9532637735576576,0.04673622644234243,1.8051844898548633e-05,-0.007781272914407425,0.23859839931592777,-0.03261242714417482,0.5010626992561105,-0.8948119647038486,0.37088761333127596,-0.002026484529894216,0.207645750037841,-0.009759335452446838,0.5085015940488842,-0.2801468156662375,0.7793648683772679,1882,1882,-0.01796369686571116,-1.6505165124402101,0.09883733886428699,-0.00014151735695099108,-0.36864783763843123,0.7123902337884636,52611,-0.00038705250084789856,0.0,1882,,,,,,,,,,,0.8976347428256148
basis_momentum_60,9,基差动量,20,0.9532637735576576,0.04673622644234243,1.8051844898548633e-05,-0.01963419581432072,0.2350881060026451,-0.083518456752975,0.47616497054097484,-1.2974803119053575,0.19446597498976803,-0.0069331900013359414,0.2073673112842712,-0.03343434391079856,0.48794858061060525,-0.5516788825089428,0.5811683807248096,1867,1867,-0.010040861047298457,-0.46127821128670904,0.64459901518344,-0.001013658383015316,-0.8080996235356135,0.41903323432183004,52127,-0.003091290316812638,0.0,1867,,,,,,,,,,,
term_structure_momentum_60,45,期限结构动量,1,0.9532637735576576,0.04673622644234243,0.0,0.008690204056820926,0.26275459837297843,0.0330734613614078,0.5068928950159067,1.45430859281373,0.14586076920088023,0.006657833023080068,0.23096570003597444,0.028826068208582776,0.5201484623541888,1.25225244637066,0.21047789074367818,1886,1886,0.006657833023080068,1.25225244637066,0.21047789074367818,4.842223229225384e-05,0.5793709988436827,0.5623388683012298,52762,8.59966846394545e-05,0.3,1886,0.010835582264571278,0.13453488017580204,0.11667550371155887,-0.16560772248527988,0.007895359571039985,0.09802765049901555,0.0020149141839774253,0.02501599398210042,-0.003865531203085144,-0.047989938726694076,
term_structure_momentum_60,45,期限结构动量,5,0.9532637735576576,0.04673622644234243,0.0,0.005841607007668671,0.26817819517360986,0.02178255769037078,0.5212539851222104,0.5328196568884742,0.5941584253628591,0.0002054103477006225,0.22530774350778593,0.0009116879185003428,0.5111583421891605,0.023243143984526052,0.9814563239694162,1882,1882,0.0013258021658942268,0.11445482098048629,0.9088772586101145,6.064179726518469e-05,0.1579862327282914,0.8744676471620376,52611,0.00026709781881370737,0.3,1882,,,,,,,,,,,0.9909136639529299
term_structure_momentum_60,45,期限结构动量,20,0.9532637735576576,0.04673622644234243,0.0,0.010128609137272015,0.26354897705715796,0.03843160102676226,0.5340117836100696,0.5015238453394171,0.6160025003147449,0.00942002570374132,0.21874046901739974,0.043064850990111044,0.5238350294590252,0.5851832194838789,0.5584245268291088,1867,1867,0.011726861076138054,0.4863988938416698,0.6266843746865216,0.0004849511911876435,0.3062211568902557,0.7594362647952964,52127,0.00113609639865518,0.6,1867,,,,,,,,,,,
value_60,11,价值因子,1,0.9816954292728717,0.018304570727128322,0.0,0.0011185936942477524,0.2743966970407645,0.004076556701706848,0.4934793948878456,0.18190954269496398,0.8556537154627487,0.009884955409746654,0.2797942136604284,0.03532937754654036,0.5013041210224308,1.5806403343249649,0.11396029793383675,1917,1917,0.009884955409746654,1.5806403343249649,0.11396029793383675,1.9341927328248722e-05,0.2211106544947529,0.8250062744797944,54044,2.286982473138902e-06,0.3,1917,0.00028815979161548797,0.0032588083213176446,0.1826378021213702,-0.27780068539227976,-0.004314312821843042,-0.04878994723571629,-0.013519258048760086,-0.15288121092012671,-0.022724203275677153,-0.256960931285823,
value_60,11,价值因子,5,0.9816954292728717,0.018304570727128322,0.0,0.0010400408345181617,0.2669773850402818,0.003895613983788325,0.5044432828018819,0.09717742084438728,0.9225854987223858,0.0020778742219129866,0.27083027992114617,0.007672237471075878,0.4955567171981181,0.19414363957137099,0.8460634121981947,1913,1913,4.494665507627102e-05,0.0033323139441755116,0.9973412030728821,-7.762816104018096e-05,-0.2515543012006668,0.8013855851845854,53764,-0.00019480694243969375,-0.3,1913,,,,,,,,,,,0.9178257417892693
value_60,11,价值因子,20,0.9816954292728717,0.018304570727128322,0.0,-0.004570106838793811,0.2583677298370742,-0.017688380981927213,0.4868282402528978,-0.24048708137543046,0.8099526770211372,0.0014027410037729432,0.2574539405124954,0.005448512463940561,0.5063224446786091,0.07637944907665746,0.9391172190992726,1898,1898,-0.014031346870641994,-0.514626619744275,0.6068139597767235,-0.0005784569986112105,-0.61263370804687,0.5401185647339234,53181,-0.0005912951984628615,-0.3,1898,,,,,,,,,,,
value_120,11,价值因子,1,0.9665318795580908,0.033468120441909166,0.0,0.0006214956168214676,0.2741477825922177,0.0022670094609005607,0.49019607843137253,0.10124401105700497,0.9193567604126992,0.006488492293189,0.2787782623088352,0.02327474258377054,0.5076841547429782,1.0417559334994657,0.2975248493340803,1887,1887,0.006488492293189,1.0417559334994657,0.2975248493340803,9.444418840645548e-06,0.10126756265308481,0.919338065043208,53144,-6.780926996150727e-06,0.09999999999999999,1887,-0.0008543968015149953,-0.009615227987510262,0.13108108108108107,-0.28422218330112503,-0.004157640044758238,-0.04678930466356172,-0.010764126531244733,-0.12113641246726857,-0.017370613017731216,-0.19548026893657955,
value_120,11,价值因子,5,0.9665318795580908,0.033468120441909166,0.0,0.001199485301964367,0.26524636947875013,0.004522155399606562,0.5045140732873075,0.1111482066947184,0.9114988221174932,0.004778210338072984,0.2677596234339672,0.017845148856998408,0.5061072756240043,0.4471385140282629,0.6547750524329825,1883,1883,4.867245626946309e-05,0.0037016606023799596,0.9970465089009629,-0.00014836545868608132,-0.4439425838820056,0.6570840957422623,52864,-0.0008350064997157212,-0.09999999999999999,1883,,,,,,,,,,,0.8976347428256148
value_120,11,价值因子,20,0.9665318795580908,0.033468120441909166,0.0,-0.005195606633517991,0.2543335258218464,-0.020428319926478627,0.49839400428265523,-0.26184422770376853,0.7934415395014018,0.00043716439120087966,0.2485465245874636,0.001758883540723344,0.5107066381156317,0.02302872548337085,0.9816273593993913,1868,1868,-0.03017984417778515,-1.2950987353620778,0.1952861711275835,-0.0010332478429853085,-0.8824564610702827,0.3775300145635393,52281,-0.0029642994804335117,-0.7,1868,,,,,,,,,,,
value_252,11,价值因子,1,0.9323055816304426,0.06769441836955736,0.0,-0.0008914080782561852,0.2807188892598206,-0.003175447439987334,0.49093904448105435,-0.13753632516798842,0.8906068822176108,0.0018867678665143738,0.2865247604009919,0.0065850080944971,0.4964305326743548,0.28620507392052114,0.7747210577974772,1821,1821,0.0018867678665143738,0.28620507392052114,0.7747210577974772,2.494365260487798e-05,0.2341094013506665,0.8149000475001498,51173,-4.03562954838637e-05,0.09999999999999999,1821,-0.005084893230966811,-0.05351345236267963,0.09701629141497345,-0.3206586947676495,-0.00752970377462417,-0.07924388609242997,-0.012419324861938839,-0.1307064740688652,-0.01730894594925349,-0.18217046841853363,
value_252,11,价值因子,5,0.9323055816304426,0.06769441836955736,0.0,-0.0015633934245010523,0.27646717745984134,-0.005654897043711981,0.5085305448541552,-0.13509027687255554,0.8925404976400517,0.0007198063828160408,0.27700839838976526,0.0025985002151567827,0.49972482113373695,0.06344635111353258,0.9494110787219936,1817,1817,-0.00048556921150400613,-0.03434299557871314,0.9726036395618891,-0.00010893443863013604,-0.2930608500375855,0.7694756407468397,50907,-0.0007435787969174156,-0.19999999999999998,1817,,,,,,,,,,,0.9827237481508354
value_252,11,价值因子,20,0.9323055816304426,0.06769441836955736,0.0,-0.010057653149195883,0.2707346067907664,-0.03714949214811243,0.4855715871254162,-0.4474498172917359,0.654550313333943,-0.016637059129247386,0.26567211390381246,-0.0626225270118899,0.4855715871254162,-0.7612481608839542,0.44650885713194377,1802,1802,-0.01267055618740641,-0.4292123118595559,0.6677687239585024,-0.0011700193298465578,-0.8584186467943514,0.39066133474600473,50350,-0.004227393867506277,-0.6,1802,,,,,,,,,,,
reversal_5,12,短期反转,1,0.9972922232652177,0.0027077767347822856,0.006949960285941223,0.017304855146263065,0.31666588174343663,0.054647046442102956,0.5151983513652756,2.5216880905669026,0.011679321717747819,0.027514995443739514,0.2914816202933729,0.09439701692355762,0.5311695002575991,4.354962710202343,1.3308957214249191e-05,1941,1941,0.027514995443739514,4.354962710202343,1.3308957214249191e-05,0.0001734431733208552,1.8823887225963585,0.05978325598020743,54755,0.0005362074479286074,0.8999999999999998,1941,0.06756213843900453,0.6705007497025329,0.3618924952773484,-0.11599971109768559,0.05844244755801535,0.5800101938832857,0.04020306579603699,0.3990096117388398,0.02196368403405863,0.21799105019755932,
reversal_5,12,短期反转,5,0.9972922232652177,0.0027077767347822856,0.006949960285941223,0.015385713778340932,0.2990595700719435,0.05144698688170941,0.5203923593185338,1.4448485299700236,0.1485004362122862,0.016647279289099384,0.27324264205684967,0.060924895044880384,0.5193598347960764,1.7404770713882332,0.08177528273350573,1937,1937,0.020203685926052133,1.4378007255196485,0.1504906034590201,0.0003828457652557463,1.438127623633509,0.15039784613047175,54469,0.0010110973393217682,0.9999999999999999,1937,,,,,,,,,,,0.37113397548283367
reversal_5,12,短期反转,20,0.9972922232652177,0.0027077767347822856,0.006949960285941223,-0.003463583206850889,0.31757405471292516,-0.01090637964736079,0.4916753381893861,-0.22580676022478743,0.8213517189688059,0.0010745263996905614,0.2912481633314379,0.0036893842948213192,0.4921956295525494,0.079462118138128,0.9366650616473813,1922,1922,0.036163128944340595,1.0192876073805344,0.3080664456036698,-0.0004114717116360715,-0.666178509464206,0.5052970075254744,53886,-0.0009960849348018869,-0.39999999999999997,1922,,,,,,,,,,,
oi_growth_5,18,持仓量增长,1,0.990161744530291,0.009838255469708956,0.00043324427756516714,-0.01654984173047498,0.23232579428824482,-0.07123548971898366,0.47295208655332305,-3.1530800952698206,0.0016155747226612616,-0.019214690055528453,0.2212547647916362,-0.08684418649073451,0.4641937145801133,-3.8700671491316503,0.00010880538017718642,1941,1941,-0.019214690055528453,-3.8700671491316503,0.00010880538017718642,-0.00021520762338568335,-3.0917867464302966,0.001989557224884923,54712,-0.0006016159501755159,-0.9999999999999999,1941,-0.07580360972211501,-1.0719131722724897,0.34200583891464875,-0.5004342321114948,-0.08442215686276414,-1.193910996491335,-0.10165925114406246,-1.437952614046628,-0.11889634542536077,-1.6820378621447396,
oi_growth_5,18,持仓量增长,5,0.990161744530291,0.009838255469708956,0.00043324427756516714,-0.016336033097037312,0.23148119621146362,-0.07057174994946006,0.4703149199793495,-2.007755214839653,0.04466931005286514,-0.01968642407608321,0.2155887257679867,-0.0913147197561223,0.45172947857511614,-2.6262580277677547,0.008632934790283518,1937,1937,-0.019879195641870094,-1.7900232610664262,0.07345017202119003,-0.0002099314254253805,-0.7254292297249815,0.468188746559003,54452,-0.00045242162079822527,-0.8999999999999998,1937,,,,,,,,,,,0.061471887403300327
oi_growth_5,18,持仓量增长,20,0.990161744530291,0.009838255469708956,0.00043324427756516714,-0.012896836499993364,0.22888416411037904,-0.056346565303547536,0.481789802289282,-1.2986510447723059,0.19406371177094672,-0.014356918607403886,0.22181571924867088,-0.06472453194946377,0.481789802289282,-1.4492962740009925,0.14725486118932468,1922,1922,0.0035383125030270233,0.16333020315373276,0.8702584545162257,-0.00012801583174758648,-0.2869492499325949,0.7741511794152622,53880,-3.4509922124196755e-05,-0.6,1922,,,,,,,,,,,
reversal_20,12,短期反转,1,0.9891688930608709,0.010831106939129143,0.0065167160083760564,0.0023965350154810452,0.3310814861007185,0.007238505069268639,0.4937694704049844,0.3190437381954785,0.7496933461957918,0.01022540059146249,0.30244911284075976,0.033808664523496845,0.5093457943925234,1.4933655968429682,0.13534151329875674,1926,1926,0.01022540059146249,1.4933655968429682,0.13534151329875674,3.53170436841624e-05,0.33265362247937824,0.7393957613982118,54314,-6.309579182584752e-05,-0.09999999999999999,1926,-0.0079500697700568,-0.07562125288641845,0.1890706126687435,-0.2982561640121789,-0.012714649209309144,-0.12095030715894962,-0.022243808087813816,-0.21162547867879516,-0.03177296696631848,-0.3023212396565788,
reversal_20,12,短期反转,5,0.9891688930608709,0.010831106939129143,0.0065167160083760564,0.004051856827021299,0.329748164978375,0.012287731236615133,0.4875130072840791,0.3045220032350647,0.7607302320813827,0.006496427814044078,0.3043713713832847,0.021343754455353633,0.4927159209157128,0.5348383959999043,0.5927616099709383,1922,1922,0.009457150191299248,0.625889754292315,0.531387255254149,4.8593358883408574e-05,0.15202287243950716,0.8791688957225078,54034,-0.00032298797144643355,0.0,1922,,,,,,,,,,,0.867958305927404
reversal_20,12,短期反转,20,0.9891688930608709,0.010831106939129143,0.0065167160083760564,0.004952669140999308,0.3212045913930584,0.015419048400023404,0.5013109596224437,0.21993431313441628,0.8259223124979052,0.01242533853144427,0.28266998975068197,0.04395704879178562,0.5175668589407446,0.6529034033578125,0.5138185547378897,1907,1907,0.010638506788395561,0.4524928848420549,0.6509139458779657,0.0003891753903224057,0.36978331161629785,0.7115439506564114,53451,0.0004444820903071376,0.7,1907,,,,,,,,,,,
oi_growth_20,18,持仓量增长,1,0.9817134811177702,0.018286518882229763,0.0004512961224637158,-0.007695167859617449,0.23963620088530704,-0.03211187554797055,0.4833852544132918,-1.4160173777359595,0.15677041659790364,-0.008827337176139387,0.226902370015863,-0.03890367991979219,0.48442367601246106,-1.7176188183907817,0.08586616555980736,1926,1926,-0.008827337176139387,-1.7176188183907817,0.08586616555980736,-9.085976668338e-05,-1.4257024131679388,0.15395425967181503,54239,-0.0002565524183721666,-0.7999999999999999,1926,-0.03232560471489299,-0.4426997514275018,0.20023364485981307,-0.3071954905337041,-0.037371492565360286,-0.5117902545572214,-0.04746326826629487,-0.6499518824415118,-0.057555043967229456,-0.7880814231899053,
oi_growth_20,18,持仓量增长,5,0.9817134811177702,0.018286518882229763,0.0004512961224637158,-0.006089236565565882,0.2310785321760942,-0.026351372878401176,0.49687825182101975,-0.6810426370371958,0.49584451202142343,-0.011053844993671765,0.21751165785131435,-0.05081955193973053,0.4750260145681582,-1.323563949126768,0.18564790477937732,1922,1922,-0.006930420816007978,-0.6469491713468766,0.5176648404545311,1.0100861432140108e-05,0.03525378497075671,0.9718773746533125,53989,0.00010334583636064374,-0.09999999999999999,1922,,,,,,,,,,,0.5215822086658696
oi_growth_20,18,持仓量增长,20,0.9817134811177702,0.018286518882229763,0.0004512961224637158,0.00614276378997459,0.22663930657492948,0.027103700072183746,0.49449396958573677,0.4155713964658403,0.6777236608631645,0.004303034412589228,0.22315112495918787,0.019283050503896004,0.5002621919244887,0.2978929941499027,0.7657848352044164,1907,1907,0.007484349838354293,0.32559785437389405,0.7447286357731833,0.0008948466827088333,0.8923423496537505,0.37220946140932765,53417,0.0028780900259991913,0.7,1907,,,,,,,,,,,
price_oi_20,19,价格—持仓量交互,1,0.9817134811177702,0.018286518882229763,0.00012636291428984043,-0.0044757691086665065,0.27789086054069,-0.01610621198537454,0.5010384215991692,-0.7121900500289923,0.47634709752084636,-0.007302892879772959,0.23737941649675826,-0.030764642476373644,0.48598130841121495,-1.3593810359610643,0.17402587725660157,1926,1926,-0.007302892879772959,-1.3593810359610643,0.17402587725660157,-6.705111112683411e-05,-1.0231584312573245,0.30623294356764696,54239,-9.6444527340581e-05,-0.6,1926,-0.01215201044491321,-0.14768192455707388,0.2494202146071305,-0.23037151101945985,-0.018437399853012907,-0.22407878722653202,-0.031008178669212273,-0.3768896261472922,-0.04357895748541166,-0.529715225241253,
price_oi_20,19,价格—持仓量交互,5,0.9817134811177702,0.018286518882229763,0.00012636291428984043,-0.01002755691868571,0.26773942609842666,-0.037452672043150524,0.48647242455775236,-0.9961689703658065,0.31916805323974073,-0.017633441879667595,0.23102449979826678,-0.07632715099509065,0.4708636836628512,-2.0695755471850243,0.038492109919292,1922,1922,-0.014900721010366647,-1.2742429403754458,0.2025773314511633,-0.00025423285936661657,-0.9015193170150747,0.3673122678470421,53989,-0.0011623106334958532,-0.7,1922,,,,,,,,,,,0.20645768047620255
price_oi_20,19,价格—持仓量交互,20,0.9817134811177702,0.018286518882229763,0.00012636291428984043,-0.02611778656549821,0.2651503711238988,-0.09850179147323901,0.44362873623492394,-1.604881785447023,0.10851982276617658,-0.03643660366449132,0.22899301988182344,-0.15911665640854547,0.4252753015207132,-2.779576357545436,0.005442985534073598,1907,1907,-0.051553819267598465,-2.333421336096867,0.019626042533695362,-0.0010635335595514856,-0.761330725099042,0.4464595531821922,53417,-0.004581787370446734,-0.8999999999999998,1907,,,,,,,,,,,
volume_shock_20,21,成交量冲击,1,0.9880316268322623,0.01196837316773769,0.0001624666040869377,-0.011391039815792918,0.2334651376958396,-0.04879118110830433,0.47830578512396693,-2.1797726314702333,0.02927431960827269,-0.013306868172378982,0.2313788027924492,-0.057511180850544345,0.4850206611570248,-2.590046701722394,0.009596291223324163,1936,1936,-0.013306868172378982,-2.590046701722394,0.009596291223324163,-0.00012802147251305185,-1.7490333210174662,0.08028525981375173,54581,-0.0004935505253820115,-0.8999999999999998,1936,-0.06218736619813345,-0.8329913110054502,0.5768595041322314,-0.48533728091686956,-0.07672422570226567,-1.0276314611287802,-0.10579794471053014,-1.4167794309438269,-0.1348716637187946,-1.805712221323792,
volume_shock_20,21,成交量冲击,5,0.9880316268322623,0.01196837316773769,0.0001624666040869377,-0.006542753172771209,0.23079306981142222,-0.02834900189211574,0.4839544513457557,-0.9156598800496172,0.35984531391317176,-0.01237890123123198,0.229540538677119,-0.05392904147813578,0.4699792960662526,-1.7761846794637015,0.0757024825998427,1932,1932,-0.01919354324567697,-1.6568019390853206,0.09755952486103503,-3.844716660760428e-05,-0.12021072267661857,0.9043162239057879,54310,-0.00039242211365550164,-0.8999999999999998,1932,,,,,,,,,,,0.37113397548283367
volume_shock_20,21,成交量冲击,20,0.9880316268322623,0.01196837316773769,0.0001624666040869377,-0.008123181331009192,0.23457183653907293,-0.03462982364319812,0.4903495044340115,-0.8415482985296848,0.40004083932292,-0.013928465351538459,0.23283300942931867,-0.05982169532437683,0.4825247782994262,-1.4886228996178457,0.13658669800607434,1917,1917,-0.041400729505220606,-1.6880970910871078,0.091392592771757,-0.00023328062291525387,-0.32166111047624074,0.7477094425907205,53731,-0.0008309466353554932,-0.6,1917,,,,,,,,,,,
oi_surprise_20,52,持仓意外,1,0.9862264423424074,0.013773557657592583,0.00012636291428984043,-0.0130586488427413,0.21118061505236774,-0.061836399328144144,0.4728682170542636,-2.7329088191526516,0.006277770881462872,-0.015176302005439252,0.2157191989391221,-0.07035211552830836,0.4656330749354005,-3.131488991593289,0.0017392230628961729,1935,1935,-0.015176302005439252,-3.131488991593289,0.0017392230628961729,-0.00016780865832828252,-2.5445190959925883,0.010942832824390411,54506,-0.0007229888414265878,-0.7,1935,-0.09109659401975007,-1.2896629359271707,0.7428596037898363,-0.5272200915225125,-0.10981665603525394,-1.554747237091742,-0.14725678006626172,-2.0849247142720513,-0.18469690409726944,-2.615067208676487,
oi_surprise_20,52,持仓意外,5,0.9862264423424074,0.013773557657592583,0.00012636291428984043,-0.013402927954877915,0.21257254086469937,-0.0630510784711783,0.4717762817193164,-2.758849099069695,0.005800531308467573,-0.013047831605501702,0.21291825937193787,-0.061280942479944846,0.47281201450025895,-2.609996073798306,0.00905432618283227,1931,1931,-0.00018228098489542942,-0.017710998800836136,0.9858694062504897,-0.0003799565020588539,-2.569480858968157,0.010185101831254205,54261,-0.0011615277966402784,-0.8999999999999998,1931,,,,,,,,,,,0.061471887403300327
oi_surprise_20,52,持仓意外,20,0.9862264423424074,0.013773557657592583,0.00012636291428984043,-0.016972005808439886,0.21551834153862268,-0.07874970495445448,0.4733820459290188,-3.1290780027969185,0.00175355751135283,-0.01483348095782812,0.2174648680531872,-0.06821093030162542,0.47494780793319413,-2.7405729942212984,0.006133215702208244,1916,1916,-0.00576886137335247,-0.2565467911015592,0.797528654918249,-0.0008081681652372438,-2.821710203840508,0.004776832105242609,53696,-0.002142033040084093,-0.9999999999999999,1916,,,,,,,,,,,
volume_shock_60,21,成交量冲击,1,0.9768575348400607,0.02314246515993934,0.0001624666040869377,-0.01012947932168696,0.23633150290751337,-0.042861316401186934,0.4906054279749478,-1.8956109359446411,0.05801151011840614,-0.009622920731607596,0.23018057543819695,-0.04180596348448756,0.4921711899791232,-1.8639287206149147,0.062331714834339254,1916,1916,-0.009622920731607596,-1.8639287206149147,0.062331714834339254,-0.0001233697418203169,-1.556436162088689,0.11960441174492174,53963,-0.00022567177431864226,-0.8999999999999998,1916,-0.028434643564148925,-0.37744965083775345,0.47163361169102297,-0.36614941823511127,-0.04031981057876271,-0.5351461142072849,-0.06409014460799028,-0.8503919384430556,-0.08786047863721784,-1.165414372213115,
volume_shock_60,21,成交量冲击,5,0.9768575348400607,0.02314246515993934,0.0001624666040869377,-0.0016900067616644784,0.2352365493710435,-0.007184286481769445,0.49581589958158995,-0.20544898581689627,0.8372213512879533,-0.00572397431899622,0.23075296138796847,-0.024805637529272763,0.49215481171548114,-0.7235299222211263,0.4693543775878294,1912,1912,-0.013667342879290008,-1.1444104680792562,0.2524534489486694,3.1461985646227806e-05,0.09206987840401074,0.926642520327873,53697,0.0002316348805055669,-0.09999999999999999,1912,,,,,,,,,,,0.867958305927404
volume_shock_60,21,成交量冲击,20,0.9768575348400607,0.02314246515993934,0.0001624666040869377,0.00761653215250937,0.24149217951764754,0.03153945675475912,0.503426462836057,0.5393596627553221,0.5896387083765491,0.0015839104904094244,0.2370186836667508,0.006682639806726835,0.5018450184501845,0.1166629175735249,0.9071271770457016,1897,1897,0.0015269707882552546,0.061928018101068016,0.9506201550959706,0.0004943886573105213,0.47541915774555715,0.6344882421639281,53118,0.0019290786360215285,0.3,1897,,,,,,,,,,,
oi_surprise_60,52,持仓意外,1,0.9752870243338869,0.02471297566611308,3.6103689797097266e-05,-0.016953893383290276,0.213957712731757,-0.07923945889506542,0.46579634464751957,-3.4739266062112577,0.0005129013070718348,-0.019482456620022036,0.2179801937367561,-0.08937718737671202,0.4579634464751958,-3.939910781880055,8.151191748513774e-05,1915,1915,-0.019482456620022036,-3.939910781880055,8.151191748513774e-05,-0.00021151939736433446,-3.1208836197314906,0.0018030927764770511,53899,-0.0007003521923731728,-0.9999999999999999,1915,-0.08824437623901978,-1.2422014567025057,0.7330722367275891,-0.5063597171105545,-0.10671779660455503,-1.5022235844445762,-0.1436646373356255,-2.02218635289173,-0.18061147806669603,-2.5419930543108284,
oi_surprise_60,52,持仓意外,5,0.9752870243338869,0.02471297566611308,3.6103689797097266e-05,-0.017815068914276783,0.21420716163006173,-0.08316747572167366,0.4662480376766091,-3.5246452539264923,0.0004240502563813865,-0.01841329610301938,0.21278424276480115,-0.08653505477551891,0.4531658817373103,-3.5837605222310995,0.0003386826277322446,1911,1911,-0.006579249777930062,-0.6360310787490494,0.5247561655442445,-0.00048527219756827296,-3.181672621896634,0.001464272328188055,53656,-0.0012722794885413832,-0.8999999999999998,1911,,,,,,,,,,,0.0066607583454008105
oi_surprise_60,52,持仓意外,20,0.9752870243338869,0.02471297566611308,3.6103689797097266e-05,-0.014313059367384414,0.21566747915886147,-0.06636633127631339,0.4609704641350211,-2.58618954112185,0.009704354945213491,-0.012203180708094747,0.2177326545279525,-0.05604662623781176,0.4831223628691983,-2.131574841987945,0.033041813767861805,1896,1896,0.003465168440052809,0.1447566093287939,0.8849030420282947,-0.0006712114873285346,-2.1594694966736965,0.030813761336567234,53084,-0.0010728119201983523,-0.8999999999999998,1896,,,,,,,,,,,
amihud_20,22,Amihud非流动性,1,0.9864972200158856,0.013502779984114421,0.0010109033143187235,0.0213301213588245,0.26112565194946413,0.0816852775649653,0.518595041322314,3.548182015663156,0.00038790006197336936,0.006701171210593951,0.20913982512889293,0.03204158369389482,0.5139462809917356,1.4025155981063901,0.1607613359606015,1936,1936,0.006701171210593951,1.4025155981063901,0.1607613359606015,0.0003130057123029327,1.7793873281242034,0.07517628253812474,54513,0.00042323854527363233,0.3,1936,0.053328056704477676,0.7381154071818514,0.049741735537190086,-0.1644442770813842,0.05207456496894047,0.7208050525024229,0.0495675814978661,0.686175114315513,0.04706059802679172,0.6515334673431921,
amihud_20,22,Amihud非流动性,5,0.9864972200158856,0.013502779984114421,0.0010109033143187235,0.03441975017272956,0.25618584334228967,0.13435461430529305,0.5243271221532091,3.27816318679177,0.0010448497292680052,0.0132091893234018,0.20771603091098206,0.06359253672174525,0.5186335403726708,1.6086050567444787,0.10770272782744958,1932,1932,0.008091655771506771,0.8397380737515194,0.4010552614815146,0.001140238732311915,2.168166333858086,0.030146033298100935,54287,0.0012915032266328334,0.39999999999999997,1932,,,,,,,,,,,0.4538900672728232
amihud_20,22,Amihud非流动性,20,0.9864972200158856,0.013502779984114421,0.0010109033143187235,0.047052699517233204,0.222646207688505,0.21133393649831517,0.5633802816901409,2.81509291061833,0.0048763133700720825,0.02338261181761437,0.19280003583682997,0.12127908439500229,0.5425143453312468,1.6173593219030764,0.10580074103760145,1917,1917,0.031110687388148456,1.6560069977419727,0.0977204017072214,0.0029191394333694643,1.8590354362191266,0.06302211567346885,53721,0.004333301111995876,0.0,1917,,,,,,,,,,,
volume_oi_turnover,23,成交量—持仓量换手率,1,0.9941873059426674,0.005812694057332646,0.00048739981226081304,-0.0015333836121313505,0.27409115871992984,-0.005594429310644723,0.5061664953751285,-0.25224415602497224,0.8008523496692495,-0.0016692683541622221,0.27446985981167066,-0.006081791112902531,0.5015416238437821,-0.2744584123779174,0.7837323590372816,1946,1946,-0.0016692683541622221,-0.2744584123779174,0.7837323590372816,-6.912773673937605e-05,-0.8658381857300779,0.38657890526342287,54901,-0.00032166631684494277,-0.7,1946,-0.0405299559224628,-0.4836800039974781,0.26258992805755393,-0.34982211634981963,-0.04714722210951315,-0.5626630238613526,-0.06038175448361388,-0.7206300683090932,-0.0736162868577146,-0.8785910007859813,
volume_oi_turnover,23,成交量—持仓量换手率,5,0.9941873059426674,0.005812694057332646,0.00048739981226081304,-0.005392013878731977,0.27634922054570693,-0.01951159430840574,0.49948506694129763,-0.4917073272843025,0.6229262576152012,0.0001227800498989792,0.2749344276531448,0.0004465793933012914,0.48764160659114314,0.011388279582593634,0.9909136639529299,1942,1942,-0.0024433016134735542,-0.18180840261458647,0.8557330900926342,-0.00024167853928428352,-0.7038981155124103,0.4814962251324597,54614,-0.00042525271890791935,-0.19999999999999998,1942,,,,,,,,,,,0.9909136639529299
volume_oi_turnover,23,成交量—持仓量换手率,20,0.9941873059426674,0.005812694057332646,0.00048739981226081304,-0.013233539270515949,0.27457057440591903,-0.04819722324269089,0.48002075765438507,-0.627745324834353,0.5301707883648019,0.0070880445189903975,0.2679335300239108,0.02645448861274604,0.49922158796056043,0.35101266396274067,0.7255788476909364,1927,1927,0.007324338308364087,0.2781288115251525,0.7809134795402963,-0.0010930071098816966,-0.8360441242363384,0.40313008053356814,54031,-0.000896422384503469,0.0,1927,,,,,,,,,,,
low_vol_20,25,低波动,1,0.9864972200158856,0.013502779984114421,0.49221965484872554,-0.01785303028005076,0.3381270656245419,-0.0527997669960998,0.4819214876033058,-2.385301894675948,0.017065110751125233,-0.016534042884676945,0.3353575809542432,-0.04930272587734607,0.4850206611570248,-2.2470476021974988,0.024636985066727044,1936,1936,-0.016534042884676945,-2.2470476021974988,0.024636985066727044,-0.00018408818113142217,-1.433126672478532,0.15182164025095976,54513,-0.00046959237574657915,-0.8999999999999998,1936,-0.05916863934406896,-0.5135013208358673,0.07735881542699724,-0.4187233916379285,-0.0611180814928293,-0.5304124748915321,-0.06501696579034996,-0.56423158467001,-0.06891585008787063,-0.5980460700342456,
low_vol_20,25,低波动,5,0.9864972200158856,0.013502779984114421,0.49221965484872554,-0.026112427574654925,0.3433213663827293,-0.0760582653208516,0.4684265010351967,-1.8728707248569028,0.061086238647235405,-0.020116731477163013,0.3378371536086965,-0.059545645771286106,0.48188405797101447,-1.4733586264431497,0.14065436015339688,1932,1932,-0.017041602582729243,-1.0353871366479723,0.3004881505956737,-0.0007777316898474658,-1.4911398325255478,0.13592478637054742,54287,-0.001990542424415126,-0.8999999999999998,1932,,,,,,,,,,,0.518662953065651
low_vol_20,25,低波动,20,0.9864972200158856,0.013502779984114421,0.49221965484872554,-0.04810856263093581,0.32872569907339644,-0.14634865106848352,0.44340114762649974,-1.8269549157368359,0.06770654832021775,-0.03822896090473872,0.31924973148307684,-0.11974625860183442,0.44183620239958266,-1.514319809643372,0.12994474666425818,1917,1917,-0.057628105811504036,-1.8164114660764754,0.06930727763021095,-0.002716776872786368,-1.3094046291620007,0.19039732424003442,53721,-0.007068671750336868,-0.8999999999999998,1917,,,,,,,,,,,
low_vol_60,25,低波动,1,0.9753953354032782,0.024604664596721837,0.7159542205213373,-0.015579547337394285,0.34485741891848515,-0.045176778815585995,0.49739039665970775,-2.034534815629414,0.04189770200981489,-0.014704965735681518,0.3413019675191374,-0.04308491346407778,0.48956158663883087,-1.954126678229059,0.050686237770597144,1916,1916,-0.014704965735681518,-1.954126678229059,0.050686237770597144,-0.00015274806822947588,-1.1343190565841743,0.2566607383669861,53869,-0.0005568730920035574,-0.8999999999999998,1916,-0.07016600959244823,-0.592772796342561,0.028923103688239388,-0.48966169941390836,-0.07089487180539185,-0.5989398573254552,-0.07235259623127911,-0.6112737912229873,-0.07381032065716638,-0.6236074220310688,
low_vol_60,25,低波动,5,0.9753953354032782,0.024604664596721837,0.7159542205213373,-0.02153313406548648,0.35087587774382806,-0.061369662126524595,0.47384937238493724,-1.5014553973680003,0.1332378147482752,-0.018538788457090286,0.3429686904805718,-0.05405388005276375,0.4848326359832636,-1.329429095098292,0.1837064441434768,1912,1912,-0.016885096298108145,-0.9932679224465674,0.320579405469526,-0.0006392772779635535,-1.1436211327008832,0.25278079369241635,53654,-0.002170677393678096,-0.8999999999999998,1912,,,,,,,,,,,0.5215822086658696
low_vol_60,25,低波动,20,0.9753953354032782,0.024604664596721837,0.7159542205213373,-0.03858065437716609,0.34044234585578637,-0.1133250749996568,0.45229309435951504,-1.387141446052386,0.1653986360408165,-0.03276708168198919,0.331400321375123,-0.09887462252910445,0.44544016868740116,-1.2210258887914625,0.22207621783037512,1897,1897,-0.04451488780134644,-1.3054690034418817,0.19173319518732157,-0.0022604704106395407,-0.9977684324939585,0.3183916608628605,53098,-0.007665130427294598,-0.8999999999999998,1897,,,,,,,,,,,
realized_skew_60,26,已实现偏度,1,0.9753953354032782,0.024604664596721837,0.0009567477796230774,-0.007692557278210339,0.21987622208165084,-0.034985853428724616,0.48851774530271397,-1.5558459224481234,0.11974473515369176,-0.008794615717946179,0.2197931685393363,-0.040013144068088764,0.49164926931106473,-1.7853043848151018,0.07421195802441087,1916,1916,-0.008794615717946179,-1.7853043848151018,0.07421195802441087,-5.434580783302971e-05,-0.7156993159928845,0.4741770332628551,53869,-0.0001159590958301776,-0.7,1916,-0.014610846074602387,-0.21106999016598427,0.08519485038274183,-0.23769806109810276,-0.016757756304247477,-0.2420851573332093,-0.02105157676353767,-0.30411230430045033,-0.025345397222827862,-0.3661326945252269,
realized_skew_60,26,已实现偏度,5,0.9753953354032782,0.024604664596721837,0.0009567477796230774,-0.02139233494783205,0.2183179906032494,-0.09798704581661559,0.4534518828451883,-2.4327803720148107,0.014983386271218868,-0.025947950915354262,0.21872856866376075,-0.118630826662806,0.4450836820083682,-2.968767370747692,0.002989968575696032,1912,1912,-0.02309037917230368,-2.080815261917721,0.03745081866619098,-0.00036880316905982616,-1.0589999652084545,0.2895997955646975,53654,-0.0012452048242892065,-0.8999999999999998,1912,,,,,,,,,,,0.035281629193213176
realized_skew_60,26,已实现偏度,20,0.9753953354032782,0.024604664596721837,0.0009567477796230774,-0.037586884436356695,0.22434715600596128,-0.16753893878359638,0.43806009488666314,-2.18155502167579,0.029142389495086973,-0.04173493138671458,0.2207211587017824,-0.18908441597619047,0.4348972061149183,-2.5281185742965167,0.011467561511067223,1897,1897,-0.04845807739736667,-2.246253501338473,0.024687775086924674,-0.0016188496705021416,-1.4928496532861244,0.13547654652176447,53098,-0.005575498714768195,-0.7,1897,,,,,,,,,,,
realized_skew_120,26,已实现偏度,1,0.9597082821864394,0.04029171781356056,0.0011192143837100153,-0.011080675645323916,0.21795328494118776,-0.05083968176168536,0.48197242841993637,-2.2328005564293227,0.02556209958332392,-0.014923788688743002,0.22142532110814844,-0.06739874470568763,0.4814422057264051,-2.9944210234798265,0.0027496623019294675,1886,1886,-0.014923788688743002,-2.9944210234798265,0.0027496623019294675,-0.00011317210326443854,-1.4366895904346055,0.1508062140829533,52971,-0.00029142969721556746,-0.8999999999999998,1886,-0.036720141849161496,-0.5328374734393592,0.0582096147048427,-0.3104080401868754,-0.038187024139723545,-0.5541467175148851,-0.04112078872084761,-0.5967650655955319,-0.04405455330197169,-0.6393818925752918,
realized_skew_120,26,已实现偏度,5,0.9597082821864394,0.04029171781356056,0.0011192143837100153,-0.025642316957733606,0.21736835300540114,-0.11796711252210873,0.4495217853347503,-2.875188029368044,0.004037869561093341,-0.030974931181158672,0.22078619708300606,-0.14029378462238487,0.4383634431455898,-3.4739631731341136,0.0005128314143540459,1882,1882,-0.026990816204531417,-2.4205530653706586,0.015496917271567866,-0.0006166236857877578,-1.588258059645179,0.11222799710918269,52744,-0.0016211619753489636,-0.8999999999999998,1882,,,,,,,,,,,0.007564263361722177
realized_skew_120,26,已实现偏度,20,0.9597082821864394,0.04029171781356056,0.0011192143837100153,-0.04488057593327263,0.2172163505228829,-0.2066169320368203,0.4322442420996251,-2.6040821303667827,0.009212067867819276,-0.046292695087630606,0.21912232258420108,-0.21126416761962685,0.40974825923942154,-2.700506778190667,0.0069233926243960605,1867,1867,-0.04055970146342428,-1.8538704083842918,0.06375770237266865,-0.0027783530984359906,-1.860098504378842,0.06287159076112468,52171,-0.006054641674615153,-0.8999999999999998,1867,,,,,,,,,,,
seasonality_3y_month,27,季节性,1,0.6045923893421907,0.39540761065780927,0.5747346378799914,0.009611228469477668,0.26568729889289333,0.036174963987842895,0.5255354200988468,1.2979468109322008,0.1943056128960553,0.013900132450321692,0.2629358639684584,0.052865106496043236,0.5304777594728172,1.9193433469616967,0.05494089560634526,1214,1214,0.013900132450321692,1.9193433469616967,0.05494089560634526,0.00013744648911485406,1.0736966487144726,0.28295866389098834,33345,0.000598530982110139,0.09999999999999999,1214,0.0754149037458775,0.9493887065309897,0.03800109829763867,-0.08963163632548499,0.074457276068777,0.9372687685962586,0.07254202071457604,0.913001881531619,0.07062676536037503,0.8887018502324852,
seasonality_3y_month,27,季节性,5,0.6045923893421907,0.39540761065780927,0.5747346378799914,0.026068299702021073,0.268927039707588,0.09693446865873313,0.5677685950413223,1.8991799318601081,0.057540822383901756,0.034213334221424016,0.260512813785528,0.13133071546181516,0.5801652892561984,2.5979920105630376,0.009377067569994966,1210,1210,0.039810164891568474,2.344195458777793,0.019068175637058638,0.000762996733223284,1.4502382148067445,0.14699210184036735,33221,0.0030219171956583656,0.3,1210,,,,,,,,,,,0.061471887403300327
seasonality_3y_month,27,季节性,20,0.6045923893421907,0.39540761065780927,0.5747346378799914,0.03328641962545049,0.2665233060103216,0.12489121542024326,0.5623430962343097,1.367871140360924,0.1713524146955332,0.03759949555142727,0.25332001075009614,0.14842686702914962,0.5523012552301255,1.6071403341093136,0.10802358711250563,1195,1195,0.027952907246010697,0.8429416540513283,0.39926107596595084,0.0014637689474192813,0.9133427904666288,0.3610622839250711,32756,0.007690682928768387,0.3,1195,,,,,,,,,,,
idiosyncratic_vol_60,43,特质波动,1,0.9753953354032782,0.024604664596721837,0.0006318145714492022,0.00848741351374322,0.28929976884110475,0.029337781871525984,0.5193110647181628,1.3218710466505155,0.186211095159317,0.007547056487255953,0.26130319614038316,0.02888237342187485,0.5167014613778705,1.3192228474100598,0.187094622203124,1916,1916,0.007547056487255953,1.3192228474100598,0.187094622203124,8.148266032484781e-05,0.6695465272442667,0.5031469113169315,53869,0.00015301365790267564,0.7999999999999999,1916,0.019279720895737124,0.2145585004814764,0.041805845511482254,-0.1788763763916733,0.018226213588847778,0.20283342395819892,0.01611919897506908,0.17938304236515648,0.014012184361290364,0.15593259092248227,
idiosyncratic_vol_60,43,特质波动,5,0.9753953354032782,0.024604664596721837,0.0006318145714492022,0.0072119753564776675,0.2850378974041038,0.025301812222720366,0.5172594142259415,0.6217713435484306,0.5340922319199777,0.0036984172787087213,0.25410397384419925,0.014554740025342384,0.518305439330544,0.3628428483075499,0.7167222816626878,1912,1912,0.001893665030396587,0.14981789383484573,0.8809082914574046,0.00025381409564161626,0.49825976819255885,0.6183009606461162,53654,0.0005531272609433576,0.7,1912,,,,,,,,,,,0.8976347428256148
idiosyncratic_vol_60,43,特质波动,20,0.9753953354032782,0.024604664596721837,0.0006318145714492022,0.018716337418592157,0.2768654216063273,0.06760084849167175,0.5150237216657881,0.8350278485756467,0.4037020286907592,0.01523369781573268,0.2558621408778305,0.0595386944057757,0.5129151291512916,0.7330306180579954,0.46353975519482604,1897,1897,0.0197954187828317,0.7756757643424596,0.4379404531639741,0.000931836912328088,0.44420796240624255,0.6568922360335725,53098,0.00267947394753675,0.7,1897,,,,,,,,,,,
relative_value_residual_60,29,相对价值残差,1,0.9594014008231642,0.04059859917683584,0.0,0.0032048785448434334,0.24203499892410643,0.013241384754641908,0.492576882290562,0.5899805116135856,0.5552037151107696,0.00038286128985398605,0.22314299490256248,0.0017157665649381738,0.4973488865323436,0.07555206184887933,0.9397754764980124,1886,1886,0.00038286128985398605,0.07555206184887933,0.9397754764980124,3.107378278237093e-05,0.5295683878198159,0.5964112170326972,52983,-0.00012755093028892688,-0.19999999999999998,1886,-0.016071417216404784,-0.21551900189524872,0.11662248144220572,-0.22656660882383628,-0.019010303748748368,-0.2549258706158741,-0.02488807681343554,-0.3337330104139618,-0.03076584987812271,-0.4125289627336644,
relative_value_residual_60,29,相对价值残差,5,0.9594014008231642,0.04059859917683584,0.0,0.006593588883692806,0.23159199798083838,0.028470711169555827,0.5201912858660999,0.6970601767653507,0.4857651349023503,0.002466273384473911,0.21633608329688245,0.011400194303644638,0.5212539851222104,0.28522867492185533,0.7754689529948484,1882,1882,0.003614815214942677,0.330595616066539,0.7409499580658592,5.068400938913414e-05,0.1768928140611075,0.8595925831609774,52768,-0.00027217335987647135,-0.6,1882,,,,,,,,,,,0.8976347428256148
relative_value_residual_60,29,相对价值残差,20,0.9594014008231642,0.04059859917683584,0.0,0.01022957402977205,0.2167853174916178,0.04718757777573006,0.5286555972147831,0.5976063272479506,0.5501026413883005,-0.0018658230834409464,0.20380586008430407,-0.009154903998683604,0.4965184788430637,-0.11969523126652977,0.9047245780988913,1867,1867,-0.004304408293237489,-0.19752511262566427,0.8434166315090618,3.052151349881253e-05,0.02759066424367021,0.9779886276867195,52212,-0.00012364344057766452,-0.6,1867,,,,,,,,,,,
correlation_risk_20_120,57,相关性风险,1,0.9576323200231064,0.04236767997689361,0.00010831106939129179,0.00047075798055807954,0.2418386053215387,0.0019465791242559434,0.4973488865323436,0.08541074556212086,0.9319348506577014,0.0013206251445633083,0.2490219279498059,0.0053032484144508755,0.4936373276776246,0.23498893269307378,0.8142173231705008,1886,1886,0.0013206251445633083,0.23498893269307378,0.8142173231705008,2.5787905080555474e-05,0.34688637855711707,0.7286766803503386,52943,0.00019547515423244235,0.49999999999999994,1886,0.024629869433287727,0.3219680098636105,0.16779780841286673,-0.11434492013448283,0.020401364661283485,0.2667043111656223,0.011944355117274996,0.1561584474647867,0.0034873455732665104,0.04559512912247815,
correlation_risk_20_120,57,相关性风险,5,0.9576323200231064,0.04236767997689361,0.00010831106939129179,0.0027936098693222815,0.23997164415404879,0.011641416548069052,0.5116896918172157,0.28925873589747914,0.7723833871470742,0.005449518692270408,0.24460307461025257,0.022279027771640245,0.51009564293305,0.5631894560648232,0.5733058819337711,1882,1882,0.00522903843038505,0.42560421723228176,0.6703962667788834,0.00018455074954961125,0.6454020484317011,0.5186666762898038,52737,0.0005221859927092107,0.7,1882,,,,,,,,,,,0.867958305927404
correlation_risk_20_120,57,相关性风险,20,0.9576323200231064,0.04236767997689361,0.00010831106939129179,0.018459357217162055,0.24027407283006041,0.0768262551166637,0.5265131226566685,1.096393996662477,0.2729063900240666,0.011888979304783212,0.2505997674007037,0.04744210031836536,0.5216925549009106,0.6901021314559298,0.4901299628858834,1867,1867,-0.008079111331424778,-0.33938524772176365,0.7343195304406664,0.0009976207661619577,0.917694941197373,0.3587785968692452,52171,0.0019948656015715714,0.3,1867,,,,,,,,,,,
volume_price_divergence_20,53,量价背离,1,0.9479384793125858,0.05206152068741421,0.0,0.006044252634663952,0.25808232868785824,0.02341986243457323,0.5069667738478028,1.0214753043125142,0.307029303597696,-0.0033216405076194446,0.255224024198489,-0.013014607531758798,0.5085744908896034,-0.5715733677933807,0.5676110423585314,1866,1866,-0.0033216405076194446,-0.5715733677933807,0.5676110423585314,0.0001073925244588444,1.2147212417995903,0.2244724280553465,52373,0.0002661964715946962,0.39999999999999997,1866,0.033540755420931725,0.3978233206492253,0.4163183279742765,-0.13120267105473538,0.023049533555979954,0.27339925582739105,0.002067089826076414,0.024520064014179933,-0.01891535390382712,-0.22438428099002586,
volume_price_divergence_20,53,量价背离,5,0.9479384793125858,0.05206152068741421,0.0,0.0015172374363719814,0.24987129175158987,0.006072075850475638,0.5128893662728249,0.16167898653962337,0.8715586531177094,0.0015450182004558533,0.24555990689011423,0.006291817829802463,0.49892588614393124,0.17041808773523875,0.8646813482493847,1862,1862,0.003690573638773454,0.31647602520029605,0.7516412198555926,0.00012177690855053297,0.42494484332739235,0.6708768835290431,52129,0.00023780391754919857,0.6,1862,,,,,,,,,,,0.9178257417892693
volume_price_divergence_20,53,量价背离,20,0.9479384793125858,0.05206152068741421,0.0,-0.015632151518323947,0.2345008109610233,-0.06666139641164051,0.48727666486193827,-1.1123608708951946,0.26598302145932773,-0.01698421524725551,0.23427395314204336,-0.07249724102686636,0.47536545749864645,-1.2709368258458547,0.2037511240759634,1847,1847,-0.01634707649383454,-0.7192405672441854,0.47199270803475957,-0.0009299761241237604,-1.2024822101855346,0.22917675454150988,51565,-0.002434580658979396,-0.9999999999999999,1847,,,,,,,,,,,
interaction__tsmom_60__carry,54,因子交互,1,0.9550509062026139,0.0449490937973861,0.00048739981226081304,0.0004953236456886007,0.25660929313214337,0.0019302638639572928,0.5015906680805938,0.08608868351566205,0.9313959194725765,0.0016968327492987787,0.2227069182319499,0.007619129045338064,0.5116648992576882,0.3401443360226181,0.7337478348427449,1886,1886,0.0016968327492987787,0.3401443360226181,0.7337478348427449,2.145204779356469e-05,0.4189593639717949,0.6752458307088494,52851,2.2660382784365585e-05,0.09999999999999999,1886,0.00285520823083006,0.03811198062198895,0.30962354188759283,-0.165176746096655,-0.004947305024737279,-0.06604344415826735,-0.020552331535871965,-0.2744009329704342,-0.036157358047006635,-0.4828028106858997,
interaction__tsmom_60__carry,54,因子交互,5,0.9550509062026139,0.0449490937973861,0.00048739981226081304,-0.0022831503711059444,0.2574752476947478,-0.00886745577117671,0.48990435706695007,-0.23271375706969044,0.8159836858771188,-0.007637652591560924,0.22050904357444145,-0.034636459656052776,0.48990435706695007,-0.9325756173951647,0.3510391273566076,1882,1882,-0.016546318118017392,-1.4830110914976042,0.13807146392658956,2.5399535198616682e-05,0.08844743523702521,0.9295210611267349,52686,-0.00040666311474943156,-0.3,1882,,,,,,,,,,,0.7396895897871374
interaction__tsmom_60__carry,54,因子交互,20,0.9550509062026139,0.0449490937973861,0.00048739981226081304,-0.0227453018470993,0.2703176735154365,-0.08414285884936942,0.4799143010176754,-1.2310992397947846,0.21828574984097215,-0.016219907118032933,0.22206560623499977,-0.07304105932040778,0.450990894483128,-1.1222613779784558,0.26175132247420196,1867,1867,-0.013603623744499515,-0.7095138236831691,0.4780056761432171,-0.0012029338519053204,-1.3452227083796127,0.17855332498321685,52191,-0.002071049155036878,-0.39999999999999997,1867,,,,,,,,,,,
interaction__momentum_quality_60__carry,54,因子交互,1,0.9550509062026139,0.0449490937973861,0.00048739981226081304,0.0002612514660635107,0.2566596400055098,0.0010178907211819605,0.49469777306468715,0.045151347857580376,0.9639866734538305,-0.0007705420174433722,0.22209436151500075,-0.0034694352985243527,0.5090137857900318,-0.1548006950501463,0.8769784432456043,1886,1886,-0.0007705420174433722,-0.1548006950501463,0.8769784432456043,3.33825398602446e-05,0.6997245543383391,0.48409933901116375,52851,-9.046434262438181e-05,-0.09999999999999999,1886,-0.01139850717067211,-0.1534474567575811,0.2941675503711559,-0.20393923218466903,-0.018811529440025242,-0.25326002275718046,-0.0336375739787315,-0.4529159419388099,-0.048463618517437766,-0.6525956992368003,
interaction__momentum_quality_60__carry,54,因子交互,5,0.9550509062026139,0.0449490937973861,0.00048739981226081304,0.00457435870003779,0.25985369882512027,0.017603592793636935,0.4989373007438895,0.4640204217676031,0.6426331144160831,-0.008339383244651397,0.2183260816229471,-0.03819691711892515,0.48459086078639746,-1.026324320438865,0.3047387372378991,1882,1882,-0.020117553309657716,-1.8366731478023557,0.06625816163094735,0.00023427061466289135,0.7847969241413182,0.43257264382132865,52686,-0.00048339655825605177,-0.6,1882,,,,,,,,,,,0.7113338705041419
interaction__momentum_quality_60__carry,54,因子交互,20,0.9550509062026139,0.0449490937973861,0.00048739981226081304,-0.01433154622221783,0.27449540760497093,-0.05221051363759972,0.4868773433315479,-0.7701610846641297,0.4412043448784986,-0.017666872839162958,0.2198765171243449,-0.08034906624053884,0.4499196572040707,-1.2420796609514795,0.21420717198345196,1867,1867,-0.017397989117413883,-0.9145187525586043,0.36044432882356814,-0.0006731872964893996,-0.7670214018109658,0.4430687909983405,52191,-0.002760954209232608,-0.09999999999999999,1867,,,,,,,,,,,
interaction__tsmom_20__oi_surprise_20,54,因子交互,1,0.9801971261462922,0.019802873853707825,3.6103689797097266e-05,-0.00877538209159545,0.22280205219081642,-0.03938645091150179,0.48650051921079956,-1.703871086021442,0.08840517384443124,-0.013968913190565247,0.22163915720469793,-0.06302547513147265,0.4787123572170301,-2.7641162912861112,0.005707719332581333,1926,1926,-0.013968913190565247,-2.7641162912861112,0.005707719332581333,-0.00011440682428275478,-2.023697347388051,0.0430013016950983,54209,-0.000503796273347827,-0.7,1926,-0.06347833044182621,-0.8611323008174567,0.6924627898926965,-0.4067307633331485,-0.08092839274712214,-1.0979524074610754,-0.11582851735771407,-1.5716735262967503,-0.15072864196830596,-2.0454581610349574,
interaction__tsmom_20__oi_surprise_20,54,因子交互,5,0.9801971261462922,0.019802873853707825,3.6103689797097266e-05,-0.012905205376787052,0.21856586693095348,-0.05904492571506556,0.4854318418314256,-2.6011993364978667,0.009289845699382765,-0.011522980601891266,0.21050001287764697,-0.054740997135183045,0.481789802289282,-2.2696649755175646,0.023227918023008914,1922,1922,-0.021588587375334558,-2.020943995278892,0.04328556290584979,-0.00040564744757197615,-3.2776535218147567,0.0010467379231709152,53991,-0.0012455374311455302,-0.7999999999999999,1922,,,,,,,,,,,0.1370447163357526
interaction__tsmom_20__oi_surprise_20,54,因子交互,20,0.9801971261462922,0.019802873853707825,3.6103689797097266e-05,-0.008962488234160274,0.22005499994110914,-0.040728400793250796,0.4714210802307289,-1.7606050572883831,0.07830527207486578,-0.00796614668702924,0.21259648096226985,-0.03747073634978472,0.4876769795490299,-1.4175205097360826,0.15633080226230905,1907,1907,-0.0757788162456544,-4.1568305740408515,3.226931171709295e-05,-0.0004956362561746776,-1.9576174829293085,0.05027491433789695,53430,-0.0013325497776113303,-0.8999999999999998,1907,,,,,,,,,,,
