feature_name,source_factor_id,source_factor,horizon,coverage,missing_rate,stale_rate,ic_mean,ic_std,icir,ic_hit_rate,ic_t_nw,ic_p_nw,rank_ic_mean,rank_ic_std,rank_icir,rank_ic_hit_rate,rank_ic_t_nw,rank_ic_p_nw,ic_days,rank_ic_days,nonoverlap_rank_ic_mean,nonoverlap_rank_ic_t,nonoverlap_rank_ic_p,pooled_beta,pooled_t_two_way_cluster,pooled_p_two_way_cluster,pooled_observations,group_spread,group_monotonicity,group_days,gross_annual_return,gross_sharpe,average_one_way_turnover,gross_max_drawdown,net_1bps_annual_return,net_1bps_sharpe,net_3bps_annual_return,net_3bps_sharpe,net_5bps_annual_return,net_5bps_sharpe,rank_ic_q_bh
tsmom_20,1,时间序列动量,1,0.996295263514321,0.003704736485679039,0.0002788511333306776,-0.0017856055787388216,0.28115432001165436,-0.006350980410561734,0.5005889281507656,-0.26467821278331805,0.7912573627662138,-0.005722050407431159,0.27481128419276885,-0.020821744726527952,0.4958775029446408,-0.8617866192946367,0.3888049494901378,1698,1698,-0.005722050407431159,-0.8617866192946367,0.3888049494901378,-1.3928909009453114e-05,-0.14127611135332355,0.8876518206988248,49989,9.318590129131957e-05,0.3,1698,0.011741423562706252,0.134447215397775,0.1990184530820573,-0.20584367928860514,0.006726158545038416,0.0770168369643616,-0.003304371490297294,-0.03783366226356668,-0.013334901525632966,-0.15266686736767587,
tsmom_20,1,时间序列动量,5,0.996295263514321,0.003704736485679039,0.0002788511333306776,0.0007190405296996036,0.2759084690510996,0.0026060835760950626,0.5064935064935064,0.06074536865222189,0.9515619994112394,-0.001683632792223865,0.2735212781075944,-0.006155399696405259,0.49586776859504134,-0.14526077706349877,0.8845049815711615,1694,1694,0.0026847913038075153,0.1823111252916749,0.8553385682768424,0.00010947548649936914,0.27759796718687946,0.7813209927851871,49865,0.0009411617470859768,0.49999999999999994,1694,,,,,,,,,,,0.9664035909758987
tsmom_20,1,时间序列动量,20,0.996295263514321,0.003704736485679039,0.0002788511333306776,0.006173974968420727,0.2590475189875148,0.023833368459005744,0.5122096486003573,0.3151280817501187,0.7526644077820371,0.002527135895308196,0.2545207222461613,0.009928998601787954,0.49672424061941634,0.13684464952763223,0.8911535903771186,1679,1679,0.017423791227223612,0.6552063441657502,0.5123349102534323,0.0003315459735510909,0.30527204013917764,0.7601589689437538,49400,0.0019917992679288595,0.09999999999999999,1679,,,,,,,,,,,
csmom_20,2,横截面动量,1,0.9988049237142971,0.001195076285702923,0.22616818706927458,-0.004205500871760794,0.30348470008280876,-0.013857373602732797,0.502944640753828,-0.5754405432241392,0.5649933909864351,-0.01152451852522728,0.29476099271909445,-0.03909784133550561,0.4829210836277974,-1.6170401990989907,0.10586960390623842,1698,1698,-0.01152451852522728,-1.6170401990989907,0.10586960390623842,-7.397531299358821e-05,-0.7038429451943535,0.4815305859495751,49999,-0.0002699373896801661,-0.39999999999999997,1698,-0.034012111099700926,-0.33935586543716606,0.19441499803690618,-0.2939612298391908,-0.03891136905023096,-0.3882320264091285,-0.04870988495129103,-0.4859759062288239,-0.05850840085235111,-0.5837060061157574,
csmom_20,2,横截面动量,5,0.9988049237142971,0.001195076285702923,0.22616818706927458,-0.00604825989160329,0.3020209322799015,-0.020025962591221965,0.5017709563164109,-0.46751974006278074,0.6401280723170283,-0.011451687104314484,0.2940599185884165,-0.038943379836620766,0.49173553719008267,-0.9191786462157835,0.3580021383738391,1694,1694,-0.011945744598544661,-0.7414502122441784,0.4584205089272194,-0.00017260281846839554,-0.423183381230131,0.6721614709028735,49875,-0.0005863993858359584,-0.19999999999999998,1694,,,,,,,,,,,0.7286047081983691
csmom_20,2,横截面动量,20,0.9988049237142971,0.001195076285702923,0.22616818706927458,-0.00931131180133833,0.28440023942334447,-0.03274016864478781,0.4913639070875521,-0.43411119121763597,0.6642076991308323,-0.010617553186091014,0.27493209019104675,-0.03861882102854204,0.48481238832638474,-0.5291191488414626,0.5967227986197676,1679,1679,-0.00018643988213350998,-0.006095463222151535,0.9951365541207449,-0.0005224238576028285,-0.4856976456385636,0.6271815531613247,49410,-0.0010936172562062382,-0.7999999999999999,1679,,,,,,,,,,,
trend_efficiency_20,3,趋势效率,1,0.996295263514321,0.003704736485679039,0.0002788511333306776,-0.003140773356985209,0.24495959685424237,-0.012821597509625453,0.5023557126030624,-0.5325178270944418,0.5943673981237624,-0.0003413725156021376,0.23467524568121037,-0.0014546592445709755,0.5123674911660777,-0.06065709800181543,0.9516322995655996,1698,1698,-0.0003413725156021376,-0.06065709800181543,0.9516322995655996,1.5152529695873042e-05,0.2256184927817465,0.8214981565209534,49989,-0.00012011658929331007,0.09999999999999999,1698,-0.015134690250957069,-0.20448032381650263,0.351796230859835,-0.22989556912457632,-0.023999955268624897,-0.3242686813940287,-0.041730485303960604,-0.5638575329181856,-0.059461015339296285,-0.8034408730038798,
trend_efficiency_20,3,趋势效率,5,0.996295263514321,0.003704736485679039,0.0002788511333306776,7.112449303933178e-05,0.24266677834355826,0.00029309530346439294,0.4899645808736718,0.007158662619818617,0.9942882624040714,-0.0016688174531665873,0.23640065161332544,-0.007059276028968947,0.4988193624557261,-0.17523275803991692,0.8608967453492482,1694,1694,-0.005407810525591341,-0.4224807808074641,0.6726741260993179,0.0002416713138996848,0.8704353724794711,0.384062523058615,49865,0.000495252204060043,0.49999999999999994,1694,,,,,,,,,,,0.9664035909758987
trend_efficiency_20,3,趋势效率,20,0.996295263514321,0.003704736485679039,0.0002788511333306776,-0.009315370082604458,0.23843501101069112,-0.03906880136066414,0.4723049434187016,-0.6036091362611954,0.5461035371629614,-0.013254377377521285,0.22822854556474992,-0.05807502012828159,0.48183442525312686,-0.9423080988628797,0.3460349229188151,1679,1679,-0.023530015164370796,-0.8946985617308998,0.370948247754036,1.7165258853501197e-05,0.022164631792681994,0.9823166303960831,49400,-0.0003462559090310187,0.09999999999999999,1679,,,,,,,,,,,
realized_vol_20,24,已实现波动率,1,0.9968928016571724,0.0031071983428275773,0.000298769071425726,0.0012684988263620045,0.3396612255430507,0.003734600039595121,0.49823321554770317,0.1600310047320675,0.8728566507116773,0.0020243257522402714,0.30999553524943047,0.0065301771221041825,0.49646643109540634,0.2824881294162127,0.7775692474541682,1698,1698,0.0020243257522402714,0.2824881294162127,0.7775692474541682,6.500685461012154e-05,0.5902857214525896,0.5549991104498314,50019,-1.9555094080241944e-05,-0.09999999999999999,1698,-0.002463941854110487,-0.023489683286250906,0.07394974479780134,-0.17920016631033764,-0.004327475423015086,-0.04125631445671449,-0.008054542560824267,-0.07679154236092801,-0.011781609698633467,-0.11232897289544189,
realized_vol_20,24,已实现波动率,5,0.9968928016571724,0.0031071983428275773,0.000298769071425726,-0.002280353000657931,0.33929653390694586,-0.006720826099813126,0.4793388429752066,-0.15562323956198032,0.8763300056039248,-0.008612431954384773,0.3054654091818834,-0.028194458997668925,0.4787485242030697,-0.6561940648173912,0.5116992672047251,1694,1694,-0.005609766253352537,-0.34144715741239706,0.732766979287919,0.0001715527895358281,0.4298087084851675,0.6673347975643278,49895,-0.0005767615059158116,-0.3,1694,,,,,,,,,,,0.8159528855426698
realized_vol_20,24,已实现波动率,20,0.9968928016571724,0.0031071983428275773,0.000298769071425726,-0.00750836165286237,0.333966303689189,-0.022482392893895503,0.478856462179869,-0.2650373796313149,0.7909806663722466,-0.015318714010384524,0.29837739645737416,-0.0513400619224618,0.47587849910661106,-0.5996575596760629,0.548734478024633,1679,1679,-0.001455572959625076,-0.044481028727192506,0.9645209738905333,4.8092572352818324e-05,0.03176058454487724,0.9746629797432156,49430,-0.0024667991097520425,-0.09999999999999999,1679,,,,,,,,,,,
momentum_quality_20,41,动量质量,1,0.996295263514321,0.003704736485679039,0.0002589331952356292,0.0014729033767276337,0.2793772994241406,0.005272093973861222,0.49469964664310956,0.2226166407503786,0.8238338839861498,-0.005891977655268549,0.2744369026218733,-0.02146933447717371,0.49411071849234395,-0.888502019457305,0.37427077003902876,1698,1698,-0.005891977655268549,-0.888502019457305,0.37427077003902876,4.348869482950772e-05,0.44818458066133604,0.6540199899341335,49989,8.699671152866866e-05,0.3,1698,0.010961585652612252,0.1258454932924101,0.19775225755791126,-0.20420156579272675,0.005978228762152897,0.06863024581112569,-0.003988485018765842,-0.04578301173465866,-0.013955198799684558,-0.16016968193453907,
momentum_quality_20,41,动量质量,5,0.996295263514321,0.003704736485679039,0.0002589331952356292,0.006026014567451489,0.26728077083960156,0.022545634497095093,0.512987012987013,0.5366218258444629,0.5915288647538902,-0.002009061424140227,0.2735161565120782,-0.007345311698438951,0.49173553719008267,-0.1733072563075155,0.8624099202909786,1694,1694,0.0014708722352416964,0.09985165937041623,0.9204620947006215,0.0002546820967765806,0.6505809975750417,0.5153170001726481,49865,0.0009283308565265793,0.19999999999999998,1694,,,,,,,,,,,0.9664035909758987
momentum_quality_20,41,动量质量,20,0.996295263514321,0.003704736485679039,0.0002589331952356292,0.015128000179476608,0.261351718801428,0.05788368352369891,0.5282906491959499,0.7886986754580394,0.4302881422648852,0.0022089259190902796,0.25445450311969986,0.008681025063451765,0.49791542584871945,0.11979063112965385,0.9046490037741339,1679,1679,0.017866329631783306,0.6775616231241626,0.49804968573872,0.0007923118291206902,0.7403033390805583,0.4591159553361057,49400,0.0018622042933266144,-0.19999999999999998,1679,,,,,,,,,,,
vol_managed_momentum_20,42,波动率管理动量,1,0.996295263514321,0.003704736485679039,0.000298769071425726,0.0006481809044409373,0.20604384438017717,0.003145839694414558,0.5082449941107184,0.1281581188044096,0.8980238430408961,0.0016797844358407005,0.22874874705740333,0.007343360160216165,0.5058892815076561,0.3011184103309474,0.7633242027548074,1698,1698,0.0016797844358407005,0.3011184103309474,0.7633242027548074,9.282604974301864e-06,0.1326089788780198,0.8945026310232764,49989,0.00021026421453171817,0.7,1698,0.0264932910309965,0.43028948282488644,0.204760502552022,-0.0989366342931437,0.021333326366685546,0.3464771816948509,0.01101339703806364,0.17885669877756355,0.0006934677094417286,0.011260521876209474,
vol_managed_momentum_20,42,波动率管理动量,5,0.996295263514321,0.003704736485679039,0.000298769071425726,0.0050319026630565806,0.2114732627669038,0.02379450998778503,0.5017709563164109,0.5600408227361364,0.5754515931718567,0.012022698773056317,0.23636758216155185,0.05086441492149747,0.5106257378984652,1.205999824181733,0.2278175582220362,1694,1694,0.02315945152705762,1.8760999097397169,0.06064156209754976,0.0002714346259823533,0.8738411159869985,0.38220478574994077,49865,0.0013916360983740354,0.8999999999999998,1694,,,,,,,,,,,0.7286047081983691
vol_managed_momentum_20,42,波动率管理动量,20,0.996295263514321,0.003704736485679039,0.000298769071425726,0.008614855813774316,0.19098691490542083,0.04510704734950299,0.5122096486003573,0.6714780141399522,0.501916060898231,0.020032113762040667,0.21908818211944037,0.09143402244818369,0.5193567599761763,1.3397747603681318,0.18031858366182196,1679,1679,0.031329709070055486,1.4068825391484887,0.15946222200748372,0.0005341019815700131,0.7079275135789224,0.47899027274031003,49400,0.003757470306983348,0.6,1679,,,,,,,,,,,
tsmom_60,1,时间序列动量,1,0.9935067521810143,0.006493247818985748,0.0002788511333306776,0.005306276668434016,0.2866803374975722,0.018509384754993714,0.5111896348645465,0.7825749323752296,0.4338767667590918,0.002171479619864493,0.28187397099393324,0.007703725222330762,0.5170789163722026,0.3260868464692021,0.7443586485977243,1698,1698,0.002171479619864493,0.3260868464692021,0.7443586485977243,4.092535103824117e-05,0.4539581216908373,0.649858969054091,49849,7.289698526864719e-05,0.3,1698,0.009185020143849544,0.10163252423517634,0.12527483313702392,-0.15643808598328146,0.006028094348796531,0.06670464356361577,-0.00028575724130947293,-0.0031624044318525777,-0.006599608831415495,-0.07304304588169055,
tsmom_60,1,时间序列动量,5,0.9935067521810143,0.006493247818985748,0.0002788511333306776,0.004553741587354358,0.27995439083400286,0.016266012380761228,0.5165289256198347,0.37661759281165236,0.7064578117259672,0.003037465690774562,0.2739260257820608,0.011088634904633743,0.5141676505312869,0.2594104512667522,0.7953185667086793,1694,1694,0.0033857630963559857,0.23449980040885907,0.814596988119977,0.00022234974454408315,0.6738431195484472,0.5004110577473802,49725,0.0006638174957522096,0.49999999999999994,1694,,,,,,,,,,,0.9664035909758987
tsmom_60,1,时间序列动量,20,0.9935067521810143,0.006493247818985748,0.0002788511333306776,0.006626653568788679,0.269428970096593,0.024595178337403573,0.5217391304347826,0.30127257131589197,0.7632066547622134,0.008775911381148756,0.2636655615467622,0.03328425346740747,0.5223347230494342,0.40941005252751794,0.6822387636912981,1679,1679,0.03186536280370699,1.0378885913638072,0.29932192553908865,0.0008736706597325169,0.7572323592550017,0.44891066675414804,49260,0.0023788031161744313,0.9999999999999999,1679,,,,,,,,,,,
csmom_60,2,横截面动量,1,0.9964147711428913,0.0035852288571086577,0.34527745687766404,0.0051426351939596405,0.3097700015968571,0.01660146291587138,0.5176678445229682,0.7085290445263307,0.4786167820881053,0.0006933837048790005,0.30201093676497986,0.0022958893883322537,0.5064782096584217,0.09777620402781861,0.9221100032612682,1698,1698,0.0006933837048790005,0.09777620402781861,0.9221100032612682,2.229455742542009e-05,0.2217333106822898,0.8245214973372881,49879,0.00012966052781828165,0.3,1698,0.01633722650510349,0.1599439920135142,0.11609736945425991,-0.1632523612266773,0.01341157279485613,0.13130640507300562,0.007560265374361439,0.07402430346847472,0.0017089579538667223,0.016733891316074036,
csmom_60,2,横截面动量,5,0.9964147711428913,0.0035852288571086577,0.34527745687766404,0.004841512015650137,0.30098510256620725,0.016085553651563722,0.5188902007083825,0.3739084189196669,0.7084724526425163,0.0009961340747351162,0.29111958571684643,0.0034217349969163278,0.5094451003541912,0.08032229274204862,0.93598092845051,1694,1694,-0.0011571745090797753,-0.07615829123004492,0.9392931650517515,0.0002022435530469804,0.5724041233647843,0.5670482230238139,49755,0.0004201928215689259,0.49999999999999994,1694,,,,,,,,,,,0.9696173510773963
csmom_60,2,横截面动量,20,0.9964147711428913,0.0035852288571086577,0.34527745687766404,0.005605210308643735,0.29095194513579625,0.01926507247108319,0.5282906491959499,0.23676064437113997,0.8128424847732232,0.006845549674130965,0.28256847053135176,0.02422616246341409,0.5330553901131626,0.29902892321158075,0.764917977119576,1679,1679,0.01857590635200678,0.5524345326548086,0.5806506766340505,0.0009940013658741814,0.8928374634588859,0.3719442206550787,49290,0.0018630883756781012,0.7,1679,,,,,,,,,,,
trend_efficiency_60,3,趋势效率,1,0.9935067521810143,0.006493247818985748,0.0002788511333306776,0.0032385074092286456,0.26075679860077017,0.012419647068097884,0.5070671378091873,0.5101625178130925,0.6099376091737854,0.006430301658035502,0.2497894250630247,0.025742889861782838,0.519434628975265,1.0634217374512127,0.2875907393029814,1698,1698,0.006430301658035502,1.0634217374512127,0.2875907393029814,8.025522983457749e-05,1.1885511997839842,0.23461632088740647,49849,0.0002849014290938132,0.7,1698,0.035897580065820466,0.43993055700600137,0.2256870828425599,-0.16711634531424413,0.030210265578187952,0.3702397189125133,0.018835636602922933,0.23084512950442448,0.007461007627657921,0.09144088476874597,
trend_efficiency_60,3,趋势效率,5,0.9935067521810143,0.006493247818985748,0.0002788511333306776,0.0036438198734364945,0.25691279114071536,0.01418310025459462,0.5047225501770957,0.3364071299088627,0.736563873596249,0.0037749053021433597,0.24543673910261393,0.015380359582454851,0.49586776859504134,0.37225342272935247,0.7097041738775884,1694,1694,0.0036118248251690494,0.2783698966881378,0.7807284255655258,0.00024407201856421464,0.9338511524523655,0.3503806790278732,49725,0.000783485098713172,0.7,1694,,,,,,,,,,,0.9305010279728382
trend_efficiency_60,3,趋势效率,20,0.9935067521810143,0.006493247818985748,0.0002788511333306776,0.004725959251608021,0.23218105247137336,0.020354629291684797,0.49612864800476475,0.27799328689758146,0.781017512009074,-0.0009906414244103985,0.22127556382862806,-0.00447695808461536,0.48779035139964266,-0.06253189213712212,0.9501392653741918,1679,1679,0.020632232737746798,0.8579691687432589,0.39090948818899884,0.000556831774458276,0.5891136974694631,0.5557850054293834,49260,0.0009376316390615414,0.39999999999999997,1679,,,,,,,,,,,
realized_vol_60,24,已实现波动率,1,0.9952993666095685,0.0047006333904314745,0.00033860494761582283,-0.00033558451135140256,0.3444194173148093,-0.0009743484091800452,0.49469964664310956,-0.041836287451368845,0.9666292071222112,0.0017448204814686878,0.31421626396967894,0.005552928608549233,0.5,0.23946847856788536,0.8107423359446925,1698,1698,0.0017448204814686878,0.23946847856788536,0.8107423359446925,2.5118989885435915e-05,0.23767464178738218,0.8121334530607438,49939,5.4796382465375616e-05,0.0,1698,0.006904344190637317,0.06574318862274527,0.025068708284255985,-0.1528940106003981,0.006272612741874082,0.05972713212263661,0.005009149844347575,0.047695379204675925,0.0037456869468210628,0.035664163122642735,
realized_vol_60,24,已实现波动率,5,0.9952993666095685,0.0047006333904314745,0.00033860494761582283,-0.0028288132527065834,0.3404947883670568,-0.008307948753850217,0.48406139315230223,-0.19128044429913968,0.8483058814026196,-0.007895157536895106,0.3076155191286254,-0.02566566719149774,0.474025974025974,-0.5967530902150626,0.5506722413061834,1694,1694,-0.006272113412003355,-0.3869371245596951,0.6988027563206933,8.627601627046909e-05,0.2319481462847788,0.8165782887342068,49815,-7.820550279096243e-05,-0.09999999999999999,1694,,,,,,,,,,,0.8330682624888416
realized_vol_60,24,已实现波动率,20,0.9952993666095685,0.0047006333904314745,0.00033860494761582283,-0.002219012061495675,0.3402523331693244,-0.0065216659672143905,0.49434187016081,-0.07489114402069724,0.9403013228177286,-0.010865520252099607,0.3002934463695585,-0.03618300826561452,0.48481238832638474,-0.41680855088168056,0.6768184474395902,1679,1679,-6.481609214804179e-05,-0.0019385474621783387,0.9984532638783081,0.00032497660290622726,0.22759731394682856,0.8199593083157798,49350,-7.104580684679037e-05,-0.39999999999999997,1679,,,,,,,,,,,
momentum_quality_60,41,动量质量,1,0.9935067521810143,0.006493247818985748,0.0002788511333306776,0.0019084202187532047,0.28519054515433223,0.006691737335543343,0.5070671378091873,0.2825299515322926,0.77753718363516,0.002192437161484395,0.28205895786847635,0.007772974764044633,0.5135453474676089,0.32839213965000086,0.7426151854176879,1698,1698,0.002192437161484395,0.32839213965000086,0.7426151854176879,1.6484613502253987e-05,0.19795406350371508,0.8430810044579251,49849,0.00013189314880484408,0.6,1698,0.01661853674941034,0.1829616279498289,0.12395956026698077,-0.14962140512605493,0.013494755830682426,0.14857511618898564,0.007247193993226598,0.07979503663086261,0.0009996321557707525,0.011006964751577378,
momentum_quality_60,41,动量质量,5,0.9935067521810143,0.006493247818985748,0.0002788511333306776,-0.0014963274126946794,0.27421219006695574,-0.0054568230986715574,0.5035419126328218,-0.12766298802324844,0.898415681638623,0.002558738405927925,0.2733116949004972,0.00936197921153527,0.5159386068476978,0.2189875558030907,0.8266597415413857,1694,1694,0.002625246655880499,0.1820412450457431,0.8555503577839065,7.227377513310975e-05,0.23504288595783937,0.814175447265036,49725,0.0006167623359539672,0.6,1694,,,,,,,,,,,0.9664035909758987
momentum_quality_60,41,动量质量,20,0.9935067521810143,0.006493247818985748,0.0002788511333306776,-0.0038477630299414505,0.2683879483663392,-0.014336571568740493,0.5086360929124479,-0.18006670344861547,0.8571002021053793,0.007880780675898803,0.26312858397255123,0.029950302460187685,0.5217391304347826,0.3686224428407058,0.7124091649070303,1679,1679,0.029179369341454195,0.9549918690859317,0.33958180881198796,9.925780638630746e-05,0.08344771655740159,0.9334955484613898,49260,0.0022136869360539144,0.9999999999999999,1679,,,,,,,,,,,
vol_managed_momentum_60,42,波动率管理动量,1,0.9935067521810143,0.006493247818985748,0.0002788511333306776,0.008777826473565443,0.20515375730659247,0.0427865742690123,0.5182567726737338,1.8357001420783263,0.06640201694175975,0.007865348684580104,0.22740565085238446,0.03458730535102546,0.5017667844522968,1.4635786436289868,0.14330911129074642,1698,1698,0.007865348684580104,1.4635786436289868,0.14330911129074642,0.00011070727289326615,1.740088467658602,0.08184348492759148,49849,0.000320092147892291,0.9999999999999999,1698,0.040331610634428666,0.6671112005082548,0.12512760109933257,-0.15104613479371565,0.037178395086725484,0.6149729080281158,0.03087196399131914,0.5106736503955865,0.024565532895912772,0.4063533768664724,
vol_managed_momentum_60,42,波动率管理动量,5,0.9935067521810143,0.006493247818985748,0.0002788511333306776,0.016068439803584973,0.20421813494897462,0.078682727210293,0.5425029515938606,1.8480468973944577,0.06459555877635971,0.01446942860143675,0.2248579402613618,0.06434920014218011,0.5277449822904369,1.5269184755417788,0.12678128476707434,1694,1694,0.0177858213112724,1.4951092121789278,0.13488594205654314,0.0004634936248614204,1.92876641471212,0.05375986700970219,49725,0.0011758899340856182,0.8999999999999998,1694,,,,,,,,,,,0.5753919847121066
vol_managed_momentum_60,42,波动率管理动量,20,0.9935067521810143,0.006493247818985748,0.0002788511333306776,0.030090115333092197,0.20543788578823974,0.146468190215452,0.5497319833234068,1.8566632334424147,0.06335908145639045,0.025900921300230043,0.22222669871322806,0.11655179800719546,0.5282906491959499,1.5202653052290813,0.12844431011095753,1679,1679,0.033271956663026105,1.4218543872513458,0.15506852699813492,0.0019391739252742285,2.756686936668844,0.005839022592435051,49260,0.0055905569045752255,0.6,1679,,,,,,,,,,,
tsmom_120,1,时间序列动量,1,0.989323985181054,0.010676014818945978,0.0002788511333306776,0.006769896521081369,0.28082113319133,0.024107503748547587,0.5188457008244994,1.002127495675496,0.31628201973911774,0.005776276689489144,0.276637796762647,0.020880287354389043,0.5247349823321554,0.8655472456447451,0.3867384962265048,1698,1698,0.005776276689489144,0.8655472456447451,0.3867384962265048,5.157844608586114e-05,0.5739852259580964,0.5659777988892098,49639,0.00012082154917142176,0.6,1698,0.015223515195599138,0.17437013621762332,0.08586572438162543,-0.2105984219383129,0.01305969894118218,0.14959068846540277,0.008732066432348268,0.1000264227495624,0.004404433923514333,0.050455816639303465,
tsmom_120,1,时间序列动量,5,0.989323985181054,0.010676014818945978,0.0002788511333306776,0.013887225445415189,0.28306388397950566,0.0490603931882057,0.5330578512396694,1.13542840869438,0.2561958622723183,0.011693752991587526,0.2787157923632035,0.041955832112839236,0.5230224321133412,0.9875073662997916,0.32339397351150967,1694,1694,0.007338602635835545,0.5307929734464628,0.5955622497687771,0.0003578636793780228,1.0196492083228714,0.30789485833973584,49515,0.0008411544603936086,0.8999999999999998,1694,,,,,,,,,,,0.7286047081983691
tsmom_120,1,时间序列动量,20,0.989323985181054,0.010676014818945978,0.0002788511333306776,0.023430101843361237,0.2844452101325487,0.08237123006023915,0.56223942823109,0.9376815103532026,0.348408108549915,0.030731116533805117,0.27600796413230094,0.1113414123045904,0.5693865396069089,1.288564546251957,0.19754951565408463,1679,1679,0.030309673758744153,0.9892214282893239,0.3225548165096622,0.0013090269661346367,1.0238862517262086,0.3058890046537418,49050,0.0037497049315932474,0.8999999999999998,1679,,,,,,,,,,,
csmom_120,2,横截面动量,1,0.9928295422857826,0.007170457714217426,0.425925188224515,0.005916363468079424,0.2976758622057463,0.019875187138922865,0.5170789163722026,0.8297709709917,0.4066682864372241,0.005681092583601229,0.29093932430617303,0.01952672639612881,0.5223792697290931,0.8123175859690305,0.41660942215365704,1698,1698,0.005681092583601229,0.8123175859690305,0.41660942215365704,3.31645073243669e-05,0.35199157023816385,0.7248445844184732,49699,0.00013706634998910162,0.8999999999999998,1698,0.01727036009862681,0.17746090959326097,0.08711228896741263,-0.22763686165316532,0.01507513041664799,0.1549034383639307,0.010684671052690404,0.10978843397045783,0.00629421168873281,0.0646739997204682,
csmom_120,2,横截面动量,5,0.9928295422857826,0.007170457714217426,0.425925188224515,0.012973744228523095,0.30073727230871217,0.043139794841276995,0.538961038961039,1.0048180598301326,0.31498446602139074,0.011427759184140733,0.2923652372028854,0.03908727074898613,0.5371900826446281,0.9214100194879362,0.35683639963213276,1694,1694,0.006904354471661314,0.4720034289992698,0.6369243410472636,0.0003269480517154622,0.8608433518728423,0.38932432477507684,49575,0.0010714187440467818,0.8999999999999998,1694,,,,,,,,,,,0.7286047081983691
csmom_120,2,横截面动量,20,0.9928295422857826,0.007170457714217426,0.425925188224515,0.023588895023481285,0.3021272557520012,0.07807602450420442,0.5562835020845741,0.8903615087629126,0.3732718034358058,0.026808735939800106,0.2932525306826184,0.09141860047173705,0.55092316855271,1.0527059726757517,0.2924757704378841,1679,1679,0.026753578036749815,0.7940812931560781,0.42714810722389196,0.001299834897690526,0.9411139996907933,0.34664644198845906,49110,0.0030775593621556094,0.7,1679,,,,,,,,,,,
trend_efficiency_120,3,趋势效率,1,0.989323985181054,0.010676014818945978,0.0002788511333306776,-0.002890266088514779,0.2511762563632612,-0.011506923983828951,0.49823321554770317,-0.47248109411808964,0.6365834332123554,-0.0028373984037152796,0.24595999186311582,-0.011536016009036046,0.49646643109540634,-0.4763987138755887,0.6337903507666532,1698,1698,-0.0028373984037152796,-0.4763987138755887,0.6337903507666532,1.1760402096845279e-05,0.15858903290727103,0.8739926699116776,49639,2.2219388142464054e-05,0.49999999999999994,1698,0.002799642905950475,0.03545148932003215,0.17230074597565764,-0.17401525804957052,-0.0015423358926361078,-0.019531763477534887,-0.01022629348980925,-0.12951996658691603,-0.01891025108698239,-0.2395326153922522,
trend_efficiency_120,3,趋势效率,5,0.989323985181054,0.010676014818945978,0.0002788511333306776,-0.007179942082372043,0.2546650101937666,-0.028193673237281603,0.47992916174734357,-0.6487119502280907,0.5165245787195561,-0.010440031584304439,0.24749008210321077,-0.042183636190926764,0.48288075560802834,-0.9827294854053114,0.3257405948925617,1694,1694,-0.01403127298546988,-1.0092374897282879,0.3128607510615029,8.257301230326614e-06,0.025971651564585457,0.9792799495954001,49515,-0.00026609832045176943,-0.19999999999999998,1694,,,,,,,,,,,0.7286047081983691
trend_efficiency_120,3,趋势效率,20,0.989323985181054,0.010676014818945978,0.0002788511333306776,-0.025043896314172195,0.2611773121151894,-0.09588848323520098,0.4913639070875521,-1.1101309594195163,0.26694259803552367,-0.01859313886668747,0.2522073051223821,-0.07372165075736113,0.5062537224538416,-0.866671945776696,0.3861217809531058,1679,1679,-0.008445591198650146,-0.3048942370186531,0.760446705117237,-0.0007340374350516172,-0.6467540698652047,0.5177911227673988,49050,-0.0014980546800062305,-0.3,1679,,,,,,,,,,,
realized_vol_120,24,已实现波动率,1,0.9929092140381628,0.007090785961837209,0.0003585228857108712,-0.0011332532626612186,0.34345666092843785,-0.003299552437264688,0.49469964664310956,-0.14185655100903058,0.8871933144300305,0.00048410094851442483,0.3154294868400096,0.00153473587191919,0.49705535924617195,0.06626890063876963,0.9471637424754079,1698,1698,0.00048410094851442483,0.06626890063876963,0.9471637424754079,-2.1744869456248772e-07,-0.0019845210767670796,0.998416582311595,49819,3.40823973413303e-05,-0.19999999999999998,1698,0.004294382065007621,0.04068392643545997,0.015959952885747936,-0.15805669715223747,0.003892191252286773,0.03687317773170407,0.003087809626845074,0.029251958781078582,0.0022834280014033806,0.021631133768857395,
realized_vol_120,24,已实现波动率,5,0.9929092140381628,0.007090785961837209,0.0003585228857108712,-0.006191347541605041,0.34194069159829554,-0.018106495347674213,0.4846517119244392,-0.4151970217954034,0.6779976788392788,-0.00944778625766159,0.310295908709866,-0.030447666219458578,0.47520661157024796,-0.7078984053164709,0.47900835010046505,1694,1694,-0.005329473754567518,-0.32644813401047257,0.7440853246920933,-4.055186605049407e-05,-0.1012945552472569,0.9193166382478282,49695,0.00010619628997709161,-0.19999999999999998,1694,,,,,,,,,,,0.8159528855426698
realized_vol_120,24,已实现波动率,20,0.9929092140381628,0.007090785961837209,0.0003585228857108712,-0.012215180985772763,0.34546080671042034,-0.03535909355995928,0.4925550923168553,-0.4051319445434584,0.6853805264489479,-0.01528136334714486,0.30463319545916695,-0.050163158759214,0.478856462179869,-0.5789174434617516,0.5626448795954346,1679,1679,-0.003709783486519536,-0.1133332481496145,0.9097663588300615,-0.0003096065642521931,-0.20385773415795494,0.8384646746943473,49230,0.001257243615831721,0.0,1679,,,,,,,,,,,
momentum_quality_120,41,动量质量,1,0.989323985181054,0.010676014818945978,0.0002788511333306776,0.004076723864631775,0.2742823707703971,0.014863236937835927,0.5053003533568905,0.6165793148415398,0.5375122417285128,0.0052443099534146345,0.2761544771074381,0.01899049404646926,0.5229681978798587,0.7874252382082566,0.4310329773392836,1698,1698,0.0052443099534146345,0.7874252382082566,0.4310329773392836,3.1468598263316373e-05,0.3498319654571805,0.726464808036823,49639,7.396073072210139e-05,0.6,1698,0.00931905207098478,0.10664118815616709,0.0879367883784845,-0.2318147400561189,0.007103045003846974,0.08128348429384695,0.002671030869571356,0.030566346700915563,-0.0017609832647042696,-0.020152266187324987,
momentum_quality_120,41,动量质量,5,0.989323985181054,0.010676014818945978,0.0002788511333306776,0.006661997110244286,0.2781704572830109,0.02394933371183398,0.5212514757969303,0.5515472286421664,0.5812586002999178,0.011149109779767219,0.2781812677414546,0.040078578512084975,0.5236127508854782,0.9434421665626607,0.3454547837239158,1694,1694,0.006319146083682884,0.45655868570457725,0.647988280326162,0.00018305514796154777,0.497374549894149,0.6189249491471307,49515,0.0007895282049947348,0.7999999999999999,1694,,,,,,,,,,,0.7286047081983691
momentum_quality_120,41,动量质量,20,0.989323985181054,0.010676014818945978,0.0002788511333306776,0.008736252663057772,0.27993501708570356,0.031208145211726487,0.5294818344252531,0.3572848692593671,0.7208785560687512,0.029699016409351037,0.2751043905566764,0.10795544320195977,0.5681953543776057,1.2490370419776666,0.211651525878778,1679,1679,0.028861864398174588,0.9468596546851439,0.34371029889057436,0.00043939756221473593,0.345870762797505,0.7294398420383059,49050,0.003499129180152692,0.8999999999999998,1679,,,,,,,,,,,
vol_managed_momentum_120,42,波动率管理动量,1,0.989323985181054,0.010676014818945978,0.0002788511333306776,0.006489942874348218,0.19923782360342068,0.03257384946779148,0.5117785630153121,1.355731779056441,0.1751845242906026,0.005232140276338668,0.2141937013043952,0.024427143489635872,0.5047114252061249,1.0217995586370192,0.3068757783111121,1698,1698,0.005232140276338668,1.0217995586370192,0.3068757783111121,6.106107556196777e-05,1.0033647298751958,0.3156849150554104,49639,0.00024195616803633925,0.8999999999999998,1698,0.030486477172578748,0.5471192687082298,0.08963486454652532,-0.08831300590565239,0.028227678586006312,0.5065509338859118,0.023710081412861433,0.42541942873327065,0.01919248423971656,0.3443010775327448,
vol_managed_momentum_120,42,波动率管理动量,5,0.989323985181054,0.010676014818945978,0.0002788511333306776,0.01877324509293136,0.19765382610008012,0.09498042847612628,0.5312868949232585,2.2382762787753685,0.02520304403232209,0.01585906166955818,0.21302179476686553,0.07444807085075306,0.5360094451003542,1.7688162641772822,0.07692454166214223,1694,1694,0.008920948679579212,0.8175842224766778,0.4135946396303525,0.0004811564494890056,1.7347523871783928,0.08278467286580124,49515,0.0009874172213230569,0.8999999999999998,1694,,,,,,,,,,,0.4538547958066392
vol_managed_momentum_120,42,波动率管理动量,20,0.989323985181054,0.010676014818945978,0.0002788511333306776,0.03704429271617926,0.19911743716578706,0.18604243427126793,0.5658129839189994,2.209626919770873,0.027131065437949638,0.040602074152912525,0.21221894359937696,0.19132162974838088,0.5699821322215605,2.3560429794923716,0.018470780461343695,1679,1679,0.047595441207390995,2.04440892187341,0.04091316665462991,0.0020337949524730876,1.9461781854956088,0.05163333936618496,49050,0.0034987956687154063,0.7999999999999999,1679,,,,,,,,,,,
multi_horizon_trend,4,多周期趋势一致性,1,0.9928295422857826,0.007170457714217426,0.8161574313827032,0.004113260817012003,0.2588509414681499,0.01589046110353095,0.5082449941107184,0.6632685247253378,0.5071585912870369,0.0004242303448689521,0.2648072634031766,0.0016020343982145583,0.5017667844522968,0.06667315433907961,0.9468419064771025,1698,1698,0.0004242303448689521,0.06667315433907961,0.9468419064771025,1.8849086202572053e-05,0.22895928662806933,0.8189005601520558,49699,0.00013624246354010716,0.39999999999999997,1698,0.0171665504060535,0.22207423104481508,0.18533568904593642,-0.13396466480703006,0.012496091042095902,0.16163848366710953,0.003155172314180704,0.04080351550132339,-0.0061857464137344935,-0.07997628194877933,
multi_horizon_trend,4,多周期趋势一致性,5,0.9928295422857826,0.007170457714217426,0.8161574313827032,0.011485805918940122,0.26072899879521017,0.04405265993431616,0.5177095631641087,1.020370593106931,0.30755273503047864,0.007633650065622718,0.2638001530288696,0.02893724654051778,0.5106257378984652,0.6800735467928436,0.49645789328566015,1694,1694,0.005046795549844091,0.36061372249604207,0.7183882295897863,0.000341677359888552,0.9749565321947172,0.32958182207677966,49575,0.0010038782234501674,0.6,1694,,,,,,,,,,,0.8159528855426698
multi_horizon_trend,4,多周期趋势一致性,20,0.9928295422857826,0.007170457714217426,0.8161574313827032,0.0256741422192296,0.251320176927793,0.1021571070539476,0.5396069088743299,1.2556922731816558,0.2092275617463868,0.026672879368310164,0.2535524957059581,0.10519667453497437,0.5443716497915426,1.3075104786450267,0.19103939846333584,1679,1679,0.03657494687747779,1.2230155226357695,0.2213238334563138,0.0016972795649858778,1.5613324389309318,0.1184453335462495,49110,0.003540172578750254,0.7,1679,,,,,,,,,,,
carry,5,Carry,1,0.9976895191809744,0.0023104808190256287,0.001095486595227662,0.018403668600572604,0.27505420362286437,0.06690924318977674,0.535924617196702,2.7604646761120017,0.005771919950469155,0.023004415127345985,0.24387322814017917,0.09432939934728288,0.549469964664311,3.9075435106642376,9.323925448701952e-05,1698,1698,0.023004415127345985,3.9075435106642376,9.323925448701952e-05,0.0002046318714739591,2.236852980722388,0.025295950501517377,50059,0.0006744365192860545,0.7,1698,0.0849790014300429,1.0706148174696613,0.24112681586179815,-0.10803447322635662,0.07890260567032559,0.9941124057525232,0.06674981415089093,0.8410663633351506,0.054597022631456285,0.6879759099420818,
carry,5,Carry,5,0.9976895191809744,0.0023104808190256287,0.001095486595227662,0.03587746573894951,0.27666993176325616,0.12967605662927448,0.551357733175915,3.105365601974083,0.0019004396383239554,0.041299861980600046,0.2415407536699405,0.17098506712881792,0.564935064935065,4.20198112858871,2.6458919545431058e-05,1694,1694,0.03592186825918738,2.7596670362348497,0.005786029957602464,0.0010665049563656729,2.611375285673724,0.009017887287422689,49935,0.0028626596231605995,0.9999999999999999,1694,,,,,,,,,,,0.0015610762531804323
carry,5,Carry,20,0.9976895191809744,0.0023104808190256287,0.001095486595227662,0.08708509317106795,0.2871790587224433,0.30324318757251423,0.6343061346039309,3.6937867819454993,0.00022093907844671022,0.0901887973902755,0.2460396381708227,0.36656206317316387,0.6372840976771889,4.54482144385905,5.498184221686657e-06,1679,1679,0.08878379772131108,3.0629284438267477,0.002191824640748312,0.004978336209246664,3.126756234791788,0.0017674640914286028,49470,0.01316013286880834,0.9999999999999999,1679,,,,,,,,,,,
curve_curvature,10,期限结构曲率,1,0.9954387921762339,0.0045612078237661224,0.0001195076285702904,-0.007486538961302513,0.2329072103033295,-0.032143869447203155,0.4840989399293286,-1.3386957928610845,0.1806697264601721,-0.0072652232323730855,0.2037482258791677,-0.03565784782185886,0.4823321554770318,-1.4844284886474604,0.13769528157037692,1698,1698,-0.0072652232323730855,-1.4844284886474604,0.13769528157037692,-9.44661096763822e-05,-1.164241851888397,0.2443260139367318,49946,-0.0002337224764111052,-0.8999999999999998,1698,-0.029449032027799246,-0.4230901717729794,0.3403906556733412,-0.21027590018591524,-0.03802687655076745,-0.5463561915678856,-0.05518256559670384,-0.7928915070243739,-0.07233825464264022,-1.0393934453619795,
curve_curvature,10,期限结构曲率,5,0.9954387921762339,0.0045612078237661224,0.0001195076285702904,-0.019543614987013885,0.2315016221380896,-0.08442107146599695,0.4563164108618654,-2.22867445961159,0.02583557280620413,-0.021403999556583866,0.20078431492589657,-0.10660195027925083,0.46162927981109797,-2.9095918977901696,0.0036190097395682125,1694,1694,-0.01696876328156606,-1.444424514379987,0.14861959912108424,-0.00061052808360936,-2.2349511083383238,0.025420558702034038,49822,-0.0013565054326222787,-0.8999999999999998,1694,,,,,,,,,,,0.053380393658631134
curve_curvature,10,期限结构曲率,20,0.9954387921762339,0.0045612078237661224,0.0001195076285702904,-0.04158382111704651,0.23474516941882717,-0.1771445232291599,0.42703990470518166,-2.888171397491139,0.0038748866419911383,-0.028416415495241543,0.20789475594530418,-0.13668654298676838,0.44669446098868376,-2.3332968887483583,0.01963256863028872,1679,1679,-0.027432929980601994,-1.2293694760456406,0.21893330924992604,-0.0023831815624817104,-2.3930987282740666,0.016706744865918135,49357,-0.004267733618657618,-0.8999999999999998,1679,,,,,,,,,,,
term_structure_slope,44,期限结构斜率,1,0.9976895191809744,0.0023104808190256287,0.0,0.02335882914817441,0.2974536316423956,0.0785293123476026,0.5435806831566549,3.243811829589222,0.0011794163363771475,0.025747738268651923,0.2750104594388129,0.09362457821128996,0.5453474676089517,3.861735040267744,0.00011258462881478525,1698,1698,0.025747738268651923,3.861735040267744,0.00011258462881478525,0.0002551793640225221,2.7305880854735647,0.00632214356080347,50059,0.0006566815190114566,0.9999999999999999,1698,0.08274187139544353,0.9117202399845343,0.05858853553199843,-0.11038155868095734,0.08126544030003716,0.8954402288199454,0.07831257810922444,0.8628783727148128,0.0753597159184117,0.8303144596613296,
term_structure_slope,44,期限结构斜率,5,0.9976895191809744,0.0023104808190256287,0.0,0.044657761359172474,0.3099464916359696,0.14408216438733806,0.5619834710743802,3.306016740490098,0.0009463243368995103,0.03953594332095698,0.2839044498964188,0.1392579205270699,0.5537190082644629,3.233360776906877,0.0012234295190174968,1694,1694,0.040566015382281245,2.725675891477186,0.006416997574809329,0.0011498955538862211,2.7526559744578476,0.005911397964898279,49935,0.0027646529776589024,0.8999999999999998,1694,,,,,,,,,,,0.03195360240909626
term_structure_slope,44,期限结构斜率,20,0.9976895191809744,0.0023104808190256287,0.0,0.08645409422025618,0.3117789357234301,0.27729292878511547,0.6414532459797498,3.1456360702975545,0.001657260835364649,0.07913582463444961,0.28137161155523294,0.281250209276764,0.6527695056581299,3.2213047280553817,0.001276083882590588,1679,1679,0.08158978478778256,2.576629629996734,0.00997687881332435,0.004835854711664288,2.593302704024775,0.009505906277583208,49470,0.011917467257903385,0.9999999999999999,1679,,,,,,,,,,,
carry_change_5,6,Carry变化,1,0.9972911604190734,0.002708839580926603,0.0,0.0022665251133088377,0.23990352106623597,0.009447652553140574,0.5017667844522968,0.39516085626833247,0.692724178915967,0.00788569061052419,0.20823755651448672,0.03786872427104952,0.5276796230859835,1.5798493937487146,0.11414136085676259,1698,1698,0.00788569061052419,1.5798493937487146,0.11414136085676259,2.8223089801179182e-05,0.6163021149654322,0.5376951432525976,50039,0.00037055700526400373,0.6,1698,0.04669018266326447,0.6506143506179051,0.49270710639968585,-0.08559648279797227,0.0342739635819924,0.47763800171441595,0.00944152541944822,0.1315934099560422,-0.01539091274309594,-0.21453249085727344,
carry_change_5,6,Carry变化,5,0.9972911604190734,0.002708839580926603,0.0,-0.012478709669782305,0.23411233348344973,-0.0533022309594145,0.4722550177095632,-1.598277996477681,0.10998112209060934,0.006263900126922533,0.19945130383044732,0.0314056614653542,0.5100354191263282,0.9730438260178262,0.3305315208275773,1694,1694,0.005246559005209227,0.45083406427811573,0.6521091481724636,-0.0003278988791069032,-1.4586399801427363,0.14466422359906686,49915,-3.6145414920639256e-05,-0.09999999999999999,1694,,,,,,,,,,,0.7286047081983691
carry_change_5,6,Carry变化,20,0.9972911604190734,0.002708839580926603,0.0,-0.005478898300655595,0.24814560494049304,-0.022079368691496556,0.48481238832638474,-0.5751117803174193,0.5652157012869281,0.00742083822858504,0.20868021941331077,0.03556081285254628,0.509827278141751,0.9629923542561336,0.335551360215237,1679,1679,-0.015172021861994848,-0.6266764119639784,0.530871368869454,-0.00039999113225504403,-1.0168249412382133,0.309236714944886,49450,0.0002967474313738571,0.39999999999999997,1679,,,,,,,,,,,
basis_momentum_5,9,基差动量,1,0.9972911604190734,0.002708839580926603,0.0,0.005677542882726843,0.23799095351523203,0.023856128978295244,0.5135453474676089,0.9945141099956643,0.3199726394906377,0.009809724985449604,0.2074931393239422,0.047277346216900586,0.5188457008244994,1.9700312461817968,0.04883478962144668,1698,1698,0.009809724985449604,1.9700312461817968,0.04883478962144668,7.643750174439867e-05,1.2709141917439222,0.20375917704241586,50039,0.000305722595234672,0.7,1698,0.03852104699956868,0.5420788140083325,0.4870043188064389,-0.10898524761185846,0.026248538165646425,0.3693723736487303,0.0017035204978018894,0.02397070411691691,-0.022841497170042628,-0.3213743119117663,
basis_momentum_5,9,基差动量,5,0.9972911604190734,0.002708839580926603,0.0,-0.005504341930752553,0.23049669461059277,-0.023880350822608257,0.4817001180637544,-0.7202772085174812,0.4713543346093362,0.008653622996688164,0.19989176429256297,0.04329154343759086,0.5094451003541912,1.328945313015591,0.1838660127406503,1694,1694,0.009390558086552658,0.80417054649801,0.42129848648328305,-0.00017382648925422375,-0.8185706711097845,0.4130314059900334,49915,0.00020059317673138752,0.39999999999999997,1694,,,,,,,,,,,0.678005921981148
basis_momentum_5,9,基差动量,20,0.9972911604190734,0.002708839580926603,0.0,-0.0031118486216836745,0.24086775116811873,-0.012919324428415053,0.4854079809410363,-0.3431623042179934,0.7314763615728391,0.0063882033754852525,0.20699289189747955,0.03086194562975251,0.5134008338296605,0.8237171843669233,0.4101002729223717,1679,1679,-0.007413469081195125,-0.29046415063470227,0.7714611727505373,-0.00023677189495860184,-0.7134824516664754,0.47554726820171367,49450,-0.00034082083039115187,-0.09999999999999999,1679,,,,,,,,,,,
term_structure_momentum_5,45,期限结构动量,1,0.9972911604190734,0.002708839580926603,0.0,0.01265011091848371,0.2618677460543695,0.04830725092756275,0.5100117785630153,2.014457287959157,0.04396154489087786,0.01414925143882814,0.2235092468164199,0.0633049935980934,0.5200235571260307,2.6506452041718447,0.008033818561714236,1698,1698,0.01414925143882814,2.6506452041718447,0.008033818561714236,0.00016391374954571685,1.967959443365664,0.04907270433449519,50039,0.000538235165833315,0.8999999999999998,1698,0.06781763089499769,0.8818066437988828,0.3352179034157833,-0.13164000408343102,0.05937013972891996,0.7719630482029848,0.042475157396764475,0.5522688834087532,0.025580175064608995,0.33257931843707383,
term_structure_momentum_5,45,期限结构动量,5,0.9972911604190734,0.002708839580926603,0.0,0.004740469077463476,0.2664904208566234,0.01778851585818889,0.5011806375442739,0.4585121858788208,0.6465845097164755,0.006524549339076303,0.22884500999160898,0.02851077827441174,0.5118063754427391,0.7604642338638846,0.4469771404482169,1694,1694,0.012537018389145137,1.0022475335057368,0.31622405553293476,3.697924901502206e-05,0.07907373995670862,0.9369739705741627,49915,0.0004102199664721805,0.6,1694,,,,,,,,,,,0.8159528855426698
term_structure_momentum_5,45,期限结构动量,20,0.9972911604190734,0.002708839580926603,0.0,0.006549800982185525,0.2605825049077524,0.025135229183955343,0.5175699821322216,0.5056786037303174,0.6130822910157311,0.01010230486465414,0.22727843438529324,0.044449025231880254,0.5151876116736153,0.9140632442117337,0.36068361462807286,1679,1679,0.021429852642310926,0.9454431229848559,0.3444326953577006,0.00034943195742903886,0.32151916411087755,0.7478169917260463,49450,0.0012777888077267346,0.6,1679,,,,,,,,,,,
term_structure_acceleration_5,46,期限结构加速度,1,0.9968928016571724,0.0031071983428275773,0.0,0.013366745483113679,0.25659891108646044,0.052091980540828496,0.5,2.1566065461729593,0.031036334052419304,0.013056873002399215,0.2188655958367359,0.05965703724462509,0.519434628975265,2.4805138246585576,0.01311931762702929,1698,1698,0.013056873002399215,2.4805138246585576,0.01311931762702929,0.00018449127761683182,2.595593797024114,0.009442762562925842,50019,0.0005595690863933893,0.9999999999999999,1698,0.07050570488556707,0.9547574250446891,0.4032587357675697,-0.10559483421893423,0.06034358474422431,0.8171361265312023,0.040019344461538785,0.5418907320388535,0.01969510417885327,0.26666398434761196,
term_structure_acceleration_5,46,期限结构加速度,5,0.9968928016571724,0.0031071983428275773,0.0,-0.0006155728693832591,0.2673213542752961,-0.0023027448407631603,0.4935064935064935,-0.06356084599214142,0.9493199090418734,0.007373332518298787,0.22950562820599332,0.03212702266142613,0.5230224321133412,0.9189385056625322,0.3581277379280119,1694,1694,0.01221846896588744,0.9791102468020995,0.327525509201672,-6.295882922029816e-05,-0.19479353583052983,0.8455545830169385,49895,4.130410215694876e-06,0.6,1694,,,,,,,,,,,0.7286047081983691
term_structure_acceleration_5,46,期限结构加速度,20,0.9968928016571724,0.0031071983428275773,0.0,-0.0006167044195386892,0.2589855685243678,-0.0023812308270785513,0.5020845741512805,-0.07660375934722856,0.9389387682172824,0.002608161554486007,0.21905627149962478,0.01190635418301856,0.5128052412150089,0.3665968581712824,0.7139197521176752,1679,1679,-0.01867626464559564,-0.7830146309640885,0.43361852033118475,-2.428400412722792e-05,-0.048002466714296345,0.9617142767213477,49430,-0.00021481410957880035,0.19999999999999998,1679,,,,,,,,,,,
carry_change_20,6,Carry变化,1,0.9960960841333705,0.003903915866629526,0.0,-0.007952293594958562,0.23960547446579417,-0.033189114784160846,0.49352179034157834,-1.38202161429913,0.1669650645920705,0.0036214413461779314,0.20152271438983343,0.017970387889736705,0.5094228504122497,0.7558827036036712,0.44971952504146506,1698,1698,0.0036214413461779314,0.7558827036036712,0.44971952504146506,-8.035381699640581e-05,-1.421252441519023,0.15524338406919172,49979,7.258690486038322e-05,0.7,1698,0.009145950012408298,0.133426574148693,0.3450431880643895,-0.14354007691515402,0.0004508616731856757,0.006577440884464061,-0.016939315005259564,-0.24711120203063555,-0.03432949168370479,-0.5007533509997246,
carry_change_20,6,Carry变化,5,0.9960960841333705,0.003903915866629526,0.0,-0.01901825240682494,0.24413851562860184,-0.07789943490832331,0.4734356552538371,-1.9705590703748963,0.04877433213370471,-0.00524053896271223,0.2040508166187317,-0.025682518940878144,0.48110979929161746,-0.6770842386630673,0.4983525084824718,1694,1694,-0.014336026935079968,-1.246945656045588,0.21241742448715373,-0.0002933972593105134,-1.2763006031694113,0.20184927705635558,49855,-0.0003077735486878991,0.0,1694,,,,,,,,,,,0.8159528855426698
carry_change_20,6,Carry变化,20,0.9960960841333705,0.003903915866629526,0.0,-0.019206077308017034,0.2571660464433428,-0.07468356563255872,0.47170935080405,-1.1451286306595334,0.2521558770203015,-0.0024959071729190865,0.2130754910222346,-0.011713722497810114,0.4860035735556879,-0.19195952155746274,0.847773912824713,1679,1679,0.022365594631604483,0.9704747211524339,0.33180991933177917,-0.0007459207256847761,-0.48287849064870275,0.6291820150904575,49390,0.00018511947389683643,0.3,1679,,,,,,,,,,,
basis_momentum_20,9,基差动量,1,0.9960960841333705,0.003903915866629526,0.0,-0.007508156972334331,0.2344484456099786,-0.032024767546655765,0.4958775029446408,-1.3315032793086419,0.18302346668762615,0.0029767540330907947,0.20017804831640973,0.014870531799698706,0.5053003533568905,0.6218662017973159,0.5340298507782129,1698,1698,0.0029767540330907947,0.6218662017973159,0.5340298507782129,-7.453925184769004e-05,-1.4991554891023686,0.1338332991698262,49979,-6.870008147505252e-05,0.09999999999999999,1698,-0.00865621026585662,-0.12697614313353478,0.33341185708676874,-0.166431519578221,-0.017058189064443195,-0.25019008221615613,-0.03386214666161635,-0.49650137406993833,-0.05066610425878949,-0.7426254609315426,
basis_momentum_20,9,基差动量,5,0.9960960841333705,0.003903915866629526,0.0,-0.015740185150078384,0.23436341014594916,-0.0671614444433806,0.4757969303423849,-1.7252415794451126,0.08448394530994957,-0.006114435991211052,0.20268829508569858,-0.03016669506557253,0.47461629279811096,-0.7912709292663028,0.4287859087169933,1694,1694,-0.014355549108421033,-1.2389074785235716,0.21537976381458046,-0.00023857571467230152,-1.240803771840641,0.21467824752794262,49855,-0.0004929619961593283,0.0,1694,,,,,,,,,,,0.8159528855426698
basis_momentum_20,9,基差动量,20,0.9960960841333705,0.003903915866629526,0.0,-0.016622717914442607,0.2477473193216394,-0.06709545015444573,0.4592019058963669,-1.071111030819248,0.28411950890678395,-0.006533615543931422,0.21557407321626934,-0.03030798391686339,0.467540202501489,-0.5091597495775744,0.6106402536714862,1679,1679,0.021193548904497577,0.8450170350020118,0.3981013279472637,-0.0006231695121845567,-0.4735236818040614,0.6358396095125929,49390,-0.0014008351981942594,0.0,1679,,,,,,,,,,,
term_structure_momentum_20,45,期限结构动量,1,0.9960960841333705,0.003903915866629526,0.0,0.009467553586914203,0.269045035284791,0.03518947516311742,0.5288574793875147,1.455683403654409,0.14548015986341223,0.008937898675004772,0.23174162427264502,0.03856837848210339,0.5147232037691402,1.5849849308784294,0.11296975808475568,1698,1698,0.008937898675004772,1.5849849308784294,0.11296975808475568,8.741203198462907e-05,0.7130775705250272,0.4757977579520867,49979,0.0001473329780286793,0.6,1698,0.018563955231613593,0.22945424271084866,0.17568708284255985,-0.20797328083480981,0.014136640743981086,0.17473636725958566,0.005282011768716067,0.06529123428386015,-0.003572617206548945,-0.044162570014882406,
term_structure_momentum_20,45,期限结构动量,5,0.9960960841333705,0.003903915866629526,0.0,0.004908159601296877,0.2668107743520574,0.01839565742131744,0.5088547815820543,0.4345559261334288,0.6638847921714128,0.001444685213808193,0.23171334902546314,0.00623479493039236,0.5088547815820543,0.1535352874052089,0.877976164861763,1694,1694,0.00044792809260704096,0.0368689603974419,0.9705894889274276,4.721872929320175e-05,0.0906470356307115,0.9277730567198632,49855,9.153360631388425e-06,0.3,1694,,,,,,,,,,,0.9664035909758987
term_structure_momentum_20,45,期限结构动量,20,0.9960960841333705,0.003903915866629526,0.0,0.007652472991424885,0.25068089362412627,0.0305267500876995,0.5163787969029184,0.4527902484236374,0.6506997861731189,0.014429601946868502,0.21481553086537905,0.06717206101783799,0.5265038713519953,1.0031540633769294,0.31578653301072,1679,1679,0.02887009042419816,1.2158823571757054,0.2240297398063299,0.0002467581497533807,0.24128333275185326,0.809335527878786,49390,0.0026702128707211835,0.7,1679,,,,,,,,,,,
term_structure_acceleration_20,46,期限结构加速度,1,0.9945026490857667,0.005497350914233312,0.0,0.002174874888827291,0.26188582267489047,0.008304668296333162,0.5082449941107184,0.3422380932245154,0.7321717199034689,0.003813607819815848,0.22999314350055344,0.01658139787026595,0.5017667844522968,0.6802243624880481,0.4963624085998747,1698,1698,0.003813607819815848,0.6802243624880481,0.4963624085998747,2.2705053887377088e-05,0.16087485637417268,0.8721919660424147,49899,9.80187421753926e-05,0.7,1698,0.012350361514099451,0.16125186177158632,0.20644876325088338,-0.19219295889364407,0.007147852680177199,0.09332464597345985,-0.003257164987667337,-0.04252520398290684,-0.013662182655511858,-0.17836321960690124,
term_structure_acceleration_20,46,期限结构加速度,5,0.9945026490857667,0.005497350914233312,0.0,-0.002346724306231246,0.26128533336312826,-0.008981462051564233,0.48937426210153484,-0.2140959095461559,0.8304722655558611,-0.0016215484159664566,0.22446202733256052,-0.007224154727801634,0.4970484061393152,-0.17953980498366126,0.8575138652138536,1694,1694,0.001111114837083712,0.08871929128577613,0.9293050007626826,-0.00019214405213937162,-0.2662103661636617,0.7900771999544243,49775,-0.0003784805947740152,-0.6,1694,,,,,,,,,,,0.9664035909758987
term_structure_acceleration_20,46,期限结构加速度,20,0.9945026490857667,0.005497350914233312,0.0,-0.018003563134007538,0.26032699896837375,-0.06915749501723688,0.45741512805241213,-0.9986634852628554,0.3179577349667837,-0.012682699066524387,0.2214299788532224,-0.05727634140692065,0.4871947587849911,-0.8614739215161422,0.38897707818879723,1679,1679,0.006132886894050086,0.26646253519168234,0.7898830092475784,-0.0008505706537195274,-0.5858659391755626,0.5579656079383163,49310,-0.0027756021660509025,-0.7,1679,,,,,,,,,,,
carry_change_60,6,Carry变化,1,0.9929092140381628,0.007090785961837209,0.0,0.005333917595868464,0.24538563260519713,0.02173687815068719,0.5082449941107184,0.9074638399408682,0.36416156311991166,0.011139931166720917,0.20695675538588687,0.05382733772545696,0.516489988221437,2.258206887372881,0.02393276407383281,1698,1698,0.011139931166720917,2.258206887372881,0.02393276407383281,2.1585441477001956e-05,0.23247209799665697,0.816171356206019,49819,0.00032604997070609045,0.7,1698,0.041082296308967405,0.5900535789713817,0.30327836670592856,-0.16231004570759688,0.033439681467978016,0.48026358711465833,0.018154451785999202,0.26070415547737213,0.0028692221040204084,0.04119620609753987,
carry_change_60,6,Carry变化,5,0.9929092140381628,0.007090785961837209,0.0,0.004108986878693934,0.24834521035790846,0.016545464568340867,0.5165289256198347,0.4140870623333648,0.678810347411573,0.01155978102253184,0.20486956440895643,0.05642507736999158,0.525383707201889,1.4803080726850248,0.13879104986337368,1694,1694,0.00826711925454875,0.753927131757368,0.45089297784460736,0.0001918765584235851,0.4561470268318374,0.6482842552413219,49695,0.0009317169435954382,0.7999999999999999,1694,,,,,,,,,,,0.5849051387099319
carry_change_60,6,Carry变化,20,0.9929092140381628,0.007090785961837209,0.0,0.018063850566320375,0.2467253161783511,0.07321441855307018,0.5461584276354973,1.0274945488267322,0.3041876509666449,0.026034640299885052,0.1995531203859788,0.13046471159923953,0.55092316855271,1.9753104709986302,0.04823292568666205,1679,1679,0.024046012518124386,1.0219220987902788,0.3068177722429394,0.0009768212739333937,0.636776567620867,0.5242703913342539,49230,0.003000201506359903,0.8999999999999998,1679,,,,,,,,,,,
basis_momentum_60,9,基差动量,1,0.9929092140381628,0.007090785961837209,1.99179380950484e-05,0.003790420945793619,0.23641965656195119,0.01603259644698951,0.5094228504122497,0.6660798428176201,0.5053600678354461,0.007272126328585457,0.20537644829529902,0.03540876468040426,0.5111896348645465,1.4848645346219789,0.1375797124600791,1698,1698,0.007272126328585457,1.4848645346219789,0.1375797124600791,1.990192067728861e-05,0.27644946653206964,0.7822028676056608,49819,0.00015371135086330687,0.7,1698,0.019367630208776663,0.2810951932504944,0.2855221829603455,-0.15869793178302982,0.01217247119817598,0.17666499481006578,-0.0022178468230254554,-0.032186873040134116,-0.01660816484422687,-0.24100470895865,
basis_momentum_60,9,基差动量,5,0.9929092140381628,0.007090785961837209,1.99179380950484e-05,0.006210795445897732,0.23799187071407904,0.0260966705596399,0.5159386068476978,0.6559383561382204,0.5118637878448218,0.009704576579170284,0.2040413295598762,0.047561817991008844,0.5224321133412042,1.2474622372532367,0.21222805836143455,1694,1694,0.008651387382524245,0.8150018339135204,0.4150712603374168,0.0002072130105231718,0.5792712678812381,0.5624061493325396,49695,0.0005354212240696015,0.8999999999999998,1694,,,,,,,,,,,0.7286047081983691
basis_momentum_60,9,基差动量,20,0.9929092140381628,0.007090785961837209,1.99179380950484e-05,0.0158461128987938,0.23580197086767424,0.06720093492215218,0.5360333531864205,0.9530492000463741,0.3405651431114285,0.0180572611335798,0.19980721093623346,0.09037342070373326,0.5348421679571174,1.3557828218458292,0.17516827849720962,1679,1679,0.009080402856026563,0.4051823265095464,0.685343495064169,0.0007666567800027941,0.5594654402199282,0.5758441109846018,49230,0.0016572199519214086,0.7999999999999999,1679,,,,,,,,,,,
term_structure_momentum_60,45,期限结构动量,1,0.9929092140381628,0.007090785961837209,0.0,0.011895215884815217,0.2608253090004275,0.045606064574031505,0.525323910482921,1.9184372690145512,0.05505558918844533,0.010649736776515517,0.2297826961114294,0.04634699199173422,0.5229681978798587,1.92118065188596,0.05470893651773519,1698,1698,0.010649736776515517,1.92118065188596,0.05470893651773519,8.653815741625626e-05,1.1830033213723983,0.236807831095177,49819,0.00023516109770418758,0.49999999999999994,1698,0.029630298310727648,0.3744717841839736,0.10897133882999606,-0.16560772248527744,0.026884220572211744,0.3397648232911642,0.021392065095179942,0.2703500167301966,0.01589990961814813,0.20093565480655512,
term_structure_momentum_60,45,期限结构动量,5,0.9929092140381628,0.007090785961837209,0.0,0.01702784489007943,0.26672925006761944,0.06383943600397274,0.538961038961039,1.4812080448142746,0.1385511431223703,0.013328043594284586,0.22632122575374652,0.058889940834742735,0.5377804014167651,1.4094311524607193,0.1587077178765205,1694,1694,0.017844817640263907,1.4942072000407753,0.13512147130182822,0.0003369842017702826,0.9317458211820713,0.3514679000749882,49695,0.0011783713238769054,0.09999999999999999,1694,,,,,,,,,,,0.6242503569809805
term_structure_momentum_60,45,期限结构动量,20,0.9929092140381628,0.007090785961837209,0.0,0.034446714033806294,0.2533012357587837,0.13599110138810994,0.5801072066706373,1.6734202237238376,0.0942445993244104,0.03820564301006802,0.21499266995564417,0.1777067237592349,0.5693865396069089,2.235302797897971,0.025397476513215146,1679,1679,0.0459385841365819,1.7742502239731581,0.07602177000315324,0.001525059277452133,0.8006003987277684,0.42336301983695646,49230,0.004482347902370058,0.8999999999999998,1679,,,,,,,,,,,
value_60,11,价值因子,1,0.9959367406286102,0.004063259371389849,0.0,-0.0018383129948567668,0.2783843111749845,-0.006603507888421395,0.4870435806831567,-0.27981052466924744,0.7796228766018802,0.006437480615087544,0.28092610229494935,0.02291520995200623,0.5011778563015312,0.9668418441043136,0.333623102738687,1698,1698,0.006437480615087544,0.9668418441043136,0.333623102738687,-1.663192022941945e-05,-0.18145237016564503,0.8560125155952522,49971,-0.0001637102858535663,-0.09999999999999999,1698,-0.020627496017549343,-0.2340416871941585,0.17713977228111505,-0.25358541575205307,-0.02509141827903346,-0.2846812897585769,-0.034019262802001654,-0.385948147841131,-0.04294710732496986,-0.48719569863506007,
value_60,11,价值因子,5,0.9959367406286102,0.004063259371389849,0.0,-0.002572813934277917,0.2716099497910802,-0.009472458340561164,0.49940968122786306,-0.22017361527093107,0.8257359444082863,0.00220029218382367,0.27190322243984943,0.00809218869890525,0.4988193624557261,0.1908852095067778,0.8486155282100465,1694,1694,0.0008845916485673514,0.06050638799589462,0.9517523282885832,-0.0001454688910406009,-0.4220658510440474,0.6729769527482089,49847,-0.0006797246404616346,-0.19999999999999998,1694,,,,,,,,,,,0.9664035909758987
value_60,11,价值因子,20,0.9959367406286102,0.004063259371389849,0.0,-0.010574804678943785,0.26361017241962365,-0.04011531338824987,0.46873138773079215,-0.5152428307951241,0.6063833426880132,-0.004049995853515214,0.2623065276191482,-0.015439935446042507,0.48779035139964266,-0.201344081271111,0.8404295363912054,1679,1679,-0.010990553813531726,-0.37662639795864983,0.7064512672389387,-0.0009249055853325556,-0.8583342331026417,0.39070793160817396,49382,-0.001747236467924793,-0.19999999999999998,1679,,,,,,,,,,,
value_120,11,价值因子,1,0.9948014181571924,0.005198581842807637,0.0,-0.005196997400118235,0.2798575596346334,-0.018570151926226856,0.4823321554770318,-0.7883207039010318,0.4305091403035197,6.893868402412631e-06,0.27992567297240223,2.4627496039251446e-05,0.5017667844522968,0.0010395416064972157,0.9991705659512512,1698,1698,6.893868402412631e-06,0.0010395416064972157,0.9991705659512512,-4.599627247913708e-05,-0.48228802761212985,0.6296013510335083,49881,-0.000171207632279589,-0.3,1698,-0.021572161667228213,-0.24237026869085002,0.1289654495484884,-0.23698908120875029,-0.024822090995850123,-0.2788813887589379,-0.03132194965309393,-0.35189899580056005,-0.03782180831033775,-0.424908794725843,
value_120,11,价值因子,5,0.9948014181571924,0.005198581842807637,0.0,-0.00704281111971232,0.2714734108233957,-0.02594291315068771,0.48642266824085006,-0.6027702600296506,0.5466615337797701,-0.0008240407039938961,0.2716448640728055,-0.003033522120164359,0.5023612750885478,-0.0714789545538741,0.9430165735415245,1694,1694,-0.001672594468719953,-0.11691484492888517,0.9069275342802039,-0.0002864818996752143,-0.7922568627735022,0.4282109187947364,49757,-0.000989381851216194,-0.3,1694,,,,,,,,,,,0.9696173510773963
value_120,11,价值因子,20,0.9948014181571924,0.005198581842807637,0.0,-0.021834270063882097,0.2619770573919139,-0.08334420686013869,0.45503275759380585,-1.0220793591456758,0.306743341531198,-0.019057078561087053,0.25534466419338775,-0.074632765956895,0.4729005360333532,-0.9152159128663855,0.3600782923778335,1679,1679,-0.03185325788853518,-1.120528891690436,0.26248844783354774,-0.001533014076460391,-1.2729001237351003,0.20305348535423728,49292,-0.0039672385313894686,-0.49999999999999994,1679,,,,,,,,,,,
value_252,11,价值因子,1,0.9925307732143569,0.007469226785643102,0.0,-0.004367626101587845,0.279609704046532,-0.015620438197885273,0.4882214369846879,-0.6526144174669904,0.514004888486662,-0.003026808914479389,0.28229016248847566,-0.010722332254858356,0.48586572438162545,-0.4478607447865824,0.654253700468914,1698,1698,-0.003026808914479389,-0.4478607447865824,0.654253700468914,-2.900158653302064e-05,-0.32011193432923124,0.7488834790177881,49684,-0.00014390542441202337,-0.19999999999999998,1698,-0.01813208347591494,-0.19806190557050257,0.09016489988221438,-0.29270288764612784,-0.020404238952946754,-0.22288300922697785,-0.02494854990701036,-0.2725249649480803,-0.029492860861073972,-0.3221657414299512,
value_252,11,价值因子,5,0.9925307732143569,0.007469226785643102,0.0,-0.007456476599907323,0.2773619349828373,-0.02688356136673447,0.49763872491145217,-0.6214545822465466,0.5343005686794298,-0.00507029693008342,0.276141739702062,-0.018361211657295717,0.49586776859504134,-0.43080911320160636,0.6666071726793258,1694,1694,-0.003381102505596782,-0.2388374501649465,0.8112316294063888,-0.000220258814509938,-0.642701576008409,0.5204177581984529,49560,-0.0007468564951997499,-0.3,1694,,,,,,,,,,,0.9305010279728382
value_252,11,价值因子,20,0.9925307732143569,0.007469226785643102,0.0,-0.021620111806969596,0.2697010247863101,-0.08016325419638162,0.4508636092912448,-0.9382246197820155,0.3481289886339711,-0.027995894234644058,0.26633505191717,-0.1051153200944454,0.45503275759380585,-1.2325574235395647,0.21774093003775052,1679,1679,-0.035110452459888336,-1.1515136267644448,0.24952099248676363,-0.0014022393687285301,-1.0845768881210285,0.27810909592454924,49095,-0.004180592961049549,-0.6,1679,,,,,,,,,,,
reversal_5,12,短期反转,1,0.9997012309285743,0.0002987690714256752,0.0025694140142612436,0.016230531199773707,0.313370606243205,0.051793406517448834,0.5170789163722026,2.2154450542957735,0.02672953178196571,0.025451653663589008,0.28498798741216896,0.08930781221588509,0.5259128386336867,3.8154291549822474,0.00013594645652997958,1698,1698,0.025451653663589008,3.8154291549822474,0.00013594645652997958,0.00016254965407325593,1.7648922373652802,0.07758187857394518,50044,0.0005429860603616857,0.8999999999999998,1698,0.0684162436055724,0.6970246774472852,0.36254416961130737,-0.15663759753513107,0.05928013053136745,0.6039513350652286,0.04100790438295755,0.41779393454422187,0.022735678234547658,0.23163077848091176,
reversal_5,12,短期反转,5,0.9997012309285743,0.0002987690714256752,0.0025694140142612436,0.013476121828403362,0.2961775121287396,0.04550015202553829,0.5206611570247934,1.2116808412264346,0.22563457570999046,0.01685606386452517,0.26962052034111816,0.06251773360276598,0.5318772136953955,1.6867722741539357,0.09164714866804005,1694,1694,0.016166504564823245,1.11246331333876,0.26593899550061106,0.0003401907388766608,1.029527607066225,0.3032318137731339,49920,0.0009059147943995308,0.9999999999999999,1694,,,,,,,,,,,0.4915619792194876
reversal_5,12,短期反转,20,0.9997012309285743,0.0002987690714256752,0.0025694140142612436,0.008117954171504542,0.3123007693907619,0.02599402552654959,0.49851101846337104,0.4909356115800666,0.6234719887671649,0.006663817116576154,0.2837262973274349,0.02348677996839244,0.49851101846337104,0.46331434310929626,0.6431390662908454,1679,1679,0.017344532861774238,0.5881088473960782,0.5564592349806858,0.00022620026189010492,0.26850777330055375,0.7883084922626048,49455,0.0006149607763862031,0.09999999999999999,1679,,,,,,,,,,,
oi_growth_5,18,持仓量增长,1,0.9972911604190734,0.002708839580926603,0.0,-0.00793681891661192,0.21382542682688827,-0.03711821851307478,0.48586572438162545,-1.5390675976017623,0.12378779445849877,-0.015297587714263495,0.21322907901938104,-0.07174250240452922,0.46996466431095407,-2.986505018333436,0.002821862067784493,1698,1698,-0.015297587714263495,-2.986505018333436,0.002821862067784493,-0.00010311456510045603,-1.5070038196594915,0.1318096781376973,50039,-0.00044096465939860545,-0.8999999999999998,1698,-0.05556154708422428,-0.839391891342093,0.32949548488417746,-0.33719994263111486,-0.06386483330330554,-0.9649133042454779,-0.0804714057414681,-1.2159899584147915,-0.09707797817963065,-1.4670919347782303,
oi_growth_5,18,持仓量增长,5,0.9972911604190734,0.002708839580926603,0.0,-0.0012323872764059818,0.21260929820490426,-0.005796488144268539,0.5011806375442739,-0.1519066902345416,0.8792605314918703,-0.007370939897701236,0.210176292450279,-0.035070272730426844,0.4769775678866588,-0.9370783967020052,0.3487182330134351,1694,1694,-0.012190006862159795,-1.0635901379043036,0.28751441197797056,0.00019833000345186022,0.7909197698902171,0.42899081093964975,49915,0.0005120906276538757,-0.09999999999999999,1694,,,,,,,,,,,0.7286047081983691
oi_growth_5,18,持仓量增长,20,0.9972911604190734,0.002708839580926603,0.0,-0.009532261269482919,0.2163885079870576,-0.044051605873880566,0.4865991661703395,-0.9409766762391478,0.34671681181614356,-0.012910549107130445,0.2101204676068285,-0.061443557851243225,0.4889815366289458,-1.2523210253511259,0.21045291053911752,1679,1679,-0.022627271704818187,-1.138612213172174,0.25486493215298,-0.00022558817527757054,-0.44019310562117164,0.6597972527007849,49450,9.749690735988596e-05,-0.19999999999999998,1679,,,,,,,,,,,
reversal_20,12,短期反转,1,0.9988049237142971,0.001195076285702923,0.002649085766641437,0.00718889933330281,0.3258009274112369,0.022065312675518384,0.5053003533568905,0.9227534161849801,0.35613572206278654,0.01152451852522728,0.29476099271909445,0.03909784133550561,0.5170789163722026,1.6170401990989907,0.10586960390623842,1698,1698,0.01152451852522728,1.6170401990989907,0.10586960390623842,0.00010135031985833955,0.9262438878504181,0.35431924931572045,49999,0.0002490964298866057,0.3,1698,0.03138615016571232,0.3139987591192103,0.19311935610522185,-0.1552586368095027,0.026519542391860735,0.26531572479754156,0.016786326844157543,0.1679435664834882,0.0070531112964543645,0.07056585225993295,
reversal_20,12,短期反转,5,0.9988049237142971,0.001195076285702923,0.002649085766641437,0.011006352836673233,0.3224522657586628,0.03413327802419867,0.4946871310507674,0.7966372658684001,0.42566172784451317,0.011451687104314484,0.2940599185884165,0.038943379836620766,0.5082644628099173,0.9191786462157835,0.3580021383738391,1694,1694,0.011945744598544661,0.7414502122441784,0.4584205089272194,0.00031227439506347507,0.7238443763541984,0.4691612820028844,49875,0.0006982320842415849,0.0,1694,,,,,,,,,,,0.7286047081983691
reversal_20,12,短期反转,20,0.9988049237142971,0.001195076285702923,0.002649085766641437,0.008417023699748115,0.311111102408897,0.02705471979166311,0.5128052412150089,0.3563104601626846,0.7216080766341448,0.010617553186091014,0.27493209019104675,0.03861882102854204,0.5145920190589637,0.5291191488414626,0.5967227986197676,1679,1679,0.00018643988213350998,0.006095463222151535,0.9951365541207449,0.0004696056735342161,0.4154111121472457,0.677840973371422,49410,0.0009636157125860683,0.7999999999999999,1679,,,,,,,,,,,
oi_growth_20,18,持仓量增长,1,0.9960960841333705,0.003903915866629526,0.0,-0.005555110721861717,0.2245835243619814,-0.024735165848177035,0.4929328621908127,-1.0092870785409593,0.3128369752503537,-0.007141882939398688,0.21907312236860332,-0.032600452589442046,0.4870435806831567,-1.3357363426210085,0.1816354661536268,1698,1698,-0.007141882939398688,-1.3357363426210085,0.1816354661536268,-5.577752008761923e-05,-0.8961101900444319,0.37019391523152867,49979,-0.0001925263412169173,-0.3,1698,-0.02425831899333157,-0.3562827808197724,0.19901845308205732,-0.22653339063957678,-0.029273584010999405,-0.42991693302879014,-0.039304114046335104,-0.5771510995669787,-0.049334644081670785,-0.7243327767059029,
oi_growth_20,18,持仓量增长,5,0.9960960841333705,0.003903915866629526,0.0,-0.0067147062840522765,0.22162405234194493,-0.030297732638207158,0.49055489964580873,-0.725264039870952,0.4682900621409689,-0.00622109880289965,0.21532518511067286,-0.028891644977349626,0.47992916174734357,-0.7022048675044209,0.482551410515228,1694,1694,-0.004854425709653248,-0.45124692971005803,0.6518115894517817,-3.524338674620284e-05,-0.1357110987452935,0.8920496733708543,49855,-6.0224100112689915e-06,-0.09999999999999999,1694,,,,,,,,,,,0.8159528855426698
oi_growth_20,18,持仓量增长,20,0.9960960841333705,0.003903915866629526,0.0,-0.018098180819834758,0.21672916201240366,-0.08350597885299338,0.44907683144729005,-1.1854812259275618,0.23582723326788257,-0.018200291290727956,0.21242965852649606,-0.08567679022304628,0.45681953543776055,-1.2188843131440548,0.22288810439966011,1679,1679,-0.027093697599020975,-1.2132048527746526,0.2250515092490657,-0.0005302875368530811,-0.5791127917104262,0.5625130693637423,49390,-0.0015680727708317589,-0.3,1679,,,,,,,,,,,
price_oi_20,19,价格—持仓量交互,1,0.9960960841333705,0.003903915866629526,0.0,0.0007756723359961387,0.2660793382701939,0.0029151919162113656,0.5058892815076561,0.1219302312404572,0.9029542731829505,-0.0026212484322239017,0.23090315207875944,-0.011352155259144372,0.49469964664310956,-0.47282145811702897,0.6363405636158853,1698,1698,-0.0026212484322239017,-0.47282145811702897,0.6363405636158853,-3.639057317352538e-05,-0.5610421163000051,0.5747688264471813,49979,7.405455076260756e-05,0.09999999999999999,1698,0.009330873396088573,0.12104670093065581,0.24898900667451904,-0.1467387025511665,0.0030563504278906866,0.03964804287928537,-0.009492695508505082,-0.12313365468687923,-0.02204174144490084,-0.28588543515972553,
price_oi_20,19,价格—持仓量交互,5,0.9960960841333705,0.003903915866629526,0.0,-0.00016133923737739566,0.2607591085825237,-0.0006187290570765847,0.49586776859504134,-0.014834224936264547,0.9881644350311578,0.0010952693140694242,0.22281221237626517,0.004915661051019197,0.5029515938606848,0.12220827766962919,0.9027340709634097,1694,1694,0.003964372025639708,0.32025158699443,0.7487776199305809,-9.06431529674727e-05,-0.3273093947590908,0.7434338874530255,49855,0.00010356618722827775,0.09999999999999999,1694,,,,,,,,,,,0.9683874579425668
price_oi_20,19,价格—持仓量交互,20,0.9960960841333705,0.003903915866629526,0.0,-0.016308255678692738,0.25880232741719283,-0.06301433159989946,0.4734961286480048,-0.9854809430568455,0.3243878876795292,-0.015055090943713134,0.2225709273134259,-0.06764176761735126,0.47409172126265636,-1.0774743927527322,0.2812683848122838,1679,1679,0.013065357552088843,0.5281925349222584,0.5973657101441924,-0.0006564544810313083,-0.5696317066688362,0.5689275187541366,49390,-0.0005955463086651213,-0.3,1679,,,,,,,,,,,
volume_shock_20,21,成交量冲击,1,0.9968928016571724,0.0031071983428275773,0.0,-0.00671763133696771,0.23212268377960604,-0.02894000374106441,0.4958775029446408,-1.2084127791269161,0.22688852674153437,-0.010152983738387869,0.23192135834185595,-0.043777700385068466,0.49764428739693756,-1.8340968618244395,0.06663961718537956,1698,1698,-0.010152983738387869,-1.8340968618244395,0.06663961718537956,-5.4146997120564515e-05,-0.8228365759303502,0.4106009339597507,50019,-0.00029729046713087225,-0.8999999999999998,1698,-0.037458598858489914,-0.5123916767414691,0.5718394189242245,-0.32883459917597724,-0.05186895221538036,-0.7094807730021986,-0.0806896589291613,-1.103576493592242,-0.1095103656429422,-1.49752047517516,
volume_shock_20,21,成交量冲击,5,0.9968928016571724,0.0031071983428275773,0.0,0.0025420228200463873,0.2282368682343369,0.011137652035412721,0.4899645808736718,0.3292713762822733,0.7419505773308757,-0.00045530661900943355,0.23002196066636413,-0.0019794049998114486,0.48642266824085006,-0.058709919077852314,0.953183158686254,1694,1694,-0.00026238539434125254,-0.021021636114943,0.98322839636445,0.00019684191309927914,0.9329532729582374,0.35084409480754497,49895,0.00034929596474037695,0.8999999999999998,1694,,,,,,,,,,,0.9696173510773963
volume_shock_20,21,成交量冲击,20,0.9968928016571724,0.0031071983428275773,0.0,-0.01551808212836472,0.22938105226103123,-0.06765197899042438,0.4723049434187016,-1.5732646331891185,0.11565755493024558,-0.022305074989581168,0.22970401275695015,-0.09710354957177945,0.4580107206670637,-2.2454330142781496,0.02474034799499664,1679,1679,-0.01748542886156107,-0.7964101845247307,0.4257936605412852,-0.0007433319588045976,-1.3823709131449202,0.1668578423999013,49430,-0.002015111466682761,-0.8999999999999998,1679,,,,,,,,,,,
oi_surprise_20,52,持仓意外,1,0.9968131299047922,0.0031868700952077944,0.0,-0.006628452892632537,0.2045540857113992,-0.0324044023348645,0.4787985865724382,-1.3546242493875793,0.1755373034518375,-0.008897333025373657,0.20858939239178725,-0.04265477224585831,0.47820965842167257,-1.7923253250819338,0.07308086886861904,1698,1698,-0.008897333025373657,-1.7923253250819338,0.07308086886861904,-7.609250572180475e-05,-1.182540058967277,0.2369914803764438,50015,-0.0003642861090424097,-0.7,1698,-0.04590004973934363,-0.7002036068866399,0.7262563800549666,-0.2903750973229283,-0.06420171051672878,-0.9795820232125197,-0.1008050320714991,-1.5386078130847072,-0.13740835362626944,-2.0979298845044183,
oi_surprise_20,52,持仓意外,5,0.9968131299047922,0.0031868700952077944,0.0,-0.008969262222261796,0.2085784177083894,-0.04300187105073162,0.47992916174734357,-1.7414229010165638,0.08160947684599953,-0.008327142234514062,0.20867283709693293,-0.039905252405448094,0.47756788665879574,-1.5600958660803819,0.11873722833005106,1694,1694,-0.026798142217241118,-2.24636182967113,0.024680841159935657,-0.00018654184104549153,-1.1078075228321982,0.26794495048565947,49891,-0.0006329951431077157,-0.3,1694,,,,,,,,,,,0.5753919847121066
oi_surprise_20,52,持仓意外,20,0.9968131299047922,0.0031868700952077944,0.0,-0.00588839602548268,0.21066031114963282,-0.027952090231653223,0.5020845741512805,-1.070657967369368,0.28432324877514425,-0.0031496351714236574,0.21067624121845888,-0.014950120398994925,0.4997022036926742,-0.5639465493799971,0.5727905090423001,1679,1679,-0.012879025677373045,-0.6030423753640712,0.5464804994588812,-0.0002825159795132817,-1.1613311438392426,0.2455072588803482,49426,-0.0010962083204807361,-0.09999999999999999,1679,,,,,,,,,,,
volume_shock_60,21,成交量冲击,1,0.9952993666095685,0.0047006333904314745,0.0,-0.00957318321677493,0.23539817940719868,-0.040668042721838375,0.48115429917550057,-1.69617954250758,0.08985188346726564,-0.011823910923346666,0.23081864513851777,-0.051225978370382334,0.4740871613663133,-2.147937063252541,0.031718755543846816,1698,1698,-0.011823910923346666,-2.147937063252541,0.031718755543846816,-9.190816661895934e-05,-1.270771896442974,0.20380980946374871,49939,-0.0002563867143199965,-0.8999999999999998,1698,-0.032304726004319544,-0.4434010435246199,0.47351786415390656,-0.26746320155437053,-0.04423737618099798,-0.6071037956348889,-0.06810267653435488,-0.9343548445347358,-0.09196797688771177,-1.2613704428842027,
volume_shock_60,21,成交量冲击,5,0.9952993666095685,0.0047006333904314745,0.0,-0.0037378736723325855,0.22926870305567648,-0.01630346236758214,0.4822904368358914,-0.4385758754910978,0.660968880524037,-0.007742836114042217,0.22763230379258,-0.0340146630554578,0.47992916174734357,-0.9221761596466156,0.3564366963322938,1694,1694,-0.0075001421378418425,-0.5922320869178036,0.5536951856823029,-4.345424574062219e-07,-0.001613303293554308,0.9987127707685695,49815,-9.181785358819666e-05,-0.09999999999999999,1694,,,,,,,,,,,0.7286047081983691
volume_shock_60,21,成交量冲击,20,0.9952993666095685,0.0047006333904314745,0.0,-0.013240804491649253,0.23275149185651342,-0.05688816164414508,0.4752829064919595,-0.9694428929498635,0.33232426012256444,-0.020368002156555518,0.23124653999536104,-0.08807916502000036,0.45443716497915426,-1.4954412203202847,0.13479932955561738,1679,1679,-0.017120203072054332,-0.7289731448044513,0.46601808999013683,-0.0006951114384465959,-0.8845098476173325,0.3764210488724301,49350,-0.0014176039027172045,-0.39999999999999997,1679,,,,,,,,,,,
oi_surprise_60,52,持仓意外,1,0.9952196948571884,0.004780305142811581,0.0,-0.008059609887301526,0.20909469356920676,-0.03854526267369828,0.4746760895170789,-1.6151040897117641,0.10628815546405157,-0.011579920266943083,0.20971506906578222,-0.05521739719767472,0.4664310954063604,-2.3151686416390267,0.020603704673031326,1698,1698,-0.011579920266943083,-2.3151686416390267,0.020603704673031326,-9.484011527773359e-05,-1.460047056835792,0.14427714160099397,49935,-0.00029122469876167697,-0.7,1698,-0.0366943120439713,-0.5480463770804616,0.7184138201806044,-0.2831578082327616,-0.05479834031252253,-0.8184706069823328,-0.09100639684962498,-1.3593378933946558,-0.12721445338672746,-1.9001704015552965,
oi_surprise_60,52,持仓意外,5,0.9952196948571884,0.004780305142811581,0.0,-0.010072857151369814,0.20934694496364448,-0.04811561569775514,0.47638724911452185,-1.9170478223708305,0.05523185646780251,-0.011350765759416065,0.20724179702089146,-0.05477063952631055,0.4628099173553719,-2.1132285103650412,0.03458121418555876,1694,1694,-0.0291992115249028,-2.4452089020291705,0.014476826161004345,-0.00020969900784032053,-1.3685867319033216,0.17112849376792305,49811,-0.0006879825412217914,-0.49999999999999994,1694,,,,,,,,,,,0.27547787149104597
oi_surprise_60,52,持仓意外,20,0.9952196948571884,0.004780305142811581,0.0,-0.006491802590230252,0.21114483182414887,-0.030745732841980827,0.48957712924359736,-1.16379298350345,0.24450791630252744,-0.004972946976549684,0.2090564258100644,-0.02378758250209344,0.4949374627754616,-0.8579176410954403,0.3909379423304309,1679,1679,-0.013987776794069495,-0.661184528883966,0.5084939816926187,-0.0002640505593311044,-1.0675378161907843,0.28572904662962395,49346,-0.00030068159964918075,-0.39999999999999997,1679,,,,,,,,,,,
amihud_20,22,Amihud非流动性,1,0.9968928016571724,0.0031071983428275773,0.0002788511333306776,-0.0008891117434066094,0.2464203698184956,-0.0036081097681230543,0.4929328621908127,-0.14880690373076183,0.8817060029071238,-0.003557551142392404,0.2163122685948836,-0.01644636786207951,0.4905771495877503,-0.6727076536131388,0.501133297467611,1698,1698,-0.003557551142392404,-0.6727076536131388,0.501133297467611,5.8775154183806956e-05,0.9268140509412396,0.3540230883457358,50019,0.00010638641102952008,0.0,1698,0.013404687789719543,0.18663174710181882,0.0520906949352179,-0.17410411713076568,0.012092002277352042,0.16835831255013398,0.009466631252617066,0.13180885845844975,0.006841260227882079,0.09525659062834671,
amihud_20,22,Amihud非流动性,5,0.9968928016571724,0.0031071983428275773,0.0002788511333306776,0.0027882975634532536,0.2485970601900219,0.011216132488943927,0.48760330578512395,0.2584367955242273,0.796069822115703,-0.0001592709761959851,0.22009850083974503,-0.0007236349888268943,0.4988193624557261,-0.01680354514466602,0.9865933416806811,1694,1694,0.004224392509113981,0.35492389538554653,0.7226466064700148,0.0002613098182945577,0.8386313800582006,0.40167619580927605,49895,0.00014603534195465384,0.09999999999999999,1694,,,,,,,,,,,0.9865933416806811
amihud_20,22,Amihud非流动性,20,0.9968928016571724,0.0031071983428275773,0.0002788511333306776,-0.0031263489401280216,0.23489284489111587,-0.013309681448905925,0.47706968433591423,-0.16339345544989084,0.8702086554350587,-0.007786672025860426,0.21171386562319988,-0.03677922559743368,0.4913639070875521,-0.4501882750177847,0.652574689886839,1679,1679,0.0013877051728632848,0.05968246698061153,0.9524085361621207,0.00033699962806131513,0.2656855089247444,0.7904814246027738,49430,0.0004713291371718667,0.09999999999999999,1679,,,,,,,,,,,
volume_oi_turnover,23,成交量—持仓量换手率,1,0.9976895191809744,0.0023104808190256287,0.0,-0.0015351334024156288,0.25933326583624,-0.0059195390821361596,0.5129564193168433,-0.24877721428519042,0.8035331174493913,-0.003310911224432376,0.24839143499673785,-0.013329409786113834,0.4994110718492344,-0.5650912707932332,0.5720116855876826,1698,1698,-0.003310911224432376,-0.5650912707932332,0.5720116855876826,-4.902145796833777e-05,-0.7902396254943173,0.42938783847365736,50059,-0.00021339699502383565,-0.9999999999999999,1698,-0.026888021373003296,-0.35745452692563956,0.255771495877503,-0.2828039890485813,-0.033333463069116366,-0.4431476711913022,-0.04622434646134252,-0.6145315982701004,-0.05911522985356867,-0.7859034906873722,
volume_oi_turnover,23,成交量—持仓量换手率,5,0.9976895191809744,0.0023104808190256287,0.0,-0.006831131640364574,0.2603196465254226,-0.026241321896146055,0.4935064935064935,-0.6223999078866085,0.5336789409944994,-0.0053974956660480244,0.24619026784760747,-0.021924082187477413,0.4817001180637544,-0.5232588141314283,0.6007941578633005,1694,1694,-0.007619280392174562,-0.5563735703871373,0.5779555027143204,-0.000248389897588409,-0.8733211559677033,0.38248805236781647,49935,-0.0005666225988909066,-0.19999999999999998,1694,,,,,,,,,,,0.8861713828483682
volume_oi_turnover,23,成交量—持仓量换手率,20,0.9976895191809744,0.0023104808190256287,0.0,-0.010267703780344658,0.25227885575109493,-0.0406998190544952,0.4806432400238237,-0.49860491354389114,0.6180577429573334,-0.005738950615045487,0.24559408286459128,-0.023367625751022948,0.46932698034544373,-0.28713287832369316,0.7740105783632492,1679,1679,0.010969187747353967,0.3990604527837009,0.6898486611001733,-0.0010632657634123243,-1.1911147624503706,0.23360853527866488,49470,-0.002392641658400134,0.0,1679,,,,,,,,,,,
low_vol_20,25,低波动,1,0.9968928016571724,0.0031071983428275773,0.49209257857626576,0.0003573623920770953,0.3146380178351415,0.00113578897596647,0.49646643109540634,0.048975292346996005,0.9609389861556529,-0.0020243257522402714,0.30999553524943047,-0.0065301771221041825,0.5035335689045937,-0.2824881294162127,0.7775692474541682,1698,1698,-0.0020243257522402714,-0.2824881294162127,0.7775692474541682,-1.834669308603316e-05,-0.1664643065863626,0.8677915704474264,50019,1.6024960494822757e-05,0.09999999999999999,1698,0.0020191450223476706,0.01907427008630479,0.07340989399293286,-0.2551183906103701,0.00016921569372575334,0.0015985035274347203,-0.003530642963518062,-0.03335111666984561,-0.007230501620761878,-0.06829779151243472,
low_vol_20,25,低波动,5,0.9968928016571724,0.0031071983428275773,0.49209257857626576,0.004564025924563811,0.3109887747657061,0.014675854226578675,0.5094451003541912,0.3395244306178777,0.734214695961199,0.008612431954384773,0.3054654091818834,0.028194458997668925,0.5212514757969303,0.6561940648173912,0.5116992672047251,1694,1694,0.005609766253352537,0.34144715741239706,0.732766979287919,-3.790071123188993e-05,-0.09326547581490756,0.9256926588093466,49895,0.0005408464567884648,0.3,1694,,,,,,,,,,,0.8159528855426698
low_vol_20,25,低波动,20,0.9968928016571724,0.0031071983428275773,0.49209257857626576,0.00960010181625733,0.30778600239220477,0.031190833051673795,0.5187611673615247,0.3615275531922895,0.7177051113691942,0.015318714010384524,0.29837739645737416,0.0513400619224618,0.5241215008933889,0.5996575596760629,0.548734478024633,1679,1679,0.001455572959625076,0.044481028727192506,0.9645209738905333,6.91080749254056e-05,0.04641770298453778,0.9629773267792467,49430,0.0026915366150991314,0.09999999999999999,1679,,,,,,,,,,,
low_vol_60,25,低波动,1,0.9952993666095685,0.0047006333904314745,0.7263872843883201,-0.0006002476528619133,0.3198689525930042,-0.0018765424027434704,0.5076560659599529,-0.08071566286542453,0.9356680802950569,-0.0017448204814686878,0.31421626396967894,-0.005552928608549233,0.5,-0.23946847856788536,0.8107423359446925,1698,1698,-0.0017448204814686878,-0.23946847856788536,0.8107423359446925,-1.6782419083264625e-05,-0.1546258382998271,0.8771162989637832,49939,-0.00012262358915266517,-0.09999999999999999,1698,-0.015450572233235801,-0.1461495572639515,0.026776599921476248,-0.29838002990184687,-0.01612534255125701,-0.15253231499016476,-0.01747488318729942,-0.1652975834809903,-0.018824423823341836,-0.1780624596389238,
low_vol_60,25,低波动,5,0.9952993666095685,0.0047006333904314745,0.7263872843883201,0.003611656108247323,0.3138453289839351,0.011507758041006863,0.5100354191263282,0.265529058250338,0.7906019277430109,0.007895157536895106,0.3076155191286254,0.02566566719149774,0.525383707201889,0.5967530902150626,0.5506722413061834,1694,1694,0.006272113412003355,0.3869371245596951,0.6988027563206933,-9.172309456486401e-06,-0.022608705330757477,0.9819623997538567,49815,-0.0001415087083142782,-0.09999999999999999,1694,,,,,,,,,,,0.8330682624888416
low_vol_60,25,低波动,20,0.9952993666095685,0.0047006333904314745,0.7263872843883201,0.006039327702773088,0.3108299353576261,0.019429684904140668,0.5104228707564026,0.22195026970932794,0.8243525967542513,0.010865520252099607,0.3002934463695585,0.03618300826561452,0.5139964264443121,0.41680855088168056,0.6768184474395902,1679,1679,6.481609214804179e-05,0.0019385474621783387,0.9984532638783081,4.258281048078858e-05,0.0279533895168861,0.9776993263814557,49350,-0.000407462033295061,0.0,1679,,,,,,,,,,,
realized_skew_60,26,已实现偏度,1,0.9952993666095685,0.0047006333904314745,0.0002589331952356292,-0.006389182056347039,0.22466535845144323,-0.02843866139571281,0.48998822143698467,-1.1711539197575775,0.24153691370783092,-0.009903035473296727,0.2233119462562273,-0.04434619660666976,0.4876325088339223,-1.8180577667575843,0.06905530408059025,1698,1698,-0.009903035473296727,-1.8180577667575843,0.06905530408059025,-3.124929719520724e-05,-0.409679496279761,0.6820410727634287,49939,2.2341057418921683e-05,0.0,1698,0.00281497323478413,0.03998723170071562,0.08673930113859442,-0.1303095504601295,0.0006291428460915474,0.008937230448439212,-0.003742517931293603,-0.05316504089356369,-0.00811417870867877,-0.11526810633215483,
realized_skew_60,26,已实现偏度,5,0.9952993666095685,0.0047006333904314745,0.0002589331952356292,-0.01987513006382084,0.22490191225307266,-0.08837243696468082,0.4675324675324675,-2.0589148963003745,0.039502391816007745,-0.022993121945782187,0.2248515389949589,-0.10225912639316062,0.4604486422668241,-2.40472458918308,0.01618465792073312,1694,1694,-0.020978612921282756,-1.8131915333349702,0.06980228524559631,-0.0003557058633808233,-1.0289109768643359,0.3035215097357946,49815,-0.0007135824559235827,-0.7,1694,,,,,,,,,,,0.19097896346465082
realized_skew_60,26,已实现偏度,20,0.9952993666095685,0.0047006333904314745,0.0002589331952356292,-0.03730853026943124,0.22677753747486748,-0.16451598639290252,0.4288266825491364,-2.0392647090901224,0.04142361578274029,-0.043343323231545265,0.2247932098350671,-0.19281420138689542,0.44073853484216796,-2.435114880280178,0.014887062436115376,1679,1679,-0.03346092437145989,-1.4823441858556787,0.13824873689676453,-0.0013953300841733612,-1.0346356305020874,0.3008391076116228,49350,-0.0038550986027876813,-0.39999999999999997,1679,,,,,,,,,,,
realized_skew_120,26,已实现偏度,1,0.9929092140381628,0.007090785961837209,0.00021909731904553242,-0.00764324001918979,0.22839309604484173,-0.033465284859964195,0.4799764428739694,-1.3964345378515495,0.16258368063774153,-0.011778436896784438,0.22699671669613372,-0.05188813771501151,0.4829210836277974,-2.1828456926480633,0.029047175474621233,1698,1698,-0.011778436896784438,-2.1828456926480633,0.029047175474621233,-6.124733186627531e-05,-0.893445911496127,0.37161842540356116,49819,-0.00015493772413313397,-0.7,1698,-0.01952215324077487,-0.2781439896789904,0.054161758932076955,-0.1911875207980046,-0.02088702956586321,-0.29761009516529263,-0.02361678221603989,-0.3365473488709746,-0.026346534866216575,-0.3754902618502202,
realized_skew_120,26,已实现偏度,5,0.9929092140381628,0.007090785961837209,0.00021909731904553242,-0.018211314746707546,0.22727455839717775,-0.08012913928923815,0.4704840613931523,-1.8664467749407347,0.0619788841040282,-0.021492374564330414,0.22242033207648476,-0.09662954085033794,0.4639905548996458,-2.285420657100143,0.02228817389796837,1694,1694,-0.02298881015508143,-2.0788886753209956,0.03762758384340824,-0.0003756925977532736,-1.3163281181925643,0.18806393721049008,49695,-0.001261785228308459,-0.49999999999999994,1694,,,,,,,,,,,0.21916704333002232
realized_skew_120,26,已实现偏度,20,0.9929092140381628,0.007090785961837209,0.00021909731904553242,-0.029770650581831905,0.21942766212157674,-0.13567410003820343,0.46337105419892793,-1.6544546082737,0.09803517885835877,-0.03499438937359836,0.21128438131431454,-0.16562695811168077,0.4365693865396069,-2.0546208208846295,0.03991564302341705,1679,1679,-0.034330240505355714,-1.6160649531492841,0.1060802706119664,-0.0013555042025223613,-1.4716838376268389,0.14110627408775858,49230,-0.003635858326585696,-0.09999999999999999,1679,,,,,,,,,,,
seasonality_3y_month,27,季节性,1,0.9563000438194638,0.04369995618053624,0.9090148587818189,0.0005707793561224698,0.27207811226265305,0.002097851059667243,0.5123674911660777,0.08738625652110635,0.9303644932938114,0.005152508713691566,0.2664320880737587,0.01933891953834462,0.5153121319199058,0.8148679224802873,0.41514791633546366,1698,1698,0.005152508713691566,0.8148679224802873,0.41514791633546366,2.8378791448330055e-05,0.2600526725887699,0.7948231439917054,47865,0.00019697774963135927,0.09999999999999999,1698,0.024819196453551268,0.3088360937019328,0.03821162151550844,-0.20398951482008354,0.02385626359136045,0.29685922036809387,0.021930397866978826,0.27289479571637926,0.020004532142597203,0.24891888263338857,
seasonality_3y_month,27,季节性,5,0.9563000438194638,0.04369995618053624,0.9090148587818189,0.004986960170747785,0.28017330896821596,0.017799554815243042,0.5348288075560803,0.410682793998632,0.681305145049703,0.012317321510797669,0.2705739964236573,0.045522931521887806,0.5342384887839433,1.0602719766925306,0.2890208842868598,1694,1694,0.014148857148650426,0.9546128828274868,0.3397734998320564,0.00012440208793354545,0.2823607669173616,0.7776668949687369,47741,0.0007695088665916457,0.09999999999999999,1694,,,,,,,,,,,0.7286047081983691
seasonality_3y_month,27,季节性,20,0.9563000438194638,0.04369995618053624,0.9090148587818189,-0.0015522273233075294,0.2793237284589031,-0.005557090805967488,0.5181655747468732,-0.07430217608450114,0.940769945555003,0.002506475044653593,0.26545758853875223,0.009442092269619526,0.4913639070875521,0.12409446120099352,0.9012404835839848,1679,1679,-0.004012661994149364,-0.1397975037935902,0.888819985612682,-0.0003255069225840639,-0.2253453818941192,0.8217105977725088,47276,0.0009160127010922479,0.09999999999999999,1679,,,,,,,,,,,
idiosyncratic_vol_60,43,特质波动,1,0.9952993666095685,0.0047006333904314745,0.0,-0.004344426777502432,0.28589430996684406,-0.01519591900239731,0.49646643109540634,-0.6479723487815862,0.517002834798016,-0.00406496316488288,0.24138798497780134,-0.016839956492684195,0.5023557126030624,-0.7282719214930101,0.46644714693013956,1698,1698,-0.00406496316488288,-0.7282719214930101,0.46644714693013956,-7.343488666477854e-06,-0.07975034373440303,0.9364358184214635,49939,-0.00011062528657727644,-0.19999999999999998,1698,-0.013938786108736837,-0.1698796566829863,0.04167648213584609,-0.14333037878989496,-0.014989033458560168,-0.18268371526355937,-0.017089528158206798,-0.20829286098058059,-0.019190022857853446,-0.2339030902034827,
idiosyncratic_vol_60,43,特质波动,5,0.9952993666095685,0.0047006333904314745,0.0,-0.009277798019786744,0.28176235115290954,-0.0329277420557574,0.46871310507674147,-0.758288773912454,0.4482781263208919,-0.017830376609828526,0.23345717033244995,-0.07637536505919926,0.4651711924439197,-1.8035049431559733,0.07130894982587956,1694,1694,-0.017290363029483197,-1.4162363041802228,0.1567063298990008,-5.205391963794583e-05,-0.1279134205978345,0.8982174901944799,49815,-0.0006905372132910436,-0.3,1694,,,,,,,,,,,0.4538547958066392
idiosyncratic_vol_60,43,特质波动,20,0.9952993666095685,0.0047006333904314745,0.0,-0.004737032045672748,0.27702175608117136,-0.017099855667237665,0.4806432400238237,-0.20187810675781587,0.8400120179620219,-0.01667025373455852,0.22268020170291758,-0.0748618584278034,0.46873138773079215,-0.9055226549515266,0.36518856341818895,1679,1679,-0.013835955552942676,-0.6519400879711836,0.514439822656922,0.00010742344708312472,0.06651474524568643,0.9469680186982711,49350,-0.0018923649939743244,-0.3,1679,,,,,,,,,,,
relative_value_residual_60,29,相对价值残差,1,0.9935067521810143,0.006493247818985748,0.0,-0.0011282528659189617,0.24267546161358128,-0.00464922517677337,0.4876325088339223,-0.19630535205188693,0.8443711725607969,-0.0015909446698962903,0.22081655807492956,-0.007204825053728244,0.49469964664310956,-0.29811703871490375,0.7656138374997338,1698,1698,-0.0015909446698962903,-0.29811703871490375,0.7656138374997338,-2.8152721900810276e-05,-0.42311709487348054,0.6722098304992359,49849,-0.00024564119236623346,-0.6,1698,-0.030950790238145415,-0.42261942544993286,0.11479191205339616,-0.2720661985400572,-0.033843546421890996,-0.46211107477458546,-0.03962905878938216,-0.5410857312068448,-0.04541457115687333,-0.6200465740558976,
relative_value_residual_60,29,相对价值残差,5,0.9935067521810143,0.006493247818985748,0.0,-0.0027012673008243436,0.2359609277443458,-0.011447943210966937,0.4858323494687131,-0.26264301071244167,0.7928257457459207,-0.0036246589879053094,0.21676904894682447,-0.016721293955552084,0.4982290436835891,-0.39034717020333437,0.696279847441132,1694,1694,-0.0008118707596002927,-0.06764925177959995,0.946064847918701,-0.00023558802569043956,-0.7185368038229965,0.4724263635245398,49725,-0.0005728245065127234,-0.7999999999999999,1694,,,,,,,,,,,0.9305010279728382
relative_value_residual_60,29,相对价值残差,20,0.9935067521810143,0.006493247818985748,0.0,-0.0030853615785516307,0.2265451623377997,-0.013619189863569333,0.4871947587849911,-0.16167206226251277,0.8715641061553465,-0.008777970131734262,0.21298555072424424,-0.04121392320692796,0.4854079809410363,-0.4983277521702868,0.6182530502572596,1679,1679,-0.019698260582576493,-0.8413886066434495,0.4001302661142272,-0.0006864232580288896,-0.567840554657225,0.570143239562146,49260,-0.0019953420547568867,-0.6,1679,,,,,,,,,,,
correlation_risk_20_120,57,相关性风险,1,0.9929092140381628,0.007090785961837209,0.0,0.010310472116556127,0.23844794903647865,0.043239927867774586,0.5153121319199058,1.8401730115320305,0.06574284091081813,0.01210033205280508,0.2478769641998473,0.04881587965168622,0.5141342756183745,2.075828449372507,0.037909820146527495,1698,1698,0.01210033205280508,2.075828449372507,0.037909820146527495,0.0001387114443426102,1.8907246659733246,0.05866110802166299,49819,0.00040016763827358177,0.7,1698,0.050421122422471286,0.6741038105752315,0.16857086768747548,-0.095038482720329,0.04617313655674691,0.6173086451673974,0.037677164825298155,0.5037093634197748,0.02918119309384938,0.39010563868829656,
correlation_risk_20_120,57,相关性风险,5,0.9929092140381628,0.007090785961837209,0.0,0.019728017935806093,0.23399775310471269,0.08430857849723845,0.5371900826446281,2.012799430812795,0.044135733832955,0.020738144949461995,0.2408642555196862,0.08609888962028671,0.5407319952774499,2.081885476014241,0.03735293172759945,1694,1694,0.018027941340963676,1.4550893677071253,0.14564452226124694,0.0005171974506312231,1.6345067560418256,0.10215248881433794,49695,0.0012171638057110101,0.7,1694,,,,,,,,,,,0.27547787149104597
correlation_risk_20_120,57,相关性风险,20,0.9929092140381628,0.007090785961837209,0.0,0.014486654842181028,0.24161600854036935,0.0599573469063437,0.5205479452054794,0.7993650753960996,0.4240787551731803,0.007704739211151274,0.24780229596662934,0.031092283391066095,0.5074449076831448,0.42321713681861733,0.6721368448385818,1679,1679,0.021452172989595522,0.7548245188760805,0.45035428016115864,0.000777362122477298,0.8724474360158989,0.3829643319530427,49230,0.001472603815336021,0.3,1679,,,,,,,,,,,
volume_price_divergence_20,53,量价背离,1,0.9913157789905589,0.008684221009441107,0.0,0.0015701355378910482,0.2562758156822943,0.006126740963484235,0.5035335689045937,0.25413347934976316,0.7993924394280346,-0.0034402413934597645,0.24902729802508183,-0.013814715979905409,0.5106007067137809,-0.5725512378993449,0.5669485839166822,1698,1698,-0.0034402413934597645,-0.5725512378993449,0.5669485839166822,3.731280663116841e-05,0.4487602785172721,0.653604595777843,49739,0.00015706987281269367,0.19999999999999998,1698,0.019790803974399394,0.2432880414047227,0.4095308205732234,-0.1312026710547355,0.009470627295954168,0.11642379296206477,-0.011169726060936292,-0.13731190709878224,-0.03181007941782675,-0.3910403310543067,
volume_price_divergence_20,53,量价背离,5,0.9913157789905589,0.008684221009441107,0.0,-0.001925368797120567,0.25278725168922955,-0.007616558130421736,0.5047225501770957,-0.188306253684999,0.8506365833190654,-0.0027080145134837923,0.2454895602715264,-0.011031078105678153,0.48760330578512395,-0.27641121218907694,0.7822322459811801,1694,1694,-0.002372889897080983,-0.17432992892747412,0.8616061794752838,3.7894394168161916e-05,0.13721927442836884,0.8908574762267899,49615,0.0001705924849020791,0.6,1694,,,,,,,,,,,0.9664035909758987
volume_price_divergence_20,53,量价背离,20,0.9913157789905589,0.008684221009441107,0.0,0.0028320493086739203,0.2382573384738643,0.011886514500725788,0.5104228707564026,0.17734252358287514,0.8592393511231151,0.0013498672006536966,0.2382334032616539,0.005666154209160691,0.4997022036926742,0.08889707094274248,0.9291637113864729,1679,1679,-0.013958133931914321,-0.5481882987131387,0.5835626158463032,0.00021138731906964817,0.27233573541021916,0.7853638813389379,49150,0.00043213679909627066,-0.19999999999999998,1679,,,,,,,,,,,
interaction__tsmom_60__carry,54,因子交互,1,0.9935067521810143,0.006493247818985748,0.0007568816476118392,0.006933565330290275,0.2607023033933983,0.026595719485560373,0.5117785630153121,1.118520674675674,0.26334468154810275,0.0065767334740378285,0.2240319076610196,0.02935623564831228,0.519434628975265,1.2182816506493193,0.22311696057309083,1698,1698,0.0065767334740378285,1.2182816506493193,0.22311696057309083,9.969120651812082e-05,1.7664418829323456,0.07732174368686605,49849,0.00010613323166148323,0.3,1698,0.013372787189346896,0.17866681503550283,0.26277974087161365,-0.1457699301539691,0.006750737719382225,0.09020090214125613,-0.006493361220547108,-0.08677492047737348,-0.019737460160476433,-0.26379534615438416,
interaction__tsmom_60__carry,54,因子交互,5,0.9935067521810143,0.006493247818985748,0.0007568816476118392,0.01105648860627644,0.266471867558725,0.041492142144572974,0.5100354191263282,0.9985250965190838,0.31802480115913256,0.004362483954644517,0.22724221873268355,0.019197506427167596,0.5165289256198347,0.4735705362531724,0.6358061902925707,1694,1694,0.0010410284524835717,0.08361818424437584,0.9333600086336484,0.00031718851081702907,0.9026150274784417,0.36673024814278987,49725,0.00035702221589950896,0.8999999999999998,1694,,,,,,,,,,,0.9149406152990651
interaction__tsmom_60__carry,54,因子交互,20,0.9935067521810143,0.006493247818985748,0.0007568816476118392,-0.0166202064725327,0.2759351431183441,-0.060232293301634876,0.4836212030970816,-0.8159838222974135,0.41450938846616414,-0.0062132384786317985,0.221091523025656,-0.028102563108721265,0.4812388326384753,-0.4041193588649218,0.6861249499306932,1679,1679,0.011886462213910941,0.45999425249636455,0.6455203459526537,-0.000578809835190005,-0.47588975491813984,0.6341529214169365,49260,-0.0005309434021745571,-0.19999999999999998,1679,,,,,,,,,,,
interaction__momentum_quality_60__carry,54,因子交互,1,0.9935067521810143,0.006493247818985748,0.0007568816476118392,0.006476680822214978,0.25927822622163804,0.024979655702667976,0.502944640753828,1.053184628679559,0.29225638198197723,0.004807255441794717,0.22282524304100168,0.021574106129933143,0.5147232037691402,0.9003561697655819,0.36793073803139253,1698,1698,0.004807255441794717,0.9003561697655819,0.36793073803139253,0.00010263364907390719,2.1497330313192022,0.03157633808841322,49849,3.5388748163693535e-05,0.3,1698,0.004458982268625396,0.060685470708764074,0.25295445622300744,-0.17247626953622364,-0.0019154700281943944,-0.026069263935526672,-0.014664374621833978,-0.19957939754094658,-0.027413279215473558,-0.3730769603930859,
interaction__momentum_quality_60__carry,54,因子交互,5,0.9935067521810143,0.006493247818985748,0.0007568816476118392,0.014317050089268275,0.2654828404086457,0.0539283445484864,0.5082644628099173,1.3036381263820147,0.19235699477440282,0.0035874818315405656,0.22341012006007682,0.01605783046254065,0.5100354191263282,0.3966845464185664,0.6916000973727757,1694,1694,3.564890241663852e-05,0.0029304162647581134,0.9976618694520112,0.00043114771188570777,1.4255521878114774,0.1539976457491732,49725,0.00039680137492954744,0.19999999999999998,1694,,,,,,,,,,,0.9305010279728382
interaction__momentum_quality_60__carry,54,因子交互,20,0.9935067521810143,0.006493247818985748,0.0007568816476118392,-0.00680054760726527,0.2747107238006942,-0.024755304464193925,0.4937462775461584,-0.3424203695048417,0.7320345613536499,-0.008045517589200009,0.21912714138295514,-0.03671620748768564,0.4794520547945205,-0.5278583854446993,0.5975976299462601,1679,1679,0.010719223025725012,0.42013456281602524,0.6743871549269334,-0.00022385757068147383,-0.201925923221041,0.8399746356955087,49260,-0.0012098253592978663,-0.49999999999999994,1679,,,,,,,,,,,
interaction__tsmom_20__oi_surprise_20,54,因子交互,1,0.996275345576226,0.00372465442377401,0.0,-0.009574681606574884,0.21734351255360476,-0.04405322014943244,0.4840989399293286,-1.7969067495991442,0.07235042492780053,-0.01579980468221564,0.21485603214532736,-0.07353670513438852,0.4787985865724382,-3.0120860495991506,0.0025945903754418494,1698,1698,-0.01579980468221564,-3.0120860495991506,0.0025945903754418494,-0.00010345487001195337,-1.5743684198006036,0.11540230034662748,49988,-0.0004235901358487719,-0.7,1698,-0.053372357116945254,-0.7747152044225872,0.6819297212406752,-0.31683774837756784,-0.07055698609221027,-1.0241140068225871,-0.10492624404274029,-1.5228000532773722,-0.13929550199327034,-2.021281143885266,
interaction__tsmom_20__oi_surprise_20,54,因子交互,5,0.996275345576226,0.00372465442377401,0.0,-0.01701686265769101,0.21637157317295908,-0.07864648025685143,0.47107438016528924,-3.1134846839322208,0.0018489210611664624,-0.017482884286547807,0.20850296555420694,-0.08384957134819541,0.46221959858323497,-3.151424891076162,0.0016247594445303185,1694,1694,-0.015932256273244783,-1.3893211022795569,0.16473512980970828,-0.0004731230105330876,-2.880974693954027,0.0039644746951374805,49864,-0.0015393218795854346,-0.7999999999999999,1694,,,,,,,,,,,0.03195360240909626
interaction__tsmom_20__oi_surprise_20,54,因子交互,20,0.996275345576226,0.00372465442377401,0.0,-0.007655819468460267,0.21718407921613067,-0.03525037146411446,0.4669446098868374,-1.4428956607134655,0.14904986572460727,-0.008629009537516838,0.21005116135562163,-0.041080513346497136,0.4889815366289458,-1.428061301639777,0.15327421480907255,1679,1679,-0.029602536583308872,-1.2749930699440237,0.20231169488493594,-0.0004049938922311497,-1.401906876013115,0.16094305691924782,49399,-0.0013130781777981528,-0.8999999999999998,1679,,,,,,,,,,,
