feature_name,source_factor_id,source_factor,horizon,coverage,missing_rate,stale_rate,ic_mean,ic_std,icir,ic_hit_rate,ic_t_nw,ic_p_nw,rank_ic_mean,rank_ic_std,rank_icir,rank_ic_hit_rate,rank_ic_t_nw,rank_ic_p_nw,ic_days,rank_ic_days,nonoverlap_rank_ic_mean,nonoverlap_rank_ic_t,nonoverlap_rank_ic_p,pooled_beta,pooled_t_two_way_cluster,pooled_p_two_way_cluster,pooled_observations,group_spread,group_monotonicity,group_days,gross_annual_return,gross_sharpe,average_one_way_turnover,gross_max_drawdown,net_1bps_annual_return,net_1bps_sharpe,net_3bps_annual_return,net_3bps_sharpe,net_5bps_annual_return,net_5bps_sharpe,rank_ic_q_bh
tsmom_20,1,时间序列动量,1,0.9745874749057435,0.02541252509425651,0.0014444498849336533,0.005348699645599701,0.28090906996390924,0.01904067976974504,0.5149201943095073,0.730365246063948,0.4651669559506706,-0.0027640373466366166,0.2790005296424549,-0.009906925087844059,0.4954892435808466,-0.38375596888968944,0.7011593255778464,1441,1441,-0.0027640373466366166,-0.38375596888968944,0.7011593255778464,0.00010314873138795458,0.9690241500755957,0.3325331399093461,39674,0.00030002962385717203,0.9999999999999999,1441,0.03780373260600368,0.4509070053501537,0.1948993754337266,-0.14396942481952157,0.032892268345073764,0.39231065947915905,0.02306933982321395,0.27512785219851976,0.01324641130135413,0.1579625941584826,
tsmom_20,1,时间序列动量,5,0.9745874749057435,0.02541252509425651,0.0014444498849336533,0.014410105123130372,0.2696767342163655,0.05343473609246891,0.5247042449547669,1.145981103135412,0.2518029710661681,0.008226750072804954,0.27055118786941457,0.030407369997487183,0.5121781489213639,0.6606205608780394,0.5088556798612736,1437,1437,0.005645458815995525,0.35593374245408294,0.7218901855689811,0.0006259894919401025,1.657060072363005,0.09750733049780035,39452,0.0018358797412570094,0.8999999999999998,1437,,,,,,,,,,,0.7159703491569955
tsmom_20,1,时间序列动量,20,0.9745874749057435,0.02541252509425651,0.0014444498849336533,0.03028775746263218,0.2611867479570648,0.11596207579264717,0.5492264416315049,1.4524584654773673,0.14637416994137617,0.018140713265066156,0.25650956045165624,0.07072139234547203,0.5168776371308017,0.90027721647444,0.36797274266766333,1422,1422,0.005777561299437461,0.2175998230924644,0.8277409223394834,0.0019272501609929823,1.9024368603579975,0.05711406597708879,38901,0.0053346049982562135,0.9999999999999999,1422,,,,,,,,,,,
csmom_20,2,横截面动量,1,0.9853106791362679,0.014689320863732092,0.2403172893306566,0.005477115040235503,0.30500269011634523,0.017957595843322634,0.5156141568355309,0.6818291785890968,0.49534697163212227,-0.004746779199083859,0.2997970035439056,-0.01583331101702852,0.5003469812630118,-0.6081437359216209,0.5430921471240425,1441,1441,-0.004746779199083859,-0.6081437359216209,0.5430921471240425,8.92755863973875e-05,0.7709311317995183,0.4407477531070272,39765,0.00025444007422862453,0.49999999999999994,1441,0.03205944935280668,0.3341262432983919,0.18495257922738836,-0.13493121137532704,0.02739864435627649,0.2855201397971362,0.01807703436321613,0.18833773250979427,0.00875542437015575,0.09119788529404589,
csmom_20,2,横截面动量,5,0.9853106791362679,0.014689320863732092,0.2403172893306566,0.015597881855178236,0.30588560267709,0.050992533544131,0.5323590814196242,1.102335274255999,0.2703159394001513,0.008954969584974349,0.2988451740370071,0.02996524743566855,0.5281837160751566,0.6524935317780449,0.5140828441839407,1437,1437,0.0025264895467898793,0.14621652854670802,0.883750457895418,0.0006411453175152889,1.6050401486106167,0.10848496940096015,39489,0.002148147854910241,0.7,1437,,,,,,,,,,,0.7159703491569955
csmom_20,2,横截面动量,20,0.9853106791362679,0.014689320863732092,0.2403172893306566,0.02844990383654697,0.2874635269239218,0.09896874271662413,0.5450070323488045,1.262006774289387,0.2069463487702341,0.017524640732623872,0.27406329048381106,0.06394377262889593,0.5203938115330521,0.8327709343130506,0.4049739301527946,1422,1422,0.0010725766083570971,0.03896479961481056,0.9689184531269824,0.0018736028690625166,1.828674453255926,0.0674483917338491,38921,0.0052383095566125755,0.8999999999999998,1422,,,,,,,,,,,
trend_efficiency_20,3,趋势效率,1,0.9745874749057435,0.02541252509425651,0.0014444498849336533,0.005734987307220823,0.2512062685057236,0.022829793783948327,0.5253296321998612,0.8806911492149103,0.3784850085788981,0.006767437310716426,0.23972218022994105,0.02823033439886586,0.5287994448299792,1.101499169803844,0.2706794656176501,1441,1441,0.006767437310716426,1.101499169803844,0.2706794656176501,8.9946060211364e-05,0.9789618241309037,0.327598842659686,39674,4.492134955694416e-05,0.6,1441,0.00566009004417495,0.0769602042990793,0.345176960444136,-0.2414982661925119,-0.0030383693590172746,-0.041308385932634514,-0.020435288165401733,-0.27776391838459236,-0.037832206971786186,-0.5140885638567748,
trend_efficiency_20,3,趋势效率,5,0.9745874749057435,0.02541252509425651,0.0014444498849336533,0.004763338689262222,0.2526389570918519,0.018854331667979517,0.4989561586638831,0.4219579839928463,0.6730556856456767,0.004012916379614706,0.24561441418375785,0.016338277185199805,0.5038274182324287,0.37682949668373356,0.7063003187170542,1437,1437,-0.006590758525315442,-0.4453080774730135,0.6560971313223396,0.00029091871918526856,0.7364556316765436,0.461453459412396,39452,0.0005402160302083376,0.7999999999999999,1437,,,,,,,,,,,0.8271802370529676
trend_efficiency_20,3,趋势效率,20,0.9745874749057435,0.02541252509425651,0.0014444498849336533,0.00458132520618634,0.24937049021972488,0.018371561134397463,0.4978902953586498,0.2514991983448654,0.8014281819081442,0.0011137994039764868,0.23377424909398029,0.004764422977693856,0.49226441631504925,0.06889548334338427,0.945072813748288,1422,1422,0.0070406677085394186,0.29712447649038687,0.7663714781958529,0.0005894043147599927,0.48118497976880686,0.630385035107959,38901,0.0020251174545444567,0.8999999999999998,1422,,,,,,,,,,,
realized_vol_20,24,已实现波动率,1,0.981687313323214,0.018312686676785983,0.001762718503647848,0.01786531842004207,0.36666256758671384,0.0487241403932432,0.5230875258442453,1.8747295906688872,0.06082993386408933,0.014630361921575597,0.3382539558630659,0.04325259665994373,0.5175740868366644,1.69526722399635,0.09002473948663804,1451,1451,0.014630361921575597,1.69526722399635,0.09002473948663804,0.0001736804961481903,1.123471570766498,0.26123726809370196,39964,0.0003987931577848329,0.9999999999999999,1451,0.050247937880888945,0.4816199357594355,0.08040431886055595,-0.1513049763316091,0.048221749045602946,0.4622062466101297,0.04416937137503092,0.4233752774096244,0.04011699370445889,0.38454007324378503,
realized_vol_20,24,已实现波动率,5,0.981687313323214,0.018312686676785983,0.001762718503647848,0.02127988694514342,0.3774399687791151,0.05637952709135795,0.5169315825846579,1.1873607409178961,0.23508535856039758,0.013252650395102308,0.3425275993694861,0.03869075198464989,0.5058742225293711,0.8257847423920306,0.40892621069160495,1447,1447,0.010631059993071425,0.5617317377623007,0.5742988071110573,0.0007115129997428108,1.1673781919653003,0.2430576740996453,39742,0.0015962179179911866,0.9999999999999999,1447,,,,,,,,,,,0.7159703491569955
realized_vol_20,24,已实现波动率,20,0.981687313323214,0.018312686676785983,0.001762718503647848,0.0351362660957269,0.3636150270498061,0.09663040161130117,0.526536312849162,1.0365573024479762,0.29994222092516665,0.026663692268282406,0.31810109969241696,0.08382144008324542,0.5363128491620112,0.9169826911246022,0.35915171029642623,1432,1432,0.03808166990591907,1.053107082856059,0.29229191703374957,0.002154242179986752,0.9097476772698148,0.36295559403398703,39191,0.005952687384207139,0.8999999999999998,1432,,,,,,,,,,,
momentum_quality_20,41,动量质量,1,0.9745874749057435,0.02541252509425651,0.0014199676834940997,0.006782544365018654,0.2815810911652759,0.024087357346866713,0.5058986814712005,0.9310840034660296,0.35181011259242734,-0.0028307933623140645,0.278346575021871,-0.010170031235669546,0.49687716863289383,-0.3937159142520391,0.6937907905723207,1441,1441,-0.0028307933623140645,-0.3937159142520391,0.6937907905723207,0.00013239246028855594,1.1180344126668276,0.2635522962379159,39674,0.00031764268694575156,0.8999999999999998,1441,0.0400229785551647,0.47871128637944,0.19425167707610458,-0.13635653595542507,0.03512783629284684,0.42015195670719646,0.025337551768211185,0.30303744846357034,0.015547267243575504,0.185932787789321,
momentum_quality_20,41,动量质量,5,0.9745874749057435,0.02541252509425651,0.0014199676834940997,0.014606228054585708,0.2638866667657471,0.055350382926135845,0.523312456506611,1.193218923795461,0.23278364524081652,0.008469114462296402,0.27069692379718724,0.03128633433840449,0.5080027835768963,0.6795618889157173,0.49678190794825305,1437,1437,0.004778010195835557,0.30024285200915285,0.7639919207771936,0.0006064822945336,1.4297263411755476,0.1527955770158269,39452,0.0019881133216325176,0.8999999999999998,1437,,,,,,,,,,,0.7159703491569955
momentum_quality_20,41,动量质量,20,0.9745874749057435,0.02541252509425651,0.0014199676834940997,0.03257964031022427,0.2619923890569776,0.12435338456774374,0.5428973277074542,1.6013324111240381,0.10930331402648588,0.017495561277588185,0.25660054871167326,0.06818208832922998,0.5161744022503516,0.8681705503961367,0.3853009735335452,1422,1422,0.003153604813319309,0.11763784083192622,0.9063546204561358,0.0019278996101700409,1.86344219771672,0.06240007777633466,38901,0.005379576410505525,0.8999999999999998,1422,,,,,,,,,,,
vol_managed_momentum_20,42,波动率管理动量,1,0.9745874749057435,0.02541252509425651,0.0014199676834940997,0.002137177920173932,0.2038964850027099,0.01048168103606851,0.5142262317834837,0.3902730573650686,0.6963346439468661,-0.0009612095772233357,0.23399822778020604,-0.004107764346515468,0.4961832061068702,-0.15356579935934184,0.8779521051601606,1441,1441,-0.0009612095772233357,-0.15356579935934184,0.8779521051601606,3.863008224687123e-05,0.5860357813664421,0.5578514698338111,39674,0.00023512775449717897,0.19999999999999998,1441,0.02962609706664455,0.502151576926913,0.2029493407356003,-0.16534500596913393,0.024511773680107426,0.4155054411113471,0.014283126907033167,0.24215387439409025,0.004054480133958918,0.06874588958110037,
vol_managed_momentum_20,42,波动率管理动量,5,0.9745874749057435,0.02541252509425651,0.0014199676834940997,0.011747510779169319,0.20249409889684786,0.0580140895125719,0.5274878218510787,1.320259270385562,0.18674846913650978,0.008898469103498584,0.2362434865474564,0.03766651615900135,0.5135699373695198,0.8525582507004663,0.39390432303058076,1437,1437,0.009918124886724257,0.7292350971523434,0.4658578656682145,0.0004509302281767788,1.574273610553203,0.11542420791728959,39452,0.0014284226017386985,0.0,1437,,,,,,,,,,,0.7159703491569955
vol_managed_momentum_20,42,波动率管理动量,20,0.9745874749057435,0.02541252509425651,0.0014199676834940997,0.02312312402179105,0.19164928948375692,0.12065332506098767,0.5513361462728551,1.6310595178721474,0.1028777615309663,0.018773740169383712,0.2270389594011597,0.08268950940799553,0.5358649789029536,1.104809505357905,0.26924214088628085,1422,1422,0.023309292655325282,0.8581644701961116,0.3908016519694393,0.0016314832129836817,2.0319511224168387,0.04215860435100324,38901,0.005048775089712564,0.0,1422,,,,,,,,,,,
tsmom_60,1,时间序列动量,1,0.9449395289624443,0.055060471037555736,0.0013954854820545464,0.0021034073623829494,0.2857145557980052,0.007361918809169872,0.5053533190578159,0.2768589262819103,0.7818884322602004,-0.0009206856241579941,0.28137851679416465,-0.0032720537255212646,0.5124910778015703,-0.12473452336786214,0.9007337251365739,1401,1401,-0.0009206856241579941,-0.12473452336786214,0.9007337251365739,2.3373144230325133e-05,0.23745610740100384,0.8123029666962005,38434,-0.00010006654213416297,-0.09999999999999999,1401,-0.012608384308904534,-0.1497248912690496,0.12542231739233883,-0.23801451512716554,-0.015769026707191474,-0.1872620935073462,-0.022090311503765354,-0.2623398910658627,-0.028411596300339247,-0.33742029584401095,
tsmom_60,1,时间序列动量,5,0.9449395289624443,0.055060471037555736,0.0013954854820545464,0.001219269619181294,0.28251410430888446,0.0043157831789106555,0.5082319255547602,0.09055135206521649,0.9278490884758017,-0.0006099361065946854,0.27847213132064474,-0.0021902949630976856,0.49749463135289906,-0.04673613513920412,0.9627235301242301,1397,1397,-0.001705076691410712,-0.10643280398734997,0.9152389670665495,0.00024406201776318773,0.6633584981375932,0.5071009793119305,38223,0.0004925635864637953,0.49999999999999994,1397,,,,,,,,,,,0.9627235301242302
tsmom_60,1,时间序列动量,20,0.9449395289624443,0.055060471037555736,0.0013954854820545464,-0.002969501033650572,0.28130330670816783,-0.010556225123692621,0.48986975397973953,-0.1139539711313171,0.909274281393892,-0.0013763274557226262,0.27109470498485577,-0.005076924891614952,0.5014471780028944,-0.05544726230516884,0.9557821438493039,1382,1382,0.01028283223388896,0.337885944238525,0.7354491401541421,0.0007608884437362117,0.5404768266447126,0.5888682379543981,37682,0.0021152928323724582,0.39999999999999997,1382,,,,,,,,,,,
csmom_60,2,横截面动量,1,0.9559320374088038,0.044067962591196164,0.35100132203887774,-0.000840352461268767,0.30647906635996996,-0.002741957130219605,0.5160599571734475,-0.10371898379717663,0.9173923610160555,-0.0044050145929668185,0.3024777466890017,-0.01456310304207575,0.5053533190578159,-0.5565718113554002,0.5778200177024705,1401,1401,-0.0044050145929668185,-0.5565718113554002,0.5778200177024705,-3.49836735664785e-05,-0.308513017873353,0.7576919961909454,38566,-2.955429971572016e-05,-0.6,1401,-0.0037238417641807303,-0.03883419333397257,0.11102783725910065,-0.2292908013502959,-0.006521743263110089,-0.06801289087873351,-0.012117546260968741,-0.12637138486554092,-0.017713349258827414,-0.1847302638523406,
csmom_60,2,横截面动量,5,0.9559320374088038,0.044067962591196164,0.35100132203887774,-0.004179495188320496,0.3089353241044671,-0.013528706050160813,0.5125268432355047,-0.28420397160723626,0.7762540720079256,-0.006879436281484053,0.30140560777044334,-0.022824513227781656,0.49821045096635647,-0.48692276460146183,0.6263130658092348,1397,1397,-0.009967644922833226,-0.5737340230921673,0.5661478012042336,0.0001010541514106154,0.2457052354181916,0.8059104191435876,38290,0.0002961437709248695,0.19999999999999998,1397,,,,,,,,,,,0.7698431433905178
csmom_60,2,横截面动量,20,0.9559320374088038,0.044067962591196164,0.35100132203887774,-0.006473982803314026,0.3045555248656061,-0.021257151076707136,0.5050651230101303,-0.23433696936908774,0.8147233873960096,-0.0062042557719053145,0.2954169204420419,-0.02100169402152621,0.507959479015919,-0.23261164274772603,0.8160629856821651,1382,1382,0.002467960893036376,0.07849700991069049,0.9374327086310995,0.0005987559986304185,0.4249440533930449,0.6708774593919323,37722,0.0005756771571901517,0.6,1382,,,,,,,,,,,
trend_efficiency_60,3,趋势效率,1,0.9449395289624443,0.055060471037555736,0.0013954854820545464,0.002685115301033389,0.27219375466126683,0.009864720461257082,0.5089221984296931,0.3697380498327127,0.7115776780446188,0.00030778887017174155,0.259658942099272,0.0011853582537283414,0.510349750178444,0.04511795731598705,0.9640132881287649,1401,1401,0.00030778887017174155,0.04511795731598705,0.9640132881287649,5.352503177806815e-05,0.5338909228785532,0.5934170025376467,38434,2.757159737260212e-05,0.7,1401,0.003474021268947872,0.044399492559215756,0.21921246728527244,-0.1657869610155387,-0.002050132906641005,-0.02620095852633293,-0.013098441257818718,-0.16738859677675455,-0.02414674960899646,-0.30854970067899684,
trend_efficiency_60,3,趋势效率,5,0.9449395289624443,0.055060471037555736,0.0013954854820545464,-0.003737684495802384,0.2688173813342918,-0.01390417716760038,0.49677881173944166,-0.29475555568672357,0.7681806201633702,-0.00908290907774148,0.25636230761403034,-0.03542997081855096,0.4889047959914102,-0.7740989326852238,0.43887228860813987,1397,1397,-0.00910949478333874,-0.6294559531189803,0.5290505965734903,1.4648371034885758e-05,0.04031684775821059,0.9678405221303791,38223,-0.0003741579170647292,-0.3,1397,,,,,,,,,,,0.7159703491569955
trend_efficiency_60,3,趋势效率,20,0.9449395289624443,0.055060471037555736,0.0013954854820545464,-0.0078120157198898,0.24458877796213166,-0.031939387346296366,0.48480463096960924,-0.3820527462589355,0.7024222408952933,-0.013789721646240144,0.23134597692944017,-0.059606489938858837,0.48118668596237335,-0.729155207675528,0.46590672717976633,1382,1382,-0.034722482895214506,-1.3941817362515656,0.163262731698798,-3.0780923131191056e-05,-0.028013266686236014,0.9776515700143641,37682,-0.00016762960075480824,0.19999999999999998,1382,,,,,,,,,,,
realized_vol_60,24,已实现波动率,1,0.9666307594378887,0.033369240562111324,0.002032022719482936,0.01320000985482625,0.37245642615791447,0.03544041377132716,0.5143256464011181,1.365578805452789,0.17207120268760123,0.011897371830709508,0.34627970534075375,0.03435769306492275,0.5087351502445842,1.3404462942935642,0.18010029352383117,1431,1431,0.011897371830709508,1.3404462942935642,0.18010029352383117,0.00010606405740968804,0.6918681833254511,0.48902011295528913,39320,0.00025829970787120867,0.8999999999999998,1431,0.032545763191772284,0.30021795187413836,0.029885860703470764,-0.16915123404802113,0.031792639502044834,0.2932708732466747,0.030286392122589913,0.2793762399750344,0.028780144743134988,0.2654810485615366,
realized_vol_60,24,已实现波动率,5,0.9666307594378887,0.033369240562111324,0.002032022719482936,0.016383215608944394,0.38552629658349896,0.042495714959345315,0.52697967764541,0.8893837448523828,0.3737968779759343,0.012089394785211129,0.35030999824181275,0.03451056163365921,0.5073580939032937,0.7304446344092979,0.4651184437885275,1427,1427,0.012051396831494372,0.6065104774257978,0.5441758270264945,0.00047338538963831786,0.7559913221808973,0.44965439859455225,39109,0.0013464111075900864,0.9999999999999999,1427,,,,,,,,,,,0.7159703491569955
realized_vol_60,24,已实现波动率,20,0.9666307594378887,0.033369240562111324,0.002032022719482936,0.021970681351489146,0.3831399062600903,0.05734375613845505,0.5127478753541076,0.5983665840545412,0.5495953573850673,0.0193630941853156,0.3419044252702323,0.056633061037485895,0.5269121813031161,0.599517268142117,0.5488279983462474,1412,1412,0.024452740802362437,0.6010707715016617,0.5477928500060282,0.0014211232298336558,0.5655800358797942,0.5716793024214541,38568,0.005252078067338173,0.8999999999999998,1412,,,,,,,,,,,
momentum_quality_60,41,动量质量,1,0.9449395289624443,0.055060471037555736,0.0013954854820545464,5.033297184507514e-05,0.2898274374009202,0.0001736653102840957,0.5160599571734475,0.006505768719014731,0.9948091841998725,-0.000767392697270341,0.2810062899663058,-0.002730873737247503,0.5082084225553176,-0.10413069615945433,0.917065631255173,1401,1401,-0.000767392697270341,-0.10413069615945433,0.917065631255173,1.56889954493159e-06,0.015654191245547983,0.9875102726043976,38434,-5.720122534447203e-05,0.19999999999999998,1401,-0.007207354393403481,-0.08594181065368907,0.12406614323102545,-0.22753984948842343,-0.01033382120282533,-0.1232232411961186,-0.016586754821669,-0.1977862146596945,-0.02283968844051271,-0.2723474966384892,
momentum_quality_60,41,动量质量,5,0.9449395289624443,0.055060471037555736,0.0013954854820545464,-0.002858361212378626,0.2854993475206996,-0.010011795954004364,0.49821045096635647,-0.2100966240294337,0.8335922603150077,-0.0009155435531198617,0.277608088510399,-0.0032979714605310072,0.5003579098067287,-0.07043048745521384,0.9438510260121586,1397,1397,-0.0020235566603356205,-0.12677433130137533,0.8991190124433478,9.457744352764686e-05,0.24645358044927773,0.8053311337690168,38223,0.000580213709523677,0.3,1397,,,,,,,,,,,0.9601243195640924
momentum_quality_60,41,动量质量,20,0.9449395289624443,0.055060471037555736,0.0013954854820545464,-0.010654851423579888,0.28676885609134656,-0.03715484159892844,0.479739507959479,-0.4071632422178413,0.6838880968321135,-0.002332195768607669,0.2693291788337517,-0.008659276275621287,0.4956584659913169,-0.09469063572866954,0.9245605561619307,1382,1382,0.010763661661007918,0.35876644872819125,0.7197698139917335,0.00012457168641635417,0.08692502021513193,0.9307311115349882,37682,0.0021474325149939406,0.3,1382,,,,,,,,,,,
vol_managed_momentum_60,42,波动率管理动量,1,0.9449395289624443,0.055060471037555736,0.001322038877735886,0.011729198164932546,0.20457984888972267,0.05733310601502638,0.516773733047823,2.1794142430382375,0.029300908999105275,0.009221128956141019,0.23744681493763106,0.03883450261719908,0.510349750178444,1.4747105516271621,0.14029037806102937,1401,1401,0.009221128956141019,1.4747105516271621,0.14029037806102937,0.00014610887742901743,1.8378397144515295,0.06608602760206551,38434,0.0005300689227612439,0.49999999999999994,1401,0.06678868426791672,1.0627270256082681,0.12270996906971213,-0.10187146679260928,0.06369639304735998,1.013599645788169,0.057511810606246494,0.9152977296325231,0.05132722816513299,0.8169418290064238,
vol_managed_momentum_60,42,波动率管理动量,5,0.9449395289624443,0.055060471037555736,0.001322038877735886,0.02126933433238231,0.19994738938682163,0.10637465384073753,0.5397279885468862,2.30906932657053,0.020939734539879264,0.01989302436124364,0.23814654399536087,0.0835327022912042,0.5418754473872585,1.7896351909214774,0.07351257733577037,1397,1397,0.010604547526206511,0.7269499687236208,0.4672566050714835,0.0006805017738725547,2.1364692045175864,0.03264118849272475,38223,0.0019217861655979006,0.3,1397,,,,,,,,,,,0.2976389335916509
vol_managed_momentum_60,42,波动率管理动量,20,0.9449395289624443,0.055060471037555736,0.001322038877735886,0.03217610503944936,0.20868193485920672,0.15418730452714027,0.5455861070911722,1.7408715459578248,0.08170609733667411,0.026493037501603072,0.2469360504628188,0.10728703829168974,0.5050651230101303,1.2049178714607043,0.2282350086972893,1382,1382,0.04044779681360008,1.339658861301829,0.18035627791983255,0.002574232205404475,2.202034421141475,0.027662877135872375,37682,0.006969758661927426,0.09999999999999999,1382,,,,,,,,,,,
tsmom_120,1,时间序列动量,1,0.9016305146158743,0.09836948538412571,0.0014444498849336533,0.006336414365848936,0.2841835787158442,0.022296905382364583,0.5167785234899329,0.8245823982589625,0.4096087178669139,0.001150823317066046,0.2851646026526075,0.004035645751124304,0.5212527964205816,0.15112573805944352,0.8798765296376597,1341,1341,0.001150823317066046,0.15112573805944352,0.8798765296376597,6.462425327102307e-05,0.5032854681750341,0.6147635818650534,36644,7.618906911214403e-05,0.49999999999999994,1341,0.009599822708130147,0.11040923618398735,0.09113845389013174,-0.22710505251905833,0.007303133670098829,0.08399456398834722,0.0027097555940361917,0.031165143625369544,-0.0018836224820264554,-0.021663407313889393,
tsmom_120,1,时间序列动量,5,0.9016305146158743,0.09836948538412571,0.0014444498849336533,0.015105118376914448,0.2840293155526495,0.053181546938292946,0.5213163799551234,1.095186143739849,0.27343509487524575,0.009421971413130874,0.28126915567410743,0.03349806128066045,0.525056095736724,0.703275894143818,0.48188383030695126,1337,1337,0.015854354519538053,0.9832126114328389,0.32550280912020224,0.0005080113140732679,1.1117645103529634,0.26623941469883383,36434,0.0009770160232692286,0.6,1337,,,,,,,,,,,0.7159703491569955
tsmom_120,1,时间序列动量,20,0.9016305146158743,0.09836948538412571,0.0014444498849336533,0.027090976390766155,0.27517381146182845,0.09845041665429037,0.5431164901664145,0.9910534742374385,0.3216594696604842,0.02262653371251091,0.2615120383958438,0.08652195842036813,0.5453857791225416,0.892010397771294,0.3723873592277346,1322,1322,0.03940077793546822,1.1996855905733566,0.23026147133183628,0.002106425027600076,1.3189572163145187,0.1871834160966278,35898,0.00581706148848813,0.6,1322,,,,,,,,,,,
csmom_120,2,横截面动量,1,0.9118640748176076,0.08813592518239244,0.4141654017529256,0.005954791430248327,0.31099866788566605,0.01914732133977344,0.5219985085756897,0.7130680986246921,0.4758036188438479,0.003025512795045676,0.30630612022595943,0.009877415419625899,0.5242356450410142,0.37169786224233825,0.7101178168381539,1341,1341,0.003025512795045676,0.37169786224233825,0.7101178168381539,6.370628515511528e-05,0.40050806354988766,0.6887823455476902,36774,0.00021759745938838512,0.39999999999999997,1341,0.027417279882936525,0.2763155556751564,0.08690032314193388,-0.17988306580869107,0.0252273917397598,0.2542358193680063,0.020847615453406326,0.2100805323006723,0.01646783916705287,0.16593143606475214,
csmom_120,2,横截面动量,5,0.9118640748176076,0.08813592518239244,0.4141654017529256,0.018152796418733335,0.3158936351565638,0.05746490083517007,0.5325355272999253,1.1887492764879948,0.23453834354493241,0.01408881104065565,0.30580376297158607,0.04607141162603915,0.537023186237846,0.9671754079628274,0.33345635366453485,1337,1337,0.020772318848415006,1.209070574225914,0.22663573299672535,0.0006372740227165739,1.1466663553768228,0.2515195406596188,36511,0.001870790000511477,0.8999999999999998,1337,,,,,,,,,,,0.7159703491569955
csmom_120,2,横截面动量,20,0.9118640748176076,0.08813592518239244,0.4141654017529256,0.037699374939024144,0.2974261269136314,0.12675206220189103,0.5786686838124054,1.3096105706721934,0.19032761061576098,0.02802542548026267,0.2834997463240351,0.09885520478819095,0.5680786686838124,1.0428312780478453,0.2970264423050678,1322,1322,0.05599668033134738,1.6817143043954204,0.09262425289279748,0.0027699363523568652,1.5250580219095966,0.12724462628254457,35965,0.007111873204898445,0.6,1322,,,,,,,,,,,
trend_efficiency_120,3,趋势效率,1,0.9016305146158743,0.09836948538412571,0.0014444498849336533,0.005132149554132839,0.2658750203660481,0.0193028647334641,0.511558538404176,0.6976836293987644,0.4853750682426592,0.0035045809609649645,0.26068176664418863,0.013443905210863707,0.5011185682326622,0.49503618502401825,0.6205745782952554,1341,1341,0.0035045809609649645,0.49503618502401825,0.6205745782952554,7.837562388827391e-05,0.5798374069744054,0.5620242691813156,36644,4.2339478103204395e-05,0.6,1341,0.005334774241003751,0.0668570324855748,0.16478995774297786,-0.22078508056325574,0.0011820673058806962,0.014814153978451896,-0.007123346564365384,-0.08927310294727907,-0.015428760434611465,-0.193358134262281,
trend_efficiency_120,3,趋势效率,5,0.9016305146158743,0.09836948538412571,0.0014444498849336533,-0.0034209016516102714,0.2715517923495496,-0.01259760291770339,0.4869109947643979,-0.25347420865759374,0.7999017890429359,-0.00592160867673508,0.2624661039062107,-0.02256142255554302,0.47718773373223633,-0.4603616104393395,0.6452566851409797,1337,1337,-0.01050933116325011,-0.6680564191421634,0.504097579263326,6.609822405462666e-05,0.13687610980937148,0.8911287226933825,36434,-0.00041200597069697106,0.0,1337,,,,,,,,,,,0.7769417229248531
trend_efficiency_120,3,趋势效率,20,0.9016305146158743,0.09836948538412571,0.0014444498849336533,-0.04002668920948401,0.2815997238030787,-0.14214037098088378,0.4583963691376702,-1.4815319813146246,0.13846486918045756,-0.030457289150693654,0.2693916999285137,-0.11305949351363037,0.47655068078668683,-1.2076121925076306,0.2271964671575416,1322,1322,-0.0388121299892256,-1.3747740352765452,0.16920151019363072,-0.0015534213227061235,-1.0670932422994166,0.2859297330726268,35898,-0.004604982251105782,0.0,1322,,,,,,,,,,,
realized_vol_120,24,已实现波动率,1,0.9453557263869167,0.05464427361308333,0.0026195955540322187,0.016682349696920482,0.3762553642605191,0.04433783882312872,0.5182012847965739,1.700213764449448,0.08909072412392592,0.010629771567929614,0.34963691841727385,0.030402314538316356,0.4989293361884368,1.1809852484318326,0.23760858351882697,1401,1401,0.010629771567929614,1.1809852484318326,0.23760858351882697,0.00014788836740474274,0.8565261353347808,0.39170682290976544,38422,0.00044587060804490177,0.7,1401,0.05617969661365762,0.5055936731710673,0.017891981917677848,-0.12951560900103964,0.055728818669332145,0.5015312287456354,0.05482706278068118,0.49340609901624777,0.0539253068920302,0.4852806740083553,
realized_vol_120,24,已实现波动率,5,0.9453557263869167,0.05464427361308333,0.0026195955540322187,0.019747191683721108,0.3876662346994275,0.05093864235824372,0.5275590551181102,1.0490096215217244,0.29417369016251127,0.00930190238117681,0.35289518782615037,0.026358824665411083,0.5025053686471009,0.5501755152614355,0.5821989956269075,1397,1397,0.004085868952983208,0.20063716154443118,0.840982298171194,0.0005217961610548884,0.7796646251731559,0.43558830598664566,38199,0.0017492901686917606,0.7,1397,,,,,,,,,,,0.7308455477018625
realized_vol_120,24,已实现波动率,20,0.9453557263869167,0.05464427361308333,0.0026195955540322187,0.009149607444342704,0.39583900835037555,0.023114466364679148,0.5151953690303908,0.2352744392957084,0.8139957328343128,0.006682950541925543,0.3523004274059909,0.018969464758054673,0.5072358900144718,0.19604349922551859,0.8445761190786302,1382,1382,0.0056240808293883116,0.13922520840139266,0.8892721890688132,0.00083105797165029,0.29768226527241426,0.7659456803825593,37641,0.004983537286964734,0.6,1382,,,,,,,,,,,
momentum_quality_120,41,动量质量,1,0.9016305146158743,0.09836948538412571,0.0014444498849336533,0.0020891603214428824,0.2791704980011338,0.007483456656062553,0.517524235645041,0.275235948721238,0.7831349700181455,0.001072340162424069,0.28469321960507926,0.0037666515694037175,0.5182699478001491,0.1410945695713268,0.8877952335908799,1341,1341,0.001072340162424069,0.1410945695713268,0.8877952335908799,-7.611502115508375e-06,-0.061472348303713426,0.9509830356039783,36644,8.826909912366897e-05,0.6,1341,0.011121906489582285,0.12764281775069045,0.09161073825503355,-0.21589554777097086,0.008813315885555435,0.10114651491884115,0.004196134677501753,0.04815568261872226,-0.00042104653055196055,-0.004831829748763941,
momentum_quality_120,41,动量质量,5,0.9016305146158743,0.09836948538412571,0.0014444498849336533,0.004844425381701588,0.27848099281405153,0.01739589238299049,0.5213163799551234,0.3556585973136439,0.7220962547472387,0.009208743011281025,0.2808297637507896,0.032791193099649264,0.5280478683620045,0.6882283249737721,0.49130900946554434,1337,1337,0.016073567294949256,0.9960640188776786,0.3192190408586867,0.00015156422859869155,0.3541312202731078,0.7232405457983202,36434,0.0009000031448346976,0.7,1337,,,,,,,,,,,0.7159703491569955
momentum_quality_120,41,动量质量,20,0.9016305146158743,0.09836948538412571,0.0014444498849336533,0.01596625169321111,0.27545356637194923,0.05796349600226861,0.5393343419062028,0.5873301072976493,0.5569820244789738,0.022273118337513303,0.2602740501972187,0.08557563967916197,0.5453857791225416,0.882515498945218,0.37749810208593226,1322,1322,0.04038557472389425,1.239961901747396,0.21498948605652368,0.0012570381946473113,0.9494106992951655,0.3424117707943808,35898,0.0054881320614121746,0.6,1322,,,,,,,,,,,
vol_managed_momentum_120,42,波动率管理动量,1,0.9016305146158743,0.09836948538412571,0.0013465210791754395,0.0048196119073995415,0.21345572341526053,0.022578977177498228,0.5078299776286354,0.8504631389407151,0.39506764567958785,-0.001417900681295743,0.24417019113151153,-0.005807017944021075,0.5048471290082028,-0.21975951067889116,0.8260584545477174,1341,1341,-0.001417900681295743,-0.21975951067889116,0.8260584545477174,6.737132100256314e-05,1.0272204359432258,0.30431667735496926,36644,6.774638734818922e-07,0.6,1341,8.536044805870798e-05,0.0012870953223465783,0.0854958985831469,-0.2585022171143724,-0.002069136196236584,-0.031196997431664295,-0.006378129484827174,-0.0961499633449494,-0.010687122773417794,-0.16107899725909228,
vol_managed_momentum_120,42,波动率管理动量,5,0.9016305146158743,0.09836948538412571,0.0013465210791754395,0.012949486940175503,0.20952720052627752,0.06180336924108077,0.525056095736724,1.323518082631717,0.18566314690675556,0.002388767323910923,0.24152493825748483,0.009890354764791644,0.5190725504861631,0.20701183097203932,0.8360006188509941,1337,1337,0.008290213085217482,0.5547414452390629,0.5790715234407395,0.0003576516786162437,1.3500545661633043,0.1769984805138084,36434,-0.00023758282139221162,0.09999999999999999,1337,,,,,,,,,,,0.8968006638583391
vol_managed_momentum_120,42,波动率管理动量,20,0.9016305146158743,0.09836948538412571,0.0013465210791754395,0.012260008700417387,0.21151583519695843,0.05796260449720544,0.5234493192133132,0.6037839585853362,0.5459872858831656,0.002591735776666418,0.24626471418882523,0.010524186484463975,0.5030257186081695,0.11065348302163876,0.9118911345362861,1322,1322,-0.010513653257830031,-0.3281336669645902,0.7428105994207611,0.0010369964881088362,1.0089703437584716,0.3129888571199507,35898,-0.001966822356255078,-0.19999999999999998,1322,,,,,,,,,,,
multi_horizon_trend,4,多周期趋势一致性,1,0.9118640748176076,0.08813592518239244,0.7597561572736621,0.006081606663437256,0.25717386441646395,0.023647841032511698,0.5085756897837435,0.8813677822407863,0.3781187896759781,-0.0002758753338125957,0.26730420885896,-0.0010320650579735472,0.49962714392244595,-0.038742543171006096,0.969095654309036,1341,1341,-0.0002758753338125957,-0.038742543171006096,0.969095654309036,8.278758748533239e-05,0.7976507483397883,0.4250731924795226,36774,-1.4252968886373028e-06,0.19999999999999998,1341,-0.00017958740796829493,-0.002444759260042056,0.18349490430027343,-0.22458954938943465,-0.0048036589963351955,-0.06538310542546932,-0.014051802173068974,-0.191198103746506,-0.023299945349802738,-0.31692303774761194,
multi_horizon_trend,4,多周期趋势一致性,5,0.9118640748176076,0.08813592518239244,0.7597561572736621,0.020512049454530595,0.25439857866089016,0.08062957569378906,0.5332834704562454,1.6940413224993027,0.09025743108855887,0.015681873308468722,0.2574859688585039,0.06090379750784157,0.5340314136125655,1.3097966361501352,0.19026464142774135,1337,1337,0.011705099534955488,0.7437596402861422,0.4570219010025509,0.0007132908212204066,1.7566860433913563,0.0789713377287212,36511,0.0006884475724557906,0.7,1337,,,,,,,,,,,0.5102551747380336
multi_horizon_trend,4,多周期趋势一致性,20,0.9118640748176076,0.08813592518239244,0.7597561572736621,0.034868493501307656,0.2425107940148319,0.14378120216444926,0.5476550680786687,1.591849116900128,0.11141861089524693,0.03250978026293809,0.24109959792717217,0.13483962869468644,0.5416036308623298,1.5603792127012863,0.11867029419884301,1322,1322,0.05878587228549687,1.9549729104578737,0.050586267774063554,0.002682739751158317,2.004751112593919,0.044989661272485,35965,0.004143116226734579,0.7,1322,,,,,,,,,,,
carry,5,Carry,1,0.9843069088772463,0.015693091122753744,0.0006855016403074964,0.019810773730171094,0.26391804638887856,0.07506411176210463,0.5373032169746749,2.8703769642350836,0.0040998271304301045,0.029269936156223683,0.24634052165941564,0.11881900695449359,0.5509924709103354,4.621549971624355,3.8088355844950215e-06,1461,1461,0.029269936156223683,4.621549971624355,3.8088355844950215e-06,0.00023099773060286733,2.519922212360775,0.011738077140449553,40130,0.0009012711944711029,0.9999999999999999,1461,0.11356017050335898,1.5555390437774481,0.3315993611681497,-0.10803447322635573,0.10520386660192158,1.4411274714028273,0.08849125879904685,1.212245727623046,0.07177865099617209,0.9833069867200385,
carry,5,Carry,5,0.9843069088772463,0.015693091122753744,0.0006855016403074964,0.030246484433729855,0.26157476697033694,0.11563227135421614,0.5648592999313659,2.6917880548535154,0.007107009457580812,0.04604584859436473,0.24154564072968732,0.19063001284256023,0.5710363761153054,4.472314475372377,7.737752307123443e-06,1457,1457,0.05230853330671289,3.611279180598258,0.00030469045052502076,0.0008935265518734362,2.464792678529719,0.01370925491029356,39946,0.00308882923320625,0.8999999999999998,1457,,,,,,,,,,,0.0002711738184780709
carry,5,Carry,20,0.9843069088772463,0.015693091122753744,0.0006855016403074964,0.0677839525166154,0.26343762625185724,0.25730550901567545,0.624133148404993,3.121905347869859,0.001796846984259309,0.09457604418976014,0.2426584766999837,0.38974959983240715,0.6421636615811374,4.901650300408759,9.503489816192008e-07,1442,1442,0.07520769163621802,2.9038140157899686,0.0036864707918284677,0.003798633983866978,3.58830747986352,0.0003328316278213899,39459,0.011308945064812483,0.8999999999999998,1442,,,,,,,,,,,
curve_curvature,10,期限结构曲率,1,0.971600646330118,0.028399353669882,0.00014689320863732068,-0.013031855134961006,0.23009516817234935,-0.056636804842419335,0.4729637234770705,-2.1791070956909064,0.029323713267317923,-0.014002358337168988,0.2084037767863223,-0.06718860163232883,0.4654346338124572,-2.598980099576416,0.009350119362568417,1461,1461,-0.014002358337168988,-2.598980099576416,0.009350119362568417,-0.00016290042451405103,-1.507723313348707,0.1316253561854258,39644,-0.0005269753155808255,-0.7,1461,-0.066398889763184,-1.0633810404925244,0.4674823180469998,-0.3895718236030502,-0.0781794441779684,-1.2520889900822958,-0.10174055300753722,-1.6294717035418314,-0.125301661837106,-2.006755316212248,
curve_curvature,10,期限结构曲率,5,0.971600646330118,0.028399353669882,0.00014689320863732068,-0.008977633511446136,0.2228206495989153,-0.040290850635280796,0.4735758407687028,-1.0940216976912098,0.2739454621152947,-0.015343139831641626,0.2012548930117724,-0.07623735056590215,0.4790665751544269,-2.1256610090978723,0.033531495718338064,1457,1457,-0.015648956838841897,-1.3656418613670247,0.17205140065247737,-0.0002151700506500878,-0.5980682866343737,0.5497943698853084,39504,-0.0011227619887023965,-0.3,1457,,,,,,,,,,,0.18984248934228376
curve_curvature,10,期限结构曲率,20,0.971600646330118,0.028399353669882,0.00014689320863732068,-0.011145216104282284,0.22580332959878177,-0.04935806803241405,0.4750346740638003,-0.8707309227290627,0.3839010900886587,-0.032781654497729455,0.20361258714937877,-0.16100013735240962,0.4320388349514563,-2.989201847806741,0.0027970728430136943,1442,1442,-0.017410707439996818,-0.6529324895713136,0.5137998023326433,-0.0004469304876529843,-0.6170755206421918,0.5371849141722302,39037,-0.0033717076291296805,-0.39999999999999997,1442,,,,,,,,,,,
term_structure_slope,44,期限结构斜率,1,0.9843069088772463,0.015693091122753744,0.0,0.031149851198198894,0.3031570500822066,0.10275153155683511,0.5509924709103354,3.9385240244344493,8.198438629929014e-05,0.03305335192485189,0.2798000799533903,0.11813203173622391,0.5550992470910335,4.60261341247431,4.172222335121074e-06,1461,1461,0.03305335192485189,4.60261341247431,4.172222335121074e-06,0.0003352314215519595,3.0828511726152983,0.0020502766398396784,40130,0.0009406294374320407,0.9999999999999999,1461,0.11851930911643711,1.3687353220634395,0.07710472279260781,-0.10789621714750774,0.11657627010206338,1.3462977921387131,0.11269019207331596,1.301414812371322,0.10880411404456852,1.25652216152373,
term_structure_slope,44,期限结构斜率,5,0.9843069088772463,0.015693091122753744,0.0,0.060435057606255824,0.3175214154163548,0.19033380009033227,0.5813315030885381,4.076460961431928,4.572632822931924e-05,0.06018740551822861,0.28887879931699467,0.2083482957577074,0.5881949210706932,4.435348806923322,9.192332829765116e-06,1457,1457,0.0657879062854315,3.9673137256806044,7.268728314324152e-05,0.001563670762959341,3.191910259221698,0.001413352371192272,39946,0.004154331890259242,0.9999999999999999,1457,,,,,,,,,,,0.0002711738184780709
term_structure_slope,44,期限结构斜率,20,0.9843069088772463,0.015693091122753744,0.0,0.1215599659122457,0.30250054090624395,0.40185040842595254,0.6816920943134536,4.399639809415371,1.0843070147433993e-05,0.12279503512656766,0.2709096751969305,0.4532692862936885,0.6920943134535368,5.047904173765748,4.466830801116022e-07,1442,1442,0.12616268825892912,4.274591050482342,1.9148844087809926e-05,0.006884280039805921,3.746122885263403,0.00017958864382958608,39459,0.018039240459978696,0.9999999999999999,1442,,,,,,,,,,,
carry_change_5,6,Carry变化,1,0.9777456788914459,0.022254321108554076,0.0,0.013767039509386044,0.23789482769564013,0.057870276721608396,0.5322802197802198,2.245562615229334,0.02473203733892479,0.009783160603793443,0.20759786611970296,0.04712553547227878,0.5260989010989011,1.8216299993409153,0.06851114586066753,1456,1456,0.009783160603793443,1.8216299993409153,0.06851114586066753,0.00017741364457251411,2.0252072511325685,0.042846087422193486,39891,0.0004902545343405641,0.19999999999999998,1456,0.06177207132691107,0.9574010050573291,0.568738553113553,-0.08559648279797272,0.04743985978844956,0.7352613039218764,0.018775436711526462,0.2909808905521958,-0.009888986365396615,-0.15324260612709492,
carry_change_5,6,Carry变化,5,0.9777456788914459,0.022254321108554076,0.0,0.0023276373413489405,0.23873555804647126,0.009749856118609079,0.5075757575757576,0.2976815389716422,0.7659462347710044,0.007912304318242247,0.20759423578148745,0.03811427753981905,0.5110192837465565,1.163733255984928,0.2445321278384096,1452,1452,0.014984547487293456,1.2457503934680323,0.21285604655600188,0.00010365423793818212,0.42590460571948413,0.6701773587178375,39742,0.0005669435333384723,0.39999999999999997,1452,,,,,,,,,,,0.6272780670637463
carry_change_5,6,Carry变化,20,0.9777456788914459,0.022254321108554076,0.0,-0.003091812345909886,0.24280570227309922,-0.012733689188371389,0.4836464857341684,-0.39284484180061224,0.6944340827688988,0.0073745874689688596,0.21174919590298757,0.034826991609203134,0.5184411969380655,1.0184775936732666,0.30845104372240006,1437,1437,0.02488685797823567,0.991927774891528,0.3212327590177546,-0.00012910539826725426,-0.30557348915722193,0.7599294081206447,39276,8.703927581154185e-05,0.09999999999999999,1437,,,,,,,,,,,
basis_momentum_5,9,基差动量,1,0.9777456788914459,0.022254321108554076,0.0,0.018596377789166854,0.2368570154535735,0.07851309682998156,0.5288461538461539,3.054120377780809,0.0022572148829154105,0.014643788703398983,0.20643804442217345,0.07093551357932791,0.5254120879120879,2.7390408679179656,0.006161871335958133,1456,1456,0.014643788703398983,2.7390408679179656,0.006161871335958133,0.00023173289912466628,2.9168958525343656,0.0035353379751719106,39891,0.00042144663178902823,0.7,1456,0.053102275605417554,0.8275468614795078,0.5586252289377289,-0.10898524761185957,0.03902491983618678,0.6081420095413895,0.010870208297725248,0.16937528915143513,-0.0172845032407363,-0.26927405159027124,
basis_momentum_5,9,基差动量,5,0.9777456788914459,0.022254321108554076,0.0,0.005711924844340836,0.23531671676350613,0.024273349224404377,0.512396694214876,0.7164010773519498,0.47374372989678826,0.012556920224293883,0.2082820868374202,0.060288046922131626,0.5296143250688705,1.7763762964802094,0.07567091531991124,1452,1452,0.022277772126805043,1.8189223187122179,0.06892328227502038,0.00015422533620982034,0.7252717510561866,0.46828533238414405,39742,0.0006852619400915855,0.39999999999999997,1452,,,,,,,,,,,0.2976389335916509
basis_momentum_5,9,基差动量,20,0.9777456788914459,0.022254321108554076,0.0,-0.0012178113268860313,0.2363620451110609,-0.005152313377191379,0.4857341684064022,-0.15392055981883834,0.8776723728923503,0.007640655275290714,0.208838704667485,0.03658639468893585,0.5205288796102993,0.9978621874663725,0.31834618982223906,1437,1437,0.013905636233363494,0.564754896474334,0.5722404892310422,-6.81064822049034e-05,-0.23975687707455143,0.8105187390722705,39276,-0.0002474218428252225,-0.09999999999999999,1437,,,,,,,,,,,
term_structure_momentum_5,45,期限结构动量,1,0.9777456788914459,0.022254321108554076,0.0,0.020745985671768222,0.26676103389267103,0.07776992527370091,0.5281593406593407,2.986982756787981,0.0028174561322619725,0.021371994919433018,0.22603972196197952,0.0945497310558002,0.5350274725274725,3.5833051984229627,0.00033927380681036956,1456,1456,0.021371994919433018,3.5833051984229627,0.00033927380681036956,0.00019589335770588815,2.6152242640949064,0.008916888608591094,39891,0.0005842401144623145,0.8999999999999998,1456,0.07361425442225163,1.035955948367647,0.3430574633699634,-0.09393856669607759,0.06496920634532856,0.9141956626461125,0.047679110191482396,0.670737508578358,0.030389014037636233,0.42738421824771367,
term_structure_momentum_5,45,期限结构动量,5,0.9777456788914459,0.022254321108554076,0.0,0.021022308193786785,0.2669100766635046,0.07876176297491293,0.5378787878787878,1.97487055076441,0.048282840151251054,0.0164748296419411,0.22211504030984333,0.07417250816945689,0.528236914600551,1.849620244280294,0.06436830291751984,1452,1452,0.015641168235140626,1.1158868032304892,0.2644705913460552,0.00039618502288297033,1.4766432084447998,0.13977130293291323,39742,0.0010080508285357738,0.8999999999999998,1452,,,,,,,,,,,0.29213306708720543
term_structure_momentum_5,45,期限结构动量,20,0.9777456788914459,0.022254321108554076,0.0,0.009798631118296581,0.27779523360644715,0.035272855444950915,0.5177453027139874,0.65041892189037,0.515421658075538,0.015561606161336596,0.244522771552636,0.06364072377605455,0.5191370911621433,1.184561065049467,0.23619103885595027,1437,1437,0.010197497285102676,0.40277244464401496,0.6871156340945467,0.00048630133816001574,0.5626332187510168,0.5736846670536346,39276,0.0019288592839814525,0.49999999999999994,1437,,,,,,,,,,,
term_structure_acceleration_5,46,期限结构加速度,1,0.972751309797777,0.02724869020222298,0.0,0.0174038287046529,0.2585969798514763,0.06730097433716624,0.5299793246037215,2.5847837196916297,0.009744009888614276,0.01994129088361701,0.22054059461037254,0.0904200467893321,0.5389386629910407,3.4760504268097314,0.0005088565962860101,1451,1451,0.01994129088361701,3.4760504268097314,0.0005088565962860101,0.00021325949838239895,3.069444486718566,0.0021445725764025255,39697,0.0007019140160029506,0.9999999999999999,1451,0.08844116601637178,1.2982573577475134,0.40851137146795313,-0.10181019194336816,0.07814667945537936,1.1469985103316176,0.057557706333394514,0.844564875812235,0.036968733211409685,0.5422775814189829,
term_structure_acceleration_5,46,期限结构加速度,5,0.972751309797777,0.02724869020222298,0.0,0.014074227615154028,0.26984978051447894,0.05215578678004101,0.5176226675881134,1.3584014700170228,0.17433632808363297,0.013086914270385226,0.2313665110598066,0.056563563198661675,0.5286800276434002,1.4757470917005362,0.14001179890123833,1447,1447,-0.003675572907042825,-0.2687587532440003,0.7881153359522736,0.000248073594277902,0.8832005470556061,0.3771279260857925,39566,0.0009897783941480536,0.8999999999999998,1447,,,,,,,,,,,0.43307450851644347
term_structure_acceleration_5,46,期限结构加速度,20,0.972751309797777,0.02724869020222298,0.0,0.01596934046231974,0.2729135414119648,0.058514283973230614,0.5244413407821229,1.9772270532397307,0.04801597094282554,0.01567133727239226,0.23653449419674297,0.06625391922480983,0.5432960893854749,2.0730940678290004,0.038163525985690575,1432,1432,0.06668855639878193,2.3861505576705073,0.0170257792348416,0.0005388771453707509,1.7748827189658791,0.07591725423972105,39102,0.0014300466387306104,0.6,1432,,,,,,,,,,,
carry_change_20,6,Carry变化,1,0.9662880086177349,0.033711991382265105,0.0,-0.0005250529749301025,0.2394774040823191,-0.0021924948491157783,0.5065926439972241,-0.08304558982984166,0.9338152893419935,0.006481137239378418,0.20858504637239403,0.03107191695711217,0.5107564191533657,1.2072703117130983,0.22732806012559792,1441,1441,0.006481137239378418,1.2072703117130983,0.22732806012559792,1.3972186769582894e-05,0.1564473818829522,0.8756803916007225,39424,0.00019919701233480337,0.3,1441,0.025098823554185225,0.40651879478365194,0.45134166088364563,-0.11038418629657165,0.01372501369991735,0.22231250992871132,-0.009022606008618395,-0.14615436290409475,-0.03177022571715413,-0.5146398233440174,
carry_change_20,6,Carry变化,5,0.9662880086177349,0.033711991382265105,0.0,-0.014739560056627446,0.23817571861488604,-0.06188523390354629,0.4780793319415449,-1.5551449247431068,0.11991155763871979,-0.006343483063096184,0.20976552410439744,-0.030240827658310137,0.476687543493389,-0.8059135306383328,0.42029270892891757,1437,1437,0.004228362629247873,0.366609959812301,0.7139099779093918,-0.0003556584560756054,-1.0471563476587717,0.29502747455993494,39286,-0.0006722580350255955,-0.09999999999999999,1437,,,,,,,,,,,0.7159703491569955
carry_change_20,6,Carry变化,20,0.9662880086177349,0.033711991382265105,0.0,-0.04214252397733641,0.2472998289225467,-0.17041064751619894,0.4310829817158931,-2.757641572796755,0.005821999653489537,-0.0210684422796517,0.21529727990024794,-0.0978574475693013,0.459915611814346,-1.6578153629275911,0.09735473946964376,1422,1422,-0.027838660518953427,-0.9713461059056884,0.3313759565619214,-0.002295582880726958,-2.3828342619915746,0.01717992712201668,38822,-0.004909599168400645,-0.39999999999999997,1422,,,,,,,,,,,
basis_momentum_20,9,基差动量,1,0.9662880086177349,0.033711991382265105,0.0,0.00015968909398657197,0.23470976035465155,0.0006803683568390095,0.5065926439972241,0.02582323760809617,0.9793983270965541,0.005471198127249649,0.20471255564193805,0.026726246028696457,0.5038167938931297,1.032369488805696,0.3018990595688047,1441,1441,0.005471198127249649,1.032369488805696,0.3018990595688047,2.7646324335014882e-05,0.4142349824031497,0.6787020245713783,39424,0.00019751604337876047,0.3,1441,0.02488702146572381,0.399329642075136,0.43942863752024053,-0.117940082150634,0.013813419800213757,0.22164221920716592,-0.008333783530806377,-0.13370926184905244,-0.030480986861826504,-0.48898239803039734,
basis_momentum_20,9,基差动量,5,0.9662880086177349,0.033711991382265105,0.0,-0.011207689533380362,0.2321594421981885,-0.0482758290046745,0.48295059151009045,-1.2126367592105392,0.2252687283104039,-0.004897661040303572,0.2098014011949606,-0.023344272308993583,0.48782185107863607,-0.6136044493772387,0.5394767426366591,1437,1437,-0.000727342718912457,-0.06321418885823381,0.9495959463023774,-0.00029448065460424897,-1.1560412542435168,0.2476642830404019,39286,-0.00036318696590665147,-0.39999999999999997,1437,,,,,,,,,,,0.7159703491569955
basis_momentum_20,9,基差动量,20,0.9662880086177349,0.033711991382265105,0.0,-0.04054694522867993,0.24213334015098936,-0.16745709287038163,0.42545710267229253,-2.7315894413356205,0.006302963020809084,-0.01957803807167814,0.21534931803148752,-0.0909129327672889,0.4606188466947961,-1.522825076805034,0.12780247436239467,1422,1422,-0.037817850793379154,-1.491615849578453,0.13579988075136837,-0.0021569740460474,-2.2075092022644593,0.027278504812551885,38822,-0.004655316554859094,-0.39999999999999997,1422,,,,,,,,,,,
term_structure_momentum_20,45,期限结构动量,1,0.9662880086177349,0.033711991382265105,0.0,0.011424877196917992,0.28162286317176655,0.04056800313811797,0.5385149201943095,1.5253249416966748,0.12717806970916265,0.011175784203145437,0.23949190607905926,0.046664559091429886,0.5246356696738376,1.7644539739163032,0.07765557787316724,1441,1441,0.011175784203145437,1.7644539739163032,0.07765557787316724,8.679546999775122e-05,0.7969648666012203,0.4254714361241422,39424,0.00031363288176121515,0.8999999999999998,1441,0.039517743101913125,0.5328440305323554,0.1792852185981957,-0.13417887268706286,0.034999755593238584,0.47191140213212546,0.02596378057588952,0.3500514321875719,0.01692780555854045,0.2282045967474469,
term_structure_momentum_20,45,期限结构动量,5,0.9662880086177349,0.033711991382265105,0.0,0.0010443456527319084,0.2851661150783842,0.003662236140660846,0.5177453027139874,0.08038255204689147,0.935933003445715,0.007423462877200418,0.24323602299997998,0.030519586637054286,0.5128740431454419,0.6887428186950155,0.49098512534414007,1437,1437,0.01426635799492718,1.004164342815453,0.3152994059504679,-0.00010115520660227251,-0.2336263452251731,0.8152750731397265,39286,0.0005291202512476627,0.09999999999999999,1437,,,,,,,,,,,0.7159703491569955
term_structure_momentum_20,45,期限结构动量,20,0.9662880086177349,0.033711991382265105,0.0,-0.026649677189826818,0.27668648631723197,-0.09631723451528425,0.4641350210970464,-1.2164411288681054,0.22381692444761947,-0.007802376146195256,0.22638746757559441,-0.03446469996661771,0.4648382559774965,-0.4554842209925715,0.648760916832601,1422,1422,-0.028143895356075557,-0.9812104364142058,0.3264889786537599,-0.0015507536815844995,-0.951560702998861,0.34131981907917697,38822,-0.001986536609719597,-0.3,1422,,,,,,,,,,,
term_structure_acceleration_20,46,期限结构加速度,1,0.9503990598834647,0.049600940116535264,0.0,0.01083237522326019,0.278770119860745,0.03885773421007719,0.5320197044334976,1.4710592940781169,0.14127508219079243,0.010007077261521589,0.24566652218621293,0.040734395441704985,0.5228712174524982,1.543819003318749,0.12263218632009601,1421,1421,0.010007077261521589,1.543819003318749,0.12263218632009601,0.00010112261686739295,1.1796981081124425,0.23812030662254335,38784,0.0002791069659554989,0.7,1421,0.035167477710392865,0.4664624722297504,0.20605794041754633,-0.13448531414940557,0.0299748176118707,0.3975964274825568,0.019589497414826355,0.2598502909931234,0.009204177217782017,0.12209270002679568,
term_structure_acceleration_20,46,期限结构加速度,5,0.9503990598834647,0.049600940116535264,0.0,0.015708006685964653,0.28005701651074744,0.05608860253412663,0.5271700776287932,1.232392198696965,0.2178026136811343,0.016778262368453253,0.24123556604461407,0.0695513627760439,0.5321100917431193,1.5659740974280278,0.11735468129807083,1417,1417,0.017201872713497858,1.2572276405470886,0.20867121716665993,0.00028343733117200984,0.7187678851149177,0.4722839481996397,38657,0.0008562834866663214,0.6,1417,,,,,,,,,,,0.4327453872866362
term_structure_acceleration_20,46,期限结构加速度,20,0.9503990598834647,0.049600940116535264,0.0,-0.016263808944797682,0.2832722433806179,-0.057414057765429787,0.4864479315263909,-0.7255153846512543,0.4681359101373571,-0.008344867394719277,0.24392287611459043,-0.03421108970033222,0.48787446504992865,-0.44968069991199894,0.65294068969489,1402,1402,-0.02072065030438184,-0.7476787228315498,0.45465396806514036,-0.0007151813787158822,-0.361332161882194,0.7178511537912085,38195,-0.0013196142232956044,-0.09999999999999999,1402,,,,,,,,,,,
carry_change_60,6,Carry变化,1,0.9366155804729961,0.06338441952700391,0.0,0.003245221645596892,0.2444613345284171,0.013274989485994381,0.5003568879371877,0.5050659350094582,0.6135125263885155,0.005860613458973561,0.22245881730036865,0.02634471193407648,0.5196288365453248,1.0125235749576844,0.31128778053265094,1401,1401,0.005860613458973561,1.0125235749576844,0.31128778053265094,3.3621549584227684e-05,0.2727694487803561,0.7850304456330544,38213,0.00016669954347043136,0.09999999999999999,1401,0.02100414247727435,0.29555437441138943,0.39677611230073756,-0.16231004570759833,0.011005384447295772,0.1548743802847712,-0.008992131612661424,-0.12656361123377446,-0.028989647672618583,-0.4080796589393791,
carry_change_60,6,Carry变化,5,0.9366155804729961,0.06338441952700391,0.0,-0.014160713730418495,0.2424053722702717,-0.0584174913195814,0.4824624194702935,-1.4039990421063355,0.16031913480867288,-0.004781445505519701,0.2102904704859272,-0.022737337999534694,0.4853256979241231,-0.5690284652062387,0.5693368226147917,1397,1397,-0.016197436421956077,-1.3156461566014837,0.18829283393721497,-0.00028669986183664,-0.5958979588830229,0.5512433968759469,38066,-0.0006567967579851009,0.0,1397,,,,,,,,,,,0.7302363594407112
carry_change_60,6,Carry变化,20,0.9366155804729961,0.06338441952700391,0.0,-0.03893528528652531,0.24226376437676947,-0.1607144402576566,0.45296671490593343,-2.1519553720518503,0.03140086945375112,-0.009059728724022198,0.2122813997411462,-0.04267792060477055,0.5007235890014472,-0.6093349215627835,0.5423024643980181,1382,1382,-0.006415120430534373,-0.23281162072083075,0.8159076888207684,-0.0020262679196517475,-1.3687363837589963,0.17108169283895125,37597,-0.004843477501676012,-0.09999999999999999,1382,,,,,,,,,,,
basis_momentum_60,9,基差动量,1,0.9366155804729961,0.06338441952700391,2.4482201439553444e-05,0.006045449276382079,0.23964033044748959,0.02522717801754479,0.5010706638115632,0.9505090291332144,0.34185366823338914,0.004772908663438646,0.2213650814187978,0.02156125362160819,0.502498215560314,0.8224690474327112,0.41080999592270573,1401,1401,0.004772908663438646,0.8224690474327112,0.41080999592270573,8.283843063057412e-05,0.6592020233643013,0.5097660477974393,38213,0.00017834644391185407,0.09999999999999999,1401,0.02247165193289359,0.3159651031336765,0.37718296454913164,-0.1586979317830285,0.012966641226255479,0.18234502595123375,-0.00604338018702076,-0.08500782206831314,-0.02505340160029699,-0.35248619364835654,
basis_momentum_60,9,基差动量,5,0.9366155804729961,0.06338441952700391,2.4482201439553444e-05,-0.005923171179865698,0.2420892055029826,-0.024466895033833813,0.5039370078740157,-0.5815491689628206,0.5608703900061758,-0.0015591535754350193,0.21330302860866432,-0.007309570734204225,0.5039370078740157,-0.18104887392160793,0.8563292140030351,1397,1397,-0.02083288133624774,-1.6035623040085445,0.10881056546101958,-9.582244657238594e-05,-0.20514055549870988,0.8374623114499681,38066,-0.00047552962237904086,0.0,1397,,,,,,,,,,,0.9022039933246262
basis_momentum_60,9,基差动量,20,0.9366155804729961,0.06338441952700391,2.4482201439553444e-05,-0.029827237636308183,0.2408349846206852,-0.12384927249372031,0.45369030390738063,-1.6446995112516287,0.10003179367230695,-0.009264395747944274,0.21450543278757145,-0.04318956227611713,0.48625180897250364,-0.6099390805685718,0.5419021631358014,1382,1382,-0.012362468560625239,-0.45817342121001003,0.6468278535156405,-0.001621437971138329,-1.0866852312119248,0.27717594314846317,37597,-0.004156175432340211,-0.09999999999999999,1382,,,,,,,,,,,
term_structure_momentum_60,45,期限结构动量,1,0.9366155804729961,0.06338441952700391,0.0,0.010683423260880502,0.2561591374731665,0.041706196258564567,0.5089221984296931,1.5695822498116452,0.11651233066820192,0.010491433653429395,0.2291449663494539,0.04578513689639423,0.5274803711634547,1.715700187399632,0.08621693046272275,1401,1401,0.010491433653429395,1.715700187399632,0.08621693046272275,5.407135886904983e-05,0.8361690082251153,0.4030598307822194,38213,7.711702497871894e-05,0.39999999999999997,1401,0.009716745147318594,0.1363987080454171,0.1164406376397811,-0.15186012333536536,0.006782441078796108,0.09520431847948421,0.0009138329417511502,0.012826106403183294,-0.004954775195293833,-0.06953489652511116,
term_structure_momentum_60,45,期限结构动量,5,0.9366155804729961,0.06338441952700391,0.0,0.008121893622390337,0.26398847212684756,0.03076609200756211,0.5211166785969935,0.6477328538577194,0.5171577510051126,0.006554778542681654,0.22478877928722293,0.02915972302294641,0.5182534001431639,0.6351721972365868,0.5253161140826482,1397,1397,0.005242567667192337,0.388314283826788,0.6977834680474968,5.931841146525678e-05,0.2074933822271664,0.8356245604357284,38066,0.0004384948789663073,0.3,1397,,,,,,,,,,,0.7159703491569955
term_structure_momentum_60,45,期限结构动量,20,0.9366155804729961,0.06338441952700391,0.0,0.0023718808275546214,0.2689105478266374,0.008820333924140965,0.5209840810419681,0.09938492796554996,0.9208326492546282,0.013504653714893462,0.2209001755772646,0.061134644549750115,0.5361794500723589,0.7208634564564667,0.47099352852821164,1382,1382,0.022552339004110817,0.8010229852409821,0.42311833936762533,-9.836883031070362e-05,-0.07310908217012976,0.9417193144745758,37597,0.0020036321916979145,0.0,1382,,,,,,,,,,,
value_60,11,价值因子,1,0.9751750477402928,0.024824952259707156,0.0,-0.00521300002398319,0.27063814912458484,-0.019261881744481825,0.48044692737430167,-0.736067577426879,0.4616895730531829,0.0034555755710244523,0.27650568399381464,0.01249730392920875,0.48743016759776536,0.48190962286634886,0.6298701498976378,1432,1432,0.0034555755710244523,0.48190962286634886,0.6298701498976378,-7.837864877111494e-05,-0.8299984385465387,0.40653966648526385,39495,-0.00018432194975861896,-0.6,1432,-0.023224565669585993,-0.29147882296254485,0.18007448789571695,-0.27356778434596296,-0.027762442764558068,-0.3484441605684722,-0.036838196954502196,-0.4623821049262042,-0.04591395114444634,-0.5763252982365373,
value_60,11,价值因子,5,0.9751750477402928,0.024824952259707156,0.0,-0.013159955117367868,0.2599409801090468,-0.050626704230503354,0.47128851540616246,-1.1046134265424903,0.2693271307189835,-0.013425280287713802,0.2635060253008967,-0.0509486653004747,0.4649859943977591,-1.1232978539162979,0.26131101497580445,1428,1428,-0.018617071870259173,-1.2405085573790777,0.21478735101675928,-0.000553593959624523,-1.5099505937280793,0.13105603144399172,39219,-0.0014536131780347684,-0.8999999999999998,1428,,,,,,,,,,,0.6371816252501895
value_60,11,价值因子,20,0.9751750477402928,0.024824952259707156,0.0,-0.026505513791783803,0.2510267250677367,-0.10558841408073819,0.4472753007784855,-1.2525615582285416,0.21036531230505207,-0.02169501870032537,0.25053831707873403,-0.08659361551274214,0.4677990092002831,-1.0536589403957273,0.2920390937663472,1413,1413,-0.03785455839913844,-1.3271306203845636,0.1844654778149405,-0.0020942575117776246,-1.809851198437379,0.07031886579472667,38651,-0.00513820589349255,-0.7,1413,,,,,,,,,,,
value_120,11,价值因子,1,0.9546099985310679,0.04539000146893213,0.0,-0.002526990798792154,0.2732730733178866,-0.009247126941967738,0.48573466476462196,-0.3523280291351386,0.724592269906194,0.0032627435677375373,0.2783527928643791,0.011721612469421973,0.5014265335235378,0.451866438322663,0.651365203688322,1402,1402,0.0032627435677375373,0.451866438322663,0.651365203688322,-5.209469057942985e-05,-0.5218823459252899,0.6017522508255657,38595,-0.00017376567051003718,-0.7,1402,-0.021894474484264684,-0.27643992302099385,0.12667617689015692,-0.28422218330112503,-0.02508671414189664,-0.3167313546749194,-0.031471193457160554,-0.39729990819552785,-0.03785567277242446,-0.477846849216892,
value_120,11,价值因子,5,0.9546099985310679,0.04539000146893213,0.0,-0.006734368543252523,0.2625712793721022,-0.02564777289944545,0.488555078683834,-0.547945446842496,0.5837293618416761,-0.002808960494395429,0.2645089245144258,-0.010619530133253533,0.48783977110157367,-0.23160546885751018,0.8168444594676286,1398,1398,-0.010957825302335075,-0.7380140513482074,0.4605059105066499,-0.0004418876366641146,-1.1534797645576524,0.24871351855670032,38319,-0.0016814064438685754,-0.6,1398,,,,,,,,,,,0.8924782057146312
value_120,11,价值因子,20,0.9546099985310679,0.04539000146893213,0.0,-0.012283925312019786,0.25027020472086864,-0.04908265179117224,0.4953000723065799,-0.5419538227408611,0.5878503173435297,-0.0064505547821065955,0.2428250722409494,-0.0265646159293875,0.5090383224873464,-0.30036772078462254,0.7638966826455684,1383,1383,-0.021430717542428975,-0.7502014142714062,0.45313340716345574,-0.0016517186176069794,-1.1950836190607883,0.23205436140799574,37751,-0.004952157321024484,-0.7,1383,,,,,,,,,,,
value_252,11,价值因子,1,0.9081917446016746,0.09180825539832538,0.0,-0.003312441263971852,0.28328395665402645,-0.011693006914674392,0.4865269461077844,-0.42971841287198254,0.6674004877259201,-0.0006562779040487891,0.2873802041884611,-0.002283657310015719,0.4940119760479042,-0.08484864511326275,0.9323817197397164,1336,1336,-0.0006562779040487891,-0.08484864511326275,0.9323817197397164,-2.8880123102906376e-05,-0.22625500542044202,0.8210030914559454,36624,-0.0003145300699925466,0.09999999999999999,1336,-0.03963078881906089,-0.4569869832177214,0.09312624750499002,-0.31892860085053665,-0.04197757025618665,-0.4840785127747735,-0.04667113313043814,-0.5382685435155676,-0.051364696004689625,-0.5924667690269743,
value_252,11,价值因子,5,0.9081917446016746,0.09180825539832538,0.0,-0.008335575451557033,0.27829515833132623,-0.02995228340132693,0.5037537537537538,-0.6172640887296501,0.5370605494557028,-0.004189060294918657,0.27690612725760216,-0.015128088122880823,0.49624624624624625,-0.31916292275396446,0.7496029711323556,1332,1332,-0.004520848672277854,-0.2866911015937953,0.7743488516174934,-0.00039319323379274175,-0.8532897512895792,0.39349864208945695,36362,-0.0018117554153093392,-0.19999999999999998,1332,,,,,,,,,,,0.8505110634001727
value_252,11,价值因子,20,0.9081917446016746,0.09180825539832538,0.0,-0.01633044967685415,0.26727388909899225,-0.06110005632015074,0.4745634016704632,-0.6302929750728387,0.528502918307404,-0.01971547583837625,0.2581330092145327,-0.07637719754776053,0.47987851176917234,-0.793420695359579,0.42753275709604455,1317,1317,-0.0234795725841332,-0.6941959514167176,0.48755933123896644,-0.0017398035911609815,-1.040708674769429,0.2980107759379058,35820,-0.006623955223613758,-0.6,1317,,,,,,,,,,,
reversal_5,12,短期反转,1,0.996327669784067,0.0036723302159330506,0.009401165352788524,0.015097532757535599,0.3158303791471972,0.04780266166383944,0.5103021978021978,1.8991779818375114,0.05754107868797659,0.026465107108436775,0.2890559888016976,0.09155702747467638,0.5309065934065934,3.6290619242929396,0.00028445300674917484,1456,1456,0.026465107108436775,3.6290619242929396,0.00028445300674917484,0.00013877339178460727,1.4425717504529976,0.14914114601464812,40206,0.00039852967479838227,0.8999999999999998,1456,0.05021473902459616,0.5518021786792342,0.3594436813186813,-0.11599971109768559,0.0411567582553654,0.45230186061149924,0.023040796716903848,0.25324893672639615,0.0049248351784423145,0.05413713708056903,
reversal_5,12,短期反转,5,0.996327669784067,0.0036723302159330506,0.009401165352788524,0.013049891294718896,0.2958330960482261,0.04411234398395888,0.518595041322314,1.0651264355223364,0.28681871788936253,0.016291112017958628,0.27080574651189787,0.060157925848308674,0.5165289256198347,1.4887171070611815,0.13656187828223576,1452,1452,0.024544107900758474,1.5399165321125396,0.12358070045237121,0.0003075466146812638,0.9141683140567617,0.3606284109193405,39924,0.0006699199280830565,0.6,1452,,,,,,,,,,,0.43307450851644347
reversal_5,12,短期反转,20,0.996327669784067,0.0036723302159330506,0.009401165352788524,-0.023061872384521565,0.3119887402554072,-0.07391892529724675,0.46555323590814196,-1.3400615808844794,0.1802253251867726,-0.01440843255215677,0.2865902923962211,-0.05027536847701949,0.4732080723729993,-0.9386466902851153,0.3479121723719253,1437,1437,-0.026596497578143856,-0.7027301610113691,0.48222392772510014,-0.0017504251803073035,-2.1218673758290265,0.033848876756371986,39356,-0.004516641600395184,-0.9999999999999999,1437,,,,,,,,,,,
oi_growth_5,18,持仓量增长,1,0.9866572002154433,0.013342799784556658,0.0005875728345492827,-0.01929979084002958,0.23840782005071864,-0.08095284305659002,0.4732142857142857,-3.0833616846431506,0.002046762304858413,-0.02036335100904471,0.22665629692146455,-0.08984242346507816,0.46565934065934067,-3.4528466869871917,0.0005547041708180564,1456,1456,-0.02036335100904471,-3.4528466869871917,0.0005547041708180564,-0.0002633545178119879,-3.442649286670356,0.0005760458263812608,40163,-0.0006953256633195311,-0.8999999999999998,1456,-0.08761103357826093,-1.2940023178615414,0.34209020146520147,-0.4421777156901687,-0.09623170665518399,-1.4214525024735523,-0.11347305280903017,-1.6763788296524629,-0.13071439896287632,-1.931319065681252,
oi_growth_5,18,持仓量增长,5,0.9866572002154433,0.013342799784556658,0.0005875728345492827,-0.03461081030059586,0.23432746703545101,-0.1477027458132326,0.43870523415977963,-3.692629135387334,0.0002219475755783722,-0.035890130822125964,0.21617918683131265,-0.16602028783710565,0.4256198347107438,-4.1959301358867185,2.717540125439459e-05,1452,1452,-0.033213805953390595,-2.6674326266664563,0.0076433212150858135,-0.0008106483458907903,-2.6671737734121153,0.007649210984213333,39907,-0.0020694898266400306,-0.8999999999999998,1452,,,,,,,,,,,0.0005344495580030936
oi_growth_5,18,持仓量增长,20,0.9866572002154433,0.013342799784556658,0.0005875728345492827,-0.0184889964264689,0.23137527846190714,-0.07990912663347854,0.46903270702853167,-1.5743029281920595,0.11541743314189919,-0.021983172106226946,0.22353033445062478,-0.09834536399838283,0.464857341684064,-1.890631314299437,0.05867357708717796,1437,1437,-0.018527728657039,-0.8491075550354317,0.39582144684358367,-0.000412162709583988,-0.6365924117534669,0.5243903692369064,39350,-0.0011101649603645718,-0.7,1437,,,,,,,,,,,
reversal_20,12,短期反转,1,0.9853106791362679,0.014689320863732092,0.008789110316799686,-0.00540832563432458,0.32800346056141183,-0.016488623702529456,0.48299791811242193,-0.6268620884554503,0.5307496401854963,0.004746779199083859,0.2997970035439056,0.01583331101702852,0.4996530187369882,0.6081437359216209,0.5430921471240425,1441,1441,0.004746779199083859,0.6081437359216209,0.5430921471240425,-9.185483241254007e-05,-0.6961503548413707,0.4863346743649245,39765,-0.00036662130198682267,-0.49999999999999994,1441,-0.046194284050339686,-0.4771459759070476,0.18319454082812864,-0.2982561640121789,-0.05081078647920851,-0.5248951974409855,-0.06004379133694621,-0.6204238432874061,-0.06927679619468388,-0.7159901067021209,
reversal_20,12,短期反转,5,0.9853106791362679,0.014689320863732092,0.008789110316799686,-0.016439114046392023,0.323313650239346,-0.0508457160228846,0.4641614474599861,-1.0932509892748559,0.27428361514358335,-0.008954969584974349,0.2988451740370071,-0.02996524743566855,0.4711203897007655,-0.6524935317780449,0.5140828441839407,1437,1437,-0.0025264895467898793,-0.14621652854670802,0.883750457895418,-0.000664551339627873,-1.5858118245297494,0.11278200254927326,39489,-0.0021133277406677952,-0.9999999999999999,1437,,,,,,,,,,,0.7159703491569955
reversal_20,12,短期反转,20,0.9853106791362679,0.014689320863732092,0.008789110316799686,-0.029096921302452245,0.31192377160118967,-0.09328215401182739,0.4549929676511955,-1.1830912133259586,0.236772999792358,-0.017524640732623872,0.27406329048381106,-0.06394377262889593,0.47890295358649787,-0.8327709343130506,0.4049739301527946,1422,1422,-0.0010725766083570971,-0.03896479961481056,0.9689184531269824,-0.0018229769557331756,-1.667148772849294,0.0954848259869236,38921,-0.005366734137705469,-0.8999999999999998,1422,,,,,,,,,,,
oi_growth_20,18,持仓量增长,1,0.9751995299417323,0.024800470058267687,0.0006120550359888361,-0.010040237183246214,0.24478949580492856,-0.041015800740270426,0.4774462179042332,-1.5871554026417736,0.11247745257267978,-0.011138830055693843,0.23087661590673098,-0.048245813080496996,0.4864677307425399,-1.8657908847495577,0.06207062812623334,1441,1441,-0.011138830055693843,-1.8657908847495577,0.06207062812623334,-0.00013664849027695094,-1.7148086633358761,0.08638031266726662,39690,-0.00035834762835437755,-0.7999999999999999,1441,-0.04515180117265157,-0.6480785038830261,0.19863520703215362,-0.29905895987323705,-0.050157408389861845,-0.7199127506492575,-0.06016862282428238,-0.8635599106264177,-0.07017983725870296,-1.0071710744127975,
oi_growth_20,18,持仓量增长,5,0.9751995299417323,0.024800470058267687,0.0006120550359888361,-0.01229779400165306,0.23366171770796076,-0.05263076092346162,0.48851774530271397,-1.1767567788633515,0.23929259818977788,-0.020035093179366217,0.21618654508500798,-0.09267502365370657,0.4572025052192067,-2.103817583000488,0.03539436241974782,1437,1437,-0.020345058334838646,-1.6957607009830673,0.08993120772335392,-0.0001713425593024899,-0.4910724754846034,0.6233751881668446,39444,-0.0005747921766652187,-0.49999999999999994,1437,,,,,,,,,,,0.18984248934228376
oi_growth_20,18,持仓量增长,20,0.9751995299417323,0.024800470058267687,0.0006120550359888361,0.018611671336969175,0.22648938438834448,0.08217458574154243,0.5168776371308017,1.0940880006240743,0.27391638461255696,0.018263326600461625,0.22170031345702518,0.08237844284330173,0.5365682137834037,1.1335438393008384,0.25698594206393743,1422,1422,0.020877265081009986,0.7933311582527572,0.42758490787443537,0.0016975139744123222,1.6084978977967097,0.10772617624348099,38887,0.0053961173308206935,0.7,1422,,,,,,,,,,,
price_oi_20,19,价格—持仓量交互,1,0.9751995299417323,0.024800470058267687,0.0001713754100768741,-0.003472855392886782,0.27972106740896363,-0.01241542306789973,0.5038167938931297,-0.47510028966680173,0.6347154920456579,-0.005041568610214243,0.2384231572973734,-0.021145465345575237,0.4906315058986815,-0.8108179999144799,0.4174701960460452,1441,1441,-0.005041568610214243,-0.8108179999144799,0.4174701960460452,-3.798146166029801e-05,-0.4633490312229428,0.643114206103969,39690,-5.295274467229542e-05,-0.39999999999999997,1441,-0.0066720458287092355,-0.08760637321150605,0.24754799907471664,-0.23037151101945985,-0.012910255405392096,-0.16953204030625765,-0.025386674558757805,-0.3334227268910052,-0.03786309371212354,-0.49735567074760345,
price_oi_20,19,价格—持仓量交互,5,0.9751995299417323,0.024800470058267687,0.0001713754100768741,-0.008332451173446118,0.26751522769173275,-0.031147577075679205,0.4857341684064022,-0.7204633735864575,0.47123974287032044,-0.013945403323626865,0.22765634000480747,-0.06125638022350872,0.47390396659707723,-1.4509100173402034,0.14680491814116728,1437,1437,-0.01182764875849785,-0.8886497197318362,0.37419136116247476,-0.00015552220942948196,-0.48489595104629807,0.6277501546761436,39444,-0.0010364535618250213,-0.7,1437,,,,,,,,,,,0.43307450851644347
price_oi_20,19,价格—持仓量交互,20,0.9751995299417323,0.024800470058267687,0.0001713754100768741,-0.027661489705799475,0.26346934917411896,-0.10498940310327647,0.4381153305203938,-1.4565500618349776,0.1452406210757575,-0.03577508908758351,0.22695950149122296,-0.15762763335540292,0.4184247538677918,-2.348680241869377,0.018840078280343453,1422,1422,-0.053734541303599524,-2.039863533843187,0.04136391967739014,-0.0011878519463725049,-0.9672633735860829,0.3334123884797543,38887,-0.0050193711847115,-0.7,1422,,,,,,,,,,,
volume_shock_20,21,成交量冲击,1,0.9837683004455761,0.01623169955442394,0.000220339812955981,-0.01729218373030001,0.23430530388522972,-0.07380193040260957,0.47070985527222603,-2.8496594358599174,0.004376606418049039,-0.01837147696971683,0.23061956140252549,-0.0796613993105775,0.46795313576843556,-3.1240127903697728,0.0017840270156955075,1451,1451,-0.01837147696971683,-3.1240127903697728,0.0017840270156955075,-0.0002284127951071187,-2.5148515691333673,0.011908250715211734,40032,-0.0007041011875957002,-0.8999999999999998,1451,-0.08871674963705822,-1.2900319355918017,0.58285090742017,-0.4480922011821755,-0.10340459250404652,-1.5034840510170702,-0.1327802782380231,-1.9302150107022844,-0.16215596397199966,-2.3566653203743866,
volume_shock_20,21,成交量冲击,5,0.9837683004455761,0.01623169955442394,0.000220339812955981,-0.019086137831789737,0.23173628946358288,-0.08236145437544475,0.46510020732550106,-2.3341747810662583,0.01958657185654956,-0.02470140987334706,0.2304390555903288,-0.10719280987360436,0.4457498272287491,-3.1033261050821994,0.0019135865514776367,1447,1447,-0.024146085951348505,-1.7600545866898978,0.07839855169765618,-0.0004438356731298935,-1.28692057555934,0.19812197288023092,39765,-0.0014209448051972216,-0.9999999999999999,1447,,,,,,,,,,,0.02258032130743611
volume_shock_20,21,成交量冲击,20,0.9837683004455761,0.01623169955442394,0.000220339812955981,-0.004262363136123398,0.2376572485352329,-0.017934917459466838,0.4888268156424581,-0.37134602386771387,0.7103798225417501,-0.00887261704506657,0.23664517487538325,-0.03749333596063755,0.4930167597765363,-0.7874827136350934,0.4309993437831753,1432,1432,-0.04846575541282623,-1.596032703036992,0.11048149211208916,0.00012001394366722294,0.15466779850348417,0.8770832175216283,39201,-0.00039994986575059527,-0.09999999999999999,1432,,,,,,,,,,,
oi_surprise_20,52,持仓意外,1,0.9813200803016208,0.018679919698379233,0.0001713754100768741,-0.012414368252739156,0.21023115105695098,-0.05905104067748809,0.4786206896551724,-2.2247949915244396,0.0260950037858566,-0.013501010041972782,0.21700560507839395,-0.06221502913298253,0.46620689655172415,-2.3549597744439557,0.018524710901129494,1450,1450,-0.013501010041972782,-2.3549597744439557,0.018524710901129494,-0.00017100169685660185,-2.661285407360164,0.0077842942848326616,39957,-0.0007292959701410697,-0.7,1450,-0.09189129223777479,-1.4065310091949947,0.7493793103448276,-0.4691629728760217,-0.11077565085846447,-1.6954129727860792,-0.14854436809984375,-2.272934236887697,-0.18631308534122307,-2.8500745903847733,
oi_surprise_20,52,持仓意外,5,0.9813200803016208,0.018679919698379233,0.0001713754100768741,-0.01423084559103393,0.2141547021840024,-0.06645124036924832,0.46680497925311204,-2.510675447111109,0.012050042635662556,-0.013973815149349053,0.21545678869217463,-0.06485669462619527,0.4806362378976487,-2.392543838524855,0.01673202910662725,1446,1446,-0.007156953522570489,-0.5967937442713042,0.5506450950808374,-0.00042758510055580215,-2.991198195525334,0.0027788507177295744,39716,-0.0011936556791877257,-0.8999999999999998,1446,,,,,,,,,,,0.12339871466137597
oi_surprise_20,52,持仓意外,20,0.9813200803016208,0.018679919698379233,0.0001713754100768741,-0.023596814864990687,0.2165825499944357,-0.10895067430684938,0.46331236897274636,-3.7615304695081178,0.0001688768440011961,-0.02076929012660072,0.21831906604923693,-0.09513273623988788,0.4661076170510133,-3.2980390002276483,0.000973626102013789,1431,1431,-0.02026729585730327,-0.7621849952206283,0.4459496001839133,-0.0011512918603582727,-3.262158470672018,0.0011056731484868421,39166,-0.002890639167379826,-0.9999999999999999,1431,,,,,,,,,,,
volume_shock_60,21,成交量冲击,1,0.9686138177544925,0.03138618224550749,0.000220339812955981,-0.013322905024305994,0.23826864399596062,-0.05591547759230903,0.48846960167714887,-2.1195338305279927,0.03404537783004256,-0.011006200572327908,0.231256120815811,-0.0475931211398899,0.48846960167714887,-1.8246079712195313,0.0680602096638937,1431,1431,-0.011006200572327908,-1.8246079712195313,0.0680602096638937,-0.00016689824510940233,-1.7300080880194393,0.08362883018930897,39414,-0.0003696603408925863,-0.9999999999999999,1431,-0.046577202952465875,-0.6612495387654027,0.4783251805264384,-0.3110722921906497,-0.05863099750173212,-0.832294681667856,-0.0827385866002646,-1.1742494933161614,-0.10684617569879712,-1.5159889603430872,
volume_shock_60,21,成交量冲击,5,0.9686138177544925,0.03138618224550749,0.000220339812955981,-0.006815270278288863,0.2368219895558202,-0.02877802982346142,0.4898388227049755,-0.7130735390615255,0.47580025248059254,-0.01027311303664458,0.23442371726634942,-0.04382283992610011,0.48703573931324456,-1.103080486473316,0.2699922140890634,1427,1427,-0.014366717535623158,-0.9960147875562777,0.31924296029673294,-0.00010617101885585807,-0.3049984023480694,0.760367369128111,39152,-0.0002840544715364485,-0.6,1427,,,,,,,,,,,0.6371816252501895
volume_shock_60,21,成交量冲击,20,0.9686138177544925,0.03138618224550749,0.000220339812955981,0.021196884167190025,0.24686125144924898,0.08586557850918046,0.5205382436260623,1.2503208387230036,0.21118236903574839,0.014847834424882573,0.24296547029826146,0.06111088298537052,0.523371104815864,0.8997826030075691,0.36823595427748,1412,1412,0.00933247221078771,0.3218435128716653,0.747571248164199,0.0014693066282653565,1.4855419677131738,0.13740031476326578,38588,0.004336913891971808,0.8999999999999998,1412,,,,,,,,,,,
oi_surprise_60,52,持仓意外,1,0.9664838662292513,0.03351613377074869,4.896440287910689e-05,-0.017232363394258585,0.21320414087745382,-0.08082565058698114,0.4664335664335664,-3.021603413632282,0.0025143973651361976,-0.01905796517916163,0.22035513555116806,-0.08648750178430142,0.46503496503496505,-3.2515949094474075,0.0011475945371669152,1430,1430,-0.01905796517916163,-3.2515949094474075,0.0011475945371669152,-0.00022299930270327373,-2.9735514470536466,0.002943750533691623,39350,-0.0006908635787935568,-0.9999999999999999,1430,-0.08704881092798818,-1.3485503269441403,0.7385780885780886,-0.447349434603427,-0.105660978760156,-1.6367285404612881,-0.14288531442449165,-2.212844601899124,-0.18010965008882732,-2.7885779382027445,
oi_surprise_60,52,持仓意外,5,0.9664838662292513,0.03351613377074869,4.896440287910689e-05,-0.01945744591558161,0.21512242711042684,-0.09044824464347316,0.4635343618513324,-3.3024213271528167,0.0009585397254899565,-0.019829461786623166,0.21591961669678933,-0.09183724058972,0.4586255259467041,-3.302924967840922,0.0009568198586213315,1426,1426,-0.012217722666939749,-1.0146971561292155,0.31025021017758936,-0.0005483165054777889,-3.651563790102652,0.00026064833701894285,39111,-0.0013770851259040965,-0.9999999999999999,1426,,,,,,,,,,,0.01411309291466464
oi_surprise_60,52,持仓意外,20,0.9664838662292513,0.03351613377074869,4.896440287910689e-05,-0.018136257066794188,0.21585394086359116,-0.08402096804086329,0.44720056697377747,-2.7969438922956074,0.005158849122229677,-0.014658338983027647,0.21883487781245045,-0.06698355915454383,0.47696669029057404,-2.159818445806044,0.03078672710811219,1411,1411,-0.007659753908637642,-0.2700582293952111,0.7871154566078395,-0.0008551009187642259,-2.207583168130771,0.02727334354453465,38554,-0.0011395772648423136,-0.49999999999999994,1411,,,,,,,,,,,
amihud_20,22,Amihud非流动性,1,0.981687313323214,0.018312686676785983,0.001322038877735886,0.021736498510044874,0.2543428504805904,0.0854614095461026,0.5148173673328739,3.1409586822501177,0.0016839578745737238,0.0024671468212132926,0.20326984706448653,0.012137298555799082,0.50723638869745,0.45509140181116664,0.649043483511557,1451,1451,0.0024671468212132926,0.45509140181116664,0.649043483511557,0.0003102535486136874,1.4143241196825198,0.1572667582168026,39964,0.00021485261803571784,0.3,1451,0.027071429872500438,0.41903452542789865,0.04787502871582817,-0.1644442770813842,0.02586497914886157,0.40039122346413325,0.023452077701583824,0.3630934998193449,0.021039176254306086,0.3257817690583836,
amihud_20,22,Amihud非流动性,5,0.981687313323214,0.018312686676785983,0.001322038877735886,0.0327952615309812,0.24973068500759368,0.13132251461202687,0.520387007601935,2.7401956532822247,0.006140262016548389,0.0055748835233834695,0.20083598506919548,0.027758389620578774,0.502418797512094,0.6036459143804624,0.5460790798655051,1447,1447,-0.00021422508806958772,-0.0197662092480915,0.9842298737280497,0.0010147108711477954,1.674181288711382,0.09409497570200488,39742,0.00043753316097669496,0.3,1447,,,,,,,,,,,0.7159703491569955
amihud_20,22,Amihud非流动性,20,0.981687313323214,0.018312686676785983,0.001322038877735886,0.03552320060971791,0.21408324565417713,0.16593171736148327,0.5439944134078212,1.8943396618955355,0.058179939741413896,0.009838098232154948,0.18524223198772205,0.05310936996703334,0.520949720670391,0.6126123540573052,0.5401326875795776,1432,1432,0.014001530250603293,0.6759820885199233,0.49905201722037373,0.002035868869135269,1.3585558695540136,0.1742873672757531,39191,0.001858456755328676,0.09999999999999999,1432,,,,,,,,,,,
volume_oi_turnover,23,成交量—持仓量换手率,1,0.9921167311364638,0.007883268863536186,0.000661019438867943,-0.004460203279743162,0.2830072826692141,-0.01576003005179325,0.49555099247091033,-0.6171610527107297,0.5371285021365947,-0.003445408212858555,0.2851268321617964,-0.012083774040962388,0.4976043805612594,-0.4716760984128304,0.6371580000713161,1461,1461,-0.003445408212858555,-0.4716760984128304,0.6371580000713161,-0.00012995657673094046,-1.4686219247053864,0.14193536473246102,40352,-0.00042811322886987464,-0.9999999999999999,1461,-0.0539422668376042,-0.6674027747977836,0.2719028062970568,-0.30627785596220103,-0.060794217556290046,-0.7522264626319991,-0.07449811899366171,-0.9218914425600027,-0.08820202043103338,-1.0915709067340846,
volume_oi_turnover,23,成交量—持仓量换手率,5,0.9921167311364638,0.007883268863536186,0.000661019438867943,-0.01108547291640746,0.2882053653760074,-0.03846379786144782,0.5017158544955388,-0.8382722990135297,0.40187778985815903,-0.004797489281812977,0.28940005911930383,-0.016577361098033618,0.48661633493479756,-0.36512218004035757,0.7150202049101924,1457,1457,-0.006390687496787123,-0.388566783279469,0.6975966426080198,-0.00038750820489901757,-1.1061496719324222,0.268661742176468,40069,-0.000750002644791738,-0.09999999999999999,1457,,,,,,,,,,,0.8271802370529676
volume_oi_turnover,23,成交量—持仓量换手率,20,0.9921167311364638,0.007883268863536186,0.000661019438867943,-0.019666048823190892,0.284869206225568,-0.06903536217115276,0.4798890429958391,-0.7749222494268242,0.4383856039972366,0.0009971626700647565,0.2818187436211959,0.0035383120982367434,0.49167822468793343,0.040771374985264654,0.9674781598290925,1442,1442,0.013680192417602327,0.4248193930471236,0.6709683393245707,-0.0014314138198347935,-1.0882688138421266,0.2764764537935912,39501,-0.0013227764076042762,0.0,1442,,,,,,,,,,,
low_vol_20,25,低波动,1,0.981687313323214,0.018312686676785983,0.49172501591343093,-0.017307217390391375,0.33974465377812135,-0.05094183881314077,0.4810475534114404,-1.9700185312905274,0.04883624677289005,-0.014630361921575597,0.3382539558630659,-0.04325259665994373,0.48173673328738803,-1.69526722399635,0.09002473948663804,1451,1451,-0.014630361921575597,-1.69526722399635,0.09002473948663804,-0.00016555546616191688,-1.1327473735954148,0.2573203572335937,39964,-0.0003672718098134343,-0.8999999999999998,1451,-0.04627624803649269,-0.4287633022479518,0.0803009418791638,-0.32769467518058437,-0.04829983177184763,-0.4475019458583536,-0.05234699924255751,-0.48497476067120876,-0.056394166713267344,-0.5224411387094392,
low_vol_20,25,低波动,5,0.981687313323214,0.018312686676785983,0.49172501591343093,-0.02254458595825145,0.3479083145795453,-0.06480036553738898,0.4754664823773324,-1.3763312385478357,0.1687191057168852,-0.013252650395102308,0.3425275993694861,-0.03869075198464989,0.4941257774706289,-0.8257847423920306,0.40892621069160495,1447,1447,-0.010631059993071425,-0.5617317377623007,0.5742988071110573,-0.0006661546366393175,-1.1111062526072735,0.26652261683745004,39742,-0.0016488467691596453,-0.9999999999999999,1447,,,,,,,,,,,0.7159703491569955
low_vol_20,25,低波动,20,0.981687313323214,0.018312686676785983,0.49172501591343093,-0.04082512966750414,0.3294868575992179,-0.12390518385156082,0.4553072625698324,-1.3358349533346003,0.18160322554124864,-0.026663692268282406,0.31810109969241696,-0.08382144008324542,0.46368715083798884,-0.9169826911246022,0.35915171029642623,1432,1432,-0.03808166990591907,-1.053107082856059,0.29229191703374957,-0.002344651397414005,-1.0115554280164114,0.3117506664137548,39191,-0.006224920682528039,-0.8999999999999998,1432,,,,,,,,,,,
low_vol_60,25,低波动,1,0.9666307594378887,0.033369240562111324,0.7073887283944572,-0.013822643488405718,0.3484185264832734,-0.039672527256007735,0.49825296995108315,-1.5308422750949806,0.125808378599379,-0.011897371830709508,0.34627970534075375,-0.03435769306492275,0.4912648497554158,-1.3404462942935642,0.18010029352383117,1431,1431,-0.011897371830709508,-1.3404462942935642,0.18010029352383117,-0.00011910018135933785,-0.773755266053908,0.43907553096849583,39320,-0.00042465917821362,-0.8999999999999998,1431,-0.05350705645491614,-0.47328709877902153,0.030573025856044725,-0.3940756827576799,-0.05427749670648848,-0.4801091320709989,-0.055818377209633126,-0.4937530819984597,-0.05735925771277777,-0.507396808681993,
low_vol_60,25,低波动,5,0.9666307594378887,0.033369240562111324,0.7073887283944572,-0.017743808926898676,0.358929811657023,-0.0494353167405717,0.47862648913805184,-1.0410780415343392,0.29783932978337446,-0.012089394785211129,0.35030999824181275,-0.03451056163365921,0.49194113524877364,-0.7304446344092979,0.4651184437885275,1427,1427,-0.012051396831494372,-0.6065104774257978,0.5441758270264945,-0.0005113682111214683,-0.7964882239816796,0.42574831746296604,39109,-0.0017301913019238911,-0.9999999999999999,1427,,,,,,,,,,,0.7159703491569955
low_vol_60,25,低波动,20,0.9666307594378887,0.033369240562111324,0.7073887283944572,-0.027460957634360395,0.35151498496367917,-0.07812172683676015,0.4752124645892351,-0.8189552457932794,0.4128119481240221,-0.0193630941853156,0.3419044252702323,-0.056633061037485895,0.471671388101983,-0.599517268142117,0.5488279983462474,1412,1412,-0.024452740802362437,-0.6010707715016617,0.5477928500060282,-0.0016745692481045708,-0.6667840957744454,0.504910053042107,38568,-0.005688219353679674,-0.8999999999999998,1412,,,,,,,,,,,
realized_skew_60,26,已实现偏度,1,0.9666307594378887,0.033369240562111324,0.0012485922734172257,-0.008390142362300096,0.2220769236590393,-0.037780343063386936,0.4891684136967156,-1.4622096702589518,0.14368376248787806,-0.006217566794090832,0.22368009238306066,-0.02779669271346246,0.493361285814116,-1.078058372732519,0.2810077070120601,1431,1431,-0.006217566794090832,-1.078058372732519,0.2810077070120601,-8.071498682091682e-05,-0.9792341217797204,0.3274643125561628,39320,-0.00024657222057573565,-0.7,1431,-0.031068099792542693,-0.48486099199308935,0.08442813883065454,-0.23769806109810276,-0.03319568889107518,-0.5180623808996848,-0.037450867088140175,-0.5844556799167422,-0.04170604528520516,-0.6508331323766816,
realized_skew_60,26,已实现偏度,5,0.9666307594378887,0.033369240562111324,0.0012485922734172257,-0.02335394232130414,0.21806494633009027,-0.10709626977805366,0.44919411352487737,-2.2842539360694247,0.02235661138334139,-0.025721848000647227,0.22106960538739615,-0.1163518067333272,0.44358794674141555,-2.5021884985597778,0.012342818890151994,1427,1427,-0.020013062909443505,-1.5394809965829628,0.12368691370518375,-0.00038579295179750895,-1.0752674674431069,0.28225499701102774,39109,-0.0016679922018341983,-0.8999999999999998,1427,,,,,,,,,,,0.10403233064556681
realized_skew_60,26,已实现偏度,20,0.9666307594378887,0.033369240562111324,0.0012485922734172257,-0.035809272547444086,0.22673180764036385,-0.1579366958704084,0.4497167138810198,-1.7304082703760246,0.08355735725594632,-0.03657664057031311,0.2248798659766995,-0.16264969036446744,0.448300283286119,-1.838138972048237,0.06604192975450021,1412,1412,-0.043779998569514304,-1.7531854312053208,0.07957018292677269,-0.001413234201970394,-1.1244173089372638,0.2608360324636363,38568,-0.004837378805924578,-0.8999999999999998,1412,,,,,,,,,,,
realized_skew_120,26,已实现偏度,1,0.9453557263869167,0.05464427361308333,0.0014689320863732066,-0.0102159778564696,0.21847447290623098,-0.04676051037255179,0.4853675945753034,-1.7863158404372224,0.07404813353900486,-0.01250085398598586,0.22581305098429624,-0.05535930687573593,0.48108493932905066,-2.127909945229549,0.03334455085780641,1401,1401,-0.01250085398598586,-2.127909945229549,0.03334455085780641,-0.00011781184071325494,-1.3148828317702301,0.18854928349512878,38422,-0.0002568541981724307,-0.8999999999999998,1401,-0.03236362896972627,-0.5109622480553082,0.058493932905067804,-0.26226135255700855,-0.03383767607893399,-0.5342298333419228,-0.036785770297349404,-0.5807571624784532,-0.039733864515764813,-0.6272722867149747,
realized_skew_120,26,已实现偏度,5,0.9453557263869167,0.05464427361308333,0.0014689320863732066,-0.025528320307122522,0.21607477768329553,-0.11814576685363905,0.44523979957050824,-2.4910711710679174,0.012735860520587484,-0.030557717696708522,0.22505595135552833,-0.13577831429321097,0.4359341445955619,-2.903552366051894,0.0036895526335003434,1397,1397,-0.02558549113721528,-1.937355444329967,0.05270190910611061,-0.0006079263886894159,-1.4039367346920244,0.1603376895649674,38199,-0.001467315341253497,-0.8999999999999998,1397,,,,,,,,,,,0.03628060089608671
realized_skew_120,26,已实现偏度,20,0.9453557263869167,0.05464427361308333,0.0014689320863732066,-0.04481238906970585,0.21604059156880517,-0.2074257839431711,0.42908827785817655,-2.173168106263476,0.029767667277302925,-0.0421260580644379,0.22441733815668705,-0.18771302792579111,0.4109985528219971,-2.014554665568395,0.043951331621615124,1382,1382,-0.03995838215494976,-1.4633050471973337,0.14338392729157484,-0.0028296244902974547,-1.5435246038686226,0.12270354256412903,37641,-0.006218428350639539,-0.7999999999999999,1382,,,,,,,,,,,
seasonality_3y_month,27,季节性,1,0.4813200803016207,0.5186799196983793,0.4575723449052539,0.005035366422177854,0.26880517817291993,0.018732401125616145,0.50480109739369,0.5262719140927212,0.5986992942172857,0.01222263787940262,0.26551571077997826,0.046033576858775814,0.53360768175583,1.3053086699531902,0.19178776302147194,729,729,0.01222263787940262,1.3053086699531902,0.19178776302147194,9.356876066136554e-05,0.6500277208116714,0.5156743156611368,19517,0.0004921438330034978,0.0,729,0.062010122958440696,0.9200102219852717,0.036191129401005946,-0.06982988823354419,0.06109810649753536,0.9064789331498785,0.059274073575724666,0.8793766496965917,0.05745004065391396,0.8522255203643215,
seasonality_3y_month,27,季节性,5,0.4813200803016207,0.5186799196983793,0.4575723449052539,0.021085786230012293,0.26873147784640194,0.07846414718138912,0.5572413793103448,1.193279076273285,0.23276009420754773,0.03061445833859627,0.2531831450223026,0.12091823227766398,0.5724137931034483,1.8785581828953049,0.06030484553288387,725,725,0.0358152498842154,1.8295438402185746,0.0673181780388554,0.0005837884917219851,1.0399708189132852,0.29835345822576254,19409,0.0026892614387577793,0.0,725,,,,,,,,,,,0.29213306708720543
seasonality_3y_month,27,季节性,20,0.4813200803016207,0.5186799196983793,0.4575723449052539,0.06529564087287769,0.27280795590037804,0.2393465419927924,0.6309859154929578,1.9182695339270996,0.05507684339090173,0.07095779807047413,0.25118664592230716,0.282490328297236,0.6154929577464788,2.255031302850737,0.02413136402237432,710,710,0.08089574006240673,1.9568696735227213,0.05036279287866377,0.0034447548759613533,2.106469841654725,0.03516356011818038,19004,0.01430058494720922,0.39999999999999997,710,,,,,,,,,,,
idiosyncratic_vol_60,43,特质波动,1,0.9666307594378887,0.033369240562111324,0.0008568770503843705,0.008082409559198228,0.28894492717794706,0.027972145550839406,0.5178197064989518,1.07797790579935,0.2810436162082891,0.008681500908603606,0.26530695298740437,0.03272247791039146,0.5220125786163522,1.2841087025631754,0.199103923484241,1431,1431,0.008681500908603606,1.2841087025631754,0.199103923484241,5.463877974569241e-05,0.36740307174432474,0.7133183806518688,39320,8.597929044468694e-05,0.6,1431,0.010833390596030551,0.1297421770985633,0.04100861868157466,-0.14640098534114532,0.009799973405254875,0.11736426037845442,0.007733139023703518,0.0926090979486279,0.005666304642152143,0.067855117546501,
idiosyncratic_vol_60,43,特质波动,5,0.9666307594378887,0.033369240562111324,0.0008568770503843705,0.0027937831663960152,0.2877763844800091,0.00970817383589059,0.5171688857743518,0.20577782175633882,0.8369644661196212,0.000903224420673146,0.2575542041127849,0.0035069294395117592,0.524176594253679,0.07552403646317593,0.939797773815531,1427,1427,-0.00024277866966324193,-0.016683842089556804,0.9866888375130493,0.00012277286986008554,0.21256604926434236,0.831665454983424,39109,0.0001776654038608673,0.6,1427,,,,,,,,,,,0.9601243195640924
idiosyncratic_vol_60,43,特质波动,20,0.9666307594378887,0.033369240562111324,0.0008568770503843705,0.0033784718944696772,0.28402709328909626,0.011894893037654362,0.4915014164305949,0.12444905615338514,0.9009597340128411,0.007246771975641324,0.26748271461277523,0.02709248702717933,0.5028328611898017,0.28427652629045846,0.7761984736917332,1412,1412,0.007576032810957374,0.25052182728737254,0.8021838270251028,0.00016997102979742962,0.07870406852514625,0.9372680093062333,38568,0.0012007914717805086,0.39999999999999997,1412,,,,,,,,,,,
relative_value_residual_60,29,相对价值残差,1,0.9449395289624443,0.055060471037555736,0.0,0.0072886739767035556,0.23260784226904652,0.03133460121380211,0.49107780157030695,1.175802568674615,0.23967377971173565,0.002457512678395443,0.21929911595303786,0.011206213338870508,0.49464668094218417,0.4229332436968252,0.6723439672901643,1401,1401,0.002457512678395443,0.4229332436968252,0.6723439672901643,9.159650761963656e-05,1.815509408441856,0.0694456614302938,38434,3.4077274643890576e-05,0.09999999999999999,1401,0.004293736605130206,0.06660784458112445,0.11363311920057101,-0.13081023228909916,0.00143018200127582,0.02218460950219499,-0.004296927206432953,-0.06664296340052106,-0.010024036414141737,-0.15544181814497038,
relative_value_residual_60,29,相对价值残差,5,0.9449395289624443,0.055060471037555736,0.0,0.015919293219661863,0.2242308490710212,0.07099510743332067,0.5332856120257695,1.505847678281086,0.13210628061763313,0.008375456467211962,0.21464968739438733,0.03901918781658083,0.5332856120257695,0.8435596086163532,0.3989155430999767,1397,1397,0.015731316042574585,1.2856453524903944,0.19856686114412292,0.00038481128628983454,1.2218977563680553,0.2217462940294206,38223,0.0004530127286055333,0.09999999999999999,1397,,,,,,,,,,,0.7159703491569955
relative_value_residual_60,29,相对价值残差,20,0.9449395289624443,0.055060471037555736,0.0,0.02149999978201747,0.2028810159867241,0.10597344299293318,0.5520984081041969,1.1638601275462575,0.2444807003653846,0.006216896263362106,0.19252233748792047,0.032291817897505924,0.5144717800289436,0.3702437951741094,0.7112008476285416,1382,1382,0.006920073799463598,0.26455403606844424,0.7913530326419816,0.00061686168219574,0.4591714512668567,0.6461110499717873,37682,0.001068811411864066,-0.19999999999999998,1382,,,,,,,,,,,
correlation_risk_20_120,57,相关性风险,1,0.942540273221368,0.05745972677863198,0.00014689320863732068,-0.0006200859049821858,0.24032225581090375,-0.0025802267163724402,0.49107780157030695,-0.09636393399464069,0.9232315352842749,0.001000490980007396,0.24744896686561688,0.004043221487971443,0.4860813704496788,0.15440914998400798,0.8772871395377843,1401,1401,0.001000490980007396,0.15440914998400798,0.8772871395377843,1.6150859711920584e-06,0.01941097491931119,0.9845132553391496,38394,0.00014573071271405732,0.49999999999999994,1401,0.018362069801971206,0.2656683320947257,0.1683678325005948,-0.11434492013448283,0.014119200422956226,0.2042888958307282,0.005633461664926246,0.08151397883605158,-0.002852277093103726,-0.04127204589911549,
correlation_risk_20_120,57,相关性风险,5,0.942540273221368,0.05745972677863198,0.00014689320863732068,-0.005363857711195431,0.23620364514514436,-0.022708615304812097,0.49892627057981387,-0.48840897378869097,0.625260186842016,-0.0028140172145322212,0.24095202416879755,-0.011678744863171922,0.49606299212598426,-0.2561337659567323,0.7978475499345078,1397,1397,-0.005119185862074787,-0.3637426704389923,0.7160501764359806,4.170723689613656e-06,0.012638911032611283,0.9899158764988971,38192,0.00022050208463887563,0.19999999999999998,1397,,,,,,,,,,,0.8881699140780369
correlation_risk_20_120,57,相关性风险,20,0.942540273221368,0.05745972677863198,0.00014689320863732068,0.01666541870444888,0.23785351992509665,0.0700658905939128,0.5224312590448625,0.8616814924421613,0.3888628128053766,0.007456276667210508,0.24812377288024062,0.030050633926195187,0.5180897250361794,0.3784047150057443,0.7051299660839468,1382,1382,0.004763947072226116,0.16655457916586616,0.8677205349508372,0.0008121882481687304,0.7236402985403381,0.4692865942403709,37641,0.0017974208513213082,0.3,1382,,,,,,,,,,,
volume_price_divergence_20,53,量价背离,1,0.9293933310483279,0.07060666895167211,0.0,0.013912203955273343,0.25399327235145547,0.05477390730264207,0.5191889934829833,2.0713276389603843,0.038328188064112756,0.0009333261999255274,0.2561907285522631,0.0036430912437767165,0.5083272990586531,0.13871274616616905,0.8896771454940173,1381,1381,0.0009333261999255274,0.13871274616616905,0.8896771454940173,0.00020839644198531054,2.268553849270116,0.023295470823076394,37824,0.00046170208246515984,0.7,1381,0.05817446239061014,0.7632170100295975,0.42651460294472604,-0.08211178928738949,0.04742629439640305,0.622236781133198,0.025929958407988844,0.3402271484800921,0.004433622419574658,0.05817573135415923,
volume_price_divergence_20,53,量价背离,5,0.9293933310483279,0.07060666895167211,0.0,0.013039535940978288,0.2412806501090674,0.054043023902181776,0.5359477124183006,1.2574356984360022,0.20859590938000327,0.010792034345898358,0.24229148812241533,0.04454153313238058,0.514161220043573,1.0522266369148754,0.2926955812652938,1377,1377,0.010209724000892933,0.7627427649091737,0.44561682098944766,0.00043379534069566043,1.4284895225296994,0.15315100822530825,37584,0.0009267414795047482,0.7999999999999999,1377,,,,,,,,,,,0.6641938190250899
volume_price_divergence_20,53,量价背离,20,0.9293933310483279,0.07060666895167211,0.0,-0.008266077660569176,0.2293038634437192,-0.036048575616773326,0.5095447870778267,-0.5369965671972353,0.5912699852678585,-0.009311121641072194,0.2331954429808765,-0.03992840306847576,0.4948604992657856,-0.6118269022756976,0.5406522886084586,1362,1362,-0.021258058000815656,-0.8214305746980826,0.4114010539959295,-0.0006184262806199655,-0.7150977835372281,0.4745486234461961,37035,-0.0009716379795969732,-0.3,1362,,,,,,,,,,,
interaction__tsmom_60__carry,54,因子交互,1,0.9390393184155119,0.060960681584488086,0.0003427508201537482,-0.001352703024277365,0.2534508267034783,-0.005337141890091144,0.49464668094218417,-0.2034267583548038,0.8388014868943687,-0.0019444114300259186,0.220481096930964,-0.008818948459036122,0.5096359743040685,-0.339712164619932,0.7340732999660422,1401,1401,-0.0019444114300259186,-0.339712164619932,0.7340732999660422,2.650680632857349e-05,0.3351095141204021,0.7375424761715064,38302,-8.926098900792853e-05,-0.3,1401,-0.011246884614999,-0.1660903803692269,0.3343683083511777,-0.1302683046277494,-0.01967296598544869,-0.29055053422386123,-0.03652512872634805,-0.5395223138394144,-0.0533772914672474,-0.7885371520958004,
interaction__tsmom_60__carry,54,因子交互,5,0.9390393184155119,0.060960681584488086,0.0003427508201537482,-0.0010911226095463523,0.2536696017401524,-0.004301353422173338,0.490336435218325,-0.09888473508946513,0.9212297891324964,-0.01279952246050715,0.2162098334950152,-0.05919953895530033,0.47816750178954903,-1.3980992145675764,0.16208327571575143,1397,1397,-0.02432347546590943,-1.9268010388746097,0.054004429976290735,9.964547388911407e-05,0.34987432217307685,0.7264330185057042,38141,-0.0006859604687533942,-0.8999999999999998,1397,,,,,,,,,,,0.4553768222490159
interaction__tsmom_60__carry,54,因子交互,20,0.9390393184155119,0.060960681584488086,0.0003427508201537482,-0.006660392338719981,0.26518060211002137,-0.025116438705258825,0.5036179450072359,-0.31772825575852925,0.7506910760081528,-0.01401246671016079,0.2208803723588925,-0.06343916646153126,0.4544138929088278,-0.8406674060842481,0.40053428509298195,1382,1382,-0.016236895410021865,-0.7369693655243277,0.4611409791474499,-0.00041215388775678725,-0.550025897741039,0.5823016107609031,37661,-0.0016195029514704782,-0.7,1382,,,,,,,,,,,
interaction__momentum_quality_60__carry,54,因子交互,1,0.9390393184155119,0.060960681584488086,0.0003427508201537482,-0.001279237634865478,0.25547695440333995,-0.00500725256355551,0.49321912919343325,-0.18972086578191436,0.8495278692347902,-0.004280917228868573,0.22092440303763874,-0.01937729454060915,0.5074946466809421,-0.7436719439948328,0.4570749667502614,1401,1401,-0.004280917228868573,-0.7436719439948328,0.4570749667502614,4.619126953510749e-05,0.6530211785929914,0.5137426251229666,38302,-0.0001847302088012618,-0.19999999999999998,1401,-0.023276006308958996,-0.34161348287515625,0.31463240542469667,-0.162511327814285,-0.03120474292566135,-0.4580490269429944,-0.047062216159066056,-0.6910037882044052,-0.06291968939247077,-0.924046968935832,
interaction__momentum_quality_60__carry,54,因子交互,5,0.9390393184155119,0.060960681584488086,0.0003427508201537482,0.006352391432827849,0.2577128625193781,0.02464910509598719,0.5003579098067287,0.5695996172387953,0.5689492881329299,-0.013895277489815177,0.21388848546412242,-0.0649650562519223,0.47816750178954903,-1.5303862297191082,0.12592115543694044,1397,1397,-0.027971179239965595,-2.2494163919322316,0.024486016675959538,0.0002987663508371048,0.9902432661428346,0.3220552295436703,38141,-0.0007597712196288892,-0.6,1397,,,,,,,,,,,0.43307450851644347
interaction__momentum_quality_60__carry,54,因子交互,20,0.9390393184155119,0.060960681584488086,0.0003427508201537482,0.002479155575399217,0.2707642985176139,0.009156139081009387,0.5130246020260492,0.1161095979959396,0.9075656821652393,-0.01631609705735051,0.21783005571449218,-0.0749028732689481,0.4544138929088278,-1.0057029485682933,0.3145584843908428,1382,1382,-0.023797510336866907,-1.094479724574386,0.27374463503937685,0.0001702805744131215,0.25526461878971335,0.7985187250249741,37661,-0.002081666695577567,-0.7,1382,,,,,,,,,,,
interaction__tsmom_20__oi_surprise_20,54,因子交互,1,0.9731430250208098,0.02685697497919015,4.896440287910689e-05,-0.008594928529760902,0.22447346967241832,-0.038289284441069,0.48022206800832756,-1.4292119939465093,0.15294331143379913,-0.013421775440858373,0.22360580681743192,-0.06002427053165434,0.476058292852186,-2.2699107105132295,0.023213001135909843,1441,1441,-0.013421775440858373,-2.2699107105132295,0.023213001135909843,-0.00011541900360497492,-2.410045585169424,0.015950527431565505,39660,-0.00042435797113932406,-0.8999999999999998,1441,-0.05346910436355484,-0.7857751354656991,0.6945523941707147,-0.3055278112051658,-0.07097182469665686,-1.0430783769052847,-0.1059772653628609,-1.5577591289423103,-0.14098270602906493,-2.072481302255372,
interaction__tsmom_20__oi_surprise_20,54,因子交互,5,0.9731430250208098,0.02685697497919015,4.896440287910689e-05,-0.014582943250495787,0.21597620230274958,-0.06752106526094857,0.47390396659707723,-2.6137817003095627,0.008954623057726561,-0.012951487528923371,0.20778370226298734,-0.0623315851429529,0.47947112038970074,-2.2354690203534195,0.025386573267086206,1437,1437,-0.022992278367000282,-1.8491506910457773,0.06443605648015242,-0.0004529653810278522,-3.6860725585925485,0.00022774144473256908,39446,-0.001268881179444431,-0.9999999999999999,1437,,,,,,,,,,,0.16642309141756514
interaction__tsmom_20__oi_surprise_20,54,因子交互,20,0.9731430250208098,0.02685697497919015,4.896440287910689e-05,-0.009208686548784177,0.2187569063458816,-0.04209552376016924,0.4711673699015471,-1.6823061198207776,0.09250949503753884,-0.008878711127975428,0.21093864019680275,-0.042091440049541025,0.4866385372714487,-1.3753928103649038,0.16900969673854938,1422,1422,-0.06404427472512382,-3.028799168808554,0.0024552784231427474,-0.0005244514194988765,-1.6920877630649316,0.09062924128882452,38900,-0.001284369557445149,-0.7999999999999999,1422,,,,,,,,,,,
