feature_name,source_factor_id,source_factor,horizon,coverage,missing_rate,stale_rate,ic_mean,ic_std,icir,ic_hit_rate,ic_t_nw,ic_p_nw,rank_ic_mean,rank_ic_std,rank_icir,rank_ic_hit_rate,rank_ic_t_nw,rank_ic_p_nw,ic_days,rank_ic_days,nonoverlap_rank_ic_mean,nonoverlap_rank_ic_t,nonoverlap_rank_ic_p,pooled_beta,pooled_t_two_way_cluster,pooled_p_two_way_cluster,pooled_observations,group_spread,group_monotonicity,group_days,gross_annual_return,gross_sharpe,average_one_way_turnover,gross_max_drawdown,net_1bps_annual_return,net_1bps_sharpe,net_3bps_annual_return,net_3bps_sharpe,net_5bps_annual_return,net_5bps_sharpe,rank_ic_q_bh
tsmom_20,1,时间序列动量,1,0.9784360977231178,0.021563902276882208,0.0012256938673757686,0.0013464374935572962,0.28478999271644023,0.004727825864646576,0.5083135391923991,0.19552201768159633,0.8449843026796364,-0.006615279918196981,0.28163223394836107,-0.023489072346065086,0.49406175771971494,-0.9758606870546701,0.3291335060866857,1684,1684,-0.006615279918196981,-0.9758606870546701,0.3291335060866857,5.029602747321845e-05,0.47650812537679954,0.6337124200073825,46964,0.0002885361726621999,0.7,1684,0.03635555775543717,0.40356124191408044,0.19448733174980204,-0.14396942481952157,0.031454476995342165,0.34913462227688635,0.021652315475152138,0.2403002503222762,0.011850153954962105,0.13149453570803007,
tsmom_20,1,时间序列动量,5,0.9784360977231178,0.021563902276882208,0.0012256938673757686,0.006637264284704996,0.2764610443906701,0.02400795489770995,0.5142857142857142,0.554336067547,0.5793488709405701,0.0016939681850892706,0.27647877312857416,0.006126937579766765,0.5041666666666667,0.14300371313179805,0.8862872486805673,1680,1680,-0.00028842552251498986,-0.019321860616953266,0.9845843449325089,0.000389540316721813,1.0017441430004974,0.3164671808549163,46742,0.0016216326487431562,0.7,1680,,,,,,,,,,,0.9015680633129909
tsmom_20,1,时间序列动量,20,0.9784360977231178,0.021563902276882208,0.0012256938673757686,0.013855482479899171,0.2701879860289249,0.05128089773175879,0.5213213213213214,0.676966835467571,0.4984269967018722,0.0021130510325912664,0.2622084910898322,0.008058667451266247,0.49309309309309307,0.1094637032579206,0.9128347093340704,1665,1665,-0.004698739501695164,-0.19555456002792748,0.8449588293185879,0.000998996384512414,0.9014287409831958,0.3673604057834068,46191,0.0032561934549323137,0.8999999999999998,1665,,,,,,,,,,,
csmom_20,2,横截面动量,1,0.9875353166029582,0.012464683397041765,0.23595645670599966,0.0003525106389909993,0.30944210899830615,0.001139181219169266,0.5077197149643705,0.04659901701259548,0.9628328154912946,-0.009999319462280084,0.30279821292476916,-0.03302304648926193,0.4916864608076009,-1.3595959443708532,0.1739578222629895,1684,1684,-0.009999319462280084,-1.3595959443708532,0.1739578222629895,2.1047152166142307e-05,0.18527164811506758,0.8530159745663967,47055,0.00012053817077324264,0.3,1684,0.015187809517428581,0.1460751241096596,0.1872129849564529,-0.1632528195696651,0.01047004229652595,0.10069307224777581,0.0010345078547207346,0.0099476792990001,-0.008401026587084493,-0.08077051538186736,
csmom_20,2,横截面动量,5,0.9875353166029582,0.012464683397041765,0.23595645670599966,0.0031700223023423133,0.31281962651146994,0.01013370656340861,0.5190476190476191,0.23451725983421676,0.8145834353471926,-0.002611106339746731,0.3050102251304153,-0.008560717394409589,0.5154761904761904,-0.19954072139903337,0.8418397926895463,1680,1680,-0.006530607879328679,-0.4012500571159672,0.6882360297515954,0.00023838430101140413,0.6280632014260662,0.5299625382163164,46779,0.0010985738623445346,0.3,1680,,,,,,,,,,,0.8984327682527127
csmom_20,2,横截面动量,20,0.9875353166029582,0.012464683397041765,0.23595645670599966,0.008032325340036514,0.2961047691608141,0.02712663278879568,0.5147147147147147,0.36303688535398315,0.7165773307612429,-0.002437332658248742,0.2810834603839652,-0.008671206249273082,0.4960960960960961,-0.11912335572872434,0.9051776272951914,1665,1665,-0.010950980736456669,-0.43477626006329134,0.6637248382795184,0.000631113675173673,0.5772321439925111,0.5637826455031546,46211,0.002227959738133604,0.6,1665,,,,,,,,,,,
trend_efficiency_20,3,趋势效率,1,0.9784360977231178,0.021563902276882208,0.0012256938673757686,0.005233163798298029,0.25182162381239265,0.020781232838831747,0.5219714964370546,0.8657800021896715,0.3866108177849641,0.0061963516608972286,0.24057133852892662,0.025756815831791912,0.5231591448931117,1.0792986602986165,0.2804546099381191,1684,1684,0.0061963516608972286,1.0792986602986165,0.2804546099381191,0.00011960602904625865,1.3226018457701916,0.18596782011471114,46964,0.00012084467797757847,0.49999999999999994,1684,0.015226429425174885,0.19660943908330092,0.34851543942992874,-0.2414982661925119,0.0064438403515406865,0.08320041564397107,-0.01112133779572774,-0.14357389940270163,-0.028686515942996132,-0.3702705605661287,
trend_efficiency_20,3,趋势效率,5,0.9784360977231178,0.021563902276882208,0.0012256938673757686,0.0071994772331630845,0.2522862177590472,0.02853694227577323,0.5047619047619047,0.6913294453501664,0.48935853152544084,0.006002660491100026,0.24504073433446988,0.024496582200519597,0.5101190476190476,0.6100943940281202,0.5417992799906302,1680,1680,-0.0005337493753193722,-0.03849707931916173,0.9692913601251175,0.00044751626790242823,1.1156066847647987,0.2645905294555144,46742,0.0007891484114630184,0.8999999999999998,1680,,,,,,,,,,,0.7610989885582662
trend_efficiency_20,3,趋势效率,20,0.9784360977231178,0.021563902276882208,0.0012256938673757686,0.0026243484282182598,0.2516066080926522,0.010430363686043826,0.4894894894894895,0.1529114163581086,0.878468132838019,-0.002595037760035905,0.23746915558017145,-0.010927893998257807,0.4864864864864865,-0.16768401661166693,0.8668318710337675,1665,1665,-0.00817140288894619,-0.3580453928757533,0.7203093436873147,0.000644391527943273,0.5365464243397353,0.5915809600478156,46191,0.0017978246233922722,0.8999999999999998,1665,,,,,,,,,,,
realized_vol_20,24,已实现波动率,1,0.9844606946983546,0.015539305301645379,0.0014957620076450058,0.018661060351920906,0.36430360622685615,0.05122392431191154,0.5188902007083825,2.1341821283124363,0.03282787505757899,0.015157826698498906,0.3356509607706443,0.04515949146606642,0.5141676505312869,1.9124841657968599,0.05581412166925671,1694,1694,0.015157826698498906,1.9124841657968599,0.05581412166925671,0.00019508536007694144,1.2674068575919981,0.20500984902102537,47254,0.000448580291851081,0.9999999999999999,1694,0.05652111677323621,0.5124186328882759,0.07954545454545454,-0.1513049763316091,0.05451657131869077,0.4942578457100784,0.050507480409599854,0.45793182744900573,0.04649838950050895,0.4216003377141385,
realized_vol_20,24,已实现波动率,5,0.9844606946983546,0.015539305301645379,0.0014957620076450058,0.02369486123084274,0.37576570108456697,0.06305754134145988,0.5201183431952663,1.4341737134318724,0.1515226964548853,0.016378454709322015,0.3408173836060774,0.048056394706241026,0.5112426035502958,1.1046715171658152,0.2693019495761446,1690,1690,0.012761133839682656,0.7181956259036067,0.47263667459753167,0.0007759766487814694,1.260599544518919,0.2074531628426035,47032,0.001718258708988829,0.9999999999999999,1690,,,,,,,,,,,0.567457679464019
realized_vol_20,24,已实现波动率,20,0.9844606946983546,0.015539305301645379,0.0014957620076450058,0.03764487091601527,0.35963449493466454,0.10467536191947961,0.5319402985074627,1.2224039814912617,0.22155489435896092,0.02655593059487934,0.3184021903205055,0.08340373088560724,0.5432835820895522,0.9882327208752207,0.32303868660863977,1675,1675,0.04234533515639506,1.283141029723768,0.19944267143693462,0.0021109715741960892,0.9003729152691964,0.3679218294922235,46481,0.004950734083289373,0.8999999999999998,1675,,,,,,,,,,,
momentum_quality_20,41,动量质量,1,0.9784360977231178,0.021563902276882208,0.0012049193950473657,0.002879518819004055,0.2841298939219327,0.010134515517734395,0.503562945368171,0.42353461636069717,0.671905247915684,-0.0067015991018839274,0.2810365286013463,-0.023846007261889526,0.49406175771971494,-0.9901019944092107,0.32212426863968346,1684,1684,-0.0067015991018839274,-0.9901019944092107,0.32212426863968346,7.798430321213615e-05,0.6753510798740229,0.49945273826510783,46964,0.00029053269694122313,0.7,1684,0.036607119814594115,0.40676903426942906,0.19413103721298497,-0.13635653595542507,0.03171501767682688,0.35238989897366085,0.021930813401292444,0.2436471935233681,0.012146609125758006,0.13492870988545005,
momentum_quality_20,41,动量质量,5,0.9784360977231178,0.021563902276882208,0.0012049193950473657,0.008784260095392104,0.26868308306374855,0.03269375948506562,0.5166666666666667,0.7629579214541815,0.4454884911008713,0.0018920067380459873,0.27649781773942256,0.006842754686147486,0.4988095238095238,0.15967085638185483,0.8731403595549612,1680,1680,-0.0007644599296037396,-0.05107386630904645,0.9592666604705831,0.00043346828242786766,1.0066474797804967,0.3141042092281495,46742,0.001702683410501837,0.7,1680,,,,,,,,,,,0.9015680633129909
momentum_quality_20,41,动量质量,20,0.9784360977231178,0.021563902276882208,0.0012049193950473657,0.017604878610180747,0.271147103240088,0.06492740803722492,0.5201201201201201,0.8798753403742066,0.37892684486023975,0.0014353890942693276,0.2621498490895142,0.005475452681947555,0.4924924924924925,0.07446585952208332,0.9406397058732092,1665,1665,-0.007138533127330206,-0.2951228552914706,0.7679000308866286,0.0011100796555155222,0.9407325073577494,0.34684195581790955,46191,0.003228178331959049,0.7999999999999999,1665,,,,,,,,,,,
vol_managed_momentum_20,42,波动率管理动量,1,0.9784360977231178,0.021563902276882208,0.0012049193950473657,0.0007778337684138316,0.20681031710120537,0.003761097508656632,0.5118764845605701,0.15169782796673095,0.8794252703779297,-0.001343620458476787,0.2335527330571052,-0.005752963970446293,0.49643705463182897,-0.23338258239030524,0.8154643370216753,1684,1684,-0.001343620458476787,-0.23338258239030524,0.8154643370216753,2.4700931375605326e-05,0.34750225844443583,0.7282140221087277,46964,0.00022429520515883207,0.19999999999999998,1684,0.02826119585001285,0.4602849119247326,0.20211797307996834,-0.16534500596913393,0.023167822928397634,0.37737357351824213,0.012981077085167235,0.21148608647697467,0.0027943312419368184,0.04553164650099595,
vol_managed_momentum_20,42,波动率管理动量,5,0.9784360977231178,0.021563902276882208,0.0012049193950473657,0.009443201313460525,0.20731457328658662,0.04555010853195773,0.5232142857142857,1.1057667396898936,0.26882749454741006,0.011125458837499998,0.23784127955999357,0.046776820483316016,0.5148809523809523,1.1316092531969781,0.2577987481443824,1680,1680,0.010441236130990622,0.823131544445434,0.41043319216071583,0.0004277841614235014,1.3249762578862645,0.18517902607036507,46742,0.0016084324862423345,0.09999999999999999,1680,,,,,,,,,,,0.567457679464019
vol_managed_momentum_20,42,波动率管理动量,20,0.9784360977231178,0.021563902276882208,0.0012049193950473657,0.014480067229450824,0.19338849347614617,0.07487553664218854,0.5363363363363364,1.1029344062759558,0.2700556513691146,0.01797936072463325,0.22364521342125573,0.0803923341331143,0.5327327327327327,1.1894838189544168,0.23424933467329478,1665,1665,0.017728215146378186,0.7421045465018239,0.45802399541577954,0.0011100384825295949,1.287782537080986,0.1978216727873966,46191,0.004393733490858075,0.3,1665,,,,,,,,,,,
tsmom_60,1,时间序列动量,1,0.953278211733422,0.046721788266578024,0.0012256938673757686,8.892818349417675e-05,0.2879274506514886,0.0003088562180957753,0.5048661800486618,0.012654599967097486,0.989903359541319,-0.004068648191427572,0.28319671955667336,-0.014366862009548644,0.5097323600973236,-0.5930101699709149,0.5531743461470269,1644,1644,-0.004068648191427572,-0.5930101699709149,0.5531743461470269,-1.0123737245629874e-05,-0.10215352153739089,0.9186348191262762,45724,-0.00019431592365024534,-0.09999999999999999,1644,-0.024483806379930913,-0.27072783067872974,0.1253345498783455,-0.23801451512716554,-0.02764223703686523,-0.3056587516467253,-0.03395909835073383,-0.37552276126010187,-0.04027595966460245,-0.44538810768695314,
tsmom_60,1,时间序列动量,5,0.953278211733422,0.046721788266578024,0.0012256938673757686,-0.0035869497518014044,0.28628121257920297,-0.012529462619937148,0.5048780487804878,-0.2834908158871977,0.7768006208926408,-0.005858691626251788,0.2823312851325117,-0.020751124422863806,0.4945121951219512,-0.47705418225012175,0.6333235396867054,1640,1640,-0.005852037171253645,-0.38130313726424303,0.7029783259907456,9.284361615678165e-05,0.24813635507924886,0.8040289077367884,45513,7.362510253636266e-05,0.09999999999999999,1640,,,,,,,,,,,0.8492292918526277
tsmom_60,1,时间序列动量,20,0.953278211733422,0.046721788266578024,0.0012256938673757686,-0.01046280135441059,0.2836643416649894,-0.03688444339883675,0.4763076923076923,-0.43201348282307317,0.665731613873743,-0.011434909903231974,0.2753358392419976,-0.0415307717829702,0.4836923076923077,-0.49161157151011203,0.6229939616022502,1625,1625,0.00405190906533862,0.14668722379679525,0.8833789034461211,0.0002811207442350772,0.20775158119651235,0.8354229402650911,44972,0.0008507126093086393,0.09999999999999999,1625,,,,,,,,,,,
csmom_60,2,横截面动量,1,0.9626059498088748,0.03739405019112518,0.3495304969253781,-0.003520378987274475,0.3088678402048367,-0.011397687065574098,0.51338199513382,-0.4681387934529244,0.6396853388011814,-0.0074420272237951356,0.3038464578493027,-0.024492723319770024,0.5030413625304136,-1.0141270618909322,0.31052212649483646,1644,1644,-0.0074420272237951356,-1.0141270618909322,0.31052212649483646,-8.501609631908217e-05,-0.7658136953438253,0.44378716408334096,45856,-0.00012544949947666817,-0.6,1644,-0.01580663693406018,-0.1542614416399686,0.11261151662611517,-0.2292908013502959,-0.018644447153038306,-0.18195745787146198,-0.0243200675909945,-0.2373492769571221,-0.029995688028950702,-0.29273991838416713,
csmom_60,2,横截面动量,5,0.9626059498088748,0.03739405019112518,0.3495304969253781,-0.010102425767247732,0.3120329334543043,-0.032376152271526765,0.5048780487804878,-0.7336435678668355,0.4631660003644015,-0.012049773911544442,0.30408071909767104,-0.03962689231760874,0.4969512195121951,-0.9115596729177669,0.3620005593569756,1640,1640,-0.014020509169997761,-0.8484584156701422,0.3961827219719467,-0.00012137653459086327,-0.29510860260819716,0.7679109182978665,45580,-0.00029463363714423015,-0.7999999999999999,1640,,,,,,,,,,,0.6472131212745927
csmom_60,2,横截面动量,20,0.9626059498088748,0.03739405019112518,0.3495304969253781,-0.014908067564369744,0.3062661436367194,-0.048676838345060744,0.4929230769230769,-0.5765167187974045,0.5642659725899257,-0.015285140102759685,0.2967562162662877,-0.05150739652592113,0.49353846153846154,-0.6149157329412854,0.5386103721512601,1625,1625,-0.00196819258527389,-0.06905829337546066,0.9449432187986323,1.1942531508029568e-05,0.00885510897078111,0.992934737602791,45012,-0.000989656098501977,-0.09999999999999999,1625,,,,,,,,,,,
trend_efficiency_60,3,趋势效率,1,0.953278211733422,0.046721788266578024,0.0012256938673757686,-0.00010537248902419114,0.273626121890882,-0.0003850965993159532,0.5054744525547445,-0.015578183806437242,0.9875709103723808,-0.0022542657079404277,0.26079231052676444,-0.008643911714218577,0.5103406326034063,-0.35434045870612535,0.7230837504313146,1644,1644,-0.0022542657079404277,-0.35434045870612535,0.7230837504313146,1.3241309777084542e-05,0.13657070169833055,0.8913701361255455,45724,-7.34270652200931e-05,-0.3,1644,-0.009251810217731733,-0.10960850003817219,0.22148215733982157,-0.1780139576529266,-0.014833160582695244,-0.17572898095245484,-0.025995861312622243,-0.3079577638559581,-0.037158562042549255,-0.4401631141070214,
trend_efficiency_60,3,趋势效率,5,0.953278211733422,0.046721788266578024,0.0012256938673757686,-0.006702867391336285,0.26982226203541004,-0.024841787852392386,0.4902439024390244,-0.5693777374868995,0.5690998216171783,-0.01110736370999129,0.2572129563316047,-0.0431835311424648,0.48597560975609755,-1.0178776611332363,0.30873609897294607,1640,1640,-0.011710308292621981,-0.8606172412552093,0.3894488869095112,-7.262376934473452e-05,-0.20823902349228712,0.8350423400458985,45513,-0.0005095592425092147,-0.3,1640,,,,,,,,,,,0.5692321824813693
trend_efficiency_60,3,趋势效率,20,0.953278211733422,0.046721788266578024,0.0012256938673757686,-0.01563419370999556,0.24798582081589624,-0.06304470819564449,0.47015384615384614,-0.8184267537661186,0.41311355031069985,-0.022019405074546687,0.23474526650681096,-0.09380127404574444,0.4726153846153846,-1.2439854572592002,0.21350491531071658,1625,1625,-0.03180615112449942,-1.4114945821285372,0.15809883201078612,-0.0004980480535321275,-0.4803365443670795,0.6309881074251718,44972,-0.0014285807784104822,-0.6,1625,,,,,,,,,,,
realized_vol_60,24,已实现波动率,1,0.9716843942163869,0.02831560578361314,0.0017866046202426459,0.014250260031544264,0.3686113501122372,0.03865930885526246,0.5137395459976105,1.6134486364677898,0.10664707378927392,0.012997305810830057,0.34201885403509735,0.03800172317253685,0.5089605734767025,1.604462612341045,0.10861211926436132,1674,1674,0.012997305810830057,1.604462612341045,0.10861211926436132,0.0001224988867265174,0.8306800012131041,0.4061544269801427,46610,0.0003639160750319543,0.9999999999999999,1674,0.045853425454026236,0.4067125473107962,0.029530067702110713,-0.17791483822997944,0.04510926774793306,0.4001091308523966,0.04362095233574666,0.3869020050270417,0.042132636923560285,0.3736945542167657,
realized_vol_60,24,已实现波动率,5,0.9716843942163869,0.02831560578361314,0.0017866046202426459,0.01848213225408574,0.3798113111504212,0.04866135291785989,0.525748502994012,1.1032998240995902,0.26989698298578235,0.015503159302943496,0.34574187631811876,0.0448402706320682,0.5137724550898204,1.0250864784627598,0.30532238500832765,1670,1670,0.014636964707735291,0.793860086027404,0.42727688824034815,0.0005365907411335659,0.8916702141135058,0.3725697232337002,46399,0.0016166380065050262,0.8999999999999998,1670,,,,,,,,,,,0.5692321824813693
realized_vol_60,24,已实现波动率,20,0.9716843942163869,0.02831560578361314,0.0017866046202426459,0.030240048341796857,0.37397384441271103,0.080861399249153,0.5317220543806647,0.9215008558669342,0.35678899459742053,0.0258837979774166,0.3363934950288249,0.07694500149355941,0.5492447129909366,0.885421251767839,0.37592947459084525,1655,1655,0.03458185122256312,0.9360435550635647,0.3492507629414,0.0017657581393922578,0.7475809555322693,0.454712955450696,45858,0.006048874122617336,0.8999999999999998,1655,,,,,,,,,,,
momentum_quality_60,41,动量质量,1,0.953278211733422,0.046721788266578024,0.0012256938673757686,-0.0013845633654842187,0.2918371254855625,-0.004744301682592863,0.5115571776155717,-0.1939704735166365,0.8461990015117273,-0.004071983836819971,0.2830666651004404,-0.014385246794690967,0.5060827250608273,-0.5938151332223334,0.5526357661890836,1644,1644,-0.004071983836819971,-0.5938151332223334,0.5526357661890836,-2.2314098645371917e-05,-0.21560953115994097,0.8292921257517568,45724,-0.00014442946924957836,-0.3,1644,-0.018198113125446877,-0.20073969557942803,0.12397607461476075,-0.22753984948842343,-0.021322310205738847,-0.23520452861052088,-0.02757070436632279,-0.3041343986438264,-0.03381909852690674,-0.3730630682263367,
momentum_quality_60,41,动量质量,5,0.953278211733422,0.046721788266578024,0.0012256938673757686,-0.006000606585299054,0.28861138847495316,-0.020791302162422504,0.49390243902439024,-0.4706202227974505,0.6379119635917541,-0.006220756053469913,0.2815014778847544,-0.02209848452737668,0.4975609756097561,-0.5083385340276683,0.6112159506264783,1640,1640,-0.006302971060459056,-0.41202026437546485,0.6803245703034599,3.6209374435695766e-06,0.009116719162817897,0.9927260112973567,45513,0.0001703170633430433,0.09999999999999999,1640,,,,,,,,,,,0.8386451415572608
momentum_quality_60,41,动量质量,20,0.953278211733422,0.046721788266578024,0.0012256938673757686,-0.016353017339758663,0.2882776914189264,-0.056726614047961095,0.472,-0.678003510397617,0.49776946746424566,-0.012327243605676053,0.2737669165313125,-0.04502824432500815,0.4793846153846154,-0.5339449857767552,0.5933795968560759,1625,1625,0.00419106905134741,0.1540610557808401,0.8775615946030392,-0.0002587403347401959,-0.18286203622176755,0.8549062712776716,44972,0.000868730025408668,0.0,1625,,,,,,,,,,,
vol_managed_momentum_60,42,波动率管理动量,1,0.953278211733422,0.046721788266578024,0.00116337045039056,0.00879123776525597,0.20299229272027153,0.043308234255822295,0.5121654501216545,1.787663562752044,0.07383030374663332,0.006529049855635556,0.23407481959322263,0.02789300389927374,0.5030413625304136,1.1483677551132647,0.25081677917281275,1644,1644,0.006529049855635556,1.1483677551132647,0.25081677917281275,0.00011350444817401286,1.5077939794417454,0.13160726352330607,45724,0.0004425019458812072,0.7,1644,0.05575524518103209,0.8767678658354021,0.12636861313868614,-0.10187146679260928,0.052570756129937224,0.8267757064911345,0.046201778027747435,0.7267412761375028,0.03983279992555764,0.626648851952434,
vol_managed_momentum_60,42,波动率管理动量,5,0.953278211733422,0.046721788266578024,0.00116337045039056,0.01565976612366736,0.19899904331019622,0.07869267039267717,0.5341463414634147,1.8535249169600552,0.06380715815424032,0.014100971929758658,0.23303388786514181,0.0605103921105199,0.5292682926829269,1.4095562691560186,0.15867074741517473,1640,1640,0.007093846493721695,0.5321562533885524,0.5946177789818847,0.0005297195540080709,1.6753462217631598,0.09386632149950737,45513,0.001510870424853959,0.3,1640,,,,,,,,,,,0.5304008472120081
vol_managed_momentum_60,42,波动率管理动量,20,0.953278211733422,0.046721788266578024,0.00116337045039056,0.022713517235342585,0.20667328954147382,0.10990059376194614,0.5323076923076923,1.3496350848708063,0.17713306431430542,0.01740328684293089,0.24208774418212523,0.07188834321921811,0.4929230769230769,0.8841657305534761,0.376606754706605,1625,1625,0.02351908426001591,0.8571349080378992,0.39137033092137496,0.001978860804973707,1.8327566044392796,0.06683877528588453,44972,0.005643614498347972,0.09999999999999999,1625,,,,,,,,,,,
tsmom_120,1,时间序列动量,1,0.9165281701844773,0.0834718298155227,0.0012256938673757686,0.0048260678115592415,0.28443672530185166,0.0169671050967054,0.5151515151515151,0.6828794322232858,0.49468303155899196,-0.0007426400365391593,0.2838395211814835,-0.0026164081500980423,0.5164141414141414,-0.10616164937192779,0.9154540983126641,1584,1584,-0.0007426400365391593,-0.10616164937192779,0.9154540983126641,2.9043881524594195e-05,0.24658267346178978,0.8052312151319964,43934,-6.37978914518042e-05,0.19999999999999998,1584,-0.008038534322927325,-0.08778878608469635,0.09104587542087542,-0.22710505251905833,-0.010332890383533404,-0.1128448239563791,-0.014921602504745522,-0.16295529211985868,-0.019510314625957648,-0.21306280379595735,
tsmom_120,1,时间序列动量,5,0.9165281701844773,0.0834718298155227,0.0012256938673757686,0.010378501773701452,0.28640817154981524,0.03623675161759939,0.520253164556962,0.8094153032707517,0.41827630262166693,0.0053957709872016904,0.2827756020758231,0.019081458752424035,0.5240506329113924,0.43469006570195956,0.6637874102203063,1580,1580,0.010411784342311936,0.6923161142619889,0.4887388325844748,0.000330957638931572,0.7902766467689066,0.4293662221787794,43724,0.0005370971662319234,0.7,1580,,,,,,,,,,,0.8513795044130016
tsmom_120,1,时间序列动量,20,0.9165281701844773,0.0834718298155227,0.0012256938673757686,0.013766945311788504,0.27746934364654835,0.0496160949921927,0.5309904153354632,0.545119429475848,0.5856713805251477,0.012114374532993733,0.2659652886093494,0.045548705232686816,0.5405750798722044,0.5117210420600237,0.6088462572777906,1565,1565,0.025401318728081247,0.8458156128373547,0.3976556143000327,0.0010842843305858252,0.7539861691617168,0.4508575267352186,43188,0.003418052717723921,0.6,1565,,,,,,,,,,,
csmom_120,2,横截面动量,1,0.9252118996177497,0.07478810038225026,0.4143053016453382,0.004113530837358507,0.3088775442888297,0.013317675284001762,0.5176767676767676,0.5394229821048788,0.5895950267263275,0.0014047043903604008,0.30343468914098165,0.004629346744556776,0.5189393939393939,0.18897731579151555,0.8501105958135828,1584,1584,0.0014047043903604008,0.18897731579151555,0.8501105958135828,2.0874661676607708e-05,0.14419407203852228,0.8853472218561425,44064,0.00011274899103007063,0.3,1584,0.014206372869788896,0.13814582263410347,0.08630050505050506,-0.17988306580869107,0.012031600142516174,0.11699331409313045,0.007682054687970713,0.07469294678471257,0.0033325092334252626,0.032399319311976545,
csmom_120,2,横截面动量,5,0.9252118996177497,0.07478810038225026,0.4143053016453382,0.011509491403465643,0.3150359622808851,0.03653389701967998,0.5284810126582279,0.8189621395495696,0.41280801482667506,0.009473556824643124,0.30510278265153823,0.031050378309603926,0.5341772151898734,0.7065256572023915,0.4798613028151819,1580,1580,0.014050479170901298,0.8820057308534546,0.3777737081794559,0.0003980752523227667,0.7550609508857213,0.45021241173370896,43801,0.0013377779353824029,0.7,1580,,,,,,,,,,,0.7450478122656772
csmom_120,2,横截面动量,20,0.9252118996177497,0.07478810038225026,0.4143053016453382,0.023084446747508855,0.3004094371875201,0.0768432808357455,0.5552715654952076,0.8592764066834252,0.3901880376444543,0.016593376114697286,0.28806405499215776,0.057603077604212106,0.5482428115015975,0.6571575873730764,0.511079593564447,1565,1565,0.040766083924445536,1.3254429404981436,0.1850242827405002,0.0016504822715962912,0.9975898535782314,0.31847828317423965,43255,0.004469371543531063,0.6,1565,,,,,,,,,,,
trend_efficiency_120,3,趋势效率,1,0.9165281701844773,0.0834718298155227,0.0012256938673757686,0.002589121257934292,0.2677048710580302,0.009671550792861928,0.5069444444444444,0.3811749655134776,0.7030734240162455,0.0005042141293059386,0.2609668514038138,0.0019321002901082245,0.5,0.07729105306833277,0.9383920082340499,1584,1584,0.0005042141293059386,0.07729105306833277,0.9383920082340499,4.2459124036975326e-05,0.38430464034304673,0.7007526690911695,43934,-7.179686770663894e-05,-0.09999999999999999,1584,-0.009046405331036511,-0.10719564715372648,0.16434132996632997,-0.2651059761729879,-0.013187806846188041,-0.1562741855010897,-0.02147060987649106,-0.254437737713032,-0.029753412906794088,-0.35260642816719234,
trend_efficiency_120,3,趋势效率,5,0.9165281701844773,0.0834718298155227,0.0012256938673757686,-0.0055846499607739705,0.2728551661533906,-0.020467451796879137,0.48860759493670886,-0.44900378023285625,0.6534289296670939,-0.008713024689820286,0.2628431875157676,-0.03314913645725592,0.4759493670886076,-0.7377129050362968,0.46068892834440034,1580,1580,-0.012179616507174551,-0.8322607870741361,0.40526175919564733,-2.3144681121740885e-06,-0.006289400089013633,0.9949818178559507,43724,-0.0006382912243118491,-0.09999999999999999,1580,,,,,,,,,,,0.7450478122656772
trend_efficiency_120,3,趋势效率,20,0.9165281701844773,0.0834718298155227,0.0012256938673757686,-0.03656891116059948,0.2784401624812706,-0.13133490095222633,0.460702875399361,-1.5008600712228448,0.1333917575002283,-0.026953923312191465,0.26669607706090487,-0.1010660659475544,0.48562300319488816,-1.1867339326629402,0.23533258598108842,1565,1565,-0.03282087024458998,-1.283914403849409,0.19917190681576769,-0.0014405692637956033,-1.184456854160587,0.23623226590344337,43188,-0.004042279188032347,0.0,1565,,,,,,,,,,,
realized_vol_120,24,已实现波动率,1,0.9536313777630048,0.04636862223699523,0.002222868539139106,0.016348097396586134,0.37025758174110185,0.04415330894700583,0.5152068126520681,1.8345453088512484,0.06657308856027612,0.011127371625711006,0.3433554441023783,0.03240773320137938,0.5036496350364964,1.3622521295318966,0.17311832937640081,1644,1644,0.011127371625711006,1.3622521295318966,0.17311832937640081,0.00014806870403696518,0.9272832042423511,0.3537795124330897,45712,0.0004383344490392962,0.7,1644,0.05523014057895131,0.4836279381945287,0.018288726682887266,-0.15575579851628996,0.054769264666542555,0.47958645434785596,0.053847512841725044,0.47150334973117675,0.05292576101690752,0.4634200871216625,
realized_vol_120,24,已实现波动率,5,0.9536313777630048,0.04636862223699523,0.002222868539139106,0.019427947687037483,0.3797019026789371,0.05116631639179614,0.524390243902439,1.1441213888808275,0.25257329848408216,0.010869046302278348,0.3462893707150165,0.03138717853174644,0.5067073170731707,0.7096115960603168,0.47794502665952576,1640,1640,0.0056325962887114845,0.3010042944243315,0.7634112198272603,0.0005266564633201112,0.8450142639987431,0.39810287506297937,45489,0.0016636320768815705,0.7,1640,,,,,,,,,,,0.7450478122656772
realized_vol_120,24,已实现波动率,20,0.9536313777630048,0.04636862223699523,0.002222868539139106,0.015664646256844526,0.38359748083135015,0.040836155187712345,0.5236923076923077,0.4554480395938305,0.6487869410902413,0.009646833607528398,0.34240092022166924,0.02817408785374487,0.5187692307692308,0.31792244221259175,0.7505437686949447,1625,1625,0.01095422293867721,0.3086673957504025,0.7575745479149287,0.0011073015157652252,0.42974007094583827,0.6673847312200994,44931,0.00592220409721271,0.6,1625,,,,,,,,,,,
momentum_quality_120,41,动量质量,1,0.9165281701844773,0.0834718298155227,0.0012256938673757686,0.0014716198621280764,0.2818548448435343,0.0052211976804763275,0.5138888888888888,0.20900095765206989,0.8344474910282734,-0.0010632918821294843,0.28352133248956773,-0.0037503064506393307,0.5132575757575758,-0.15219731571679068,0.8790313110488481,1584,1584,-0.0010632918821294843,-0.15219731571679068,0.8790313110488481,-2.3077136706733105e-05,-0.20365935406629698,0.8386197071860724,43934,-6.596313520350957e-05,0.09999999999999999,1584,-0.00831135503564221,-0.09069578254952505,0.09186658249158249,-0.21589554777097086,-0.010626392914430101,-0.11595665097014317,-0.015256468672005863,-0.16647568270212304,-0.01988654442958162,-0.21699030066449823,
momentum_quality_120,41,动量质量,5,0.9165281701844773,0.0834718298155227,0.0012256938673757686,0.002367160049010235,0.2829631340835148,0.008365612915184855,0.5183544303797468,0.1856225712355382,0.8527407518915763,0.0049573847003480526,0.2823831646407393,0.017555524978463438,0.5253164556962026,0.39992005917318396,0.6892153973596914,1580,1580,0.010142903914006825,0.6739440866555422,0.5003468619886935,6.177977091378546e-05,0.1576052896551096,0.8747678351305261,43724,0.00043995640384952964,0.7,1580,,,,,,,,,,,0.8651852860472721
momentum_quality_120,41,动量质量,20,0.9165281701844773,0.0834718298155227,0.0012256938673757686,0.0026787139862466548,0.27862343447882726,0.009614101524723728,0.5207667731629393,0.10624216929266994,0.915390213999506,0.011484902383927569,0.2648697378651576,0.043360568392960055,0.5386581469648563,0.4873118496113336,0.6260373515984108,1565,1565,0.025481819776465027,0.8530256754450569,0.39364506600655913,0.0002610535946286126,0.20670865182735226,0.8362374001512416,43188,0.0029560061758793473,0.3,1565,,,,,,,,,,,
vol_managed_momentum_120,42,波动率管理动量,1,0.9165281701844773,0.0834718298155227,0.0011425959780621572,0.0027029008981527135,0.20847281196405532,0.01296524411355254,0.5082070707070707,0.5295202334680815,0.5964446122124796,-0.0026215813643982906,0.23835718238944237,-0.010998541508663215,0.49747474747474746,-0.45187160210875266,0.6513614834568486,1584,1584,-0.0026215813643982906,-0.45187160210875266,0.6513614834568486,2.2788278075755682e-05,0.35547742799313997,0.7222319520115394,43934,-3.4758025682479325e-05,0.19999999999999998,1584,-0.004379511235992406,-0.06494570251513089,0.08484848484848485,-0.2585022171143724,-0.006517693054174226,-0.09664739162197016,-0.010794056690537861,-0.16003574310972019,-0.015070420326901495,-0.2234007301757155,
vol_managed_momentum_120,42,波动率管理动量,5,0.9165281701844773,0.0834718298155227,0.0011425959780621572,0.009628724279447966,0.20532840202348224,0.046894263942826496,0.5253164556962026,1.0914973284769944,0.27505410677009534,0.0012110572499330755,0.23576469246343174,0.005136720164835184,0.5170886075949367,0.11733066863004353,0.9065980228162476,1580,1580,0.006560656774220371,0.4956387637811727,0.6201492984535744,0.00021715690370028863,0.8122555557915018,0.41664500717895436,43724,-0.0005251272836982784,0.09999999999999999,1580,,,,,,,,,,,0.9065980228162476
vol_managed_momentum_120,42,波动率管理动量,20,0.9165281701844773,0.0834718298155227,0.0011425959780621572,0.004996561985965027,0.2044598957626364,0.02443785842366703,0.5073482428115016,0.27824734985216215,0.7808224894424557,-0.0008150902832178076,0.23700033794356443,-0.0034391946032241547,0.4984025559105431,-0.039646797737496714,0.9683747175481954,1565,1565,-0.01752818006897786,-0.6241940334250009,0.532500164835912,0.0004534754797386299,0.4435695334646731,0.6573538368127076,43188,-0.003146859297982213,-0.39999999999999997,1565,,,,,,,,,,,
multi_horizon_trend,4,多周期趋势一致性,1,0.9252118996177497,0.07478810038225026,0.7699019444906099,0.002126057584856609,0.25553555105778936,0.008320007044248028,0.5037878787878788,0.3372028271719728,0.7359640062039465,-0.004578968666305605,0.265044655277041,-0.01727621581925274,0.4936868686868687,-0.704366767254059,0.4812043963313578,1584,1584,-0.004578968666305605,-0.704366767254059,0.4812043963313578,1.75096488879194e-05,0.17035679150126862,0.8647295507602538,44064,-9.067336732632197e-05,-0.3,1584,-0.011424844283116574,-0.14989018220997882,0.18285984848484846,-0.22458954938943465,-0.01603291246493476,-0.2103123371064839,-0.025249048828571118,-0.3310920267683717,-0.034465185192207495,-0.45177866940648476,
multi_horizon_trend,4,多周期趋势一致性,5,0.9252118996177497,0.07478810038225026,0.7699019444906099,0.011852381204521693,0.2554516910698554,0.046397740233712376,0.5208860759493671,1.0535936167908544,0.2920690128921354,0.007305785999578749,0.2589569019033842,0.028212362543264084,0.519620253164557,0.65426614454732,0.5129403536425754,1580,1580,0.0026490632026462354,0.1794921975085441,0.8575512433313346,0.00042869703630084337,1.0732531486068246,0.283157550033748,43801,0.000462551573404909,0.39999999999999997,1580,,,,,,,,,,,0.7607136523956208
multi_horizon_trend,4,多周期趋势一致性,20,0.9252118996177497,0.07478810038225026,0.7699019444906099,0.020771798754110834,0.24695394685247285,0.08411203391910008,0.5233226837060703,1.004112879679163,0.3153242080230919,0.01654446589545596,0.2486293070554994,0.06654270203054896,0.5201277955271566,0.8215098504144602,0.4113559155722891,1565,1565,0.038117260083568034,1.3707127704635529,0.1704645122676457,0.001756720680830384,1.3812455116589126,0.16720348553966302,43255,0.002252999802583659,0.3,1565,,,,,,,,,,,
carry,5,Carry,1,0.9866835632374937,0.013316436762506267,0.0007686554761509057,0.015499021053080854,0.26820403108579804,0.05778817339297462,0.528755868544601,2.3998842750118454,0.016400255782546308,0.02440348092602975,0.24492871926133675,0.09963503259081453,0.5387323943661971,4.2011214698540655,2.655960317996136e-05,1704,1704,0.02440348092602975,4.2011214698540655,2.655960317996136e-05,0.00017467203385485334,1.8404722522642374,0.06569893436855766,47420,0.0007724675469828116,0.7999999999999999,1704,0.09733091091983426,1.2421581621154196,0.31585485133020347,-0.10803447322635573,0.08937136866631314,1.140652254828889,0.07345228415927085,0.9375771705757644,0.05753319965222862,0.7344342716143242,
carry,5,Carry,5,0.9866835632374937,0.013316436762506267,0.0007686554761509057,0.022316476437001145,0.2637889500687303,0.0845997394173887,0.55,2.1248059130267305,0.03360281123644637,0.038929707171486076,0.2392658028444363,0.16270485254759556,0.5576470588235294,4.118195007345428,3.8185151195608985e-05,1700,1700,0.04538449531426976,3.3819582848486567,0.0007197107287528693,0.0006763774972017406,1.7105722595506945,0.08716010356910142,47236,0.0025571403437151695,0.8999999999999998,1700,,,,,,,,,,,0.0012506514429242487
carry,5,Carry,20,0.9866835632374937,0.013316436762506267,0.0007686554761509057,0.05616285535402771,0.2663431621181186,0.21086651861976638,0.6065281899109792,2.7874268225039027,0.005312845186641426,0.08131506414385985,0.23942853969794206,0.3396214346311647,0.6189910979228487,4.6544379075599425,3.2486571483771163e-06,1685,1685,0.06563705004266283,2.831300539967659,0.004635913798219034,0.0031965942892297513,2.9846250918668136,0.002839260818490124,46749,0.009859384364826272,0.8999999999999998,1685,,,,,,,,,,,
curve_curvature,10,期限结构曲率,1,0.9759016120990527,0.024098387900947316,0.00014542130629882,-0.009628108937416596,0.23157535118111752,-0.041576570599201425,0.4859154929577465,-1.724418372314616,0.0846323432317631,-0.01062827697747622,0.20883122448206634,-0.05089409882950209,0.477112676056338,-2.1160083781751378,0.03434409501645836,1704,1704,-0.01062827697747622,-2.1160083781751378,0.03434409501645836,-0.0001165424392794099,-1.1717543736158527,0.24129568582858285,46934,-0.0004238627671715247,-0.49999999999999994,1704,-0.053406708663612114,-0.7931284174577988,0.4381797730829421,-0.3895718236030502,-0.06444883894530226,-0.9571164371207872,-0.08653309950868256,-1.2850386054074296,-0.10861736007206282,-1.612839332840602,
curve_curvature,10,期限结构曲率,5,0.9759016120990527,0.024098387900947316,0.00014542130629882,-0.004752119274210939,0.22727797319793824,-0.020908842187149737,0.47941176470588237,-0.5943874482086405,0.5522530016644607,-0.012338483482625768,0.20298967443124008,-0.06078379857102169,0.48294117647058826,-1.770010046446428,0.07672546713955954,1700,1700,-0.012225271091574655,-1.126267045468612,0.2600525022136183,-0.00010761550111864688,-0.2993561943744555,0.7646682822573709,46794,-0.0008599096802867236,-0.3,1700,,,,,,,,,,,0.3772335467695011
curve_curvature,10,期限结构曲率,20,0.9759016120990527,0.024098387900947316,0.00014542130629882,-0.00987180377574883,0.2307081310995219,-0.0427891454397434,0.47359050445103856,-0.788242335474723,0.4305549701656718,-0.02649865499177627,0.20658871208731017,-0.12826768086233672,0.44866468842729973,-2.499470282853934,0.012437913034852262,1685,1685,-0.0105766210451439,-0.4269516389434866,0.6694145524571781,-0.0004188121727832045,-0.6324364303750203,0.5271017351496151,46327,-0.0026366777432062036,-0.39999999999999997,1685,,,,,,,,,,,
term_structure_slope,44,期限结构斜率,1,0.9866835632374937,0.013316436762506267,0.0,0.027402910351471688,0.3059756659309022,0.08955911663138606,0.5463615023474179,3.699854036135028,0.0002157235055859704,0.028860429335681042,0.27888819795028197,0.10348386754188163,0.5528169014084507,4.336718393308426,1.446257228601494e-05,1704,1704,0.028860429335681042,4.336718393308426,1.446257228601494e-05,0.0002910993602205673,2.7110405422256303,0.006707242470856316,47420,0.0007691777979733656,0.9999999999999999,1704,0.09691640254464404,1.05592157868036,0.0754010172143975,-0.10789621714750774,0.09501629691084122,1.035238670019442,0.09121608564323559,0.9938655312545643,0.08741587437562995,0.9524833278447291,
term_structure_slope,44,期限结构斜率,5,0.9866835632374937,0.013316436762506267,0.0,0.05090864297084576,0.31985320761673486,0.15916252130210684,0.5682352941176471,3.693854019533661,0.00022088063603868888,0.051356835572998166,0.28926651366293005,0.17754158586376195,0.5735294117647058,4.094024414047356,4.239496416692368e-05,1700,1700,0.056848301063848895,3.6439156253813683,0.0002685214784233458,0.0012811977210166476,2.679246498380547,0.007378805180208931,47236,0.003260592368010919,0.9999999999999999,1700,,,,,,,,,,,0.0012506514429242487
term_structure_slope,44,期限结构斜率,20,0.9866835632374937,0.013316436762506267,0.0,0.1042846568421706,0.30141698826730406,0.3459813510899007,0.6652818991097923,4.090930006627008,4.296467963317932e-05,0.10337323445213245,0.2734582347205691,0.37802202064883317,0.6807121661721068,4.50385842691804,6.673066994786032e-06,1685,1685,0.10603780334186667,3.826108743593468,0.00013018479911700367,0.005783116328781272,3.1552287502557994,0.0016037231254426457,46749,0.015362233797859356,0.9999999999999999,1685,,,,,,,,,,,
carry_change_5,6,Carry变化,1,0.9811160046534818,0.01888399534651819,0.0,0.01051838585495974,0.24231917205100564,0.04340715497635379,0.5226603884638023,1.8150667358504615,0.06951365435824915,0.008093300749827875,0.21123910297987247,0.03831345918278695,0.5226603884638023,1.5911092701594656,0.11158498663585288,1699,1699,0.008093300749827875,1.5911092701594656,0.11158498663585288,0.00012754571071460678,1.7655880510690662,0.07746498612594178,47181,0.000505560428929779,0.3,1699,0.06370061404515216,0.8919046005250542,0.5521385128506965,-0.08559648279797272,0.049786723521314614,0.697112779644351,0.021958942473639505,0.3074787860673102,-0.005868838574035586,-0.08217692516181284,
carry_change_5,6,Carry变化,5,0.9811160046534818,0.01888399534651819,0.0,-0.004960500923072839,0.23990048798157282,-0.020677327356890846,0.49262536873156343,-0.6671165562823513,0.5046976855226855,0.005135900339747461,0.2083585434178004,0.02464933885359794,0.5061946902654867,0.8041068422808116,0.4213352733129574,1695,1695,0.006468322664656412,0.5664580035785418,0.5710824740043443,-0.00018961246476482607,-1.0834473323017555,0.2786099161890676,47032,0.00019693148611464926,0.39999999999999997,1695,,,,,,,,,,,0.7147773656773747
carry_change_5,6,Carry变化,20,0.9811160046534818,0.01888399534651819,0.0,-0.008782003413913858,0.2482103349117845,-0.035381296338990224,0.48035714285714287,-1.076227163304756,0.28182567427539496,0.0030244959289584448,0.21442256993239758,0.014105305844958381,0.5119047619047619,0.4353599055135776,0.6633012083737508,1680,1680,0.019244617607066562,0.8219229619305984,0.41112074354194816,-0.000502628217651612,-1.5632544651650258,0.11799275393108566,46566,-0.0006508733413657404,-0.3,1680,,,,,,,,,,,
basis_momentum_5,9,基差动量,1,0.9811160046534818,0.01888399534651819,0.0,0.01524550817874753,0.24118793758491444,0.063210077300736,0.5203060623896409,2.6422971178003936,0.008234578306284074,0.01204583228855962,0.20927235646722905,0.057560551674898035,0.5208946439081813,2.3850522247295736,0.017076696938992626,1699,1699,0.01204583228855962,2.3850522247295736,0.017076696938992626,0.00018496703936102076,2.7686796865106285,0.00562839398685621,47181,0.00039839048100423464,0.7,1699,0.050197200606533564,0.7083815634420659,0.543030213851285,-0.10898524761185957,0.03651283921748119,0.5152745158947615,0.009144116439376418,0.12904171514948015,-0.018224606338728345,-0.2571706857877687,
basis_momentum_5,9,基差动量,5,0.9811160046534818,0.01888399534651819,0.0,-0.0017597159403975728,0.23639987642657237,-0.007443810745578601,0.49734513274336284,-0.2334083908755585,0.8154442981244829,0.008335286142873643,0.20825486496156181,0.040024448621702596,0.5203539823008849,1.2625069363100607,0.20676643196400313,1695,1695,0.011542374806229608,0.9845994092021649,0.32482087999426346,-0.00013709587303259132,-0.7796982363939098,0.43556851716840594,47032,0.0002738588334560512,0.39999999999999997,1695,,,,,,,,,,,0.5304008472120081
basis_momentum_5,9,基差动量,20,0.9811160046534818,0.01888399534651819,0.0,-0.008713159232875686,0.24362453960059346,-0.03576470271492495,0.4738095238095238,-1.0553979417286583,0.29124336385110083,0.0024739656800564724,0.21225795172943276,0.011655467603918368,0.5107142857142857,0.3366141839823363,0.7364077623424705,1680,1680,0.007527994360309767,0.33107763789652866,0.7405858423909673,-0.0005799857974405961,-1.7879402781180702,0.07378564365851865,46566,-0.0013880995850388156,0.0,1680,,,,,,,,,,,
term_structure_momentum_5,45,期限结构动量,1,0.9811160046534818,0.01888399534651819,0.0,0.02061646670752024,0.2695742075602183,0.07647789042620062,0.5273690406121248,3.1909246046223965,0.0014181828345437352,0.020261808680517635,0.22563314234928988,0.08979978947042928,0.533254855797528,3.6938830126047915,0.00022085543995698005,1699,1699,0.020261808680517635,3.6938830126047915,0.00022085543995698005,0.00022928776284786046,3.3537643617571806,0.0007972022056146884,47181,0.000688890793485056,0.8999999999999998,1699,0.08680023997911707,1.143260741356613,0.3423533451049637,-0.13164000408343002,0.078172935682472,1.0295371112670837,0.06091832708918179,0.802132261347182,0.043663718495891644,0.5748014212097579,
term_structure_momentum_5,45,期限结构动量,5,0.9811160046534818,0.01888399534651819,0.0,0.015314119681103364,0.27131382644094587,0.056444302459597036,0.5262536873156343,1.526132672677417,0.1269768266261935,0.013696231422950138,0.2254671930201245,0.060746005835659006,0.5262536873156343,1.631958569241641,0.1026882143447581,1695,1695,0.011758297094532773,0.8979417150952194,0.3692166236042328,0.00024169320509095156,0.7957523925803218,0.42617596779682554,47032,0.000672493919707398,0.8999999999999998,1695,,,,,,,,,,,0.46604651125697905
term_structure_momentum_5,45,期限结构动量,20,0.9811160046534818,0.01888399534651819,0.0,0.0009770293176710521,0.2778350102225017,0.0035165809985163747,0.5059523809523809,0.06884053080299761,0.9451165556790773,0.009149626053023725,0.243419213107591,0.03758793702524871,0.5101190476190476,0.7423824776086759,0.4578556329488981,1680,1680,0.013793945710447139,0.5781803389773559,0.5631423712961805,4.2762739460192393e-05,0.05019354777819278,0.9599681532019009,46566,0.0008795336565507135,0.39999999999999997,1680,,,,,,,,,,,
term_structure_acceleration_5,46,期限结构加速度,1,0.9768780122984876,0.023121987701512414,0.0,0.018771709307626283,0.26187647259852237,0.0716815417641768,0.5277449822904369,3.0027387359006408,0.002675620221709733,0.01929399388079618,0.2216970073625394,0.08702866182241632,0.5377804014167651,3.640452847902501,0.0002721589472198262,1694,1694,0.01929399388079618,3.640452847902501,0.0002721589472198262,0.00026094476154829306,3.639302556619616,0.0002733774525368967,46987,0.0007609771344423815,0.9999999999999999,1694,0.09588311893974007,1.3146986570974915,0.4099271940181032,-0.10181019194336816,0.08555295365048388,1.1729701100753342,0.06489262307197147,0.8895499964522743,0.0442322924934591,0.6062066973175199,
term_structure_acceleration_5,46,期限结构加速度,5,0.9768780122984876,0.023121987701512414,0.0,0.013906778761757848,0.2729572441372042,0.05094856084774761,0.5153846153846153,1.4502147273764692,0.14699864942114704,0.011143184530723441,0.2312163437338845,0.048193758065600015,0.5260355029585799,1.3776281010365417,0.16831814022808977,1690,1690,-0.005674479245825848,-0.44838362096762124,0.6538763604902056,0.00026508372337880233,0.9563297419046333,0.33890566821630896,46856,0.0006501105138494054,0.7,1690,,,,,,,,,,,0.5304008472120081
term_structure_acceleration_5,46,期限结构加速度,20,0.9768780122984876,0.023121987701512414,0.0,0.012572493895260039,0.272754518136327,0.046094539445818115,0.5170149253731343,1.6197204863962087,0.10529233342210026,0.011517791324812033,0.23415773132295298,0.04918817439739611,0.5349253731343283,1.5945177753999693,0.11082011267704872,1675,1675,0.04824165578924145,1.9198061139144273,0.0548823943234415,0.0004103929969977184,1.124104230697405,0.2609688107392032,46392,0.0009765910297358325,0.6,1675,,,,,,,,,,,
carry_change_20,6,Carry变化,1,0.9713935516037893,0.028606448396210737,0.0,-0.0022155820998735793,0.24386477837404685,-0.009085289456910646,0.5041567695961995,-0.3733580502460951,0.7088819768878702,0.004551162419152996,0.20765968022144393,0.021916447209683325,0.5100950118764845,0.9181493156761709,0.3585406993878869,1684,1684,0.004551162419152996,0.9181493156761709,0.3585406993878869,-1.54957331714095e-06,-0.018826598778186113,0.9849794348246066,46714,0.0002501356699371487,0.0,1684,0.031517094412080726,0.47002056914991014,0.42723673792557404,-0.14354007691515303,0.020750728616356257,0.30946981200394663,-0.000782002975092671,-0.01166282199554528,-0.022314734566541608,-0.3327920969262394,
carry_change_20,6,Carry变化,5,0.9713935516037893,0.028606448396210737,0.0,-0.01865585392632664,0.24563038871228557,-0.07595091968925236,0.4708333333333333,-2.0051757504081946,0.0449442615454263,-0.009934524511587363,0.20969110341508887,-0.047376948043054166,0.4708333333333333,-1.3431507768838695,0.179223156580246,1680,1680,-0.0006767644437475972,-0.06186832434268192,0.9506676926695321,-0.00038902102967860015,-1.3512981203527847,0.1765999539128038,46576,-0.0008326446900197901,-0.09999999999999999,1680,,,,,,,,,,,0.5304008472120081
carry_change_20,6,Carry变化,20,0.9713935516037893,0.028606448396210737,0.0,-0.0446436809658102,0.25262352051819376,-0.1767202075017991,0.42462462462462464,-3.00514851268467,0.0026545120269725426,-0.024647494950730427,0.21397825867505985,-0.11518691246179025,0.4498498498498498,-2.1234812115880777,0.033713548273063186,1665,1665,-0.04154273025677761,-1.5871373550212327,0.11248153914143805,-0.002306832224886723,-2.712156693200284,0.006684698518065507,46112,-0.00545865814590413,-0.39999999999999997,1665,,,,,,,,,,,
basis_momentum_20,9,基差动量,1,0.9713935516037893,0.028606448396210737,0.0,-0.0021856528600381797,0.23815760549676362,-0.009177338071900798,0.5071258907363421,-0.3767170724704537,0.706383874037084,0.0038708774345765813,0.20405320517323622,0.018969941840856163,0.504750593824228,0.7905436947573413,0.4292103146758538,1684,1684,0.0038708774345765813,0.7905436947573413,0.4292103146758538,-2.546094765166838e-06,-0.04169305309342711,0.9667433919758359,46714,0.00019739481107330586,0.3,1684,0.024871746195236546,0.36625091727404235,0.41437054631828973,-0.16772561080991122,0.014429608428015642,0.2124785328093135,-0.006454667106426168,-0.09503716725935586,-0.02733894264086797,-0.40247396401192276,
basis_momentum_20,9,基差动量,5,0.9713935516037893,0.028606448396210737,0.0,-0.017010984694543207,0.23831955754922038,-0.07137888669095029,0.4744047619047619,-1.8867273069378832,0.05919701286357764,-0.00972463258416077,0.20938393477092745,-0.04644402444151134,0.4732142857142857,-1.2976585034949981,0.1944047090055563,1680,1680,-0.005554841881320057,-0.5088065482391255,0.6108878290211552,-0.00041212478604209886,-1.907226844883224,0.05649121865089853,46576,-0.0006726080336006222,-0.3,1680,,,,,,,,,,,0.5304008472120081
basis_momentum_20,9,基差动量,20,0.9713935516037893,0.028606448396210737,0.0,-0.045330483403697774,0.2462642922742479,-0.1840724978236645,0.412012012012012,-3.197268049338994,0.0013873593885586767,-0.024103079600621153,0.21513050281869434,-0.11203934023681672,0.44684684684684683,-2.047073027513706,0.040650914829401134,1665,1665,-0.0480199407563145,-2.06053419058156,0.03934750074400439,-0.0024155845575171545,-2.8485214120658515,0.004392289764795363,46112,-0.00580185042690228,-0.09999999999999999,1665,,,,,,,,,,,
term_structure_momentum_20,45,期限结构动量,1,0.9713935516037893,0.028606448396210737,0.0,0.008489789494809092,0.28510238277491207,0.029778037672563998,0.5326603325415677,1.2124258074165635,0.22534942699171623,0.009258703361586865,0.2409491089806811,0.038425970532761804,0.5172209026128266,1.5671038110756943,0.11709042854383664,1684,1684,0.009258703361586865,1.5671038110756943,0.11709042854383664,6.605706906796895e-05,0.5518630912307128,0.5810421574315103,46714,0.00022290765809929386,0.9999999999999999,1684,0.028086364920511038,0.3470477284348485,0.17959224069675375,-0.13417887268706286,0.02356064045495283,0.291119604961284,0.014509191523836448,0.17926837236707097,0.005457742592720054,0.06742835660899692,
term_structure_momentum_20,45,期限结构动量,5,0.9713935516037893,0.028606448396210737,0.0,-0.0034205913268339143,0.2902205429183255,-0.011786179201644402,0.5089285714285714,-0.27675886186542564,0.7819652711745049,0.0030461736737438165,0.24748022734891312,0.012308755759502072,0.5107142857142857,0.29643656780906324,0.7668967024849566,1680,1680,0.011024588435505672,0.8169774985803308,0.4139412871469511,-0.0001926031570990014,-0.4534797405167187,0.6502033285147808,46576,0.00011283001967253124,0.3,1680,,,,,,,,,,,0.8984327682527127
term_structure_momentum_20,45,期限结构动量,20,0.9713935516037893,0.028606448396210737,0.0,-0.02650641758711739,0.2806272272707607,-0.09445419051068378,0.46966966966966966,-1.2996547770963436,0.1937193164492924,-0.011144706005017784,0.22859777715304558,-0.048752468828935434,0.4678678678678679,-0.7042662523759775,0.48126697869649215,1665,1665,-0.032826130338048334,-1.2910655051128554,0.19668096413655145,-0.0014872090790763303,-1.0148989775626818,0.3101539856391117,46112,-0.0023936681575906153,-0.3,1665,,,,,,,,,,,
term_structure_acceleration_20,46,期限结构加速度,1,0.9579109190626558,0.0420890809373442,0.0,0.008579359121627134,0.27798065216788953,0.03086315200255568,0.5264423076923077,1.2635031442683005,0.2064084173398083,0.009562370809595426,0.2432662822904569,0.03930824576082465,0.5222355769230769,1.6089720257181355,0.10762245865238328,1664,1664,0.009562370809595426,1.6089720257181355,0.10762245865238328,8.711278772481867e-05,0.8336412733713818,0.4044831602982407,46074,0.000282953158275233,0.7,1664,0.035652097942679366,0.44756414797868505,0.2065655048076923,-0.13448531414940557,0.030446647221525514,0.3822280303269007,0.020035745779217826,0.2515407422054312,0.009624844336910132,0.1208393486971632,
term_structure_acceleration_20,46,期限结构加速度,5,0.9579109190626558,0.0420890809373442,0.0,0.009366465755472463,0.27917135243379393,0.03355095597673741,0.516867469879518,0.7939671615691016,0.42721454883043397,0.013893444657861029,0.24069615791130852,0.05772192119070082,0.5283132530120482,1.400721910636345,0.16129724799321754,1660,1660,0.01640749873929339,1.2860003845401895,0.19844292747541536,0.00015113222434543226,0.31482471681356033,0.7528947440025296,45947,0.000598263907451293,0.39999999999999997,1660,,,,,,,,,,,0.5304008472120081
term_structure_acceleration_20,46,期限结构加速度,20,0.9579109190626558,0.0420890809373442,0.0,-0.014735460815915806,0.28379130319211426,-0.05192358134364866,0.48206686930091186,-0.7269210654559236,0.46727431181722245,-0.006717666150210393,0.2426663597813853,-0.02768272518804108,0.48936170212765956,-0.39768551168538047,0.6908620184806634,1645,1645,-0.029073513921470825,-1.164081010433548,0.24439118345550526,-0.0005430808887263166,-0.30662169083794405,0.7591313415399958,45485,-0.0015308812577825579,0.0,1645,,,,,,,,,,,
carry_change_60,6,Carry变化,1,0.946214891141765,0.05378510885823495,0.0,0.0005100000702700897,0.24814522256005006,0.0020552483945028275,0.49695863746958635,0.08555141813739245,0.9318230195051078,0.003859001869516961,0.22136692304734437,0.017432603825331325,0.5097323600973236,0.7315450073436096,0.4644463241606802,1644,1644,0.003859001869516961,0.7315450073436096,0.4644463241606802,-6.47379398837292e-06,-0.06127090630678293,0.9511434606596842,45503,0.00012095461805534965,0.0,1644,0.015240281874974056,0.20443476218779694,0.37553730738037305,-0.16231004570759833,0.005776741728988651,0.07749759043971784,-0.013150338562982157,-0.17644812483984101,-0.03207741885495295,-0.4304653436085415,
carry_change_60,6,Carry变化,5,0.946214891141765,0.05378510885823495,0.0,-0.0170377358871098,0.24290645120605006,-0.07014114200144159,0.47804878048780486,-1.8251680722224057,0.06797567026695706,-0.008071862879295904,0.2085033760416353,-0.038713343795853276,0.48353658536585364,-1.054562014596441,0.2916256841439884,1640,1640,-0.01665135616855715,-1.4585210867214422,0.14469696719942887,-0.0003823165110394702,-0.9239902859696433,0.3554913734202051,45356,-0.0009880017005357163,0.0,1640,,,,,,,,,,,0.5692321824813693
carry_change_60,6,Carry变化,20,0.946214891141765,0.05378510885823495,0.0,-0.034012024901052165,0.24222515687416538,-0.1404149153620787,0.4603076923076923,-2.029037621566825,0.04245445854137875,-0.013072829668412571,0.21028724399736715,-0.06216653668529817,0.488,-0.9721782456929169,0.33096188110397173,1625,1625,-0.011390752986971,-0.4619844307715529,0.6440924854797563,-0.0016175549323900317,-1.2150888816639827,0.2243321936529784,44887,-0.005428733389333052,-0.09999999999999999,1625,,,,,,,,,,,
basis_momentum_60,9,基差动量,1,0.946214891141765,0.05378510885823495,2.077447232840286e-05,0.00283109762600919,0.24183825024283262,0.011706575048266566,0.4975669099756691,0.48240982722124737,0.6295148414197873,0.0026504590313937183,0.21939985353304534,0.012080495901491175,0.4957420924574209,0.5029016779165795,0.6150334013800698,1644,1644,0.0026504590313937183,0.5029016779165795,0.6150334013800698,3.1286201506181477e-05,0.30794117845660335,0.7581270913984729,45503,0.00010998798824303255,0.19999999999999998,1644,0.013858486518622102,0.187275490480369,0.35655920519059203,-0.1586979317830285,0.004873194547819176,0.06586319308984351,-0.01309738939378667,-0.1770636855016239,-0.031067973335392515,-0.4201044813197587,
basis_momentum_60,9,基差动量,5,0.946214891141765,0.05378510885823495,2.077447232840286e-05,-0.01088140751204814,0.24083931741859008,-0.045181192293182515,0.49573170731707317,-1.1663757846077547,0.24346254467664974,-0.006222866635590742,0.20980385528457537,-0.029660401745955155,0.49634146341463414,-0.7994656250390453,0.42402047116454433,1640,1640,-0.02235021599188896,-1.8804114371092457,0.060052026021197594,-0.0002729461016169023,-0.7578286715612536,0.44855355565560906,45356,-0.001023683807091425,-0.09999999999999999,1640,,,,,,,,,,,0.7147773656773747
basis_momentum_60,9,基差动量,20,0.946214891141765,0.05378510885823495,2.077447232840286e-05,-0.027639181324526477,0.23813158596305284,-0.11606684267753888,0.4566153846153846,-1.6865356335225428,0.09169267771599178,-0.01546775188593783,0.21106703367081417,-0.07328359913401612,0.4683076923076923,-1.1327774986235297,0.25730770302817474,1625,1625,-0.020200902717384443,-0.8290571430004214,0.4070720731607498,-0.001437267628725691,-1.1143507980628913,0.26512872233281437,44887,-0.0050903877170896525,-0.09999999999999999,1625,,,,,,,,,,,
term_structure_momentum_60,45,期限结构动量,1,0.946214891141765,0.05378510885823495,0.0,0.008851621914678713,0.2657902264087726,0.03330303764091515,0.5072992700729927,1.3634177002938634,0.17275090579190266,0.006707797098534901,0.23398222406093735,0.028667977345099304,0.5188564476885644,1.1614343347567286,0.2454653128183728,1644,1644,0.006707797098534901,1.1614343347567286,0.2454653128183728,3.7816472942993326e-05,0.5133354254778715,0.6077167075625234,45503,-1.165411424854526e-05,-0.09999999999999999,1644,-0.0014684183953166975,-0.018440407092314096,0.11595701540957017,-0.15186012333536536,-0.004390535183637869,-0.05513591974804814,-0.0102347687602802,-0.12852402614591565,-0.016079002336922547,-0.20190608779961494,
term_structure_momentum_60,45,期限结构动量,5,0.946214891141765,0.05378510885823495,0.0,0.0038087191162740905,0.27176284655384286,0.014014863196244488,0.5158536585365854,0.319047473969724,0.749690513387101,-0.0018646965218199671,0.227561054227625,-0.008194269129878202,0.5073170731707317,-0.19402485531872063,0.8461564199780423,1640,1640,-0.0023859195407307083,-0.1902347240458578,0.8491252020680154,-4.739252803213281e-05,-0.14593819500911331,0.8839701791056315,45356,-0.0002334321100155123,-0.49999999999999994,1640,,,,,,,,,,,0.8984327682527127
term_structure_momentum_60,45,期限结构动量,20,0.946214891141765,0.05378510885823495,0.0,0.0018763090192769475,0.2708936760493834,0.006926367003616946,0.5150769230769231,0.08427332273640183,0.9328391223062735,0.0017495164604435785,0.22127713192668902,0.00790644946095563,0.5107692307692308,0.10118616613222932,0.9194026781795335,1625,1625,0.0020079043588905523,0.07648365221939986,0.9390343195151529,5.991794879731321e-06,0.003361101620571507,0.9973182339589778,44887,-4.2399084233207525e-05,-0.3,1625,,,,,,,,,,,
value_60,11,价值因子,1,0.9789346850589995,0.0210653149410005,0.0,-0.0007014327284311537,0.2755255951420451,-0.002545798796186378,0.48835820895522386,-0.10562018117746944,0.9158837120505607,0.008622262561023523,0.2803227468634439,0.030758340725106276,0.49791044776119403,1.2812279514010667,0.20011361104000036,1675,1675,0.008622262561023523,1.2812279514010667,0.20011361104000036,-1.765250654624601e-05,-0.18853767136127234,0.8504551875112122,46785,-6.370920246871743e-05,-0.3,1675,-0.008027359511058391,-0.09256815409993986,0.18026865671641792,-0.27780068539227976,-0.01257012966031214,-0.14495602665873525,-0.021655669958819596,-0.24973489155852324,-0.03074121025732707,-0.3545145569450503,
value_60,11,价值因子,5,0.9789346850589995,0.0210653149410005,0.0,-0.0035271517655165343,0.26945439677614497,-0.01308997666290371,0.49371633752244165,-0.30461721896085125,0.7606577040999642,-0.002932441675349716,0.27292834906499785,-0.01074436453888253,0.4865350089766607,-0.2528800591536875,0.8003608992486309,1671,1671,-0.008102235707501924,-0.5631204730959427,0.5733528513436636,-0.0002684789834998481,-0.746219259129736,0.45553497590987935,46509,-0.0008825306613495239,-0.7999999999999999,1671,,,,,,,,,,,0.8984327682527127
value_60,11,价值因子,20,0.9789346850589995,0.0210653149410005,0.0,-0.008917868913181947,0.2638965248594678,-0.03379305171953651,0.48128019323671495,-0.4243695273770063,0.6712963405813339,-0.0026988523344377694,0.26221702056182966,-0.010292437648231883,0.49516908212560384,-0.13262514766462977,0.8944898431459818,1656,1656,-0.018668917378862834,-0.6413658594119793,0.5212850089561214,-0.0009867186003333864,-0.8265478708904621,0.4084933743529666,45941,-0.0021622483764388175,-0.39999999999999997,1656,,,,,,,,,,,
value_120,11,价值因子,1,0.9614841283031411,0.03851587169685888,0.0,0.000334439324100181,0.2749371425132589,0.0012164210373432998,0.4899696048632219,0.05041404578402902,0.9597924437023928,0.007516222880587055,0.2798059967335437,0.026862265170623466,0.5112462006079027,1.118901227937987,0.2631822790678846,1645,1645,0.007516222880587055,1.118901227937987,0.2631822790678846,2.702917891227671e-06,0.02736810572684025,0.978166136658168,45885,-4.129964777014021e-05,-0.09999999999999999,1645,-0.005203755619037679,-0.06053901577827373,0.12959473150962514,-0.28422218330112503,-0.008469542853080238,-0.09852700902642576,-0.015001117321165346,-0.1744894352217863,-0.02153269178925045,-0.25043172568344174,
value_120,11,价值因子,5,0.9614841283031411,0.03851587169685888,0.0,0.0008709480495942164,0.2682701477520557,0.003246533603877446,0.4996953077391834,0.07444482463372414,0.9406564428300357,0.00509977762055533,0.27172305037235567,0.018768292250388216,0.5015234613040829,0.4378094781878056,0.661524399586605,1641,1641,-0.0017706393970463102,-0.1259510826513679,0.899770646495162,-0.00018192789313269174,-0.4860026722220072,0.6269652713179508,45609,-0.001012351380847308,-0.09999999999999999,1641,,,,,,,,,,,0.8513795044130016
value_120,11,价值因子,20,0.9614841283031411,0.03851587169685888,0.0,-0.00047439123483292324,0.25930292146366213,-0.0018294866565913446,0.5129151291512916,-0.02169221299508967,0.9826934754424729,0.007167808142692086,0.25311528352271956,0.028318353767241816,0.5264452644526445,0.3438825186507322,0.7309346391173008,1626,1626,-0.02123545205980975,-0.8379465508283184,0.40206072278887595,-0.0008328130440458264,-0.5972021024416111,0.5503724556815447,45041,-0.0029682269120821004,-0.3,1626,,,,,,,,,,,
value_252,11,价值因子,1,0.9220957287684893,0.07790427123151067,0.0,-2.503930034837984e-06,0.28324476000949333,-8.840163661824004e-06,0.4914502849905003,-0.00035395433011343216,0.9997175853106701,0.0038664159174484803,0.28887603074384266,0.013384343129793894,0.499683343888537,0.5400429983161086,0.5891673795888108,1579,1579,0.0038664159174484803,0.5400429983161086,0.5891673795888108,4.401182571546789e-05,0.3644570135490303,0.7155167678679715,43914,-5.3976092170077214e-05,0.09999999999999999,1579,-0.006800987613429737,-0.07284734232587425,0.09663289001477729,-0.3206586947676495,-0.009236136441802135,-0.09893191423785569,-0.014106434098546903,-0.15110179900342505,-0.018976731755291684,-0.20327172265549298,
value_252,11,价值因子,5,0.9220957287684893,0.07790427123151067,0.0,0.0006424065900315711,0.2813033061711454,0.0022836794873670268,0.5117460317460317,0.050813093174987355,0.95947445751111,0.004341426521012302,0.2811820692521332,0.015439912411766865,0.5034920634920635,0.35132240319521457,0.7253464895055859,1575,1575,0.004418479547458839,0.29288192713326383,0.7696124034786546,-5.0725764350230624e-05,-0.11451237379049031,0.9088316380560799,43652,-0.000687846632426878,-0.19999999999999998,1575,,,,,,,,,,,0.8878059457902936
value_252,11,价值因子,20,0.9220957287684893,0.07790427123151067,0.0,-0.0013016430026685346,0.2734000138197063,-0.004760947099025764,0.49551282051282053,-0.053015600873126095,0.9577194774949245,-0.003701397727922926,0.265387123974205,-0.013947163948627338,0.5012820512820513,-0.15750587618545586,0.8748461771714615,1560,1560,-0.0034217073059376493,-0.10567069923055279,0.9158436287851041,-0.0006585467552923958,-0.40421399793996515,0.686055361123287,43110,-0.003051706416539547,-0.3,1560,,,,,,,,,,,
reversal_5,12,短期反转,1,0.9968838291507396,0.0031161708492604134,0.007977397374106698,0.01711784198920724,0.31637086488760596,0.05410688495379791,0.5155974102413184,2.3381255936071716,0.019380733899938433,0.028227225438221502,0.2902006666681414,0.09726795517841007,0.5291347851677457,4.1864466115966446,2.83355544021403e-05,1699,1699,0.028227225438221502,4.1864466115966446,2.83355544021403e-05,0.00016603444745274263,1.706468296149317,0.08792092424941493,47496,0.00046011244831889426,0.9999999999999999,1699,0.05797416848818068,0.5922912223417747,0.35978026289974496,-0.11599971109768559,0.048907705863107095,0.49967191622153706,0.030774780612959955,0.3144200627209829,0.012641855362812825,0.12915926557953017,
reversal_5,12,短期反转,5,0.9968838291507396,0.0031161708492604134,0.007977397374106698,0.016709393924871817,0.29695611458066745,0.056268900030791415,0.5209439528023598,1.4777763600617422,0.13946764786616705,0.018124215690602317,0.27228121160510554,0.06656432731351365,0.5185840707964602,1.780206328157404,0.07504220014868178,1695,1695,0.022555902900336735,1.507228601529473,0.13175207140320525,0.00041131255324242913,1.2803844930272215,0.2004099449605211,47214,0.0009570139223278168,0.9999999999999999,1695,,,,,,,,,,,0.3772335467695011
reversal_5,12,短期反转,20,0.9968838291507396,0.0031161708492604134,0.007977397374106698,-0.011134456952350737,0.3161998703853983,-0.035213350779617875,0.48392857142857143,-0.6766664073492354,0.498617634788144,-0.004778537596090169,0.2884586061750273,-0.016565765395090026,0.48392857142857143,-0.32996919449900364,0.7414232389152375,1680,1680,0.005753243084404693,0.15660794658944988,0.87555383935804,-0.0010071007825273915,-1.2532605116883835,0.21011091435151663,46646,-0.0024308757065478323,-0.7,1680,,,,,,,,,,,
oi_growth_5,18,持仓量增长,1,0.9886779125810204,0.011322087418979554,0.0004985873358816686,-0.018562277406102567,0.23473463341083703,-0.07907771058910815,0.46674514420247204,-3.269552144118016,0.0010771788164090637,-0.020572025312161648,0.22226860158196027,-0.0925547970597,0.4585050029429076,-3.859876374832033,0.00011344440282315856,1699,1699,-0.020572025312161648,-3.859876374832033,0.00011344440282315856,-0.00024222769237705323,-3.359610554433256,0.0007805241498892378,47453,-0.0006527380266394215,-0.8999999999999998,1699,-0.08224499135656713,-1.1778093448648168,0.34353541298803214,-0.46064538818007705,-0.09090208376386552,-1.3019201696660614,-0.10821626857846237,-1.5501837429468746,-0.12553045339305918,-1.7984844095274541,
oi_growth_5,18,持仓量增长,5,0.9886779125810204,0.011322087418979554,0.0004985873358816686,-0.024094138366160357,0.23327747776496208,-0.10328531754118296,0.4584070796460177,-2.757841747509947,0.005818435845342078,-0.02709094043424223,0.21719670481555803,-0.12472997901716637,0.4424778761061947,-3.3734596007095097,0.0007422993827522186,1695,1695,-0.025794083106632944,-2.1942184329344965,0.028219710033659706,-0.00043207366196915207,-1.4309645772331951,0.1524403675146676,47197,-0.0009978093428905255,-0.8999999999999998,1695,,,,,,,,,,,0.010948915895595223
oi_growth_5,18,持仓量增长,20,0.9886779125810204,0.011322087418979554,0.0004985873358816686,-0.013877346534425605,0.22943302187968262,-0.060485393169354015,0.4797619047619048,-1.294501438704708,0.19549227266103786,-0.015747819446651483,0.221657853306571,-0.07104561923583622,0.4785714285714286,-1.4740888756463226,0.14045766331022974,1680,1680,-0.005255347482822452,-0.24126411559057123,0.8093504210952579,-2.399487225334155e-05,-0.043893671401004065,0.9649891599311167,46640,0.00022290199856063578,0.09999999999999999,1680,,,,,,,,,,,
reversal_20,12,短期反转,1,0.9875353166029582,0.012464683397041765,0.0074580355658966264,2.4647179600204696e-05,0.33238331488420714,7.415287860881666e-05,0.4916864608076009,0.0030446040825347653,0.9975707611618064,0.009999319462280084,0.30279821292476916,0.03302304648926193,0.5083135391923991,1.3595959443708532,0.1739578222629895,1684,1684,0.009999319462280084,1.3595959443708532,0.1739578222629895,-1.463969286169815e-05,-0.11518315506164414,0.908299950118492,47055,-0.00021653172730504998,-0.3,1684,-0.027282997640436315,-0.2606731952203022,0.18570863024544737,-0.2982561640121789,-0.03196285512262158,-0.30541128759413977,-0.04132257008699214,-0.3949064087504464,-0.050682285051362685,-0.4844246394473713,
reversal_20,12,短期反转,5,0.9875353166029582,0.012464683397041765,0.0074580355658966264,-0.0038990467840680967,0.3305511897942304,-0.01179559143772942,0.475,-0.27223919665352275,0.7854381049988755,0.002611106339746731,0.3050102251304153,0.008560717394409589,0.48392857142857143,0.19954072139903337,0.8418397926895463,1680,1680,0.006530607879328679,0.4012500571159672,0.6882360297515954,-0.0002509382251845473,-0.5995445380336621,0.5488098192347464,46779,-0.0010687902289121566,0.0,1680,,,,,,,,,,,0.8984327682527127
reversal_20,12,短期反转,20,0.9875353166029582,0.012464683397041765,0.0074580355658966264,-0.009972038361011924,0.32266951406106215,-0.030904804843524234,0.4804804804804805,-0.4100065956939533,0.6818011091920011,0.002437332658248742,0.2810834603839652,0.008671206249273082,0.5033033033033033,0.11912335572872434,0.9051776272951914,1665,1665,0.010950980736456669,0.43477626006329134,0.6637248382795184,-0.0007369465693412733,-0.5789708030789633,0.562608873986638,46211,-0.002337641272256182,-0.7,1665,,,,,,,,,,,
oi_growth_20,18,持仓量增长,1,0.9789554595313279,0.0210445404686721,0.0005193618082100714,-0.008573728719350648,0.24172250180351618,-0.03546930325220526,0.47980997624703087,-1.4666067900172057,0.14248305186974197,-0.009052475029418198,0.22873079784752517,-0.03957698357460674,0.48752969121140144,-1.6414349394381063,0.1007071620841577,1684,1684,-0.009052475029418198,-1.6414349394381063,0.1007071620841577,-0.0001021881748465578,-1.3295154888557064,0.18367795919622676,46980,-0.0002623050258026156,-0.7999999999999999,1684,-0.033050433251129566,-0.461430443708121,0.20050475059382422,-0.29905895987323705,-0.03810315296609394,-0.5319641818009254,-0.04820859239602268,-0.6730145224959522,-0.05831403182595142,-0.8140352313427627,
oi_growth_20,18,持仓量增长,5,0.9789554595313279,0.0210445404686721,0.0005193618082100714,-0.005966808481047041,0.23378984478109374,-0.025522102923820275,0.4988095238095238,-0.6133286786037371,0.5396590343132083,-0.0117612132395622,0.21870422411427584,-0.053776799635185876,0.46964285714285714,-1.3103592404782975,0.1900743354580431,1680,1680,-0.008971541605718471,-0.7835798743269734,0.43328666878515965,6.562142770469837e-05,0.18659771661327296,0.8519760571821562,46734,0.0002735818098092234,-0.09999999999999999,1680,,,,,,,,,,,0.5304008472120081
oi_growth_20,18,持仓量增长,20,0.9789554595313279,0.0210445404686721,0.0005193618082100714,0.015706493485470322,0.22845230765233626,0.06875173924429255,0.5153153153153153,0.9879696517981762,0.3231675114055993,0.015665878291758903,0.22372764196006162,0.0700220954125797,0.527927927927928,1.0268593653915103,0.3044866906333674,1665,1665,0.015829011258059415,0.6464379383864045,0.5179957773608039,0.0016674782784342423,1.5105166584133969,0.1309116419859583,46177,0.005322288646234437,0.8999999999999998,1665,,,,,,,,,,,
price_oi_20,19,价格—持仓量交互,1,0.9789554595313279,0.0210445404686721,0.00014542130629882,-0.0032705331137242544,0.27950556065931625,-0.011701137916574912,0.5,-0.48230758640907495,0.629587458823988,-0.005894068259101675,0.23771137927359448,-0.024795061461142263,0.48871733966745845,-1.0219883877052027,0.3067863965000396,1684,1684,-0.005894068259101675,-1.0219883877052027,0.3067863965000396,-3.1982938247589986e-05,-0.4475150510720714,0.6545032230911192,46980,4.17121234306715e-06,-0.19999999999999998,1684,0.0005255727552264442,0.0065353465185542465,0.2494358669833729,-0.23037151101945985,-0.005760211092754555,-0.07162981024628533,-0.018331778788716543,-0.22797746614030592,-0.030903346484678552,-0.3843394375691566,
price_oi_20,19,价格—持仓量交互,5,0.9789554595313279,0.0210445404686721,0.00014542130629882,-0.008872546379619957,0.2716281603442684,-0.03266430979900857,0.4880952380952381,-0.8073160498239434,0.4194844194780093,-0.014184643369531338,0.2314713764971087,-0.06128033445944673,0.475,-1.5442909237396154,0.12251787036319262,1680,1680,-0.011778696552254473,-0.9338751180878161,0.35036831514664846,-0.00014197636128562662,-0.5143056773035184,0.6070382930402896,46734,-0.0007706860037155424,-0.6,1680,,,,,,,,,,,0.5163253108163117
price_oi_20,19,价格—持仓量交互,20,0.9789554595313279,0.0210445404686721,0.00014542130629882,-0.02877334986003245,0.2701721037399387,-0.10650007703137626,0.436036036036036,-1.6037311806143177,0.10877331979770195,-0.03742609361593418,0.22937643109069394,-0.16316451275299573,0.42042042042042044,-2.59541565239024,0.009447658873792286,1665,1665,-0.04528483221435709,-1.9561111034110532,0.050452067443961884,-0.0011140139087847019,-0.7943688925125785,0.4269807082069713,46177,-0.0048852875207100075,-0.8999999999999998,1665,,,,,,,,,,,
volume_shock_20,21,成交量冲击,1,0.9862265248462689,0.013773475153731063,0.00018697025095562573,-0.016070365894242537,0.23373119541650916,-0.06875575964776603,0.46635182998819363,-2.8711722110543296,0.004089526676114573,-0.01761513231933314,0.2310609752125885,-0.07623586069922136,0.46989374262101535,-3.2134901075683047,0.001311323151331752,1694,1694,-0.01761513231933314,-3.2134901075683047,0.001311323151331752,-0.00018818441928706239,-2.348305522911637,0.018859044804968472,47322,-0.0006195007736466898,-0.8999999999999998,1694,-0.07805709747948292,-1.0729880804917349,0.5787878787878789,-0.47069286243588193,-0.09264255202493744,-1.2734080984919665,-0.12181346111584655,-1.6741251824083592,-0.15098437020675562,-2.074636448894903,
volume_shock_20,21,成交量冲击,5,0.9862265248462689,0.013773475153731063,0.00018697025095562573,-0.01425699667698091,0.2299271355226813,-0.06200658588892184,0.47159763313609465,-1.8909998835614978,0.05862435977190304,-0.019862637077339807,0.22916001726844407,-0.08667584037608181,0.45680473372781066,-2.702842012372639,0.006874941513503524,1690,1690,-0.019524409331789,-1.55736028704976,0.1193849693064222,-0.000262201912840582,-0.8798349263506123,0.37894874105711096,47055,-0.0008903571389552837,-0.8999999999999998,1690,,,,,,,,,,,0.05242556163676328
volume_shock_20,21,成交量冲击,20,0.9862265248462689,0.013773475153731063,0.00018697025095562573,-0.005265438563423368,0.23453998144436825,-0.022450068133361326,0.48955223880597015,-0.5068559755025686,0.6122558775254776,-0.012066822678646762,0.23404697293408372,-0.05155726872846685,0.4853731343283582,-1.1903930301970447,0.23389195118868,1675,1675,-0.04319470597438181,-1.6073637008305357,0.10797460799483105,-1.1299738618448476e-05,-0.01522079008115455,0.9878560354965055,46491,-0.00024146139198350273,-0.3,1675,,,,,,,,,,,
oi_surprise_20,52,持仓意外,1,0.9841490776134286,0.015850922386571376,0.00014542130629882,-0.013384535927604085,0.21081803786757491,-0.06348857082149471,0.4737152982870644,-2.624419256305739,0.008679686972295436,-0.015197010933569908,0.21651497035817335,-0.07018919249985352,0.46367395156526875,-2.919433394778405,0.0035066832158295617,1693,1693,-0.015197010933569908,-2.919433394778405,0.0035066832158295617,-0.00018279465034097116,-2.3660365684499562,0.017979668397247177,47247,-0.0007621640579899311,-0.7,1693,-0.09603267130673133,-1.3969076252228247,0.747942508367789,-0.49318200808588364,-0.11488082251759958,-1.6710709100843746,-0.15257712493933612,-2.219332725996711,-0.19027342736107272,-2.767459069992182,
oi_surprise_20,52,持仓意外,5,0.9841490776134286,0.015850922386571376,0.00014542130629882,-0.015015296227526677,0.21131430401878226,-0.07105669584105424,0.4659561870929544,-2.9042370678357585,0.0036814928240048567,-0.015188718271045785,0.21338220139445005,-0.0711808115756033,0.4706927175843694,-2.8331210125360426,0.004609593193661696,1689,1689,-0.007564912206427103,-0.6810612016287149,0.4958327655971916,-0.00044066015299334683,-2.8225404827600244,0.004764480638597684,47006,-0.0013312085473407467,-0.8999999999999998,1689,,,,,,,,,,,0.045327666404340015
oi_surprise_20,52,持仓意外,20,0.9841490776134286,0.015850922386571376,0.00014542130629882,-0.0211555170355174,0.21505899421493518,-0.0983707615333403,0.46714456391875747,-3.704442407294909,0.00021185623324032458,-0.017953871419510263,0.21754089786681668,-0.08253101644593752,0.468936678614098,-3.1291332261841562,0.00175322797077386,1674,1674,-0.00766276717849894,-0.3063947426707865,0.7593041107495145,-0.001015672534259241,-3.2515557515469764,0.0011477526320001132,46456,-0.002607356112495243,-0.8999999999999998,1674,,,,,,,,,,,
volume_shock_60,21,成交量冲击,1,0.9733671264749876,0.026632873525012424,0.00018697025095562573,-0.013830922660336833,0.23728815467840308,-0.058287455094764,0.4838709677419355,-2.401525659809474,0.016326863956685915,-0.0127427513788963,0.23098466879713908,-0.055167087258451535,0.4838709677419355,-2.2950411423300063,0.021730766596930098,1674,1674,-0.0127427513788963,-2.2950411423300063,0.021730766596930098,-0.00016604204490731754,-1.9439726113313878,0.05189875398555544,46704,-0.0003456788388367815,-0.7,1674,-0.043555533693434456,-0.5911460402369575,0.474352847471127,-0.34088801575075256,-0.05550922544970685,-0.7533194606046114,-0.07941660896225168,-1.0775529119980916,-0.10332399247479648,-1.401605647702039,
volume_shock_60,21,成交量冲击,5,0.9733671264749876,0.026632873525012424,0.00018697025095562573,-0.007255361049348429,0.2364242028517512,-0.030687894732578935,0.48862275449101794,-0.8167068214170186,0.4140959921226528,-0.011120605956491472,0.23242166649128343,-0.047846683677868436,0.48562874251497007,-1.2993088591216102,0.19383795527889913,1670,1670,-0.013668827680970247,-1.0466705485900987,0.29525155158705885,-0.00011777743911871163,-0.35651347240438197,0.7214560645251439,46442,-0.0001374945398068232,-0.49999999999999994,1670,,,,,,,,,,,0.5304008472120081
volume_shock_60,21,成交量冲击,20,0.9733671264749876,0.026632873525012424,0.00018697025095562573,0.011497005207705382,0.24325488777486326,0.04726320327156618,0.5069486404833837,0.743636540417123,0.4570963907271811,0.004159749735310358,0.2394166739641794,0.017374519771052886,0.5057401812688822,0.27758676038941266,0.7813295965544877,1655,1655,0.0027833116949538147,0.10424045171151712,0.9169785329897489,0.0007037482302564883,0.7026361410868733,0.4822825335190356,45878,0.0024352006107805605,0.7,1655,,,,,,,,,,,
oi_surprise_60,52,持仓意外,1,0.9715597473824165,0.02844025261758354,4.154894465680572e-05,-0.01765584992012198,0.21421172238110414,-0.08242242639135523,0.4656306037059175,-3.387050931580978,0.0007064827103712197,-0.02010711743856162,0.21980690730758703,-0.09147627654132225,0.45905558876270175,-3.7824351174408837,0.00015530158160414705,1673,1673,-0.02010711743856162,-3.7824351174408837,0.00015530158160414705,-0.00023355892466071413,-2.950880571011362,0.0031686941281928215,46640,-0.0007230902406395898,-0.9999999999999999,1673,-0.09110937032058833,-1.3190264481109149,0.7382446702530384,-0.47490408491819347,-0.10971313601096488,-1.5883513140104089,-0.146920667391718,-2.1269316579996365,-0.18412819877247114,-2.6653688624369956,
oi_surprise_60,52,持仓意外,5,0.9715597473824165,0.02844025261758354,4.154894465680572e-05,-0.019667280965107687,0.2127318645608845,-0.09245103457210968,0.46075494307968845,-3.6585034562000853,0.00025369232034205065,-0.020704353911938932,0.21360499747871106,-0.09692822806733457,0.451168364289994,-3.7731154397126687,0.00016122164393449722,1669,1669,-0.012136397546800327,-1.0916715524698428,0.2749774933591673,-0.00055178240517638,-3.6342997654358276,0.0002787366344070845,46401,-0.0014073515664502745,-0.8999999999999998,1669,,,,,,,,,,,0.0031706923307117784
oi_surprise_60,52,持仓意外,20,0.9715597473824165,0.02844025261758354,4.154894465680572e-05,-0.01641233021730845,0.21521601688615097,-0.07625979913005523,0.4528415961305925,-2.816863272322451,0.004849516572044523,-0.013977469093189502,0.2181222962835434,-0.06408088183254677,0.4800483675937122,-2.2907758306423065,0.021976382205864134,1654,1654,0.004828464931122496,0.18202924801134307,0.8555597727420633,-0.0007364683882602161,-2.1833280428771715,0.029011660834318366,45844,-0.001014623494042888,-0.7999999999999999,1654,,,,,,,,,,,
amihud_20,22,Amihud非流动性,1,0.9844606946983546,0.015539305301645379,0.0011218215057337544,0.021090502509275005,0.25654964371578337,0.08220827050783186,0.5159386068476978,3.302143894209918,0.0009594883452030439,0.004567180280263936,0.20788997084047786,0.02196921891806177,0.5082644628099173,0.8928983324275338,0.3719116202209676,1694,1694,0.004567180280263936,0.8928983324275338,0.3719116202209676,0.00030244986591743345,1.526149512372867,0.1269726337193367,47254,0.0003504267461450754,0.09999999999999999,1694,0.04415377001427948,0.6274867703481282,0.049763872491145215,-0.1644442770813842,0.04289972042750263,0.6097064257893314,0.0403916212539489,0.5741352885151272,0.03788352208039518,0.5385508742190152,
amihud_20,22,Amihud非流动性,5,0.9844606946983546,0.015539305301645379,0.0011218215057337544,0.03295797784537272,0.251902740039013,0.1308361228634052,0.5236686390532544,2.960555407391399,0.0030708487939895062,0.010090043477660226,0.2064013423223045,0.04888555163514485,0.5136094674556213,1.1432407378905267,0.25293865252757397,1690,1690,0.004409071806574621,0.4255107035275167,0.6704644205894916,0.0010353775028391014,1.8072065598158797,0.07073007852138885,47032,0.0009318269855148131,0.09999999999999999,1690,,,,,,,,,,,0.567457679464019
amihud_20,22,Amihud非流动性,20,0.9844606946983546,0.015539305301645379,0.0011218215057337544,0.038517849328741936,0.21751150590323695,0.17708419225361413,0.5528358208955224,2.196525323430807,0.028054364662676252,0.013969121806938283,0.18983860443404546,0.07358419984482921,0.5295522388059701,0.9184222756537407,0.3583978330593328,1675,1675,0.020751775121312703,1.0826445568716492,0.27896622200804677,0.0022071292056273883,1.4474927970599665,0.1477589523597647,46481,0.002905126891734984,0.09999999999999999,1675,,,,,,,,,,,
volume_oi_turnover,23,成交量—持仓量换手率,1,0.9933106199102543,0.006689380089745733,0.0005609107528668772,-0.0032817228033748713,0.27327765292106326,-0.01200874922737573,0.5017605633802817,-0.5061022693922108,0.6127848575112081,-0.00361975051307185,0.27566014260325905,-0.013131207431324367,0.4964788732394366,-0.5527121320027382,0.5804605445744988,1704,1704,-0.00361975051307185,-0.5527121320027382,0.5804605445744988,-0.00010342628436588636,-1.2741274621674645,0.20261824726034017,47642,-0.0004253540141998575,-0.8999999999999998,1704,-0.05359460578918203,-0.6624784854235317,0.2687793427230047,-0.34982211634981963,-0.060367845225801756,-0.7462430338208338,-0.0739143240990412,-0.9137858262209155,-0.08746080297228064,-1.0813383295259151,
volume_oi_turnover,23,成交量—持仓量换手率,5,0.9933106199102543,0.006689380089745733,0.0005609107528668772,-0.009153315925366893,0.277290995457474,-0.03300978421699477,0.4976470588235294,-0.7815979226615869,0.43445090811816656,-0.003914779659332433,0.27868368191871,-0.014047394638895094,0.48470588235294115,-0.33539072743065157,0.7373303617580405,1700,1700,-0.005752818796723789,-0.39261598944490317,0.6946031281348634,-0.00034608132363336656,-0.9549736043559329,0.3395910455104393,47359,-0.0007332578081098672,-0.09999999999999999,1700,,,,,,,,,,,0.8878059457902936
volume_oi_turnover,23,成交量—持仓量换手率,20,0.9933106199102543,0.006689380089745733,0.0005609107528668772,-0.016943638283407926,0.2744729590469178,-0.06173153939186999,0.47477744807121663,-0.751443538273399,0.4523857687011573,0.0016245414817253633,0.2718219965758059,0.005976490137626923,0.4919881305637982,0.07422390178058358,0.9408322274343336,1685,1685,0.011858797196754405,0.4177405529634956,0.6761368190404766,-0.0013492955462448414,-1.0055631974188917,0.3146257347961485,46791,-0.0015735838520748158,0.0,1685,,,,,,,,,,,
low_vol_20,25,低波动,1,0.9844606946983546,0.015539305301645379,0.49015290011633705,-0.01740858211920365,0.3382426692729402,-0.05146772923896256,0.4817001180637544,-2.1544627439885047,0.031203900637603154,-0.015157826698498906,0.3356509607706443,-0.04515949146606642,0.4852420306965762,-1.9124841657968599,0.05581412166925671,1694,1694,-0.015157826698498906,-1.9124841657968599,0.05581412166925671,-0.0001693480208832492,-1.1601288638335696,0.24599634404499704,47254,-0.0004215806012333129,-0.8999999999999998,1694,-0.05311915575539741,-0.4691250289758973,0.07945690672963401,-0.37080573669394423,-0.0551214698049842,-0.4867935239565685,-0.05912609790415775,-0.5221254531491063,-0.0631307260033313,-0.5574502345125727,
low_vol_20,25,低波动,5,0.9844606946983546,0.015539305301645379,0.49015290011633705,-0.023258038344777052,0.3464139290535945,-0.06713944329062688,0.47159763313609465,-1.537169529381293,0.12425179996358629,-0.016378454709322015,0.3408173836060774,-0.048056394706241026,0.4887573964497041,-1.1046715171658152,0.2693019495761446,1690,1690,-0.012761133839682656,-0.7181956259036067,0.47263667459753167,-0.0006752390138415948,-1.128841776322551,0.25896458587213245,47032,-0.0017633202164685686,-0.9999999999999999,1690,,,,,,,,,,,0.567457679464019
low_vol_20,25,低波动,20,0.9844606946983546,0.015539305301645379,0.49015290011633705,-0.039065730212215356,0.329650897613117,-0.11850636687197331,0.4513432835820895,-1.3842251216103996,0.1662895334160257,-0.02655593059487934,0.3184021903205055,-0.08340373088560724,0.45671641791044776,-0.9882327208752207,0.32303868660863977,1675,1675,-0.04234533515639506,-1.283141029723768,0.19944267143693462,-0.0020119543880016038,-0.8687228824466997,0.38499872241177147,46481,-0.005183473237435959,-0.8999999999999998,1675,,,,,,,,,,,
low_vol_60,25,低波动,1,0.9716843942163869,0.02831560578361314,0.7126474987535316,-0.014603006049980037,0.34506705018530504,-0.04231932907572036,0.496415770609319,-1.7692268608805313,0.07685602331893866,-0.012997305810830057,0.34201885403509735,-0.03800172317253685,0.4910394265232975,-1.604462612341045,0.10861211926436132,1674,1674,-0.012997305810830057,-1.604462612341045,0.10861211926436132,-0.00012558216870049732,-0.8394929635287212,0.4011927361313663,46610,-0.0005061265900020801,-0.6,1674,-0.0637719503402621,-0.5470665975095349,0.03011748307447232,-0.41840675992538234,-0.0645309109137388,-0.5535878465349688,-0.0660488320606922,-0.5666303142778583,-0.0675667532076456,-0.5796726821381881,
low_vol_60,25,低波动,5,0.9716843942163869,0.02831560578361314,0.7126474987535316,-0.019007161394563266,0.35408344662930286,-0.05367989262277558,0.47664670658682634,-1.2219514460463194,0.22172598877778527,-0.015503159302943496,0.34574187631811876,-0.0448402706320682,0.48562874251497007,-1.0250864784627598,0.30532238500832765,1670,1670,-0.014636964707735291,-0.793860086027404,0.42727688824034815,-0.0005291565537991391,-0.8441127858670314,0.3986063835905015,46399,-0.0019445747354357686,-0.8999999999999998,1670,,,,,,,,,,,0.5692321824813693
low_vol_60,25,低波动,20,0.9716843942163869,0.02831560578361314,0.7126474987535316,-0.03352728008424305,0.34585388339127365,-0.09694059166111126,0.454380664652568,-1.1054956685738244,0.26894487022092217,-0.0258837979774166,0.3363934950288249,-0.07694500149355941,0.44954682779456195,-0.885421251767839,0.37592947459084525,1655,1655,-0.03458185122256312,-0.9360435550635647,0.3492507629414,-0.0018617463322087534,-0.7542077582272285,0.45072447977617214,45858,-0.006420977745767906,-0.8999999999999998,1655,,,,,,,,,,,
realized_skew_60,26,已实现偏度,1,0.9716843942163869,0.02831560578361314,0.0011010470334053516,-0.007433526435101497,0.22065644560453096,-0.03368823609360658,0.4886499402628435,-1.403174979919828,0.160564666596831,-0.007407997737016063,0.22149717502670488,-0.03344511159622201,0.4958183990442055,-1.3970557150829126,0.16239681746986623,1674,1674,-0.007407997737016063,-1.3970557150829126,0.16239681746986623,-5.8002886508864545e-05,-0.7488622920583121,0.4539402099247496,46610,-0.00015354932154249587,-0.7,1674,-0.019347214514354474,-0.2870103965635694,0.08431899641577062,-0.23769806109810276,-0.021472053224031902,-0.3185334823740083,-0.025721730643386734,-0.3815759284920138,-0.029971408062741584,-0.4446107962769452,
realized_skew_60,26,已实现偏度,5,0.9716843942163869,0.02831560578361314,0.0011010470334053516,-0.020996336400109214,0.21611706286719545,-0.09715260850556498,0.4532934131736527,-2.2456574549311745,0.02472595727900341,-0.0251697257166208,0.21816630331583542,-0.11536944676641032,0.4431137724550898,-2.69171573027209,0.007108550730408581,1670,1670,-0.020280813201956453,-1.7156196143919136,0.08623168613989408,-0.0003061898425162681,-0.9048579866286821,0.36554062708793333,46399,-0.0011654050686183593,-0.7999999999999999,1670,,,,,,,,,,,0.05242556163676328
realized_skew_60,26,已实现偏度,20,0.9716843942163869,0.02831560578361314,0.0011010470334053516,-0.03346028639668105,0.22338150886814553,-0.14978986652127732,0.44833836858006043,-1.796261983044695,0.07245286104049678,-0.03603342325327479,0.22081507309708515,-0.1631837118176805,0.44833836858006043,-2.0150678305382836,0.04389754235884483,1655,1655,-0.04099914937204028,-1.8225343846113422,0.06837394137310161,-0.0012253910418795675,-1.124149827686923,0.26094946988699697,45858,-0.00399024679630027,-0.7,1655,,,,,,,,,,,
realized_skew_120,26,已实现偏度,1,0.9536313777630048,0.04636862223699523,0.0012464683397041716,-0.01007318802038985,0.21672174999781785,-0.046479820417153685,0.4835766423357664,-1.9173095273675775,0.0551986202718334,-0.013298635390518999,0.22235968061665973,-0.05980686495698552,0.48175182481751827,-2.487323581058354,0.012870827229554354,1644,1644,-0.013298635390518999,-2.487323581058354,0.012870827229554354,-0.00010855468689472897,-1.3332658992669697,0.18244456017868438,45712,-0.00022899548676323672,-0.8999999999999998,1644,-0.028853431332167823,-0.4311605181900133,0.058414436334144365,-0.262409762405181,-0.03032547512778826,-0.4531612395341349,-0.03326956271902914,-0.49715886142982196,-0.03621365031027002,-0.5411499366758833,
realized_skew_120,26,已实现偏度,5,0.9536313777630048,0.04636862223699523,0.0012464683397041716,-0.024817106835420745,0.2138136967655888,-0.11606883567720444,0.44878048780487806,-2.645572184630287,0.008155288493307085,-0.02950821327793031,0.2201839908560756,-0.13401616149840115,0.43902439024390244,-3.1042487734597017,0.0019076285768138805,1640,1640,-0.02424638429237035,-2.034449648617056,0.041906280376282495,-0.0005710337882673,-1.4450135535713078,0.14845407865659263,45489,-0.0013697303772059392,-0.8999999999999998,1640,,,,,,,,,,,0.02251001720640379
realized_skew_120,26,已实现偏度,20,0.9536313777630048,0.04636862223699523,0.0012464683397041716,-0.045446085828541774,0.21471953182212283,-0.21165324571492664,0.4270769230769231,-2.4300144559206927,0.015098220626106475,-0.04241784739166789,0.21986082771024726,-0.1929304452886442,0.41292307692307695,-2.2624178164514324,0.023671601185684586,1625,1625,-0.04216854755976816,-1.7522752694488664,0.0797264863621327,-0.002752400646562158,-1.681682523144428,0.09263041876987949,44931,-0.006347260022577719,-0.9999999999999999,1625,,,,,,,,,,,
seasonality_3y_month,27,季节性,1,0.5495263420309124,0.45047365796908756,0.5224156556423467,0.00549479547589482,0.26555440778666234,0.020691787877643357,0.5164609053497943,0.6674554946664781,0.504481228577984,0.010473206316095652,0.26087456062712894,0.040146522109777996,0.5267489711934157,1.3114196422041513,0.18971602628725226,972,972,0.010473206316095652,1.3114196422041513,0.18971602628725226,0.00012333514735084168,0.8755248614284603,0.38128838893533623,26307,0.00048184674013924185,0.3,972,0.06071268925754446,0.7954301022858425,0.037157064471879296,-0.06982988823354419,0.0597763312328531,0.7831813453526314,0.05790361518347039,0.7586543038904923,0.05603089913408766,0.7340908816878203,
seasonality_3y_month,27,季节性,5,0.5495263420309124,0.45047365796908756,0.5224156556423467,0.021606804756789652,0.26785732754462194,0.08066534880659633,0.5568181818181818,1.4163330346423841,0.15667802015984086,0.02875627507288949,0.2568723814853103,0.11194771079168732,0.5723140495867769,1.996057652566869,0.04592764776952919,968,968,0.028151513533667818,1.5476117819990947,0.12171579302592642,0.0006982511679932921,1.2238836438743599,0.22099612459303297,26191,0.002661364426987304,0.09999999999999999,968,,,,,,,,,,,0.2709731218402222
seasonality_3y_month,27,季节性,20,0.5495263420309124,0.45047365796908756,0.5224156556423467,0.04414580279646142,0.26768021034597694,0.16491993464665516,0.5844700944386149,1.562472723622709,0.11817666669832753,0.050009441254873103,0.2490966095242709,0.20076323539843444,0.5729275970619098,1.8918974055185784,0.058504651546001964,953,953,0.047266667719253926,1.2663510024657034,0.2053874446383822,0.0022882953811087085,1.3747286450362033,0.16921558709333884,25756,0.009946651043213987,0.3,953,,,,,,,,,,,
idiosyncratic_vol_60,43,特质波动,1,0.9716843942163869,0.02831560578361314,0.0007271065314941001,0.008260959718134992,0.29154185919313297,0.028335415507734996,0.516726403823178,1.185253810930203,0.2359171098214663,0.00819499445916607,0.26435690964946157,0.030999736190110063,0.5197132616487455,1.319453614396563,0.1870175077709928,1674,1674,0.00819499445916607,1.319453614396563,0.1870175077709928,6.603755149005565e-05,0.46602886033839397,0.6411948427699694,46610,0.00010321406323633318,0.7999999999999999,1674,0.01300497196777798,0.14550386002471932,0.040631222620469934,-0.1788763763916733,0.011981065157742133,0.1340477927720542,0.009933251537670449,0.11113546728695825,0.007885437917598765,0.0882231116353386,
idiosyncratic_vol_60,43,特质波动,5,0.9716843942163869,0.02831560578361314,0.0007271065314941001,0.005050867088114066,0.2898013235224857,0.017428723329216158,0.5155688622754491,0.39992267372469814,0.68921347157662,0.003115186016546811,0.2578966034709421,0.012079205288555913,0.5251497005988024,0.280690164662911,0.7789480530747086,1670,1670,0.0014319909850872385,0.10389314820461176,0.9172541446233853,0.00020065634176080326,0.3546483110828403,0.7228530786405187,46399,0.00036341760137945827,0.6,1670,,,,,,,,,,,0.8984327682527127
idiosyncratic_vol_60,43,特质波动,20,0.9716843942163869,0.02831560578361314,0.0007271065314941001,0.014672485175097935,0.284559692819965,0.051562064288496794,0.513595166163142,0.5892717150397392,0.5556790158421915,0.013857603032987564,0.265023541590833,0.052288196549656586,0.5226586102719033,0.5977356004979111,0.5500163670898646,1655,1655,0.01756128761931729,0.6320728021452876,0.5273393064268151,0.000730272089740895,0.33648752127063014,0.7365032601365669,45858,0.002209989879118663,0.8999999999999998,1655,,,,,,,,,,,
relative_value_residual_60,29,相对价值残差,1,0.953278211733422,0.046721788266578024,0.0,0.005135033121639229,0.2410401391934257,0.02130364319744504,0.49391727493917276,0.8817853315786108,0.3778929054158807,0.002572794206032863,0.22314331540336582,0.011529783903148261,0.49878345498783455,0.47287850289619393,0.6362998626569183,1644,1644,0.002572794206032863,0.47287850289619393,0.6362998626569183,5.578882025158208e-05,0.882988870204241,0.37724228493911494,45724,-5.7247908819211947e-05,-0.19999999999999998,1644,-0.007213236511220711,-0.10019338024685115,0.11402068126520683,-0.19516591265809224,-0.010086557679103922,-0.14010295380770516,-0.015833200014870343,-0.219917489675742,-0.021579842350636765,-0.29972332862152845,
relative_value_residual_60,29,相对价值残差,5,0.953278211733422,0.046721788266578024,0.0,0.00923258583453319,0.22902612631202549,0.04031236952396734,0.5292682926829269,0.9202861031806935,0.35742326922192835,0.005829621600925759,0.21527334631350556,0.02708009003788142,0.5286585365853659,0.6300963904503791,0.5286315211562789,1640,1640,0.009565801005985223,0.8239485115886983,0.4099688143689826,0.00012925022463066446,0.39862648769570874,0.6901684415520142,45513,-3.093556663847729e-05,-0.3,1640,,,,,,,,,,,0.7607136523956208
relative_value_residual_60,29,相对价值残差,20,0.953278211733422,0.046721788266578024,0.0,0.013441579228789425,0.21216893652419055,0.06335319132476717,0.544,0.7416916066597257,0.4582742063221561,0.004432537911685684,0.20104137586469853,0.022047888861787313,0.5169230769230769,0.2667517084851001,0.7896603383011835,1625,1625,0.0002316970644923111,0.009863109457075182,0.9921305048348635,-8.183057260948131e-05,-0.06510726389456667,0.9480885969545345,44972,4.0294574401520466e-05,-0.19999999999999998,1625,,,,,,,,,,,
correlation_risk_20_120,57,相关性风险,1,0.9512423134452385,0.04875768655476154,0.00012464683397041715,0.0011363984575773073,0.24169151269312059,0.004701855042051931,0.49878345498783455,0.1908003601611131,0.8486820065010163,0.001959726151909816,0.24791451612866364,0.007904846325709907,0.49148418491484186,0.32604503964361525,0.7443902786840146,1644,1644,0.001959726151909816,0.32604503964361525,0.7443902786840146,3.6088857052798154e-05,0.45584812414969456,0.6484991954290065,45684,0.00021583884338462816,0.49999999999999994,1644,0.027195694266463136,0.3631290417037156,0.16796431467964315,-0.11434492013448283,0.02296299353653614,0.30662124291658555,0.014497592076682124,0.19359153570205656,0.006032190616828103,0.08055086840275245,
correlation_risk_20_120,57,相关性风险,5,0.9512423134452385,0.04875768655476154,0.00012464683397041715,-0.00035333642831547715,0.24295392771501667,-0.0014543351146392596,0.5060975609756098,-0.033567419796170644,0.9732221028557122,0.0019428547561093205,0.24634862767942473,0.007886606775165688,0.5024390243902439,0.18561110274567164,0.852749746138168,1640,1640,-0.0004795350701370944,-0.03598362597468214,0.971295415078242,0.00013782854665883796,0.4589970281539514,0.6462363001931838,45482,0.00042376807558932645,0.19999999999999998,1640,,,,,,,,,,,0.8984327682527127
correlation_risk_20_120,57,相关性风险,20,0.9512423134452385,0.04875768655476154,0.00012464683397041715,0.01158123206546204,0.23969395639343485,0.04831674623640718,0.5113846153846154,0.6362982653922363,0.5245820353342022,0.0029664497950354055,0.24793609818662646,0.011964574004074628,0.5015384615384615,0.1615939087692637,0.871625654366645,1625,1625,-0.004783157583559114,-0.18002551878819278,0.8571325343886587,0.0005003630163464038,0.4453653880709717,0.656055720932704,44931,0.0007261572543576549,0.3,1625,,,,,,,,,,,
volume_price_divergence_20,53,量价背离,1,0.9400864218048861,0.05991357819511389,0.0,0.009752216973429224,0.25924176601553567,0.03761823229072124,0.5153940886699507,1.543326093144388,0.12275167570173658,-0.0017277507816796742,0.25789612426692254,-0.006699405764979437,0.5067733990147784,-0.2760196611370285,0.7825329652193215,1624,1624,-0.0017277507816796742,-0.2760196611370285,0.7825329652193215,0.00015926172733542085,1.5703308213177176,0.11633816731826492,45114,0.0003485207386604287,0.49999999999999994,1624,0.04391361307121402,0.5264832758248286,0.4172413793103448,-0.10346809271184432,0.03339913031259332,0.40044693575527646,0.012370164795351954,0.14832863699457147,-0.008658800721889424,-0.10383286000764307,
volume_price_divergence_20,53,量价背离,5,0.9400864218048861,0.05991357819511389,0.0,0.0071751589612332346,0.24836203640703036,0.02888991838299377,0.5246913580246914,0.7201552109821446,0.4714294371054213,0.006322462223854714,0.2466757691465551,0.025630657789085118,0.5080246913580246,0.6479524285235313,0.5170157192102328,1620,1620,0.006232156298485141,0.4978532327344128,0.6185874924838484,0.00027962464974993535,0.8438223415503062,0.39876868901541085,44874,0.00042741036214628207,0.6,1620,,,,,,,,,,,0.7607136523956208
volume_price_divergence_20,53,量价背离,20,0.9400864218048861,0.05991357819511389,0.0,-0.013247354448988223,0.2329532662543694,-0.05686700453696578,0.49470404984423677,-0.8814578582604603,0.37807005365806445,-0.01531524550293068,0.2325044632832726,-0.065870759153003,0.4797507788161994,-1.074253676334772,0.28270900085546236,1605,1605,-0.025194778778184206,-1.0468560410172398,0.295165978912735,-0.0007180188027920006,-0.7311464417196172,0.46468970988362546,44325,-0.0018920456358621123,-0.8999999999999998,1605,,,,,,,,,,,
interaction__tsmom_60__carry,54,因子交互,1,0.9482715639022768,0.05172843609772315,0.0004570383912248629,-0.00041244952227926813,0.25921105099762914,-0.0015911726012138292,0.5,-0.06597681852598607,0.9473962813697283,-0.000335846770764071,0.22361807462154695,-0.0015018766767063028,0.5115571776155717,-0.06267931636705334,0.9500218681498908,1644,1644,-0.000335846770764071,-0.06267931636705334,0.9500218681498908,1.221867778182891e-05,0.2197926836097681,0.8260326179477719,45592,-8.490902243972901e-06,-0.39999999999999997,1644,-0.0010698536827405923,-0.014620918532455831,0.3176905920519059,-0.165176746096655,-0.009075656602448625,-0.12404175122148328,-0.02508726244186468,-0.342933731812731,-0.04109886828128074,-0.5618725897899675,
interaction__tsmom_60__carry,54,因子交互,5,0.9482715639022768,0.05172843609772315,0.0004570383912248629,-0.005844259185325509,0.2615679622721623,-0.022343176643493286,0.4823170731707317,-0.5517189821605512,0.5811409025942051,-0.009915326037380934,0.22114506915568824,-0.044836297165642205,0.4841463414634146,-1.1388944139628558,0.25474719578739,1640,1640,-0.021397414290187208,-1.8081900591221247,0.07057692526708821,-6.763951799733404e-05,-0.22854451642591594,0.8192229525921284,45431,-0.0006731118202666094,-0.49999999999999994,1640,,,,,,,,,,,0.567457679464019
interaction__tsmom_60__carry,54,因子交互,20,0.9482715639022768,0.05172843609772315,0.0004570383912248629,-0.025040893127555645,0.27161389619040344,-0.09219297495000692,0.47446153846153843,-1.2651732522169674,0.20580922855182016,-0.01842905681024306,0.2216428475449546,-0.08314753674379316,0.4412307692307692,-1.201378629283059,0.22960436209353452,1625,1625,-0.013985564287591578,-0.6791657146081133,0.497032868394336,-0.0015838398604408666,-1.811008530545852,0.07013953119088058,44951,-0.002719582370764624,-0.9999999999999999,1625,,,,,,,,,,,
interaction__momentum_quality_60__carry,54,因子交互,1,0.9482715639022768,0.05172843609772315,0.0004570383912248629,-0.0006156690160882729,0.25985395512394394,-0.002369288609806281,0.49148418491484186,-0.09776122258347941,0.9221218997307986,-0.0027515064217787464,0.2237929027830538,-0.01229487793205879,0.5072992700729927,-0.5125766202487518,0.6082475110211539,1644,1644,-0.0027515064217787464,-0.5125766202487518,0.6082475110211539,2.845929415493547e-05,0.5426967432618326,0.5873386169200532,45592,-0.0001007414529003062,-0.09999999999999999,1644,-0.012693423065438589,-0.17356071951003982,0.2998580697485807,-0.20393923218466903,-0.020249846423102826,-0.2769108665336448,-0.03536269313843129,-0.48366313116493526,-0.05047553985375976,-0.6904660055142976,
interaction__momentum_quality_60__carry,54,因子交互,5,0.9482715639022768,0.05172843609772315,0.0004570383912248629,0.0014526603770103443,0.2651713729009224,0.005478194577033436,0.4902439024390244,0.13583120274978822,0.8919547234298797,-0.01094045061240465,0.2188633379396309,-0.049987589129351376,0.48048780487804876,-1.2675748823369277,0.20494980647837446,1640,1640,-0.024888441665415942,-2.139058953677844,0.032430894121532,0.00015937449378867257,0.5338450276643851,0.5934487579120934,45431,-0.0006250150990653944,-0.7,1640,,,,,,,,,,,0.5304008472120081
interaction__momentum_quality_60__carry,54,因子交互,20,0.9482715639022768,0.05172843609772315,0.0004570383912248629,-0.017134249060323885,0.2772012764249387,-0.06181158067273021,0.4787692307692308,-0.8469994068658138,0.39699545205389575,-0.019834582942148394,0.21886782930945065,-0.09062356493747134,0.4412307692307692,-1.3195992533511358,0.18696885229854976,1625,1625,-0.018149940658984707,-0.8803314138414489,0.37867979959569253,-0.0010425356909677997,-1.350162063793876,0.17696400390037115,44951,-0.0032466847749140423,-0.6,1625,,,,,,,,,,,
interaction__tsmom_20__oi_surprise_20,54,因子交互,1,0.9772104038557421,0.022789596144257906,4.154894465680572e-05,-0.008751737744502183,0.22338691664726748,-0.03917748575365922,0.4815914489311164,-1.5870231496844487,0.11250740166133784,-0.013927583942110525,0.2218715223085943,-0.06277319322999494,0.47565320665083133,-2.574537099890001,0.010037432117051683,1684,1684,-0.013927583942110525,-2.574537099890001,0.010037432117051683,-0.00012862645396760543,-2.682237404704566,0.0073131541044639745,46950,-0.0005146537160230916,-0.7,1684,-0.06484636821890957,-0.8963234088554571,0.6948337292161519,-0.36841883765049255,-0.08235617819515657,-1.138439707568924,-0.11737579814765065,-1.6227412446313856,-0.1523954181001447,-2.1070875588934053,
interaction__tsmom_20__oi_surprise_20,54,因子交互,5,0.9772104038557421,0.022789596144257906,4.154894465680572e-05,-0.013108795740502827,0.21711527548178752,-0.060377123219054404,0.48273809523809524,-2.4887962028375075,0.012817641627703531,-0.012264253624117758,0.210007086137381,-0.05839923713857356,0.48214285714285715,-2.2599494054694693,0.023824391108708157,1680,1680,-0.02102394451691289,-1.818150125587172,0.06904119047904862,-0.0004194059809236701,-3.3230705775180853,0.0008903238533667436,46736,-0.0012472623417582574,-0.8999999999999998,1680,,,,,,,,,,,0.15618211949042016
interaction__tsmom_20__oi_surprise_20,54,因子交互,20,0.9772104038557421,0.022789596144257906,4.154894465680572e-05,-0.007047536715433571,0.22021462801386738,-0.032003036215149945,0.4798798798798799,-1.3426587355862591,0.1793825020665043,-0.0068219603191794495,0.21211762419619767,-0.03216121406710408,0.49309309309309307,-1.126232074632832,0.2600673003915772,1665,1665,-0.0715008450448622,-3.600033805521809,0.00031817581150432947,-0.00038705279958881213,-1.31378142217622,0.1889197712158227,46190,-0.0013596990190618836,-0.8999999999999998,1665,,,,,,,,,,,
