feature_name,source_factor_id,source_factor,horizon,coverage,missing_rate,stale_rate,ic_mean,ic_std,icir,ic_hit_rate,ic_t_nw,ic_p_nw,rank_ic_mean,rank_ic_std,rank_icir,rank_ic_hit_rate,rank_ic_t_nw,rank_ic_p_nw,ic_days,rank_ic_days,nonoverlap_rank_ic_mean,nonoverlap_rank_ic_t,nonoverlap_rank_ic_p,pooled_beta,pooled_t_two_way_cluster,pooled_p_two_way_cluster,pooled_observations,group_spread,group_monotonicity,group_days,gross_annual_return,gross_sharpe,average_one_way_turnover,gross_max_drawdown,net_1bps_annual_return,net_1bps_sharpe,net_3bps_annual_return,net_3bps_sharpe,net_5bps_annual_return,net_5bps_sharpe,rank_ic_q_bh
tsmom_20,1,时间序列动量,1,0.9617186909530647,0.038281309046935275,0.002040662081475323,0.0007880651861259914,0.28322360990096146,0.002782484081752805,0.5052410901467506,0.08642910122156858,0.9311253140499911,-0.008257947682901596,0.2831579285303559,-0.029163752276907567,0.48846960167714887,-0.92115983745921,0.356966983339261,954,954,-0.008257947682901596,-0.92115983745921,0.356966983339261,5.044047585452685e-05,0.37390961515520094,0.7084715626264445,25317,0.00018961276497346456,0.7,954,0.02389120838665654,0.2801103298963542,0.19371069182389938,-0.14396942481952157,0.019009698952694273,0.22286505803551676,0.009246680084769742,0.10839248147750893,-0.0005163387831547808,-0.006051849856661041,
tsmom_20,1,时间序列动量,5,0.9617186909530647,0.038281309046935275,0.002040662081475323,0.0029426731789544925,0.27049399778964844,0.01087888530984293,0.508421052631579,0.19020878964983792,0.8491455237137082,-0.004302122680707074,0.27036225676618053,-0.015912438119747286,0.4978947368421053,-0.28205397726136533,0.7779021218490293,950,950,-0.013259543642483749,-0.6967515087442018,0.48595831755006824,0.0003348579978698236,0.7652595155585695,0.44411702617107074,25103,0.0009457514238052413,0.39999999999999997,950,,,,,,,,,,,0.9021899351770342
tsmom_20,1,时间序列动量,20,0.9617186909530647,0.038281309046935275,0.002040662081475323,0.01471174802779892,0.2706047314033019,0.05436618920706502,0.5144385026737968,0.5598215209074973,0.5756011828671305,0.0020503535229701607,0.2601017496714385,0.007882890159563227,0.4855614973262032,0.0820832498013686,0.9345805128936201,935,935,-0.01732879332292392,-0.58331575573105,0.5596807579293603,0.0011977761931610596,1.17572599690783,0.2397043866355586,24582,0.003565206805790247,0.7,935,,,,,,,,,,,
csmom_20,2,横截面动量,1,0.9782707278361424,0.02172927216385756,0.24563525054795557,0.0014625994524286184,0.31391713690743944,0.004659189577343385,0.5041928721174004,0.14347787935919068,0.8859127802034197,-0.009589243003268216,0.30874437131081234,-0.031058843154146913,0.4968553459119497,-0.9720113945240648,0.3310448799486557,954,954,-0.009589243003268216,-0.9720113945240648,0.3310448799486557,6.070584048645644e-05,0.41753447084447115,0.6762875162857034,25408,0.00028360592565540083,0.0,954,0.03573434663258049,0.3566008637234405,0.18326345213137665,-0.12721108779192802,0.031116107638869808,0.31047807623417717,0.02187962965144842,0.21826312651712212,0.01264315166402705,0.12609149373472464,
csmom_20,2,横截面动量,5,0.9782707278361424,0.02172927216385756,0.24563525054795557,0.007000588036967048,0.3139610794784939,0.022297630166756333,0.5073684210526316,0.3937728717384767,0.6937487348079265,0.0023236074270557012,0.3055236278876192,0.007605328082548149,0.5157894736842106,0.13484219590784627,0.8927366429704009,950,950,-0.013147568301833277,-0.6192229553235931,0.5357694914264787,0.0005007174812920574,1.0599480481008714,0.28916823493739796,25140,0.0019271842606629873,0.6,950,,,,,,,,,,,0.9081286540560974
csmom_20,2,横截面动量,20,0.9782707278361424,0.02172927216385756,0.24563525054795557,0.01722357961153716,0.30176898583713396,0.057075380240807126,0.5133689839572193,0.5853786922165172,0.5582931128294906,0.008165330274863747,0.2858505878676943,0.028565028799741574,0.5005347593582887,0.29860733786205274,0.7652396659618379,935,935,-0.011024324171793005,-0.32360508421374484,0.7462370382877067,0.0014775643853296517,1.283649203336851,0.19926472540926354,24602,0.004945855422520824,0.7,935,,,,,,,,,,,
trend_efficiency_20,3,趋势效率,1,0.9617186909530647,0.038281309046935275,0.002040662081475323,0.007512246638005498,0.25663003945882024,0.029272670704673837,0.5314465408805031,0.9351090069620213,0.34973212526238207,0.005658761804795849,0.24824852474427683,0.02279474494611798,0.5251572327044025,0.7378727815148503,0.46059176038560345,954,954,0.005658761804795849,0.7378727815148503,0.46059176038560345,9.110002983206322e-05,0.6754620449102364,0.49938225771424716,25317,4.864281736787403e-05,0.39999999999999997,954,0.006128994988352106,0.07898704615992956,0.34409503843466105,-0.16497392833028102,-0.002542199980201361,-0.032756493724838666,-0.01988458991730828,-0.2561150433217502,-0.0372269798544152,-0.47928274763468026,
trend_efficiency_20,3,趋势效率,5,0.9617186909530647,0.038281309046935275,0.002040662081475323,0.0072535677536502505,0.2555559139645598,0.02838348618555612,0.5105263157894737,0.5228193934525588,0.6010999424563888,0.005996271846725568,0.249293040796226,0.024053105644561357,0.5147368421052632,0.4598681709049947,0.6456108477341018,950,950,-0.007126210752345053,-0.39183214865445315,0.6951822394376235,0.00025077857432468975,0.49882634932589676,0.6179017232030077,25103,0.0002874474990969836,0.3,950,,,,,,,,,,,0.9021899351770342
trend_efficiency_20,3,趋势效率,20,0.9617186909530647,0.038281309046935275,0.002040662081475323,0.007400720329320594,0.24883639027949783,0.029741310428944744,0.4919786096256685,0.3466982886600803,0.7288179960241065,0.007251860152468668,0.23528283524605106,0.030821883563605098,0.49518716577540106,0.384641500339015,0.7005030424729745,935,935,0.020095646588676675,0.7041860961306018,0.4813168885871195,0.0006706797782580727,0.5225654748541698,0.6012766716695376,24582,0.0014391784487204297,0.6,935,,,,,,,,,,,
realized_vol_20,24,已实现波动率,1,0.9721109515531706,0.02788904844682938,0.002494142544025395,0.028186576111576996,0.3849077751419768,0.07322942775364856,0.5300829875518672,2.299309230593791,0.02148738604695901,0.0222047765413001,0.3587707714497984,0.06189126402792024,0.5238589211618258,1.9770496316047874,0.04803602035142005,964,964,0.0222047765413001,1.9770496316047874,0.04803602035142005,0.00027575627805810935,1.2681801833307766,0.20473361212607166,25591,0.000559386889287647,0.8999999999999998,964,0.07048274805024353,0.6277886919132011,0.08087828492392808,-0.13448901654135492,0.06844461527016052,0.609633495424506,0.06436834970999455,0.5733211477646156,0.06029208414982858,0.5370066663049986,
realized_vol_20,24,已实现波动率,5,0.9721109515531706,0.02788904844682938,0.002494142544025395,0.03514285421272314,0.3984746407065613,0.0881934522869738,0.5447916666666667,1.5120777777941363,0.13051407734815526,0.025464264223962498,0.36406280071062574,0.06994470232679086,0.5302083333333333,1.2192309054137178,0.22275656492473528,960,960,0.029074273627075358,1.2172494586275273,0.22350931759368797,0.0011458284583179836,1.3468123746133809,0.1780406682530964,25373,0.0023932818662642788,0.8999999999999998,960,,,,,,,,,,,0.6385317844874736
realized_vol_20,24,已实现波动率,20,0.9721109515531706,0.02788904844682938,0.002494142544025395,0.0589009091482268,0.38431602782652874,0.1532616515666458,0.5703703703703704,1.3291532246723818,0.1837974234827745,0.048747436755099585,0.3387984188994599,0.143883306520287,0.5862433862433862,1.2816574787149921,0.19996282735344073,945,945,0.05002036756347101,1.0126734701342266,0.311216153898496,0.004244784949175499,1.3474202850682955,0.17784491106600575,24852,0.010338963175906341,0.9999999999999999,945,,,,,,,,,,,
momentum_quality_20,41,动量质量,1,0.9617186909530647,0.038281309046935275,0.002002872042929484,0.0022617132538458123,0.280895806737684,0.008051787173732804,0.5052410901467506,0.25100642403651646,0.8018091424964994,-0.008686177049240722,0.2823465358809246,-0.030764241615856006,0.48846960167714887,-0.9715050065750758,0.3312968612086702,954,954,-0.008686177049240722,-0.9715050065750758,0.3312968612086702,7.509022320976677e-05,0.4889817374796185,0.6248546262505263,25317,0.0002092805880557756,0.09999999999999999,954,0.02636935409502772,0.30787689991747524,0.19404262753319357,-0.13635653595542507,0.02147947988119124,0.2507776184245619,0.01169973145351829,0.13658749665673567,0.001919983025845344,0.022412800996224336,
momentum_quality_20,41,动量质量,5,0.9617186909530647,0.038281309046935275,0.002002872042929484,0.006075383764464765,0.26374353629938835,0.023035194908315387,0.5021052631578947,0.4032006843226339,0.6868005963073476,-0.004526649515034271,0.2703807762447857,-0.016741757967793276,0.49473684210526314,-0.29704432735588776,0.7664326672400229,950,950,-0.01468480219115428,-0.771050696621194,0.44067688263896476,0.00041523812032070767,0.8085074433365269,0.418798522902593,25103,0.001061969201334671,0.39999999999999997,950,,,,,,,,,,,0.9021899351770342
momentum_quality_20,41,动量质量,20,0.9617186909530647,0.038281309046935275,0.002002872042929484,0.023283707307101123,0.26788364251597047,0.08691724171143826,0.5165775401069519,0.9188455381418843,0.3581763697244731,0.0014553884249624595,0.26013853926590225,0.0055946667074763,0.48663101604278075,0.058338642189504214,0.9534788878978542,935,935,-0.020669830699177733,-0.6867037226853276,0.49226945059606997,0.0015550868263439761,1.4723922449657274,0.1409149861271396,24582,0.003626420753939489,0.39999999999999997,935,,,,,,,,,,,
vol_managed_momentum_20,42,波动率管理动量,1,0.9617186909530647,0.038281309046935275,0.002002872042929484,-0.0038636224811357256,0.20702760453455782,-0.01866235418132752,0.5041928721174004,-0.5638828976402872,0.5728338299509242,-0.009938386609215796,0.23859695976655432,-0.04165345031612982,0.48427672955974843,-1.2726006590386283,0.2031597846229658,954,954,-0.009938386609215796,-1.2726006590386283,0.2031597846229658,-5.346253288469581e-05,-0.6298127031974138,0.528817133381943,25317,-0.0001031181152402942,-0.6,954,-0.012992882520277062,-0.21075436824062865,0.1993361285814116,-0.1439982645076714,-0.018016152960528626,-0.2922762879535889,-0.02806269384103177,-0.45537133929921186,-0.03810923472153492,-0.6185145223033415,
vol_managed_momentum_20,42,波动率管理动量,5,0.9617186909530647,0.038281309046935275,0.002002872042929484,-0.003098252799306829,0.20207362108684565,-0.01533229712340972,0.5126315789473684,-0.288862968269147,0.7726862432531141,-0.0112863436220968,0.24015477800328713,-0.04699612356637067,0.48736842105263156,-0.8792543250858509,0.37926339501853057,950,950,-0.013914062344189381,-0.857169358854964,0.39135129388295675,-6.0216338645036554e-05,-0.19588002150212852,0.8447040748762518,25103,-0.000498433680938693,-0.39999999999999997,950,,,,,,,,,,,0.7060277269722791
vol_managed_momentum_20,42,波动率管理动量,20,0.9617186909530647,0.038281309046935275,0.002002872042929484,0.0029573824208380083,0.19707827250543763,0.01500613123527562,0.509090909090909,0.16838271999068927,0.8662822014599234,-0.004735696127176859,0.23304628217158876,-0.020320839633433976,0.48877005347593583,-0.2259580137471981,0.8212340759699246,935,935,-0.016807776066763595,-0.5106811156520983,0.609574366138224,0.0005150078677273149,0.6688711230141188,0.5035776922918747,24582,0.0006940628825367855,0.09999999999999999,935,,,,,,,,,,,
tsmom_60,1,时间序列动量,1,0.9189781573577205,0.08102184264227952,0.0018517118887461264,-0.007814623751261882,0.28413406648027256,-0.02750329746821982,0.4890590809628009,-0.8205135712128494,0.41192339588666693,-0.009380418688238691,0.27690384668905094,-0.033876086592514655,0.5043763676148797,-1.0278503930617515,0.304020207398667,914,914,-0.009380418688238691,-1.0278503930617515,0.304020207398667,-0.00011544353555447323,-0.930623455197541,0.3520483772306481,24157,-0.0004013395789984305,-0.7,914,-0.05056878695380223,-0.6018438142000243,0.12698760029175785,-0.22825463043479643,-0.053768874481154534,-0.6399461556258593,-0.06016904953585912,-0.7161508472807672,-0.06656922459056372,-0.7923534571259641,
tsmom_60,1,时间序列动量,5,0.9189781573577205,0.08102184264227952,0.0018517118887461264,-0.019461741794165474,0.28839290071523416,-0.06748342884273163,0.46373626373626375,-1.1261477951538292,0.2601029662958445,-0.016475778694801053,0.28314765282814053,-0.05818794021506935,0.46263736263736266,-0.9919486646794147,0.32122256808526706,910,910,-0.020917074168305693,-1.0080095064513233,0.3134498984918377,-0.00031368854908784606,-0.6700796772022162,0.5028069993795152,23954,-0.000543707410408137,-0.3,910,,,,,,,,,,,0.6535217764493365
tsmom_60,1,时间序列动量,20,0.9189781573577205,0.08102184264227952,0.0018517118887461264,-0.03954950495284418,0.2981092543970558,-0.13266782016826503,0.4301675977653631,-1.160459865916412,0.24586162495303454,-0.03491134439737792,0.28498430649578704,-0.1225026908556946,0.43910614525139663,-1.0818018432024181,0.2793405874240217,895,895,-0.02793053859720527,-0.6772190038117225,0.49826701201048407,-0.0013300363575832837,-0.7119370781264699,0.47650374059618206,23443,-0.0019822371534215944,-0.3,895,,,,,,,,,,,
csmom_60,2,横截面动量,1,0.9359458846648023,0.06405411533519767,0.34230216914821254,-0.009120334884523578,0.30871295433348694,-0.029543090940950093,0.5065645514223195,-0.8896573008390999,0.37364992809656505,-0.011688234115663814,0.3046208258874825,-0.03836978014097134,0.49671772428884026,-1.1712951438584203,0.24148016271267136,914,914,-0.011688234115663814,-1.1712951438584203,0.24148016271267136,-0.000155025985949437,-1.0415355673967774,0.297627054883838,24289,-0.00030092420498523657,-0.6,914,-0.037916449828139784,-0.3916286517824175,0.11265499635302699,-0.2292908013502959,-0.040755355736236086,-0.42094741424650184,-0.04643316755242865,-0.47958097013099715,-0.052110979368621205,-0.5382082166520674,
csmom_60,2,横截面动量,5,0.9359458846648023,0.06405411533519767,0.34230216914821254,-0.022283571939167517,0.318716044313784,-0.0699166933599012,0.4747252747252747,-1.1710666325115577,0.2415719948373901,-0.02059129586677901,0.31313269546236566,-0.06575900940773463,0.46593406593406594,-1.1195327663587946,0.26291292033014624,910,910,-0.029436752460625142,-1.2805563875697763,0.20034952693247443,-0.0003534600972480423,-0.6667304372510248,0.5049443331879563,24021,-0.0007447974169669346,-0.6,910,,,,,,,,,,,0.6434255082646737
csmom_60,2,横截面动量,20,0.9359458846648023,0.06405411533519767,0.34230216914821254,-0.03456257628523674,0.3300425522847468,-0.10472157619062891,0.46033519553072627,-0.9291125543753016,0.3528307589113958,-0.03673407882384958,0.32019259544192447,-0.11472494788066483,0.46145251396648046,-1.0188905551002017,0.3082549281349555,895,895,-0.034073896303781354,-0.7788455668065493,0.43607069203857096,-0.0010709814090244954,-0.5442691188107545,0.5862562943164518,23483,-0.0037371081706877446,-0.49999999999999994,895,,,,,,,,,,,
trend_efficiency_60,3,趋势效率,1,0.9189781573577205,0.08102184264227952,0.0018517118887461264,0.00027974769302076675,0.2700529553300675,0.0010358993949125645,0.5076586433260394,0.031363678870112925,0.974979506954694,-0.0031086526057504974,0.2564235739417968,-0.012123115507531696,0.5043763676148797,-0.37262675521965133,0.7094262569493064,914,914,-0.0031086526057504974,-0.37262675521965133,0.7094262569493064,1.82265906338086e-05,0.1306216903316988,0.8960745833351642,24157,-0.00018386781911374726,-0.3,914,-0.023167345208332153,-0.2989585041469864,0.22040481400437636,-0.15478038249730253,-0.028721546521242446,-0.37063627772500773,-0.03982994914706301,-0.5139870373795792,-0.05093835177288359,-0.6573219339128837,
trend_efficiency_60,3,趋势效率,5,0.9189781573577205,0.08102184264227952,0.0018517118887461264,-0.007252137625864567,0.2669012738370172,-0.027171611141477998,0.4978021978021978,-0.45831713348903463,0.6467246164947762,-0.011550190830600077,0.2517069859183861,-0.04588744642290195,0.49340659340659343,-0.8036041142144392,0.421625646291368,910,910,-0.006151023831963583,-0.3321356104265307,0.7397868617013768,-0.00011301754213747057,-0.2173471157132172,0.8279378415420696,23954,-0.001029584606535482,-0.39999999999999997,910,,,,,,,,,,,0.7397351369713521
trend_efficiency_60,3,趋势效率,20,0.9189781573577205,0.08102184264227952,0.0018517118887461264,-0.023781797790753186,0.25626352141108505,-0.09280211892742869,0.4569832402234637,-0.8814662175758329,0.3780655310107307,-0.026616865999643892,0.2377493302459696,-0.11195348467272963,0.464804469273743,-1.0942185794619832,0.2738591247383553,895,895,-0.021621087299248224,-0.6488846603280507,0.5164129304485532,-0.0008596141711877464,-0.6532510855864171,0.5135944210651296,23443,-0.002058038062477566,-0.19999999999999998,895,,,,,,,,,,,
realized_vol_60,24,已实现波动率,1,0.9501927291965838,0.04980727080341618,0.00275867281384627,0.023540828257072807,0.39343005830796246,0.05983484932065338,0.5222457627118644,1.8771528108759872,0.06049715301315796,0.019642279422475636,0.36681158784671053,0.05354868840916794,0.5148305084745762,1.7036256325979837,0.08845104959302195,944,944,0.019642279422475636,1.7036256325979837,0.08845104959302195,0.00021781745489062927,1.0635496246576268,0.2875327733149037,24983,0.0005158116625104304,0.9999999999999999,944,0.06499226947631423,0.5506471227676143,0.03151483050847458,-0.11751631248737215,0.06419809574750067,0.5439111098426805,0.06260974828987355,0.5304388709984804,0.06102140083224643,0.5169664126741434,
realized_vol_60,24,已实现波动率,5,0.9501927291965838,0.04980727080341618,0.00275867281384627,0.031234434198244714,0.41075970012059276,0.07604064904389297,0.551063829787234,1.2909424010023725,0.19672365109575063,0.025134822094836765,0.37477972367341195,0.06706558681584275,0.5308510638297872,1.152978595280949,0.2489191702239304,940,940,0.029885942092471807,1.1613181669910162,0.24551253419345231,0.0009697510933988473,1.1903897251108835,0.23389324961807234,24780,0.0025368196076635255,0.8999999999999998,940,,,,,,,,,,,0.6385317844874736
realized_vol_60,24,已实现波动率,20,0.9501927291965838,0.04980727080341618,0.00275867281384627,0.049292329820139605,0.40740210584951886,0.12099183856046782,0.5610810810810811,1.0261698456864579,0.30481153227475377,0.046725926987995964,0.36812998603486674,0.12692779387868286,0.5827027027027027,1.091828496666101,0.27490849105527393,925,925,0.046848714992515424,0.8791344287480011,0.37932839225734505,0.003859476423628305,1.2058534763835236,0.22787399184163903,24269,0.011564408510237609,0.9999999999999999,925,,,,,,,,,,,
momentum_quality_60,41,动量质量,1,0.9189781573577205,0.08102184264227952,0.0018517118887461264,-0.008143485251804073,0.2878503582049096,-0.028290690005002665,0.49562363238512036,-0.8412326670930123,0.4002176032093562,-0.009418240033710504,0.2763849606117903,-0.03407652866806796,0.49781181619256015,-1.0357743792831235,0.3003074129776332,914,914,-0.009418240033710504,-1.0357743792831235,0.3003074129776332,-0.00011420588374109522,-0.8842501997296554,0.37656116493094705,24157,-0.00037970028535669803,-0.7,914,-0.047842235954943954,-0.5719214967577283,0.12598468271334792,-0.2183739601722262,-0.05101704995932031,-0.6098958228960946,-0.05736667796807303,-0.6858470572686145,-0.06371630597682579,-0.7617997109182902,
momentum_quality_60,41,动量质量,5,0.9189781573577205,0.08102184264227952,0.0018517118887461264,-0.0169433574017593,0.293288370787434,-0.05777030080077501,0.46483516483516485,-0.9580672516663726,0.3380288476680934,-0.016725276575977603,0.28230128766321894,-0.0592461930103932,0.46593406593406594,-1.0119521758332006,0.3115609203586096,910,910,-0.02142012065657386,-1.0422356084336364,0.29730245775254993,-0.00028169860841219734,-0.552260016964822,0.5807702200408273,23954,-0.00032883026174714214,-0.3,910,,,,,,,,,,,0.6535217764493365
momentum_quality_60,41,动量质量,20,0.9189781573577205,0.08102184264227952,0.0018517118887461264,-0.03563488535119506,0.30529815390788007,-0.11672158804454298,0.42793296089385474,-1.0239723476780895,0.30584833608872075,-0.035124301969996434,0.2827827750266021,-0.12420948187771409,0.4346368715083799,-1.0985437137874383,0.2719671403989661,895,895,-0.02735494645839473,-0.6737689295543714,0.500458231170203,-0.001223469664424438,-0.6565669699663079,0.5114593929020932,23443,-0.0016778594147351517,-0.3,895,,,,,,,,,,,
vol_managed_momentum_60,42,波动率管理动量,1,0.9189781573577205,0.08102184264227952,0.0017383417731086086,0.007679939476605916,0.20572858307303254,0.03733044461731202,0.5109409190371991,1.1215278815750798,0.26206323025420053,0.0002611684551082051,0.24803186334087926,0.0010529633233020217,0.49562363238512036,0.03188634167755981,0.9745626908644816,914,914,0.0002611684551082051,0.03188634167755981,0.9745626908644816,7.204054286021946e-05,0.885313849438582,0.375987382424224,24157,0.0003123941551658812,0.19999999999999998,914,0.039361663550901003,0.5745277400932128,0.12459883296863603,-0.10187146679260928,0.03622177296009138,0.5287645586236435,0.02994199177847212,0.437192645697877,0.02366221059685287,0.3455674435717452,
vol_managed_momentum_60,42,波动率管理动量,5,0.9189781573577205,0.08102184264227952,0.0017383417731086086,0.010598815955151376,0.20151841759811512,0.05259477561147002,0.5131868131868131,0.926417127769726,0.3542292464066429,0.002809790310737643,0.2527383475924517,0.011117388150643906,0.4945054945054945,0.19149724876854318,0.8481360358203172,910,910,-0.006351977776759896,-0.3274255395815438,0.7433460522997581,0.0003570028999818924,1.0765398987342212,0.2816858669182125,23954,0.0008286603989073488,0.09999999999999999,910,,,,,,,,,,,0.9021899351770342
vol_managed_momentum_60,42,波动率管理动量,20,0.9189781573577205,0.08102184264227952,0.0017383417731086086,0.006656281888973077,0.2124892716017749,0.03132526098281132,0.4960893854748603,0.2929655644613813,0.7695484729876126,-0.001757938801283054,0.2616257283502303,-0.006719288704395905,0.43910614525139663,-0.06142353853752841,0.9510219067077892,895,895,0.0038331953274481924,0.09271379715624388,0.9261309356798919,0.0011014870893174679,0.8648326904349006,0.3871306256967878,23443,0.0030078608028109937,0.09999999999999999,895,,,,,,,,,,,
tsmom_120,1,时间序列动量,1,0.8566623837956314,0.14333761620436858,0.0019272919658378052,-0.003714292375708298,0.2823135928160792,-0.013156618987623716,0.5,-0.3874871979857044,0.6983955606721584,-0.008460280151273557,0.28528510416261743,-0.029655527147505925,0.5035128805620609,-0.8893817932721534,0.373797926461926,854,854,-0.008460280151273557,-0.8893817932721534,0.373797926461926,-5.5188186242601806e-05,-0.31221193257452595,0.7548794641725396,22487,-0.0002682528456728407,-0.3,854,-0.03379985855477793,-0.3794899736914358,0.0946135831381733,-0.22710505251905833,-0.03618412084985989,-0.40626754691739464,-0.04095264544002381,-0.4598234820816272,-0.04572117003018776,-0.513379527614393,
tsmom_120,1,时间序列动量,5,0.8566623837956314,0.14333761620436858,0.0019272919658378052,-0.002792625844126148,0.28131589161205245,-0.009927010621843245,0.4929411764705882,-0.16186809119479606,0.8714097309358902,-0.005819094675889809,0.2790758251267295,-0.020851303308867163,0.4988235294117647,-0.34742588239245686,0.7282713915740231,850,850,-0.006378064576847535,-0.31325989264856663,0.7540832187186902,2.3098681599227063e-05,0.03822140575350726,0.9695111540409356,22285,-0.0003834162807675466,-0.19999999999999998,850,,,,,,,,,,,0.9021899351770342
tsmom_120,1,时间序列动量,20,0.8566623837956314,0.14333761620436858,0.0019272919658378052,0.004443581815376086,0.2763296958789289,0.016080724879178374,0.5077844311377245,0.12891777572083166,0.8974227110511164,-0.00042898969019141943,0.26491799024564,-0.0016193301549420904,0.5077844311377245,-0.013265330544211718,0.9894161079718767,835,835,0.025377237249158434,0.585665399302436,0.558100390258243,0.0006010159331572182,0.28988590094826966,0.7719035281457857,21779,0.001461727004263191,0.7,835,,,,,,,,,,,
csmom_120,2,横截面动量,1,0.8724586199077923,0.12754138009220772,0.39932733731388403,-0.001155940503237769,0.3152487937555691,-0.0036667563084604145,0.5175644028103045,-0.10955817049902515,0.9127597859950972,-0.00427569742605142,0.3105683806914187,-0.013767330133648606,0.5140515222482436,-0.4170285903662501,0.6766574956134019,854,854,-0.00427569742605142,-0.4170285903662501,0.6766574956134019,-1.1686413244259451e-05,-0.052127317334998154,0.9584272464651021,22617,-5.2186167857312805e-05,-0.3,854,-0.006575457150021391,-0.06493969621408908,0.09059328649492585,-0.17988306580869107,-0.008858407969693529,-0.08748343799232786,-0.013424309609037784,-0.13256597152270044,-0.017990211248382047,-0.1776412857010137,
csmom_120,2,横截面动量,5,0.8724586199077923,0.12754138009220772,0.39932733731388403,0.00753702426835312,0.319791552925316,0.023568553326088988,0.5105882352941177,0.38564242620450623,0.6997615076213489,0.0033768252482248434,0.30965863706669594,0.010904992930965864,0.5211764705882352,0.18106587367118662,0.8563158706765069,850,850,0.001622066686975412,0.07242814819677923,0.9422611845928144,0.00038970174913526337,0.5339339288345997,0.5933872469770046,22362,0.0008900602300575518,0.9999999999999999,850,,,,,,,,,,,0.9021899351770342
csmom_120,2,横截面动量,20,0.8724586199077923,0.12754138009220772,0.39932733731388403,0.027312232184301715,0.30936994638218746,0.08828340471883105,0.5532934131736527,0.7268434693823416,0.46732185063338194,0.011000624997321257,0.29473670010064196,0.03732356708060089,0.5425149700598803,0.31309379743109766,0.7542094013107522,835,835,0.04768245347063081,1.0761668913012092,0.28185262408779743,0.002046830265965995,0.8658091558767396,0.3865948273630657,21846,0.003871485290077728,0.7,835,,,,,,,,,,,
trend_efficiency_120,3,趋势效率,1,0.8566623837956314,0.14333761620436858,0.0019272919658378052,0.004386386046661239,0.2721601909953103,0.01611692742652735,0.509367681498829,0.4648883414559727,0.6420114198804138,-0.0005779066726313895,0.2655089741363106,-0.002176599395599698,0.4929742388758782,-0.06424049681494887,0.9487787321752965,854,854,-0.0005779066726313895,-0.06424049681494887,0.9487787321752965,4.368751278888611e-05,0.2512464194761885,0.8016235977030441,22487,-0.00015292277663848938,0.19999999999999998,854,-0.01926826985644968,-0.23451828854939666,0.15985558157689306,-0.22078508056325574,-0.02329663051218737,-0.28354737037373257,-0.031353351823662785,-0.38160010077353435,-0.03941007313513818,-0.47964179506983784,
trend_efficiency_120,3,趋势效率,5,0.8566623837956314,0.14333761620436858,0.0019272919658378052,-0.014057350869612623,0.2777302998198215,-0.05061511429877251,0.48,-0.8071467628683602,0.4195819331518109,-0.016237768812211003,0.2646673303158233,-0.061351617492173036,0.46,-1.0035482459796587,0.31559641097899294,850,850,-0.01810430025237328,-0.9399623021802097,0.3472368978371351,-0.00028111587894397286,-0.4944592995714445,0.6209818435468677,22285,-0.001391224354972555,-0.09999999999999999,850,,,,,,,,,,,0.6535217764493365
trend_efficiency_120,3,趋势效率,20,0.8566623837956314,0.14333761620436858,0.0019272919658378052,-0.07110146804510332,0.27811362294534275,-0.2556561857420296,0.40479041916167663,-2.206891374811708,0.02732164915812992,-0.05538016905433796,0.26653608879215435,-0.2077773756840995,0.43233532934131735,-1.8600594154479966,0.06287712028164884,835,835,-0.05352734020221705,-1.4961609490774517,0.13461171818486073,-0.0032048314694075233,-1.7200471474397212,0.08542387175341562,21779,-0.0085524046139093,-0.09999999999999999,835,,,,,,,,,,,
realized_vol_120,24,已实现波动率,1,0.9196205880129997,0.08037941198700027,0.0036278437004005743,0.03122084716762364,0.39783201531494017,0.07847746276253793,0.5284463894967177,2.4309684688848865,0.01505852497174781,0.019994688104986405,0.3694219811226079,0.054124251199742075,0.5185995623632386,1.7047967695957582,0.08823233422478148,914,914,0.019994688104986405,1.7047967695957582,0.08823233422478148,0.00032229594322252553,1.3620901116863464,0.17316944857097016,24145,0.0007512333326641111,0.9999999999999999,914,0.09465539991567799,0.7865904753313006,0.020167760758570387,-0.11051972571238178,0.09414717234456202,0.7823616970384983,0.09313071720233007,0.7739035831959238,0.09211426206009811,0.7654447530708417,
realized_vol_120,24,已实现波动率,5,0.9196205880129997,0.08037941198700027,0.0036278437004005743,0.04311695492792162,0.41112592170198037,0.10487530134180281,0.5593406593406594,1.7463138631192339,0.08075642824118485,0.02585006438132622,0.37521703810385565,0.06889363156843434,0.5285714285714286,1.1603999485486776,0.24588600771171765,910,910,0.0260948295525787,0.9954534929027983,0.31951575278908617,0.001259814546645928,1.5040609187796625,0.13256568187125625,23930,0.002940830406007992,0.9999999999999999,910,,,,,,,,,,,0.6385317844874736
realized_vol_120,24,已实现波动率,20,0.9196205880129997,0.08037941198700027,0.0036278437004005743,0.04089815414404229,0.41969436713410496,0.09744746974641692,0.5497206703910614,0.8032037678057933,0.4218569681094173,0.03326317245330922,0.3768233037321325,0.08827259918339492,0.5541899441340782,0.7374122754096067,0.4608716727323692,895,895,0.03843297358239887,0.7425740054393722,0.45773963125365447,0.003641799819321806,1.085442225355899,0.2777258391931321,23402,0.010145589160990445,0.7,895,,,,,,,,,,,
momentum_quality_120,41,动量质量,1,0.8566623837956314,0.14333761620436858,0.0019272919658378052,-0.00891264799952192,0.2793720716508213,-0.03190243014219964,0.5035128805620609,-0.9297142783712213,0.3525190396879847,-0.008253746077639845,0.28487941279073203,-0.02897277130974332,0.49882903981264637,-0.8689213451078364,0.3848901536532249,854,854,-0.008253746077639845,-0.8689213451078364,0.3848901536532249,-0.00014008026920192472,-0.781231429134047,0.4346663917728437,22487,-0.00019438871226439493,-0.19999999999999998,854,-0.024492977745313747,-0.2755304247506356,0.09404761904761906,-0.21589554777097086,-0.026862977745313755,-0.30220119249558114,-0.031602977745313766,-0.35554606844904035,-0.03634297774531377,-0.40889448027116876,
momentum_quality_120,41,动量质量,5,0.8566623837956314,0.14333761620436858,0.0019272919658378052,-0.014297880564969168,0.27782862088681903,-0.0514629505028346,0.49411764705882355,-0.8333677313205013,0.40463736780311166,-0.005379528292307195,0.27889922194248107,-0.019288430619633083,0.5035294117647059,-0.32148135589689464,0.7478456388719525,850,850,-0.005535997245936393,-0.27152002427581956,0.785991100818226,-0.00036429686599405485,-0.5917511702346426,0.5540172256419617,22285,-0.0003057413425425139,-0.09999999999999999,850,,,,,,,,,,,0.9021899351770342
momentum_quality_120,41,动量质量,20,0.8566623837956314,0.14333761620436858,0.0019272919658378052,-0.006097308501635246,0.2745160378767978,-0.022211119426004924,0.525748502994012,-0.181433195486073,0.8560275650015537,0.0006231427507496032,0.26395448522360554,0.0023607962191728475,0.5125748502994012,0.019324544161538955,0.9845822041734179,835,835,0.028315198758548515,0.6603020528704118,0.5090600129994992,-0.00013988552897636468,-0.07561927038368267,0.9397220048111563,21779,0.0013373126977088133,0.7,835,,,,,,,,,,,
vol_managed_momentum_120,42,波动率管理动量,1,0.8566623837956314,0.14333761620436858,0.0017761318116544479,-0.0007093445890540779,0.2131468634248588,-0.003327961658249524,0.49414519906323184,-0.1000043660776848,0.9203408591953798,-0.009964081767950493,0.25611167004766516,-0.038905223514789734,0.4918032786885246,-1.1762841685543637,0.23948133992801923,854,854,-0.009964081767950493,-1.1762841685543637,0.23948133992801923,-2.0519205691805837e-05,-0.2580673736605723,0.7963549109484074,22487,-0.0003007499415866824,-0.3,854,-0.037894492639922,-0.5185602071501888,0.0893832943013271,-0.2585022171143724,-0.04014695165631544,-0.5493516498018678,-0.044651869689102314,-0.6109149099469124,-0.0491567877218892,-0.672449029726897,
vol_managed_momentum_120,42,波动率管理动量,5,0.8566623837956314,0.14333761620436858,0.0017761318116544479,-0.0012817960177239193,0.20822155043201196,-0.006155923894834548,0.4976470588235294,-0.1059823160462036,0.9155963829077072,-0.015973244965537054,0.2561245417280825,-0.06236514805557067,0.49411764705882355,-1.0361779195968148,0.3001191458681681,850,850,-0.012550983611835532,-0.6436158333239512,0.5198245804337462,-0.00011949324146099183,-0.37565838301946886,0.7071708809711916,22285,-0.0015909350436914395,-0.7,850,,,,,,,,,,,0.6535217764493365
vol_managed_momentum_120,42,波动率管理动量,20,0.8566623837956314,0.14333761620436858,0.0017761318116544479,-0.014000460833734192,0.2159334133169787,-0.06483693569546027,0.4431137724550898,-0.5417463455943099,0.5879932579330072,-0.021338262719224933,0.2650684225287671,-0.08050096090532682,0.45748502994011975,-0.6685005580513784,0.503814125803806,835,835,-0.03840049842512897,-0.8759204970886275,0.3810732557553783,-0.0008282093368474472,-0.61478081988932,0.5386994775528733,21779,-0.006861328008599033,-0.39999999999999997,835,,,,,,,,,,,
multi_horizon_trend,4,多周期趋势一致性,1,0.8724586199077923,0.12754138009220772,0.7268913914292192,-0.0015194541603598772,0.2538640517783893,-0.005985306504468326,0.5046838407494145,-0.17644998506792195,0.85994043822953,-0.008131606307785927,0.2663373723215095,-0.030531225253547397,0.49414519906323184,-0.9124799895362066,0.3615160986555379,854,854,-0.008131606307785927,-0.9124799895362066,0.3615160986555379,-2.262116555719375e-05,-0.18572020286365137,0.8526641843525484,22617,-0.0002896119869746846,-0.39999999999999997,854,-0.03649111035881027,-0.5022394173006964,0.185480093676815,-0.22458954938943465,-0.041165208719466,-0.5664787903048595,-0.05051340544077747,-0.6948811612600276,-0.05986160216208896,-0.8231732275586096,
multi_horizon_trend,4,多周期趋势一致性,5,0.8724586199077923,0.12754138009220772,0.7268913914292192,0.0052773117055476436,0.25248676602992415,0.020901339854470586,0.5094117647058823,0.34897897619024587,0.7271050931035242,0.004705836412526466,0.2596101394790674,0.018126550919656592,0.5129411764705882,0.3092119066941636,0.7571603371977477,850,850,-0.00940977653417101,-0.46639717330430347,0.6409312344455192,0.0002606148685398476,0.6468244371087023,0.5177455746933046,22362,-0.00042450648495936374,0.0,850,,,,,,,,,,,0.9021899351770342
multi_horizon_trend,4,多周期趋势一致性,20,0.8724586199077923,0.12754138009220772,0.7268913914292192,0.008463395066803157,0.2503298184504396,0.03380897696963234,0.49700598802395207,0.29963774678991045,0.764453488552032,0.01056416221585932,0.2529852563338595,0.04175801534425394,0.5065868263473053,0.38187870185281014,0.7025513386897057,835,835,0.034640713490547946,0.8466888354346259,0.3971685833234825,0.0010699769655350432,0.7409743565958804,0.45870898881376654,21846,0.0012089487487456521,0.7,835,,,,,,,,,,,
carry,5,Carry,1,0.975776585292117,0.02422341470788303,0.000718010732370947,0.017176924984022283,0.26116960141751805,0.06576923535814737,0.526694045174538,2.0729630945896225,0.03817571430333969,0.0269566881783935,0.24446844548261604,0.11026653409268056,0.5308008213552361,3.5084401222011694,0.00045074268666021785,974,974,0.0269566881783935,3.5084401222011694,0.00045074268666021785,0.0002171931817891387,2.1253221640182103,0.03355974009644431,25747,0.0009794009309467666,0.8999999999999998,974,0.12340451729929261,1.6940509547849578,0.36001026694045174,-0.07120617042838684,0.11433225857239321,1.5695575283838656,0.09618774111859443,1.3205152997119631,0.07804322366479567,1.0714199356719687,
carry,5,Carry,5,0.975776585292117,0.02422341470788303,0.000718010732370947,0.01742107367990295,0.25147534834924906,0.06927547290125852,0.554639175257732,1.3837162320089915,0.16644536133891252,0.03456642524282547,0.23726514417453604,0.14568690804999937,0.5536082474226804,2.850255696749315,0.004368409501989999,970,970,0.03741032448898021,2.1631673032900904,0.030528314088276987,0.0005057726485743583,1.3930545273936867,0.16360330240818188,25567,0.002360561488399799,0.7,970,,,,,,,,,,,0.05154723212348199
carry,5,Carry,20,0.975776585292117,0.02422341470788303,0.000718010732370947,0.04267956284963359,0.2538029976423892,0.1681602000216305,0.5895287958115183,1.8307034100305337,0.06714482383874448,0.07496363071026657,0.24299852381094147,0.3084941815061808,0.6167539267015707,3.33314398028894,0.0008587049212013355,955,955,0.0726990267076474,2.3108203252190234,0.020842781356893752,0.0021126352171470814,1.9763845616899112,0.048111238732559326,25100,0.007058047958157603,0.7,955,,,,,,,,,,,
curve_curvature,10,期限结构曲率,1,0.957901897059935,0.042098102940064996,0.00015116015418335728,-0.019059148771568328,0.2402088199265502,-0.07934408394078175,0.4650924024640657,-2.4963082501585996,0.012549349632037096,-0.019671500996745375,0.2172571755294165,-0.09054477003491129,0.45790554414784396,-2.8578354334526055,0.0042654154281369285,974,974,-0.019671500996745375,-2.8578354334526055,0.0042654154281369285,-0.0002512169565077278,-2.2518764014991373,0.024330083806783857,25307,-0.0008706320912367918,-0.7,974,-0.10969964349583576,-1.6840515803232623,0.48488193018480497,-0.3654433792532832,-0.12191866813649287,-1.8717970449401593,-0.146356717417807,-2.247304651283387,-0.1707947666991212,-2.62278829274856,
curve_curvature,10,期限结构曲率,5,0.957901897059935,0.042098102940064996,0.00015116015418335728,-0.010524108349184257,0.22738848226075845,-0.046282504041324765,0.46494845360824744,-1.0789955944057739,0.2805896916186903,-0.017821370988249024,0.20458833578454833,-0.08710844105509849,0.4742268041237113,-2.005473318423809,0.04491247038627238,970,970,-0.006507619089034568,-0.45682202517736964,0.647798973413292,-0.00023757574577929874,-0.5195851029209986,0.6033527833335388,25171,-0.0015418415761751347,-0.7,970,,,,,,,,,,,0.22081964606583918
curve_curvature,10,期限结构曲率,20,0.957901897059935,0.042098102940064996,0.00015116015418335728,-0.007902217396483627,0.23194512221906194,-0.034069340716811156,0.4837696335078534,-0.5180162247384745,0.6044469492343056,-0.03501135999992496,0.20660348533856804,-0.16946161359548545,0.4261780104712042,-2.637552327258565,0.008350674086688077,955,955,-0.044049218730628024,-1.3145505913434248,0.18866098470292036,-1.9097838521584538e-05,-0.014681783895706011,0.9882860521389897,24725,-0.003389397190655273,-0.39999999999999997,955,,,,,,,,,,,
term_structure_slope,44,期限结构斜率,1,0.975776585292117,0.02422341470788303,0.0,0.02283378974954959,0.29794777403244,0.07663688652717872,0.5369609856262834,2.3982496658414694,0.01647363252519243,0.027436629642452966,0.26921501001058523,0.10191344695592637,0.5492813141683778,3.265588399144865,0.0010923690364117247,974,974,0.027436629642452966,3.265588399144865,0.0010923690364117247,0.0002460482767515998,1.9669634444940338,0.04918742528061525,25747,0.0006547960435919882,0.9999999999999999,974,0.08250430149259051,0.9668481296479622,0.08887748117727584,-0.10789621714750774,0.08026458896692316,0.9406307938533394,0.07578516391558848,0.8881849149282268,0.07130573886425377,0.8357253306752036,
term_structure_slope,44,期限结构斜率,5,0.975776585292117,0.02422341470788303,0.0,0.04551097890970021,0.31143745428692865,0.14613200269666587,0.5639175257731959,2.559634571352007,0.010478227907183026,0.05131254701976042,0.27861072043317753,0.18417290957067572,0.5701030927835051,3.177327319246563,0.0014863917596198972,970,970,0.05347732296417748,2.6737908072370042,0.007499921915073758,0.0011145229216066622,2.053798995422468,0.039995150225036045,25567,0.002760382496817779,0.8999999999999998,970,,,,,,,,,,,0.043848556908786966
term_structure_slope,44,期限结构斜率,20,0.975776585292117,0.02422341470788303,0.0,0.09654022277783693,0.29396854982304854,0.3284032350941907,0.6460732984293194,3.0209588672095777,0.0025197558741757707,0.10745594308340684,0.26559280183165984,0.4045890639442684,0.6575916230366492,3.771023098439944,0.00016257962178578016,955,955,0.11665955293110468,3.2614727753949517,0.0011083507503945344,0.005315525720904647,2.659732440480073,0.007820274812267852,25100,0.014726149012449745,0.8999999999999998,955,,,,,,,,,,,
carry_change_5,6,Carry变化,1,0.9658378051545613,0.0341621948454387,0.0,0.019852681898646682,0.24558784317521565,0.0808373966804322,0.5469556243550051,2.553690357847484,0.010658799768925191,0.010459690587084165,0.21409312389020438,0.04885579880859844,0.5232198142414861,1.5401503104893115,0.1235237187195373,969,969,0.010459690587084165,1.5401503104893115,0.1235237187195373,0.0002695377627224747,2.2950497685551707,0.02173027229125271,25513,0.0005616864016395956,0.09999999999999999,969,0.07077248660658902,1.0770952036789951,0.5777949776401788,-0.06743400863137172,0.056212053170056536,0.8554393557753812,0.027091186296991514,0.41220336440418626,-0.002029680576073498,-0.0308754209392016,
carry_change_5,6,Carry变化,5,0.9658378051545613,0.0341621948454387,0.0,-0.0018989298024167833,0.24651742511918381,-0.007703024650280634,0.5036269430051813,-0.20186641493079424,0.840021158529721,0.004228050794239203,0.2103584078019017,0.020099271706890052,0.505699481865285,0.5235154620023288,0.6006155939507825,965,965,0.014045170170345926,0.9221094502897857,0.3564714880790454,-6.192612100819862e-05,-0.204923059227576,0.8376322388573787,25368,0.00019058590061701082,0.3,965,,,,,,,,,,,0.8643004888560041
carry_change_5,6,Carry变化,20,0.9658378051545613,0.0341621948454387,0.0,-0.0034501189351649943,0.2534847832417883,-0.01361075363594537,0.4831578947368421,-0.37062270564875716,0.710918567989271,0.0025750726753804177,0.2159115587308932,0.011926516072212345,0.5126315789473684,0.29025252624951675,0.7716230547381977,950,950,-1.279264491408962e-05,-0.00044081009506523994,0.9996482844422919,-0.00021747833350340835,-0.6799511705860312,0.4965353795127371,24927,-0.0005877954966124509,-0.3,950,,,,,,,,,,,
basis_momentum_5,9,基差动量,1,0.9658378051545613,0.0341621948454387,0.0,0.0238307477643823,0.24852150437507425,0.0958900833322512,0.5366357069143447,3.0323726194148692,0.002426394806518375,0.014581123109323108,0.21357599336260746,0.0682713580293053,0.5252837977296182,2.133742403085346,0.03286387298079073,969,969,0.014581123109323108,2.133742403085346,0.03286387298079073,0.0003093426492614589,3.9481640169396086,7.87528438485682e-05,25513,0.0004888075219474735,0.39999999999999997,969,0.06158974776538166,0.9324960293992022,0.5668988648090816,-0.09935995458135316,0.04730389637219281,0.7161835459372751,0.018732193585815085,0.28358081946978564,-0.00983950920056262,-0.1489360688332632,
basis_momentum_5,9,基差动量,5,0.9658378051545613,0.0341621948454387,0.0,-0.00031191542343163634,0.24686294126702873,-0.0012635165968238266,0.5015544041450777,-0.03141941324557838,0.9749350592624322,0.00938365679879379,0.21002094005203312,0.04467962478631402,0.5264248704663212,1.0970079262115708,0.27263792723079394,965,965,0.018410669160527394,1.2246074221405192,0.22072317007547182,-6.042371887761335e-05,-0.2876067564597232,0.7736477724110261,25368,0.00017434657495976112,0.39999999999999997,965,,,,,,,,,,,0.6434255082646737
basis_momentum_5,9,基差动量,20,0.9658378051545613,0.0341621948454387,0.0,-0.004501747138260572,0.2510678990661467,-0.017930397135615235,0.4747368421052632,-0.4452926368988031,0.6561082882562166,0.004086100127810851,0.21449722209533056,0.01904966454994385,0.5157894736842106,0.42582628857768734,0.6702344296239281,950,950,-0.014003031957492229,-0.5052445892584086,0.6133870559608369,-0.0003822889343031122,-2.0245757156158977,0.04291094995309582,24927,-0.0009194970922297437,-0.3,950,,,,,,,,,,,
term_structure_momentum_5,45,期限结构动量,1,0.9658378051545613,0.0341621948454387,0.0,0.02376833420311239,0.2747015464713259,0.08652420966837693,0.5314757481940144,2.676862392030927,0.007431515008869784,0.025527640663592793,0.22884924082182354,0.11154784945722408,0.5479876160990712,3.4149482746062843,0.0006379412483854779,969,969,0.025527640663592793,3.4149482746062843,0.0006379412483854779,0.00024173459369037097,2.484583316630886,0.012970315295252196,25513,0.0006416738209664777,0.8999999999999998,969,0.08085090144177617,1.1237632356239942,0.3473254213966288,-0.09393856669607759,0.07209830082258113,1.0019587269511854,0.05459309958419107,0.7584383310456536,0.03708789834580095,0.5150584509751993,
term_structure_momentum_5,45,期限结构动量,5,0.9658378051545613,0.0341621948454387,0.0,0.032450648648400464,0.27642070499301175,0.11739586819019529,0.5637305699481865,2.4553120478468737,0.014076234000986135,0.0249340951191166,0.2216065259386984,0.11251516629981356,0.5461139896373057,2.310661668539533,0.020851550063303546,965,965,0.025903518644194937,1.4413363808752593,0.14948967395834623,0.000705332519379074,2.165998919540808,0.030311269502590433,25368,0.0015734326202751032,0.7999999999999999,965,,,,,,,,,,,0.1520580965093753
term_structure_momentum_5,45,期限结构动量,20,0.9658378051545613,0.0341621948454387,0.0,-0.0029622163099679243,0.29094396196889083,-0.010181398128773193,0.48947368421052634,-0.15610184735696533,0.8759527422352436,-0.0003537341149429816,0.25310525964443764,-0.001397577100688889,0.4926315789473684,-0.021241713098068785,0.9830528395394019,950,950,-0.03294220685056517,-1.2446881906050307,0.21324638857786715,-0.00025490922060502225,-0.2039666440790323,0.8383795651073522,24927,-0.0003491212496118051,-0.3,950,,,,,,,,,,,
term_structure_acceleration_5,46,期限结构加速度,1,0.9583175874839392,0.04168241251606075,0.0,0.02071199740792728,0.27196950684742,0.07615558688183048,0.5404564315352697,2.3674587051252565,0.01791071867557395,0.023281566880630596,0.22864568579711686,0.10182377506693445,0.5518672199170125,3.1785167211333563,0.0014803067954137466,964,964,0.023281566880630596,3.1785167211333563,0.0014803067954137466,0.00026278649465778385,3.1761001161578597,0.0014926942644295838,25324,0.0007859494313912384,0.9999999999999999,964,0.09902962835529602,1.3870311493573675,0.4095262793914246,-0.10181019194336816,0.08870956611463214,1.2423720289491398,0.06806944163330433,0.9531016511739299,0.04742931715197653,0.6639272034289638,
term_structure_acceleration_5,46,期限结构加速度,5,0.9583175874839392,0.04168241251606075,0.0,0.035232156773046926,0.28054420129647173,0.12558504724114583,0.55625,2.731389600126695,0.006306786704416039,0.029242538307380887,0.23366217945257964,0.12514878691917486,0.5510416666666667,2.7094374751322774,0.006739740699718859,960,960,0.019415247854621922,1.0895503999345149,0.27591124211204887,0.0007643079489313878,2.5692883012228034,0.010190763599081354,25197,0.002184690277589908,0.8999999999999998,960,,,,,,,,,,,0.06627411688056879
term_structure_acceleration_5,46,期限结构加速度,20,0.9583175874839392,0.04168241251606075,0.0,0.018051840104336355,0.2858211531868673,0.06315781705818752,0.5301587301587302,1.832790484120746,0.06683373483931566,0.009135969160813882,0.24368885416900513,0.037490303739857664,0.5248677248677248,1.0229695993323646,0.3063222198619413,945,945,0.08544420437411442,2.5741254003435636,0.010049384274737078,0.000581404170481443,1.7271950585892926,0.0841326380032777,24763,0.0010408703514141584,0.3,945,,,,,,,,,,,
carry_change_20,6,Carry变化,1,0.9489078678860252,0.051092132113974786,0.0,0.012197130230224043,0.2489733248036778,0.04898970698905922,0.5241090146750524,1.5219149222775294,0.1280303996480192,0.008045286777252155,0.21424123549813662,0.037552466305311845,0.5083857442348009,1.1834134135050542,0.23664534385478542,954,954,0.008045286777252155,1.1834134135050542,0.23664534385478542,0.00020697748728436572,2.1949725842100687,0.028165564418557925,25067,0.0004368252595761853,0.09999999999999999,954,0.05503998270659936,0.8708276637142893,0.46944444444444444,-0.11038418629657165,0.04320998270659935,0.6836014642598429,0.01954998270659934,0.3092274002415842,-0.004110017293400661,-0.06499276214670624,
carry_change_20,6,Carry变化,5,0.9489078678860252,0.051092132113974786,0.0,-0.0054784124355196665,0.24418732856056188,-0.022435285515484654,0.49157894736842106,-0.4738772000856453,0.6355874787658162,-0.00436015691437454,0.21744959046497087,-0.020051345716730246,0.4831578947368421,-0.43820074666750697,0.6612407673730655,950,950,0.013295562876325127,0.9161062888294632,0.35961114965834295,-9.46995201327293e-05,-0.2852632744297354,0.7754424471445894,24937,-0.00020275379525684653,-0.3,950,,,,,,,,,,,0.9021899351770342
carry_change_20,6,Carry变化,20,0.9489078678860252,0.051092132113974786,0.0,-0.03860126714833327,0.2511793058665777,-0.1536801251009015,0.43636363636363634,-2.178503112462817,0.029368600764331548,-0.019140175567630292,0.22615793484080335,-0.08463189930127106,0.46737967914438505,-1.1399754967200644,0.25429650971636153,935,935,-0.010737312740247439,-0.26514497420090755,0.7908977823623871,-0.0021974323098166767,-1.9593472965154912,0.05007212832619593,24503,-0.004841726739242071,-0.3,935,,,,,,,,,,,
basis_momentum_20,9,基差动量,1,0.9489078678860252,0.051092132113974786,0.0,0.012798544725567726,0.2453251552044049,0.052169720283694425,0.5324947589098532,1.617458784429187,0.10577928548280723,0.009370836290668465,0.2119822917237196,0.04420575046373047,0.5125786163522013,1.3912682528686322,0.1641440970209339,954,954,0.009370836290668465,1.3912682528686322,0.1641440970209339,0.00021076507437402258,2.9524240979114875,0.0031528957240236906,25067,0.0004959772012694206,0.3,954,0.06249312735994701,0.9655908866626776,0.4502795248078267,-0.11611845934077702,0.05114608333478979,0.7902146331055175,0.028451995284475323,0.43951365811842596,0.005757907234160849,0.08892607924070352,
basis_momentum_20,9,基差动量,5,0.9489078678860252,0.051092132113974786,0.0,-0.004290040469793583,0.24237474580850776,-0.017700030815846635,0.4884210526315789,-0.36452784230441,0.7154638867493205,-0.00040183785983517707,0.2193663200572751,-0.001831812010751057,0.5,-0.03892151895654783,0.9689529599200882,950,950,0.007298128640431176,0.5188867136376829,0.6038397435009984,-0.00012673663014073588,-0.566626184490688,0.5709681811636871,24937,0.0001223699312448412,0.09999999999999999,950,,,,,,,,,,,0.9689529599200882
basis_momentum_20,9,基差动量,20,0.9489078678860252,0.051092132113974786,0.0,-0.036429440694869614,0.2515823361811893,-0.1448012656525821,0.44278074866310163,-1.9933060019466367,0.04622794958702626,-0.01366449926021477,0.22749395466020472,-0.060065329123249384,0.47807486631016044,-0.7905144107067478,0.4292274096340072,935,935,-0.022327015122319594,-0.648538557933831,0.5166366805782673,-0.002065117507523668,-1.7997469116314355,0.07190061006302456,24503,-0.004204153854565769,-0.39999999999999997,935,,,,,,,,,,,
term_structure_momentum_20,45,期限结构动量,1,0.9489078678860252,0.051092132113974786,0.0,0.007428170526568729,0.2914392925442446,0.02548788278245298,0.5314465408805031,0.7776545697541007,0.43677268131920555,0.004689905496502787,0.24300534564274193,0.019299598056570017,0.5094339622641509,0.5914441683613779,0.5542228536176919,954,954,0.004689905496502787,0.5914441683613779,0.5542228536176919,5.28076453157197e-05,0.3853110807723279,0.7000069528724693,25067,0.0002636722971071169,0.19999999999999998,954,0.033222709435496725,0.4484898047338186,0.1796995108315863,-0.13417887268706286,0.028694281762540744,0.3873361313429322,0.019637426416628804,0.2650455951284394,0.010580571070716843,0.14278392875039517,
term_structure_momentum_20,45,期限结构动量,5,0.9489078678860252,0.051092132113974786,0.0,-0.009419782929315251,0.2963897974689648,-0.03178173813591408,0.5136842105263157,-0.5621025575472982,0.5740461459282304,-0.003064210164928228,0.24876634240612952,-0.012317623579180488,0.5021052631578947,-0.22098263226499623,0.8251059561445846,950,950,0.006535096613846708,0.35350235735119845,0.7237118617953366,-0.0003575928780517214,-0.6302584111589891,0.5285255283712063,24937,0.00019976111854750088,0.0,950,,,,,,,,,,,0.9021899351770342
term_structure_momentum_20,45,期限结构动量,20,0.9489078678860252,0.051092132113974786,0.0,-0.03901631709638017,0.2932683809623863,-0.13303963069030714,0.4481283422459893,-1.3516806330644846,0.17647750317966493,-0.019551568041494202,0.23555575411431237,-0.08300186983335615,0.43636363636363634,-0.8744816036099144,0.3818560343320043,935,935,-0.030014691430685553,-0.8075451812120108,0.41935245508540486,-0.002247365963036649,-0.8592748995185779,0.39018886896620397,24503,-0.003985303016999278,-0.3,935,,,,,,,,,,,
term_structure_acceleration_20,46,期限结构加速度,1,0.925893734411609,0.07410626558839095,0.0,0.010342001596790513,0.2888280193846968,0.03580678086157479,0.5299785867237687,1.1020681559590912,0.2704320421945675,0.009884801199928071,0.24846556598897526,0.03978338471402783,0.5203426124197003,1.2220808477297507,0.221677054980559,934,934,0.009884801199928071,1.2220808477297507,0.221677054980559,0.00010487097829076607,1.2063280406601107,0.2276910298814666,24467,0.00029120266040846425,0.8999999999999998,934,0.03669153521146651,0.4795121448940823,0.20798536759457528,-0.13448531414940557,0.03145030394808319,0.4110298754044946,0.020967841421316604,0.27404672883320924,0.010485378894550007,0.1370464168704495,
term_structure_acceleration_20,46,期限结构加速度,5,0.925893734411609,0.07410626558839095,0.0,0.012670364507051978,0.2939849588483621,0.04309868286012337,0.521505376344086,0.7639349102341473,0.4449060322249686,0.012115851954464907,0.2477463697738637,0.04890425625822059,0.5311827956989247,0.878372654983531,0.379741518972707,930,930,0.01413347519359029,0.7811058871052677,0.43474021969463184,0.0002395840631315991,0.5735885322859543,0.5662462737624997,24348,0.0007670566257605895,0.3,930,,,,,,,,,,,0.7060277269722791
term_structure_acceleration_20,46,期限结构加速度,20,0.925893734411609,0.07410626558839095,0.0,-0.015089859816129488,0.29563048574722045,-0.05104297609222923,0.492896174863388,-0.5379004568382246,0.5906457730233297,0.0010785451130032957,0.25022648953765414,0.004310275522771924,0.4972677595628415,0.04590824059423496,0.963383386059592,915,915,-9.05225043156121e-05,-0.0027131257982370943,0.9978352414698876,-0.0005721183587339656,-0.21214226158918842,0.8319960499830772,23916,-0.0003469786440727819,-0.09999999999999999,915,,,,,,,,,,,
carry_change_60,6,Carry变化,1,0.9061295442521351,0.0938704557478649,0.0,0.009231474230612413,0.24941695668738142,0.03701221582213081,0.5175054704595186,1.149173738845487,0.2504843472484397,0.009805922398074507,0.22840983785808625,0.0429312611489486,0.5350109409190372,1.3486570067128054,0.17744716096289626,914,914,0.009805922398074507,1.3486570067128054,0.17744716096289626,0.0001267247427172023,1.0925655730334611,0.2745845851763995,23936,0.0003078209323139443,0.3,914,0.03878543747155697,0.5234816388936788,0.4114879649890591,-0.14673241076700805,0.02841594075383269,0.38356364541891347,0.007676947318384108,0.10364271835251264,-0.013062046117064475,-0.17636903825093048,
carry_change_60,6,Carry变化,5,0.9061295442521351,0.0938704557478649,0.0,-0.015351854776890498,0.2445721416659237,-0.06277025123270398,0.4868131868131868,-1.2526544069348695,0.21033150534759182,-0.005668501574559535,0.21519250251976837,-0.026341538428081644,0.49230769230769234,-0.5448611783216196,0.5858489983174002,910,910,-0.023393919465965862,-1.6077629214717357,0.10788711200098404,-0.00030483654516720473,-0.6620144305136945,0.5079619735096106,23797,-0.0007546035292738578,0.0,910,,,,,,,,,,,0.8641272725181655
carry_change_60,6,Carry变化,20,0.9061295442521351,0.0938704557478649,0.0,-0.040499620662678724,0.24644757485998114,-0.16433361409901692,0.45363128491620114,-1.8777835227475794,0.06041078525239275,-0.015247945534076211,0.22084055782180478,-0.06904504174627066,0.49385474860335193,-0.8377217896635857,0.4021869727735372,895,895,0.029975448986943244,0.8772423264054211,0.3803550306429113,-0.0024400355784318746,-1.3283943677656471,0.18404785913142607,23358,-0.006069464267055295,-0.09999999999999999,895,,,,,,,,,,,
basis_momentum_60,9,基差动量,1,0.9061295442521351,0.0938704557478649,0.0,0.012977943024189241,0.24855785534165642,0.05221296670085259,0.5109409190371991,1.6009665930956507,0.10938431853482124,0.010153844792900817,0.22890195678295083,0.04435892526042879,0.513129102844639,1.3842353707951387,0.16628639612365714,914,914,0.010153844792900817,1.3842353707951387,0.16628639612365714,0.00018646505526747283,1.3334050245982725,0.18239892439622396,23936,0.0003584853330305389,0.0,914,0.045169151961847884,0.604803776163363,0.3897884755652808,-0.14358555738831513,0.035346482377602795,0.4733615620437604,0.015701143209112648,0.21033722956312983,-0.003944195959377504,-0.05285274924182235,
basis_momentum_60,9,基差动量,5,0.9061295442521351,0.0938704557478649,0.0,-0.004717043854082666,0.2502971271472078,-0.018845777048445388,0.5164835164835165,-0.36621987941211237,0.7142010094264696,0.002870571811392612,0.21811510063035577,0.013160811897464313,0.521978021978022,0.26947079432917737,0.7875674139963146,910,910,-0.022524536155110977,-1.4082595352938636,0.1590542329672383,-6.395114960908806e-05,-0.1240391367017166,0.901284287718018,23797,-0.00013993842158818056,0.0,910,,,,,,,,,,,0.9021899351770342
basis_momentum_60,9,基差动量,20,0.9061295442521351,0.0938704557478649,0.0,-0.024324917386525844,0.25541212374300654,-0.09523791208518106,0.47039106145251397,-1.044250981909643,0.29636928515015215,-0.005945312578029737,0.22361808438325098,-0.026586904160400014,0.49273743016759775,-0.3174442059578151,0.7509065688547898,895,895,0.027975383492624874,0.8951703837223498,0.3706960139205404,-0.0016148250360429883,-0.84356442629247,0.3989128499758986,23358,-0.003298679773879152,0.0,895,,,,,,,,,,,
term_structure_momentum_60,45,期限结构动量,1,0.9061295442521351,0.0938704557478649,0.0,0.007217985853520184,0.2586706687700751,0.02790415275083254,0.5021881838074398,0.8337329722004208,0.4044314735645116,0.008351017107174414,0.2290547392642203,0.03645860868890955,0.5361050328227571,1.0934693132485878,0.2741877952313785,914,914,0.008351017107174414,1.0934693132485878,0.2741877952313785,4.276204180557564e-05,0.483494880720904,0.6287443937811292,23936,0.00015835099208470597,0.3,914,0.019952225002672946,0.28042617667840575,0.12027716994894239,-0.15186012333536536,0.0169212403199596,0.23781371027121972,0.010859270954532924,0.15260018374509332,0.004797301589106214,0.06740530619510782,
term_structure_momentum_60,45,期限结构动量,5,0.9061295442521351,0.0938704557478649,0.0,0.0033021423270685256,0.2698007145547264,0.01223919044291011,0.5241758241758242,0.2050461011847576,0.8375361066196274,0.0033453931752694442,0.2280849255927071,0.01466731379364955,0.5054945054945055,0.2543716165879857,0.7992084766204028,910,910,-0.0020897179405013388,-0.12227076418509371,0.9026845850437469,-1.2028297512831678e-05,-0.0293477417065494,0.9765872509070374,23797,0.00038610386720553183,0.19999999999999998,910,,,,,,,,,,,0.9021899351770342
term_structure_momentum_60,45,期限结构动量,20,0.9061295442521351,0.0938704557478649,0.0,-0.01303301609090487,0.27891784960336646,-0.04672707791716592,0.4994413407821229,-0.44298633714789526,0.6577756172286064,-0.008818278156865847,0.23008682376131961,-0.03832587200218593,0.5005586592178771,-0.37377834707571006,0.7085692302996462,895,895,0.00040541918702838547,0.010908792495514083,0.9912962155187723,-0.0009518232314721224,-0.47270079645420476,0.6364266582905673,23358,-0.0002488996028114867,-0.3,895,,,,,,,,,,,
value_60,11,价值因子,1,0.9633058725719901,0.036694127428009926,0.0,0.001724216323764035,0.2676109688439162,0.006442995708332427,0.48783068783068784,0.196786338267511,0.8439947425576224,0.010678133002873812,0.2753487098154797,0.038780399625004895,0.4931216931216931,1.202968290173061,0.22898859168765107,945,945,0.010678133002873812,1.202968290173061,0.22898859168765107,2.5393629663697988e-05,0.26814385214243563,0.788588592216299,25156,7.60286427515562e-05,-0.09999999999999999,945,0.009579608986696075,0.12128642038005572,0.18333333333333332,-0.12711917540834483,0.004959608986696066,0.06279592583977982,-0.00428039101330392,-0.054200242099664196,-0.013520391013303932,-0.17121169723055957,
value_60,11,价值因子,5,0.9633058725719901,0.036694127428009926,0.0,0.00038294532401940613,0.2639269399808679,0.0014509520098522943,0.4973432518597237,0.02567493194371214,0.9795166186752694,-0.004625259472267425,0.2703421822037671,-0.017108907809219327,0.48352816153028694,-0.30527494156235985,0.7601567593380958,941,941,-0.012043300209693205,-0.6582023097939814,0.5104081408018788,-0.00018431798475332565,-0.5171599801692369,0.6050444860810826,24888,-0.0006640365822271105,-0.8999999999999998,941,,,,,,,,,,,0.9021899351770342
value_60,11,价值因子,20,0.9633058725719901,0.036694127428009926,0.0,-0.003071994083037071,0.2608810153804924,-0.011775460466360872,0.48488120950323976,-0.11490270468640412,0.9085222412665134,-0.00119960300864449,0.2565984305318314,-0.00467502083375244,0.5,-0.046174679604631626,0.9631710236913331,926,926,-0.02327869733592404,-0.6350108083225564,0.5254213658332719,-0.0008678385777055108,-0.7240409859019008,0.46904057309654434,24350,-0.003136810850237985,-0.6,926,,,,,,,,,,,
value_120,11,价值因子,1,0.9338296425062353,0.06617035749376465,0.0,0.00703989862353708,0.26304965252257095,0.026762622782529704,0.49508196721311476,0.8148757809367523,0.4151434176250154,0.012108432061293526,0.27350044233760606,0.04427207487418615,0.5114754098360655,1.3657491112011668,0.17201772390617454,915,915,0.012108432061293526,1.3657491112011668,0.17201772390617454,7.517106921516591e-05,0.6566271628926694,0.5114206788113151,24316,7.10919305434105e-05,0.49999999999999994,915,0.00895758324846972,0.11617983689788416,0.1311475409836066,-0.15697798280872532,0.005652665215682832,0.0733137605986868,-0.000957170849890941,-0.01241371091119421,-0.007567006915464702,-0.09813183970321922,
value_120,11,价值因子,5,0.9338296425062353,0.06617035749376465,0.0,0.010870249818157011,0.25780251036004886,0.04216502703164349,0.5214050493962679,0.7244219971982834,0.46880669920576556,0.010987112865685107,0.2666477219034718,0.04120460053906822,0.5192096597145993,0.7197296041820506,0.47169149515019615,911,911,-0.0017862233238151802,-0.09563547259749035,0.923810091252247,3.959136933750563e-05,0.09193523848546052,0.926749493743998,24048,-0.0008014701058294466,-0.3,911,,,,,,,,,,,0.7397351369713521
value_120,11,价值因子,20,0.9338296425062353,0.06617035749376465,0.0,0.016591308752957393,0.2543178766513482,0.06523846837437583,0.5502232142857143,0.581683606253068,0.5607798159621253,0.020520449890831675,0.24892966472304706,0.0824347307648617,0.5625,0.7493007375153494,0.4536759633917006,896,896,-0.0009630565262749197,-0.02538494568077664,0.9797479188460612,-5.200615238198815e-05,-0.030482770457210328,0.9756820341794517,23510,-0.0013242380765548967,-0.39999999999999997,896,,,,,,,,,,,
value_252,11,价值因子,1,0.8671680145113748,0.13283198548862518,0.0,0.007507923641900158,0.2740008585394518,0.027401095317440897,0.5041224970553593,0.7984468630454961,0.4246112173914337,0.009956614125250505,0.2806258624991527,0.03548003037418038,0.5147232037691402,1.0446082783639432,0.29620405194128685,849,849,0.009956614125250505,1.0446082783639432,0.29620405194128685,0.00012373589765934926,0.746327018961796,0.4554698936620166,22477,0.00019470910567633904,0.6,849,0.02453334731521872,0.29308803666677835,0.10292500981546918,-0.13621252694638142,0.021939637067868896,0.2621148192323542,0.016752216573169238,0.20015810443658683,0.011564796078469615,0.1381890791761618,
value_252,11,价值因子,5,0.8671680145113748,0.13283198548862518,0.0,0.010570325609044877,0.2699569989696927,0.03915559014727222,0.5349112426035503,0.6391916906037203,0.5226982370425539,0.01266404379360919,0.2733320789496345,0.04633208016517786,0.5242603550295858,0.7730636102218964,0.4394847358810041,845,845,0.01673890280297136,0.849405842890632,0.39565550304749064,0.00016155771794556473,0.2977998945676332,0.7658558950268801,22223,3.637033585340219e-06,0.39999999999999997,845,,,,,,,,,,,0.7397351369713521
value_252,11,价值因子,20,0.8671680145113748,0.13283198548862518,0.0,0.01273091252158269,0.26686724302542814,0.04770504006881669,0.5313253012048192,0.39192442008313283,0.6951140589173658,0.008060664535114058,0.26299152536602605,0.030649902212230584,0.536144578313253,0.2510129444425198,0.8018041013055128,830,830,0.0103031551553719,0.24962721450513126,0.8028756505921597,0.00010194159713582923,0.05105916958220123,0.9592783714821425,21711,-0.0018293480222580615,-0.3,830,,,,,,,,,,,
reversal_5,12,短期反转,1,0.9945204444108533,0.005479555589146701,0.014322424608873102,0.01535384063279841,0.31519106963374655,0.04871280347707707,0.5108359133126935,1.556602300733646,0.11956493723123814,0.02557843201388291,0.2936437000486908,0.08710703485088085,0.5407636738906089,2.786912121840934,0.005321290717284695,969,969,0.02557843201388291,2.786912121840934,0.005321290717284695,0.00013451506193599765,0.9774498456801892,0.32834649614820055,25828,0.0002996142364855808,0.8999999999999998,969,0.037751393797183175,0.4078262671116912,0.35658754729962155,-0.11599971109768559,0.028765387605232704,0.3107766248002699,0.010793375221331777,0.1166272982513273,-0.007178637162569154,-0.07757833039210878,
reversal_5,12,短期反转,5,0.9945204444108533,0.005479555589146701,0.014322424608873102,0.010754896615774941,0.30363621103362415,0.035420335997355605,0.5119170984455959,0.692237600262825,0.488788129522291,0.01186922961302093,0.27669303668740697,0.04289674129540944,0.5088082901554404,0.8725098580477822,0.38293029259513445,965,965,0.034746079957800526,1.713467057181605,0.08662664887193029,0.00024621082013289916,0.551996110091065,0.5809510183753248,25550,0.0005796042293595507,0.8999999999999998,965,,,,,,,,,,,0.7060277269722791
reversal_5,12,短期反转,20,0.9945204444108533,0.005479555589146701,0.014322424608873102,-0.02751574738285751,0.3193699630131812,-0.08615634082570835,0.4652631578947368,-1.3240102659050845,0.18549963529391156,-0.011457944596238608,0.2933846958403109,-0.039054336366867476,0.4863157894736842,-0.6113271129035632,0.5409830450163642,950,950,0.015571975916803496,0.33761840255233316,0.7356507724598291,-0.0021559375436087424,-1.8707722224190249,0.061376659340052105,25007,-0.0048436336429665446,-0.7,950,,,,,,,,,,,
oi_growth_5,18,持仓量增长,1,0.9795933791852468,0.020406620814753196,0.0009069609251001436,-0.020094957855149597,0.24885273216896314,-0.08075040076918165,0.4809081527347781,-2.519698120306942,0.011745551989636517,-0.019579622122721383,0.22789454792922614,-0.08591527221968442,0.46439628482972134,-2.7293674999663837,0.006345594384503273,969,969,-0.019579622122721383,-2.7293674999663837,0.006345594384503273,-0.0003045619976068784,-3.210050547214056,0.0013271163259350781,25785,-0.0006889848405338238,-0.8999999999999998,969,-0.08681208990726179,-1.2551711038163758,0.3449776401788786,-0.29776208878374977,-0.09550552643976953,-1.380963941158273,-0.11289239950478504,-1.6325642821452444,-0.1302792725698005,-1.884163915528208,
oi_growth_5,18,持仓量增长,5,0.9795933791852468,0.020406620814753196,0.0009069609251001436,-0.030042950027642602,0.2447294567066246,-0.12275984440915635,0.44870466321243524,-2.5306157504316356,0.01138625088131276,-0.030577535104603176,0.2201859577245783,-0.13887141314820528,0.43419689119170984,-2.8706729510071556,0.004095990606722907,965,965,-0.02641220233323146,-1.6388667937369046,0.10124100470588142,-0.0007498105254558747,-1.539325038211483,0.12372496430872243,25533,-0.0019457602453752713,-0.8999999999999998,965,,,,,,,,,,,0.05154723212348199
oi_growth_5,18,持仓量增长,20,0.9795933791852468,0.020406620814753196,0.0009069609251001436,-0.016993536879100355,0.23689592998153672,-0.07173418673940411,0.4631578947368421,-1.1136237806172242,0.26544062004431257,-0.019299709042721748,0.22847586293029734,-0.08447154458766457,0.4557894736842105,-1.3257050075848817,0.18493742809357572,950,950,-0.028109737484737482,-1.2650960975030798,0.20583688166881464,-0.0003017952588170797,-0.32547752076897846,0.7448196930915488,25001,-0.0009483300407172384,-0.7999999999999999,950,,,,,,,,,,,
reversal_20,12,短期反转,1,0.9782707278361424,0.02172927216385756,0.013377673645227118,-0.0047628274862568576,0.3354582241203868,-0.014197975019827235,0.4863731656184486,-0.4365859734366706,0.6624116368508945,0.009589243003268216,0.30874437131081234,0.031058843154146913,0.5031446540880503,0.9720113945240648,0.3310448799486557,954,954,0.009589243003268216,0.9720113945240648,0.3310448799486557,-0.00011234894660473236,-0.6571744800932969,0.5110687327878439,25408,-0.0004107628609204074,-0.09999999999999999,954,-0.05175612047597135,-0.5128072256271717,0.18176100628930822,-0.2449846992738317,-0.05633649783446193,-0.558246648482282,-0.06549725255144306,-0.6491480017915242,-0.07465800726842417,-0.7400770266635999,
reversal_20,12,短期反转,5,0.9782707278361424,0.02172927216385756,0.013377673645227118,-0.016048699032068348,0.33116115952406844,-0.04846190010668188,0.48,-0.8501971691246392,0.3952154753580789,-0.0023236074270557012,0.3055236278876192,-0.007605328082548149,0.4831578947368421,-0.13484219590784627,0.8927366429704009,950,950,0.013147568301833277,0.6192229553235931,0.5357694914264787,-0.0007887903471467858,-1.5644335697416363,0.1177157822486038,25140,-0.0019527446423332272,-0.3,950,,,,,,,,,,,0.9081286540560974
reversal_20,12,短期反转,20,0.9782707278361424,0.02172927216385756,0.013377673645227118,-0.022374896010851852,0.32505713431539524,-0.06883373305426985,0.46844919786096256,-0.7028282049949103,0.48216281772339853,-0.008165330274863747,0.2858505878676943,-0.028565028799741574,0.4994652406417112,-0.29860733786205274,0.7652396659618379,935,935,0.011024324171793005,0.32360508421374484,0.7462370382877067,-0.0017081083864970014,-1.3058408922928069,0.1916066706510774,24602,-0.004757157622935344,-0.7,935,,,,,,,,,,,
oi_growth_20,18,持仓量增长,1,0.9626634419167107,0.037336558083289284,0.000944750963645983,-0.009808733577142318,0.25599668614983445,-0.0383158615240874,0.4716981132075472,-1.2123718095503226,0.22537008695618188,-0.009227006736301408,0.24080458005931837,-0.038317405483020636,0.480083857442348,-1.2068785161660762,0.22747893252913343,954,954,-0.009227006736301408,-1.2068785161660762,0.22747893252913343,-0.00017055618824228456,-1.6043892042784949,0.10862828915925811,25333,-0.000393195134004116,-0.6,954,-0.049542586884518625,-0.6857867443167108,0.19690775681341718,-0.24159883564217588,-0.05450466235621674,-0.7544539219098513,-0.06442881329961295,-0.8917638629317651,-0.07435296424300918,-1.0290342524881775,
oi_growth_20,18,持仓量增长,5,0.9626634419167107,0.037336558083289284,0.000944750963645983,-0.010666977788281342,0.23993147840490792,-0.0444584339628824,0.4978947368421053,-0.8255670130449031,0.40904975391523224,-0.01872166180260554,0.2237128777195179,-0.0836861158528299,0.48,-1.5618009736913723,0.11833488236049385,950,950,-0.02112638138227975,-1.430275009519264,0.15263810435772074,-0.00013175321772713122,-0.25360617224419185,0.799799827740031,25095,-0.000537336159754578,-0.6,950,,,,,,,,,,,0.46545053728460917
oi_growth_20,18,持仓量增长,20,0.9626634419167107,0.037336558083289284,0.000944750963645983,0.02369028458948687,0.22710306538621905,0.10431512471748623,0.532620320855615,1.1485673279022859,0.2507344357299711,0.022596358340780245,0.22873504953598253,0.0987883509178841,0.5347593582887701,1.12131849377288,0.2621523162110061,935,935,0.03346611161724882,0.956395788612077,0.3388723116061554,0.0018242910821787918,1.3759001215356181,0.1688525576037906,24568,0.005115229457139042,0.19999999999999998,935,,,,,,,,,,,
price_oi_20,19,价格—持仓量交互,1,0.9626634419167107,0.037336558083289284,0.00026453026982087524,-0.006989261967965792,0.2885238680703748,-0.02422420721969878,0.49266247379454925,-0.7499844611939459,0.45326406344057724,-0.008975241588311289,0.24726650620293253,-0.03629784610191109,0.48951781970649894,-1.1293850866112616,0.2587354212381372,954,954,-0.008975241588311289,-1.1293850866112616,0.2587354212381372,-5.614742064596152e-05,-0.4754257317270237,0.6344835574022143,25333,-0.000348382071144637,-0.39999999999999997,954,-0.04389614096422428,-0.5503637003484928,0.25020964360587,-0.21817873603853544,-0.050201423983092214,-0.6295157902970773,-0.06281199002082805,-0.7878792068742755,-0.07542255605856392,-0.9463121132294074,
price_oi_20,19,价格—持仓量交互,5,0.9626634419167107,0.037336558083289284,0.00026453026982087524,-0.01225488049456832,0.2723584087864516,-0.044995418166718024,0.48526315789473684,-0.8627291852553984,0.3882863819941874,-0.026168126771393563,0.23396875452191065,-0.11184453592901858,0.45789473684210524,-2.1887934952932344,0.028611852731505003,950,950,-0.022986542394890848,-1.4228857211863313,0.1547692861584771,-0.00022274751181646782,-0.4966484490030878,0.6194369812833358,25095,-0.002063774192558451,-0.7,950,,,,,,,,,,,0.15346357374170866
price_oi_20,19,价格—持仓量交互,20,0.9626634419167107,0.037336558083289284,0.00026453026982087524,-0.052843275936582924,0.26224920731624063,-0.2015002313157056,0.3850267379679144,-2.3479963742460055,0.018874705036986537,-0.06577234890419474,0.2271533493180619,-0.28955042530365593,0.36363636363636365,-3.663080685758337,0.00024919999988468625,935,935,-0.12049147314737924,-4.01618567736809,5.9147661288641916e-05,-0.00260820669131668,-1.4506264025705262,0.146883919205434,24568,-0.010063471453854618,-0.8999999999999998,935,,,,,,,,,,,
volume_shock_20,21,成交量冲击,1,0.975323104829567,0.024676895170433033,0.0003401103469125538,-0.012992428094789173,0.23166797295610014,-0.05608210720284228,0.4636929460580913,-1.7560580581769152,0.07907849567864746,-0.013073178071885922,0.2302029551591913,-0.056789792567369435,0.4730290456431535,-1.8285134981003346,0.06747252174822559,964,964,-0.013073178071885922,-1.8285134981003346,0.06747252174822559,-0.000177833278525269,-1.5956839858636362,0.11055936578452143,25659,-0.0005361985292134722,-0.7,964,-0.0675610146808975,-0.9668514491740015,0.5836445366528354,-0.27253736789410266,-0.08226885700454895,-1.1772026323184006,-0.11168454165185186,-1.5977107562981565,-0.14110022629915475,-2.0179116355308695,
volume_shock_20,21,成交量冲击,5,0.975323104829567,0.024676895170433033,0.0003401103469125538,-0.016415566239094924,0.23443232319811505,-0.07002262322513601,0.47604166666666664,-1.6643256379768099,0.09604737160037045,-0.02174782860019929,0.23211749667218848,-0.09369318949235868,0.45208333333333334,-2.2702024429723475,0.02319530285736233,960,960,-0.01986746391380012,-1.176529615397828,0.23938330513359563,-0.00037104265000378314,-0.775528118172968,0.4380276569829925,25396,-0.001152995868033627,-0.9999999999999999,960,,,,,,,,,,,0.1520580965093753
volume_shock_20,21,成交量冲击,20,0.975323104829567,0.024676895170433033,0.0003401103469125538,0.00035002354647193946,0.24047319173390302,0.0014555616114550515,0.4984126984126984,0.02463841059738524,0.9803433813643161,-0.004514106785590095,0.23866371075050735,-0.018914089500221595,0.5111111111111111,-0.3286719836959895,0.7424036326508303,945,945,-0.05716616317909421,-1.4564421801815426,0.14527042240498328,0.0002873559175790965,0.2861297089530983,0.7747787778880558,24862,3.4320013985037734e-05,0.3,945,,,,,,,,,,,
oi_surprise_20,52,持仓意外,1,0.9715818910135289,0.028418108986471124,0.00026453026982087524,-0.021005422078896004,0.21597105721938037,-0.09726035677807972,0.4683281412253375,-3.023775486835368,0.002496416253127012,-0.02107481710064739,0.22482576127137563,-0.09373844430224818,0.45794392523364486,-2.918441439337169,0.003517859447169996,963,963,-0.02107481710064739,-2.918441439337169,0.003517859447169996,-0.00030072076174176107,-3.0002046574170897,0.0026979825987404247,25585,-0.0010954191832667156,-0.8999999999999998,963,-0.13802281709160621,-2.003384014123325,0.7440636898580824,-0.43202344835695994,-0.15677322207602987,-2.275162271577596,-0.19427403204487725,-2.818368432339811,-0.23177484201372459,-3.36105853062031,
oi_surprise_20,52,持仓意外,5,0.9715818910135289,0.028418108986471124,0.00026453026982087524,-0.017157126968349538,0.21823699499293542,-0.07861695020546326,0.45776850886339937,-2.4847038231256553,0.01296592592631891,-0.015634077028489308,0.21835744214173108,-0.07159855361532201,0.4807090719499479,-2.2107126349818205,0.027055743017022984,959,959,-0.007662304569632153,-0.5036766549622587,0.614488615930534,-0.0005414472569720439,-3.0064333505712093,0.002643319934846773,25349,-0.001400898891867508,-0.8999999999999998,959,,,,,,,,,,,0.15346357374170866
oi_surprise_20,52,持仓意外,20,0.9715818910135289,0.028418108986471124,0.00026453026982087524,-0.027779624036945776,0.22256740338861178,-0.12481443200575701,0.4491525423728814,-3.3177071831993024,0.0009075957693133087,-0.023430598194259796,0.2239386502563466,-0.10462954102580492,0.4629237288135593,-2.7752967659047623,0.005515135709513734,944,944,-0.03109947125033331,-0.9244620269923369,0.3552458132999903,-0.0013485405384845155,-2.8070322427584222,0.00500002367986177,24829,-0.0031687416982436917,-0.8999999999999998,944,,,,,,,,,,,
volume_shock_60,21,成交量冲击,1,0.9532537223187968,0.04674627768120321,0.0003401103469125538,-0.007401234955106884,0.23850544753248004,-0.031031722888002263,0.503177966101695,-0.9564787240962048,0.3388304283747987,-0.005278788690934707,0.23470232658027326,-0.022491420378524658,0.5095338983050848,-0.7045002311348052,0.48112130617374127,944,944,-0.005278788690934707,-0.7045002311348052,0.48112130617374127,-0.00011132357012149779,-0.9507060732052626,0.3417536043607253,25077,-0.00019775206471843259,-0.6,944,-0.024916760154522506,-0.3441323984644055,0.4802966101694915,-0.18087120046105665,-0.037020234730793695,-0.5112543106528159,-0.06122718388333607,-0.8453898197553258,-0.08543413303587843,-1.1793483287202642,
volume_shock_60,21,成交量冲击,5,0.9532537223187968,0.04674627768120321,0.0003401103469125538,-0.0002613477457677754,0.24361436228660435,-0.001072792848971311,0.5063829787234042,-0.021747900777439707,0.9826490535002191,-0.0022667829439656285,0.2414103850907001,-0.009389749091009392,0.502127659574468,-0.19563366947109506,0.844896905037337,940,940,-0.0021221659647925233,-0.11732861721245877,0.9065996483830944,1.9646625769006265e-05,0.04099824564849021,0.9672972944575391,24823,0.0002413116850304138,0.0,940,,,,,,,,,,,0.9021899351770342
volume_shock_60,21,成交量冲击,20,0.9532537223187968,0.04674627768120321,0.0003401103469125538,0.03340555649362999,0.25283277313247354,0.13212510419338283,0.5308108108108108,1.5264837192512355,0.1268894420141789,0.028829387325939048,0.24827715097420924,0.11611776280183678,0.5513513513513514,1.386947331798506,0.16545782348948146,925,925,0.013619278740335234,0.3953689358750146,0.6925706310716669,0.0019273293932761826,1.3961948635879355,0.16265582304501813,24289,0.005321746020572447,0.8999999999999998,925,,,,,,,,,,,
oi_surprise_60,52,持仓意外,1,0.9500415690424004,0.04995843095759955,7.558007709167864e-05,-0.028396175949781704,0.21827116037127917,-0.13009586745898918,0.4602332979851538,-3.995686120948132,6.45071544839502e-05,-0.02793854201877557,0.22873035281684756,-0.12214619386849346,0.45705196182396607,-3.7647946832006487,0.00016668598788969262,943,943,-0.02793854201877557,-3.7647946832006487,0.00016668598788969262,-0.00039048623815669174,-3.2717705398735406,0.001068762793233146,25015,-0.001161915023705101,-0.8999999999999998,943,-0.1464012929868427,-2.1617132394144782,0.7315659243548956,-0.4445189239569207,-0.16483675428058608,-2.433639673951931,-0.2017076768680728,-2.9772083643332437,-0.23857859945555962,-3.5203420316107374,
oi_surprise_60,52,持仓意外,5,0.9500415690424004,0.04995843095759955,7.558007709167864e-05,-0.025614783919741046,0.2202215552535235,-0.11631370003836723,0.45686900958466453,-3.530324304859661,0.0004150505765817605,-0.024560785938994602,0.21861778803517462,-0.11234578009289382,0.4589989350372737,-3.3485513797196127,0.0008123521677522756,939,939,-0.01418062128627059,-0.9284551094438076,0.3531715432870557,-0.0007492217739420491,-3.816372829068499,0.0001354278242591596,24784,-0.0017703425993216325,-0.9999999999999999,939,,,,,,,,,,,0.043848556908786966
oi_surprise_60,52,持仓意外,20,0.9500415690424004,0.04995843095759955,7.558007709167864e-05,-0.02510040131530699,0.22162497460538014,-0.11325619488507617,0.4264069264069264,-2.9630790028990837,0.0030457838533156888,-0.020651060306232722,0.22487723615084912,-0.09183259568514021,0.4686147186147186,-2.386299035577862,0.01701890616786617,924,924,-0.023037345795966484,-0.6447852815732303,0.5190663413349587,-0.001268961133826975,-2.5017643368779034,0.012357615238204266,24257,-0.0021510376807558724,-0.9999999999999999,924,,,,,,,,,,,
amihud_20,22,Amihud非流动性,1,0.9721109515531706,0.02788904844682938,0.001889501927291966,0.0377202161837114,0.27597758930182636,0.13667854799056967,0.5373443983402489,4.1131067801522745,3.903697076994811e-05,0.011085049955521184,0.20688689332118176,0.053580242699629056,0.524896265560166,1.6439758579571162,0.10018118928061433,964,964,0.011085049955521184,1.6439758579571162,0.10018118928061433,0.0005001937677592534,1.6092383754847623,0.10756422815451024,25591,0.000528560486731575,0.49999999999999994,964,0.06659862132817847,1.0375283875450534,0.045349239280774556,-0.05215524849667608,0.06545582049830292,1.0198039420562488,0.06317021883855191,0.9843408076621504,0.060884617178800865,0.9488593926156936,
amihud_20,22,Amihud非流动性,5,0.9721109515531706,0.02788904844682938,0.001889501927291966,0.053782898766501844,0.2693554238951708,0.19967260353900784,0.5572916666666666,3.364834476546377,0.0007658959084747836,0.016094424971580142,0.2028821414008285,0.07932893876441713,0.5291666666666667,1.4075525926019605,0.15926359365218523,960,960,0.010429284556439733,0.8050741176274391,0.4207769105234841,0.0016378755524770517,1.9760045891382698,0.04815425744450109,25373,0.0017740335044702162,0.7999999999999999,960,,,,,,,,,,,0.5872845015924331
amihud_20,22,Amihud非流动性,20,0.9721109515531706,0.02788904844682938,0.001889501927291966,0.06778883747982246,0.21893272468149144,0.3096331879048383,0.6074074074074074,2.9426488869210963,0.0032541726431457494,0.028635727952640928,0.18465413156061558,0.1550776454911912,0.5566137566137566,1.4748127011775105,0.14026290555730545,945,945,0.03084358728755281,1.255990747986375,0.20911932453474846,0.00396815071918407,2.4854683407617513,0.012938109479722175,24852,0.004604488245196547,0.3,945,,,,,,,,,,,
volume_oi_turnover,23,成交量—持仓量换手率,1,0.9878316075882397,0.012168392411760265,0.0010203310407376615,6.740835739889764e-05,0.29184375806055585,0.00023097412754982002,0.49691991786447637,0.007328630727639516,0.9941526510330148,0.0012249851606032356,0.3021676477420862,0.004053991781571587,0.5041067761806981,0.12835811195877372,0.8978655786948211,974,974,0.0012249851606032356,0.12835811195877372,0.8978655786948211,-8.917250562443397e-05,-0.6753177725041807,0.49947389480437276,25969,-0.0003549127525554414,-0.7,974,-0.04471900682198564,-0.5150089616011686,0.2703456536618754,-0.2357156248907455,-0.051531717294264895,-0.5934997623831548,-0.06515713823882341,-0.750496076713433,-0.07878255918338194,-0.9075046488327309,
volume_oi_turnover,23,成交量—持仓量换手率,5,0.9878316075882397,0.012168392411760265,0.0010203310407376615,-0.004219878576033142,0.2989887424599054,-0.014113837669319708,0.5103092783505154,-0.2486557593237834,0.8036270730378506,0.004645547208647103,0.3088247426405348,0.015042665198799883,0.5030927835051546,0.2705994344864153,0.7866991308186478,970,970,0.006866862252571463,0.32423441884350246,0.7457605659120858,-0.0002215218944571124,-0.4235533226386729,0.6718916029165807,25690,-0.0003720263441451232,0.19999999999999998,970,,,,,,,,,,,0.9021899351770342
volume_oi_turnover,23,成交量—持仓量换手率,20,0.9878316075882397,0.012168392411760265,0.0010203310407376615,-0.010258316193038956,0.3068909833075874,-0.0334265806133423,0.4973821989528796,-0.3012338327651531,0.7632361924543924,0.01571481961299618,0.299270638715173,0.05251039554185119,0.5246073298429319,0.49188950097229217,0.622797460763785,955,955,0.04207893000996449,1.0658984747045512,0.2864695385845586,-0.000707164095603818,-0.3569385244504175,0.7211378284301191,25142,-6.137031532561562e-06,0.0,955,,,,,,,,,,,
low_vol_20,25,低波动,1,0.9721109515531706,0.02788904844682938,0.501662761696017,-0.026306631209043342,0.3597811175767453,-0.07311843207955972,0.47717842323651455,-2.3013979447007977,0.021369147991755634,-0.0222047765413001,0.3587707714497984,-0.06189126402792024,0.475103734439834,-1.9770496316047874,0.04803602035142005,964,964,-0.0222047765413001,-1.9770496316047874,0.04803602035142005,-0.00025614729137102906,-1.288282332680988,0.1976477008351203,25591,-0.0005302558703925244,-0.7999999999999999,964,-0.06681223966945807,-0.5735273591925832,0.08106846473029046,-0.32549547615946506,-0.06885516498066138,-0.5910539961301571,-0.07294101560306804,-0.6261033582075058,-0.07702686622547468,-0.6611471131488909,
low_vol_20,25,低波动,5,0.9721109515531706,0.02788904844682938,0.501662761696017,-0.035914925686319814,0.36962175426769056,-0.09716669885265791,0.4552083333333333,-1.6868571702398198,0.0916308193085389,-0.025464264223962498,0.36406280071062574,-0.06994470232679086,0.46979166666666666,-1.2192309054137178,0.22275656492473528,960,960,-0.029074273627075358,-1.2172494586275273,0.22350931759368797,-0.0010592589641162822,-1.362698517859396,0.17297754514940433,25373,-0.002473041256973521,-0.9999999999999999,960,,,,,,,,,,,0.6385317844874736
low_vol_20,25,低波动,20,0.9721109515531706,0.02788904844682938,0.501662761696017,-0.06314132004011798,0.3513420404626118,-0.17971467336211702,0.4095238095238095,-1.5743589336368613,0.1154044921670525,-0.048747436755099585,0.3387984188994599,-0.143883306520287,0.41375661375661377,-1.2816574787149921,0.19996282735344073,945,945,-0.05002036756347101,-1.0126734701342266,0.311216153898496,-0.0040648333495783995,-1.377497141334421,0.16835859800637443,24852,-0.010642569791236208,-0.9999999999999999,945,,,,,,,,,,,
low_vol_60,25,低波动,1,0.9501927291965838,0.04980727080341618,0.7085632227344872,-0.022268546841179727,0.36939973571785484,-0.06028306110697464,0.4894067796610169,-1.892919907324817,0.058368521431484736,-0.019642279422475636,0.36681158784671053,-0.05354868840916794,0.4851694915254237,-1.7036256325979837,0.08845104959302195,944,944,-0.019642279422475636,-1.7036256325979837,0.08845104959302195,-0.00021206647568776754,-1.071579225468479,0.2839090684845035,24983,-0.0006937385411836983,-0.8999999999999998,944,-0.08741105618914596,-0.7060549235566901,0.03158545197740113,-0.3764267764486531,-0.08820700957897651,-0.7125056882891048,-0.08979891635863751,-0.725407487532254,-0.0913908231382985,-0.7383095930228036,
low_vol_60,25,低波动,5,0.9501927291965838,0.04980727080341618,0.7085632227344872,-0.03047059508502952,0.3838462143646593,-0.07938229932907981,0.4595744680851064,-1.3583906053209156,0.17433977371580978,-0.025134822094836765,0.37477972367341195,-0.06706558681584275,0.46914893617021275,-1.152978595280949,0.2489191702239304,940,940,-0.029885942092471807,-1.1613181669910162,0.24551253419345231,-0.0009334264947005171,-1.1974612636218176,0.23112681718946992,24780,-0.002798902699496808,-0.9999999999999999,940,,,,,,,,,,,0.6385317844874736
low_vol_60,25,低波动,20,0.9501927291965838,0.04980727080341618,0.7085632227344872,-0.0513538414514456,0.37736113068357474,-0.1360867277411962,0.4291891891891892,-1.1574887023026743,0.2470727524521773,-0.046725926987995964,0.36812998603486674,-0.12692779387868286,0.41621621621621624,-1.091828496666101,0.27490849105527393,925,925,-0.046848714992515424,-0.8791344287480011,0.37932839225734505,-0.0037336182116885727,-1.225394047483832,0.2204267886161998,24269,-0.011186966750465198,-0.9999999999999999,925,,,,,,,,,,,
realized_skew_60,26,已实现偏度,1,0.9501927291965838,0.04980727080341618,0.0016627616960169299,-0.01334498841837859,0.2305394789070539,-0.057885913864491996,0.4798728813559322,-1.819212414173923,0.06887902960713953,-0.010847005162080998,0.23120156624327545,-0.04691579446597493,0.4851694915254237,-1.4911835281957118,0.13591331704549006,944,944,-0.010847005162080998,-1.4911835281957118,0.13591331704549006,-0.00015923205166867326,-1.3526709432919863,0.17616077711362887,24983,-0.0004518504971146778,-0.8999999999999998,944,-0.0569331626364494,-0.8491283372835873,0.08409251412429379,-0.21098044075499833,-0.05905229399238159,-0.8807071745324884,-0.063290556704246,-0.9438464989081674,-0.06752881941611041,-1.0069585634402745,
realized_skew_60,26,已实现偏度,5,0.9501927291965838,0.04980727080341618,0.0016627616960169299,-0.02862579577097468,0.22358204493709696,-0.12803262345609334,0.4308510638297872,-2.2298142145884623,0.02575977932487258,-0.02965399754724773,0.2252696661985071,-0.1316377746177184,0.4276595744680851,-2.293887184140998,0.021796979754685974,940,940,-0.02257812213057995,-1.3800615031321148,0.1675677090299943,-0.000578023450842026,-1.0957863760684496,0.2731722719881715,24780,-0.00234766512218329,-0.8999999999999998,940,,,,,,,,,,,0.1520580965093753
realized_skew_60,26,已实现偏度,20,0.9501927291965838,0.04980727080341618,0.0016627616960169299,-0.03482290776644889,0.22775170833905278,-0.15289855790942392,0.44216216216216214,-1.3455257726178707,0.17845550415542766,-0.03730932387484112,0.22245469922087735,-0.16771650140686103,0.4335135135135135,-1.5553831434418774,0.11985484627001021,925,925,-0.039256989851267174,-1.422329951393825,0.15493048784605315,-0.0018026607637886907,-0.9622994126343795,0.33589922395586524,24269,-0.00641391646672638,-0.6,925,,,,,,,,,,,
realized_skew_120,26,已实现偏度,1,0.9196205880129997,0.08037941198700027,0.0020784521200211624,-0.014003448423200593,0.2309393964175057,-0.060636897127263396,0.49015317286652077,-1.869345860542487,0.06157471157105877,-0.016675738974524023,0.23644980971936116,-0.07052549119965973,0.48358862144420134,-2.1893634170650653,0.028570436388395598,914,914,-0.016675738974524023,-2.1893634170650653,0.028570436388395598,-0.00017358026765517342,-1.283544166909179,0.1993014962677615,24145,-0.00036136620593294556,-0.7999999999999999,914,-0.04553214194755114,-0.6764724941115607,0.05895331874544128,-0.26226135255700855,-0.04701776557993625,-0.6984940244766242,-0.049989012844706505,-0.7425203301422643,-0.05296026010947675,-0.7865228821159472,
realized_skew_120,26,已实现偏度,5,0.9196205880129997,0.08037941198700027,0.0020784521200211624,-0.028926272132017747,0.2242204927546826,-0.12900815521650688,0.43846153846153846,-2.198953083453699,0.027881258494574367,-0.03824272153260406,0.23008818106678797,-0.16620897846770885,0.4175824175824176,-2.896468646141364,0.0037738835154840908,910,910,-0.033173983189140444,-2.0029967395915294,0.04517763843636068,-0.0007668483959522038,-1.1820297209950992,0.23719390813356023,23930,-0.0013940370361884646,-0.7999999999999999,910,,,,,,,,,,,0.05154723212348199
realized_skew_120,26,已实现偏度,20,0.9196205880129997,0.08037941198700027,0.0020784521200211624,-0.04842022052389602,0.2245926158559487,-0.2155913289462385,0.4245810055865922,-1.813617708867654,0.06973660213560305,-0.04708278698762227,0.2227690001333093,-0.2113525084704201,0.3888268156424581,-1.8359744527480708,0.06636143510245497,895,895,-0.050740722028078354,-1.5317055589055963,0.1255951100243971,-0.003586779693987713,-1.2616797380319118,0.20706405070971656,23402,-0.006649915860232253,-0.7999999999999999,895,,,,,,,,,,,
seasonality_3y_month,27,季节性,1,0.2460509409719598,0.7539490590280402,0.23388254856019952,0.0015093289396675962,0.275584161476721,0.005476834849941445,0.4793388429752066,0.08643443976578401,0.9311210703886568,0.003682921510628291,0.2682776311831232,0.013728023072167249,0.48760330578512395,0.22040235446546805,0.8255578118979928,242,242,0.003682921510628291,0.22040235446546805,0.8255578118979928,0.00010274329238628892,0.5438465622488495,0.5865470642904899,6368,0.0007086019696479196,0.3,242,0.08928384817563789,1.3894321940061882,0.03415977961432507,-0.03506379362280376,0.08842302172935691,1.3762277221567274,0.08670136883679493,1.3497456493496593,0.08497971594423294,1.3231700336101484,
seasonality_3y_month,27,季节性,5,0.2460509409719598,0.7539490590280402,0.23388254856019952,0.00844804065141666,0.290322905627047,0.029098774115567497,0.542016806722689,0.25437845757627414,0.7992031920701049,0.02174510829973015,0.26619847531184876,0.08168757643805427,0.5504201680672269,0.731251343131182,0.4646256445302649,238,238,0.019338624338624346,0.588208764204027,0.5563921754209424,0.000559021002315885,0.6570001561644373,0.511180816049573,6260,0.003112029068381516,0.3,238,,,,,,,,,,,0.7397351369713521
seasonality_3y_month,27,季节性,20,0.2460509409719598,0.7539490590280402,0.23388254856019952,0.04880853252387807,0.26036062042391117,0.18746511067768049,0.6367713004484304,0.8962795263933053,0.37010349093463535,0.03322574286699846,0.2335047114855257,0.14229153088869487,0.5650224215246636,0.6596022986586438,0.5095090787640858,223,223,0.019650997150997152,,,0.0028730069751454913,1.0001195686653526,0.3172526470891184,5855,0.009655532252225369,0.3,223,,,,,,,,,,,
idiosyncratic_vol_60,43,特质波动,1,0.9501927291965838,0.04980727080341618,0.001322651349104376,0.01604354398249014,0.30584204430139067,0.052456960321256886,0.5296610169491526,1.649026255329177,0.09914225596506339,0.01515297655003481,0.27904441141725744,0.05430309990109939,0.5254237288135594,1.7305113591764227,0.08353895351751581,944,944,0.01515297655003481,1.7305113591764227,0.08353895351751581,0.00014124350308221674,0.7620404511193658,0.44603586185861566,24983,0.00019539281724091114,0.7,944,0.024619494972354793,0.27355471023330863,0.03885946327683616,-0.12050483437652615,0.02364023649777851,0.26266586296797606,0.021681719548625987,0.24088942378948705,0.01972320259947343,0.2191148801405771,
idiosyncratic_vol_60,43,特质波动,5,0.9501927291965838,0.04980727080341618,0.001322651349104376,0.013156159486988011,0.3054408890309202,0.043072685941718154,0.5414893617021277,0.7395338643922966,0.4595828842029074,0.011182498922777721,0.2730610171782395,0.04095238140667435,0.5468085106382978,0.7120406896629703,0.47643957974426066,940,940,0.010229434908451778,0.5351058075230284,0.592576694311288,0.00039463408139378845,0.5963911546857927,0.5509139481482062,24780,0.0006933975953623965,0.7,940,,,,,,,,,,,0.7397351369713521
idiosyncratic_vol_60,43,特质波动,20,0.9501927291965838,0.04980727080341618,0.001322651349104376,0.02137058018008092,0.31088370196236215,0.0687413976518724,0.5113513513513513,0.5749700389867258,0.5653115600993053,0.02803526906975183,0.29343594837588566,0.09554135825866572,0.5232432432432432,0.8029395444585712,0.42200967821075575,925,925,0.027838935337101144,0.6816479593624041,0.49546158132765605,0.0013758719282245,0.5336986874774494,0.5935500173998274,24269,0.004933954578833903,0.7,925,,,,,,,,,,,
relative_value_residual_60,29,相对价值残差,1,0.9189781573577205,0.08102184264227952,0.0,0.007424050032467507,0.23406473339773726,0.03171793513998584,0.49015317286652077,0.961003646260079,0.33655033448015115,0.002124990989359816,0.22261772777175798,0.009545470662329702,0.49562363238512036,0.2909286076445741,0.7711059214424008,914,914,0.002124990989359816,0.2909286076445741,0.7711059214424008,0.000108450573901418,1.164512137365545,0.24421652752160128,24157,9.295834979807289e-05,0.19999999999999998,914,0.011712752074557176,0.17668936495466486,0.11369438366156091,-0.11394433209891552,0.00884765360628584,0.13346307448638098,0.003117456669743179,0.047020952897594004,-0.0026127402667995006,-0.03940382646676182,
relative_value_residual_60,29,相对价值残差,5,0.9189781573577205,0.08102184264227952,0.0,0.019506414655727215,0.2258049747390409,0.08638611562154669,0.5428571428571428,1.5037027939999188,0.1326579095056151,0.007709435022053438,0.21653343816291357,0.03560390066061335,0.5362637362637362,0.6335080887143694,0.5264019003857653,910,910,0.01762041482579565,1.19665591730799,0.23144069582902704,0.00048750900225583176,0.973312577216667,0.3303979733861272,23954,0.0005581430852611847,0.3,910,,,,,,,,,,,0.7963515928912859
relative_value_residual_60,29,相对价值残差,20,0.9189781573577205,0.08102184264227952,0.0,0.0232102762583206,0.20957850686107246,0.11074740728879448,0.5564245810055866,0.9882076011429853,0.3230509862829867,0.005229683948620566,0.1973143949847932,0.02650432042235749,0.5050279329608939,0.24307573807388916,0.807946725842968,895,895,0.009235091855781509,0.2664817758838916,0.7898681928818142,0.0009143647986180252,0.422780204306701,0.6724556319288633,23443,0.002489550468566512,0.0,895,,,,,,,,,,,
correlation_risk_20_120,57,相关性风险,1,0.9152747335802283,0.08472526641977174,0.0002267402312750359,-0.011031120422891649,0.2449259318481016,-0.04503859734106448,0.4814004376367615,-1.3543349021154005,0.17562955589717277,-0.009196070135210418,0.24877166594123185,-0.03696590646855594,0.4726477024070022,-1.141310395279463,0.25374077775892956,914,914,-0.009196070135210418,-1.141310395279463,0.25374077775892956,-0.0001572665875287254,-1.1431864241293686,0.25296119762480584,24117,-0.0001584269282375023,-0.7999999999999999,914,-0.019961792957925294,-0.2824290116286753,0.16562727935813273,-0.11213305076896662,-0.024135600397750232,-0.3415111431219423,-0.03248321527740012,-0.4596950266333062,-0.040830830157050024,-0.5778959910446995,
correlation_risk_20_120,57,相关性风险,5,0.9152747335802283,0.08472526641977174,0.0002267402312750359,-0.02094769326471266,0.2478483285392894,-0.08451819460784459,0.4758241758241758,-1.4625249694480273,0.14359740706898438,-0.019489772784581423,0.25130577583225444,-0.07755401848619176,0.4604395604395604,-1.36938362817726,0.17087938914425294,910,910,-0.019012247488943205,-1.047877078341244,0.2946952442105991,-0.0004029953424180464,-0.7364015831838364,0.46148634145716416,23923,-0.0003390167243665049,-0.49999999999999994,910,,,,,,,,,,,0.5930519976182896
correlation_risk_20_120,57,相关性风险,20,0.9152747335802283,0.08472526641977174,0.0002267402312750359,0.018119038419114428,0.24611547403244344,0.07362006997059413,0.535195530726257,0.7300078654657752,0.46538537681173053,0.006464565678975234,0.25607456709801957,0.025244856419109923,0.5329608938547487,0.25508328598006325,0.798658773112129,895,895,0.00683373331649194,0.1873004917809708,0.8514250374246679,0.0008209597147987084,0.47515681902452284,0.6346752023725957,23402,0.00201823071068162,0.3,895,,,,,,,,,,,
volume_price_divergence_20,53,量价背离,1,0.8964930844229461,0.10350691557705394,0.0,0.012244797211636007,0.257964841137471,0.0474669228474848,0.5212527964205816,1.4414161568468322,0.14946714845330905,-0.002305782395688631,0.2619769360294949,-0.008801470963951698,0.5111856823266219,-0.27126104375163457,0.7861902661109119,894,894,-0.002305782395688631,-0.27126104375163457,0.7861902661109119,0.00020230207912237918,1.7940724695563646,0.07280160257283738,23587,0.00040923719617744713,0.7,894,0.051563886718358355,0.6573615581369701,0.4250932140193885,-0.07133461550257414,0.04085153772506976,0.5207961799925929,0.019426839738492557,0.24765825744138212,-0.0019978582480846027,-0.025467894267353727,
volume_price_divergence_20,53,量价背离,5,0.8964930844229461,0.10350691557705394,0.0,0.012203897225726387,0.2410989597693318,0.050617792948597966,0.5247191011235955,0.951075665029886,0.34156596700439257,0.009757302708484416,0.2414671933680949,0.04040839905572717,0.5101123595505618,0.779808723708662,0.4355034707191858,890,890,0.005848936461102286,0.35684243264502646,0.7212097680590943,0.0004702254594397351,1.2301449101958406,0.21864284504510811,23355,0.0009550345267030484,0.8999999999999998,890,,,,,,,,,,,0.7397351369713521
volume_price_divergence_20,53,量价背离,20,0.8964930844229461,0.10350691557705394,0.0,-0.007607049572859193,0.2360241148321298,-0.03222996759576725,0.5051428571428571,-0.3846119219149832,0.700524959963486,-0.008735447409733118,0.2369152521553734,-0.036871612655838,0.4948571428571429,-0.46473736572414487,0.6421195464260127,875,875,-0.06284299034299033,-2.221201692916403,0.026337303596213803,-0.00021655328737654094,-0.18338972723733302,0.8544922356586201,22836,8.274642226716366e-06,0.3,875,,,,,,,,,,,
interaction__tsmom_60__carry,54,因子交互,1,0.9098707580681732,0.09012924193182681,0.0003401103469125538,-0.007697181098925855,0.24969782226432244,-0.030825984100004908,0.4803063457330416,-0.9548129789478741,0.33967228269206273,-0.0034365955209089863,0.22122999632163823,-0.015534039587979947,0.5120350109409191,-0.4849155700485042,0.6277362372679313,914,914,-0.0034365955209089863,-0.4849155700485042,0.6277362372679313,-6.493975107445877e-05,-0.4975836865386506,0.6187775043647094,24025,-0.00011804726586671875,-0.3,914,-0.014873955499206571,-0.21764148691243895,0.35238876732312185,-0.11124737418887765,-0.02375415243574926,-0.3476091550637865,-0.04151454630883458,-0.6075918675492834,-0.05927494018191992,-0.8676119323934133,
interaction__tsmom_60__carry,54,因子交互,5,0.9098707580681732,0.09012924193182681,0.0003401103469125538,-0.016686874023198663,0.2470026906100789,-0.0675574585118214,0.46153846153846156,-1.3039088205330696,0.19226467248471557,-0.020444835929804197,0.21543971469425424,-0.0948981758484916,0.46373626373626375,-1.85107776376952,0.06415836655831844,910,910,-0.03612320344836137,-2.3681668373001,0.017876472638650595,-0.00027878895614346695,-0.8032832344969689,0.4218110460067326,23872,-0.0014055543779572747,-0.8999999999999998,910,,,,,,,,,,,0.29118027899544524
interaction__tsmom_60__carry,54,因子交互,20,0.9098707580681732,0.09012924193182681,0.0003401103469125538,-0.029537584958350245,0.26499725330028145,-0.11146374005952338,0.4547486033519553,-1.2004982662375854,0.22994588558238538,-0.03019648761828737,0.21873428876924153,-0.13805100146024113,0.423463687150838,-1.5656265546982653,0.11743606955061077,895,895,-0.0044857620030033865,-0.161556872697875,0.8716548216510476,-0.001718556258471244,-1.656667384940145,0.09758674046442607,23422,-0.0046816054093712115,-0.8999999999999998,895,,,,,,,,,,,
interaction__momentum_quality_60__carry,54,因子交互,1,0.9098707580681732,0.09012924193182681,0.0003401103469125538,-0.006131833481505058,0.24707349533488143,-0.024817852166595288,0.4803063457330416,-0.7612531625863654,0.4465058702330226,-0.005151738464627841,0.22210717826045398,-0.023194831004456122,0.5087527352297593,-0.7225124448053043,0.4699794768972474,914,914,-0.005151738464627841,-0.7225124448053043,0.4699794768972474,-2.744392570646368e-05,-0.25877129216027644,0.795811709124326,24025,-0.00023780323661177927,-0.19999999999999998,914,-0.02996320781308421,-0.4351695476708962,0.3320021881838075,-0.13428475423393338,-0.03832966295531617,-0.5567633210660549,-0.05506257323978004,-0.8000367418777601,-0.07179548352424393,-1.0434003008249555,
interaction__momentum_quality_60__carry,54,因子交互,5,0.9098707580681732,0.09012924193182681,0.0003401103469125538,-0.006131741937344502,0.2490448909454007,-0.02462103082728484,0.4736263736263736,-0.4751770817200255,0.6346607609829094,-0.01997618756257972,0.21561435970305898,-0.09264776052063804,0.46263736263736266,-1.7917122527911609,0.07317907079877284,910,910,-0.03854534975903824,-2.509527891550849,0.012089266804245796,-4.473413820379286e-06,-0.013331859081905711,0.9893630305724539,23872,-0.0014965948174536234,-0.49999999999999994,910,,,,,,,,,,,0.30839751265197124
interaction__momentum_quality_60__carry,54,因子交互,20,0.9098707580681732,0.09012924193182681,0.0003401103469125538,-0.02156433239382033,0.26844975622353234,-0.08032911892780477,0.45139664804469276,-0.8706502559627787,0.3839451470894707,-0.029734743728798262,0.21567089430312628,-0.13787091589190503,0.42793296089385474,-1.5896222762645866,0.11191997271719678,895,895,-0.01205745722987103,-0.4452629724125968,0.6561297232126031,-0.001065959533727371,-1.4652604373172748,0.14284987601529378,23422,-0.004603561795943913,-0.7,895,,,,,,,,,,,
interaction__tsmom_20__oi_surprise_20,54,因子交互,1,0.9594890786788602,0.04051092132113976,7.558007709167864e-05,-0.008010021195140106,0.22701794154179522,-0.03528364824709424,0.4832285115303983,-1.0711503877867279,0.2841018149851047,-0.010454761814456849,0.227183462993735,-0.04601902654659841,0.4758909853249476,-1.423581335930529,0.15456770182782112,954,954,-0.010454761814456849,-1.423581335930529,0.15456770182782112,-0.00013902838305667682,-1.6578291066597306,0.09735196459869257,25303,-0.0004967008144478683,-0.6,954,-0.0625843026204314,-0.886475973765633,0.6896925227113907,-0.25106365961961696,-0.07996455419275846,-1.132832575965902,-0.11472505733741255,-1.6257206008010583,-0.1494855604820666,-2.118789113648844,
interaction__tsmom_20__oi_surprise_20,54,因子交互,5,0.9594890786788602,0.04051092132113976,7.558007709167864e-05,-0.015510589126063333,0.2195047060183578,-0.07066176123242723,0.47578947368421054,-2.201006211011035,0.02773558414546346,-0.009433979732709317,0.20884244399817598,-0.045172712749864743,0.4842105263157895,-1.3201616980146968,0.18678103697181703,950,950,-0.02692413615825594,-1.808584402123516,0.07051559352241055,-0.00044024647566968115,-2.4553518391863904,0.01407467580230924,25097,-0.001175271493450937,-0.7,950,,,,,,,,,,,0.6122267322965114
interaction__tsmom_20__oi_surprise_20,54,因子交互,20,0.9594890786788602,0.04051092132113976,7.558007709167864e-05,-0.006490563064796911,0.22237586928052017,-0.029187353312194454,0.47807486631016044,-0.9510057658120777,0.3416014489461854,-2.278992137002324e-06,0.21459505262771694,-1.0619965880368907e-05,0.5037433155080214,-0.00031305965605056443,0.9997502145379071,935,935,-0.05360943369013803,-1.981207686434496,0.047567987598138066,-0.0003718841732375524,-0.9118153774678722,0.36186591401138457,24581,-0.0005582398514253548,-0.19999999999999998,935,,,,,,,,,,,
