feature_name,source_factor_id,source_factor,horizon,coverage,missing_rate,stale_rate,ic_mean,ic_std,icir,ic_hit_rate,ic_t_nw,ic_p_nw,rank_ic_mean,rank_ic_std,rank_icir,rank_ic_hit_rate,rank_ic_t_nw,rank_ic_p_nw,ic_days,rank_ic_days,nonoverlap_rank_ic_mean,nonoverlap_rank_ic_t,nonoverlap_rank_ic_p,pooled_beta,pooled_t_two_way_cluster,pooled_p_two_way_cluster,pooled_observations,group_spread,group_monotonicity,group_days,gross_annual_return,gross_sharpe,average_one_way_turnover,gross_max_drawdown,net_1bps_annual_return,net_1bps_sharpe,net_3bps_annual_return,net_3bps_sharpe,net_5bps_annual_return,net_5bps_sharpe,rank_ic_q_bh
tsmom_20,1,时间序列动量,1,0.9691262367385862,0.030873763261413778,0.0017582548575515557,-0.0004300755460476544,0.2832615710373617,-0.001518298244525828,0.501669449081803,-0.05353212793475039,0.9573079329495872,-0.009928867445911298,0.28213285817111244,-0.03519216978225727,0.48163606010016696,-1.2547535881615512,0.2095682256416176,1198,1198,-0.009928867445911298,-1.2547535881615512,0.2095682256416176,4.5720939532780056e-05,0.4090444255895612,0.6825070591133502,32387,0.00011873838775082433,0.7,1198,0.01496103685660386,0.1792545620836131,0.1961602671118531,-0.14396942481952157,0.010017798125385152,0.12002221274978533,0.00013132066294777102,0.0015731820784021038,-0.00975515679948963,-0.1168503367957876,
tsmom_20,1,时间序列动量,5,0.9691262367385862,0.030873763261413778,0.0017582548575515557,0.0013207975258692892,0.2669947058555832,0.004946905301499519,0.5041876046901173,0.09647375118114093,0.9231443201919914,-0.00530910309198301,0.2675879449756566,-0.01984059144542553,0.4966499162479062,-0.3923445370619267,0.6948036603695329,1194,1194,-0.010909086585035222,-0.6483964700835507,0.5167285528368708,0.00030194806969052523,0.8562361942639286,0.3918671461446048,32169,0.0009809996340061347,0.7,1194,,,,,,,,,,,0.8647349221757863
tsmom_20,1,时间序列动量,20,0.9691262367385862,0.030873763261413778,0.0017582548575515557,0.012427607733814256,0.26378122074746996,0.047113314960778745,0.5165394402035624,0.5454701283536775,0.585430219852427,-0.00019971553182047437,0.2578702742633532,-0.0007744806274821441,0.48261238337574214,-0.009127279487750342,0.9927175857276929,1179,1179,-0.012951732986800198,-0.45235973721323147,0.6510098474493207,0.0008851372892421447,1.0021756384372915,0.31625877158894367,31633,0.002676640738084771,0.39999999999999997,1179,,,,,,,,,,,
csmom_20,2,横截面动量,1,0.9821790439861724,0.017820956013827605,0.243741804744308,0.0019434425366096604,0.3097174385029965,0.006274888963318279,0.505008347245409,0.21896570066795754,0.8266767663085689,-0.009076089603128683,0.30501523993080754,-0.029756184003093048,0.493322203672788,-1.0532855837568664,0.292210124085146,1198,1198,-0.009076089603128683,-1.0532855837568664,0.292210124085146,7.367969841738904e-05,0.6023324864003717,0.5469528404355462,32478,0.00026291778260682916,0.09999999999999999,1198,0.03312764060846047,0.34463816193571445,0.18443238731218697,-0.12721108779192802,0.02847994444819334,0.2962545051274948,0.019184552127659134,0.19951684505451422,0.009889159807124912,0.10282157326069351,
csmom_20,2,横截面动量,5,0.9821790439861724,0.017820956013827605,0.243741804744308,0.007336551374488955,0.30394549489288003,0.024137720406333336,0.5159128978224455,0.47502258637762573,0.6347708745950067,0.0005108874195687556,0.29712314316655003,0.001719446738897689,0.516750418760469,0.0340497945553825,0.9728374433864773,1194,1194,-0.011252677491315493,-0.6091667859201512,0.5424138932619302,0.000490564333383298,1.2298011109683293,0.2187715921035892,32206,0.0019764261068705305,0.6,1194,,,,,,,,,,,0.9757595174076832
csmom_20,2,横截面动量,20,0.9821790439861724,0.017820956013827605,0.243741804744308,0.013772187591542593,0.2925113678933894,0.04708257217737293,0.5165394402035624,0.5447917546386846,0.5858967502132544,0.0038433880146611556,0.2798764766946343,0.01373244389829365,0.4944868532654792,0.16251795086891466,0.8708979934371472,1179,1179,-0.014502311767069221,-0.47615732633723257,0.6339622987406346,0.0010506643897471833,1.0096491725526462,0.31266340202159526,31653,0.0033057689049598394,0.7,1179,,,,,,,,,,,
trend_efficiency_20,3,趋势效率,1,0.9691262367385862,0.030873763261413778,0.0017582548575515557,0.002233587052651289,0.2510902882063461,0.008895553343009932,0.5183639398998331,0.3151504306009018,0.7526474398167312,0.004719633328625317,0.24046046255215045,0.019627481701286902,0.5233722871452421,0.7048296596500372,0.4809162484161853,1198,1198,0.004719633328625317,0.7048296596500372,0.4809162484161853,2.105197801721597e-05,0.1964925794280444,0.8442246402196774,32387,-7.272210818899117e-05,0.19999999999999998,1198,-0.009162985631812908,-0.12408173615699294,0.350361713967724,-0.20750209951016918,-0.017992100823799557,-0.24361143219335962,-0.03565033120777284,-0.4825661182980309,-0.05330856159174613,-0.7213585494318604,
trend_efficiency_20,3,趋势效率,5,0.9691262367385862,0.030873763261413778,0.0017582548575515557,-0.0038840254248827407,0.25133964648783064,-0.015453293895958422,0.4882747068676717,-0.31583445041754943,0.7521281678437118,-0.003387339346445224,0.24422820450470284,-0.013869566593730568,0.4932998324958124,-0.2931261535933647,0.769425726661485,1194,1194,-0.015245793658721089,-0.9608403588449318,0.3366324424454261,-1.5709417142863815e-05,-0.03729637769925066,0.9702486936623917,32169,-0.00024476710486511324,-0.19999999999999998,1194,,,,,,,,,,,0.8901199582946591
trend_efficiency_20,3,趋势效率,20,0.9691262367385862,0.030873763261413778,0.0017582548575515557,-0.0023648174502762776,0.24488427059214066,-0.009656877693932924,0.48091603053435117,-0.12480808513299572,0.9006754864353496,-0.0030514138612761053,0.230909974466964,-0.01321473387332026,0.47837150127226463,-0.18308601915049807,0.8547305254595639,1179,1179,0.011159287494763828,0.4624470980071593,0.6437607310532532,0.0003014746489168065,0.24150648094181523,0.8091625940593645,31633,0.0010881169203838437,0.6,1179,,,,,,,,,,,
realized_vol_20,24,已实现波动率,1,0.977708904517821,0.022291095482179002,0.002145666944808678,0.024021968005003537,0.3710100634860458,0.06474748361079709,0.5289735099337748,2.265019879802299,0.023511459604718614,0.019110240735527615,0.34607605357164495,0.05521977189205146,0.5223509933774835,1.9664485687070672,0.04924681778930323,1208,1208,0.019110240735527615,1.9664485687070672,0.04924681778930323,0.0002136691433069186,1.2040812548156887,0.2285581743396886,32674,0.00044514932856403215,0.8999999999999998,1208,0.056088815399068036,0.5307926660551817,0.0805739514348786,-0.1513049763316091,0.05405835182290911,0.5115819957465051,0.0499974246705912,0.4731576310574366,0.04593649751827332,0.4347297792654128,
realized_vol_20,24,已实现波动率,5,0.977708904517821,0.022291095482179002,0.002145666944808678,0.028117395547426653,0.3863590312560087,0.07277530295078193,0.5307308970099668,1.3915451912197818,0.1640601658357025,0.01692093284197283,0.35403139915408577,0.047795005986483986,0.5199335548172758,0.9260745732876157,0.35440722685005,1204,1204,0.014471698156059299,0.6711329017623229,0.5021358686331232,0.0008806133797231811,1.2610550639757367,0.20728900895318347,32452,0.0019184176746020124,0.8999999999999998,1204,,,,,,,,,,,0.6735026488980571
realized_vol_20,24,已实现波动率,20,0.977708904517821,0.022291095482179002,0.002145666944808678,0.04588251170741129,0.37652784165389247,0.12185688980095893,0.5508830950378469,1.1976129746761675,0.23106772263227027,0.02845246762041518,0.33404913245704726,0.08517449936522034,0.552565180824222,0.8503934121364939,0.3951063975619151,1189,1189,0.03676506252368321,0.8658448003074748,0.3865752774002701,0.0030391632247363386,1.1229919829672053,0.2614408993561118,31913,0.007230812358748933,0.8999999999999998,1189,,,,,,,,,,,
momentum_quality_20,41,动量质量,1,0.9691262367385862,0.030873763261413778,0.0017284539277625463,0.0007496171062902988,0.2820631473551456,0.0026576215763006294,0.4991652754590985,0.09408223529726835,0.9250438319603583,-0.010083285669383837,0.2813377446832678,-0.03584050082130174,0.48247078464106846,-1.2773849279817389,0.2014663832304785,1198,1198,-0.010083285669383837,-1.2773849279817389,0.2014663832304785,6.466052345062783e-05,0.5225522965938652,0.6012858444759119,32387,0.0001567619522865431,0.7,1198,0.019752005988104414,0.23611247017815187,0.19538119087367836,-0.13635653595542507,0.01482839997808772,0.1772527872138078,0.004981187958054339,0.05954001078352992,-0.004866024061979053,-0.0581595258676758,
momentum_quality_20,41,动量质量,5,0.9691262367385862,0.030873763261413778,0.0017284539277625463,0.002949294460469049,0.2615365667121197,0.011276795813089557,0.49581239530988275,0.2205424733592174,0.8254486976033892,-0.005208527233306301,0.2678183130153341,-0.019447987610197826,0.4932998324958124,-0.3846743758058137,0.7004786821799363,1194,1194,-0.011891216560095511,-0.7049742270184847,0.48082627530252453,0.00033569098454763995,0.8370750629007085,0.40255037652216275,32169,0.0011746852609332771,0.7,1194,,,,,,,,,,,0.8647349221757863
momentum_quality_20,41,动量质量,20,0.9691262367385862,0.030873763261413778,0.0017284539277625463,0.020047529040195997,0.26305666197976135,0.0762099271286974,0.5165394402035624,0.9061100214035128,0.364877621564232,-0.0006820879717255954,0.257623095392129,-0.002647619658041089,0.48430873621713316,-0.031230921928170684,0.9750853798038915,1179,1179,-0.015768163909601667,-0.5471962398881126,0.5842439191675748,0.0012156735003321162,1.3370834413540118,0.1811954015778593,31633,0.00286556350785096,0.39999999999999997,1179,,,,,,,,,,,
vol_managed_momentum_20,42,波动率管理动量,1,0.9691262367385862,0.030873763261413778,0.0017284539277625463,-0.004133998994950789,0.20487998776573876,-0.02017766127396314,0.5008347245409015,-0.69352631061926,0.4879793202087531,-0.01120292391541503,0.23311805150521078,-0.04805687008397381,0.47996661101836396,-1.6523274650246356,0.09846781332130804,1198,1198,-0.01120292391541503,-1.6523274650246356,0.09846781332130804,-4.631564310243533e-05,-0.6878951568983456,0.4915188066464691,32387,-0.0001397619821657764,-0.6,1198,-0.017610009752887824,-0.30372397313991856,0.20260155815247635,-0.15518011915666574,-0.022715569018330228,-0.39183868455559945,-0.03292668754921503,-0.5681228526427192,-0.04313780608009984,-0.7444557703720374,
vol_managed_momentum_20,42,波动率管理动量,5,0.9691262367385862,0.030873763261413778,0.0017284539277625463,-0.0011324182441167664,0.19927745968734553,-0.005682620833753416,0.5134003350083752,-0.11913957775849177,0.9051647755106719,-0.009236403834393786,0.23358754672122406,-0.039541507944415404,0.48911222780569513,-0.8290296207121983,0.40708764631172434,1194,1194,-0.007764720410803228,-0.5294697414810443,0.5964796294635422,2.649577050509588e-05,0.10331548738923686,0.9177125842366691,32169,-0.00015549993799783977,-0.39999999999999997,1194,,,,,,,,,,,0.7064167980115217
vol_managed_momentum_20,42,波动率管理动量,20,0.9691262367385862,0.030873763261413778,0.0017284539277625463,0.004515942379906392,0.19016752122987382,0.02374718012150738,0.5156912637828668,0.3008618457121683,0.7635198457752295,-0.002071198180700682,0.22550680647593077,-0.009184637098400616,0.49787955894826125,-0.11583850024518462,0.9077805371076653,1179,1179,-0.003211404479668652,-0.11057760595806891,0.9119513064199086,0.0004481830044142132,0.7627450692444686,0.4456154464595702,31633,0.0014032665403885172,0.09999999999999999,1179,,,,,,,,,,,
tsmom_60,1,时间序列动量,1,0.9342293479556563,0.06577065204434374,0.0015794492788174992,-0.005128025467248466,0.2810525088308609,-0.018245791466442816,0.4948186528497409,-0.6239881013288241,0.5326353993347971,-0.008930121101760892,0.27545863469992304,-0.03241910028156902,0.5025906735751295,-1.1241068162370182,0.2609677140056472,1158,1158,-0.008930121101760892,-1.1241068162370182,0.2609677140056472,-6.331811058766094e-05,-0.6327126207931847,0.5269213266126456,31187,-0.0003294110147977058,-0.7,1158,-0.04150578786451094,-0.5123165573674614,0.1285118019573978,-0.23801451512716554,-0.04474428527383735,-0.5523044771680579,-0.051221280092490204,-0.632281007014493,-0.05769827491114307,-0.712256124721474,
tsmom_60,1,时间序列动量,5,0.9342293479556563,0.06577065204434374,0.0015794492788174992,-0.015462393970680888,0.2797806131005531,-0.05526613799049653,0.4696707105719237,-1.0429939640816492,0.296951088271839,-0.01570275796834095,0.2758374684578516,-0.05692757425643339,0.46360485268630847,-1.0964867383509955,0.2728658237921844,1154,1154,-0.01724166364560453,-0.9856710336469987,0.3242945681522347,-0.0001662387287737117,-0.4482734149610584,0.6539558846456985,30980,-0.00034316738972490254,-0.49999999999999994,1154,,,,,,,,,,,0.6735026488980571
tsmom_60,1,时间序列动量,20,0.9342293479556563,0.06577065204434374,0.0015794492788174992,-0.03031167267657908,0.2812402030367051,-0.10777859050479727,0.4495171202809482,-1.0721673190900027,0.28364488638159724,-0.027893810413564583,0.2684114847848582,-0.10392182151193162,0.4591747146619842,-1.0488467397659653,0.29424866165912567,1139,1139,-0.017789773579247263,-0.5275608706406552,0.5978041575141504,-0.0008435008588940898,-0.5746830444360377,0.5655056767162934,30454,-0.0012629720732818324,-0.39999999999999997,1139,,,,,,,,,,,
csmom_60,2,横截面动量,1,0.9476099654309215,0.052390034569078536,0.3461079985695554,-0.00692092082031711,0.30301270269863223,-0.022840365300462205,0.5077720207253886,-0.7864101440664374,0.431627242454932,-0.011194045370228889,0.30012749594131916,-0.03729763357775639,0.4948186528497409,-1.297600000813419,0.19442482188547006,1158,1158,-0.011194045370228889,-1.297600000813419,0.19442482188547006,-0.00010335567334931615,-0.8535188780373645,0.39337162336416465,31319,-0.00023410045376659092,-0.6,1158,-0.029496657174590452,-0.3181005724762259,0.11286701208981001,-0.2292908013502959,-0.03234090587925367,-0.3487691546836112,-0.038029403288580094,-0.410101498875274,-0.043717900697906514,-0.4714262310387648,
csmom_60,2,横截面动量,5,0.9476099654309215,0.052390034569078536,0.3461079985695554,-0.01838546919071464,0.3084321709366282,-0.059609440658809215,0.48873483535528595,-1.1272010801744625,0.25965747390535265,-0.019795912634016984,0.3030991614873436,-0.06531167073137414,0.4731369150779896,-1.2554594764366218,0.20931201000256705,1154,1154,-0.024484422711023687,-1.2681704875766127,0.2047370738350146,-0.0002125465054381416,-0.4879024790179722,0.6256189184977388,31047,-0.0006142380975430815,-0.7,1154,,,,,,,,,,,0.649968873165866
csmom_60,2,横截面动量,20,0.9476099654309215,0.052390034569078536,0.3461079985695554,-0.02856528307655338,0.3083639020787801,-0.09263497732382302,0.47761194029850745,-0.9321882752474645,0.3512392337124972,-0.029906768677620304,0.2993537482885501,-0.09990444031050805,0.47761194029850745,-1.0110295463267822,0.31200228859031953,1139,1139,-0.023413758386535158,-0.6521968778710627,0.5142741737992116,-0.0007216890954029959,-0.46777797821319367,0.6399433704232842,30494,-0.0031915866202129623,-0.7,1139,,,,,,,,,,,
trend_efficiency_60,3,趋势效率,1,0.9342293479556563,0.06577065204434374,0.0015794492788174992,0.0034960120029464987,0.2673795623090295,0.013075090604366799,0.5094991364421416,0.4475817651407936,0.6544550656958565,-0.0002832246229143118,0.2535810573075289,-0.0011168997634189721,0.5120898100172712,-0.038840269591452634,0.9690177385518411,1158,1158,-0.0002832246229143118,-0.038840269591452634,0.9690177385518411,5.023244013751463e-05,0.4473529613604263,0.6546202331622415,31187,-4.860687678707943e-05,0.19999999999999998,1158,-0.006124466475172012,-0.08232886089416175,0.22646804835924006,-0.16500295100326523,-0.011831461293824857,-0.1590515031107028,-0.02324545093113056,-0.312506732915238,-0.03465944056843626,-0.46596452832903545,
trend_efficiency_60,3,趋势效率,5,0.9342293479556563,0.06577065204434374,0.0015794492788174992,-0.0025089737533677534,0.2652271150623841,-0.009459718146757421,0.5043327556325823,-0.18144739800350732,0.8560164180329181,-0.009211339236140526,0.25191974363384395,-0.03656457847753635,0.4913344887348354,-0.7262324183339095,0.46769630144595875,1154,1154,-0.008438837207310115,-0.5327089389848798,0.5942350773328267,4.646867140542077e-05,0.1119825403938867,0.9108372502349259,30980,-0.0005106349754694479,-0.19999999999999998,1154,,,,,,,,,,,0.7261600469818833
trend_efficiency_60,3,趋势效率,20,0.9342293479556563,0.06577065204434374,0.0015794492788174992,-0.006671879781514646,0.24340285994173813,-0.02741085204632211,0.49692712906057945,-0.2981351482229972,0.7656000162647983,-0.016364265647666094,0.226393557960754,-0.07228238203890451,0.4942932396839333,-0.8146484691782607,0.4152735578401404,1139,1139,-0.029638057714282764,-1.0299388879824305,0.30303869414289253,-7.167674680908403e-07,-0.0006013739928002396,0.9995201730047979,30454,-0.0005456020063297395,-0.3,1139,,,,,,,,,,,
realized_vol_60,24,已实现波动率,1,0.9597389438550483,0.04026105614495168,0.0023244725235427345,0.02095786118726177,0.37868000285526754,0.05534451523512827,0.5227272727272727,1.9366012857401311,0.05279410068549475,0.01722998125712457,0.35482540095332343,0.0485590411814715,0.5185185185185185,1.7215739342495844,0.08514672835366546,1188,1188,0.01722998125712457,1.7215739342495844,0.08514672835366546,0.00017173990498959925,0.9976035759625569,0.3184716263839057,32043,0.0003596625258527241,0.9999999999999999,1188,0.04531747825744323,0.4070916660470272,0.029910213243546577,-0.1651496188671695,0.04456374088370586,0.4003190696430682,0.04305626613623111,0.3867734383491342,0.041548791388756355,0.3732272937097632,
realized_vol_60,24,已实现波动率,5,0.9597389438550483,0.04026105614495168,0.0023244725235427345,0.02735903539880971,0.39679481956436186,0.06895008213274306,0.549831081081081,1.3079319839063976,0.19089638003333154,0.01921960789417686,0.3637923828107225,0.05283125431512025,0.5304054054054054,1.0138209914152303,0.31066817698314875,1184,1184,0.01909058414951038,0.8354884380107273,0.40344275412191666,0.0007834729443392926,1.1224380322809973,0.2616762413678534,31836,0.0018183045267420148,0.9999999999999999,1184,,,,,,,,,,,0.6735026488980571
realized_vol_60,24,已实现波动率,20,0.9597389438550483,0.04026105614495168,0.0023244725235427345,0.039012930527139694,0.3946614835472676,0.09885162893649138,0.5449101796407185,0.9473436866576868,0.3434636763917782,0.02989598961192719,0.35953276155417846,0.08315233772492281,0.5585970915312233,0.8050984481611849,0.42076287124818756,1169,1169,0.03277534077066513,0.70620077068333,0.4800632911807172,0.002804378854812596,0.9905581748526747,0.32190136930634794,31310,0.007386823493697906,0.9999999999999999,1169,,,,,,,,,,,
momentum_quality_60,41,动量质量,1,0.9342293479556563,0.06577065204434374,0.0015794492788174992,-0.005502955605204347,0.28651524834207515,-0.019206501702953974,0.5060449050086355,-0.6538435530820041,0.5132126036202448,-0.008841044237052823,0.2751822596930238,-0.032127958564317854,0.49740932642487046,-1.115577744755893,0.26460292281348385,1158,1158,-0.008841044237052823,-1.115577744755893,0.26460292281348385,-6.202683553850822e-05,-0.6102188007922122,0.5417168771703667,31187,-0.00029019244199375273,-0.6,1158,-0.03656424769121283,-0.4528526125555661,0.12700057570523893,-0.22753984948842343,-0.03976466219898486,-0.4925056279533593,-0.04616549121452889,-0.5718143372157155,-0.05256632023007294,-0.651124394300858,
momentum_quality_60,41,动量质量,5,0.9342293479556563,0.06577065204434374,0.0015794492788174992,-0.014852475300360709,0.285872170217929,-0.05195495346412426,0.47400346620450606,-0.977639053617207,0.32825287477740217,-0.01584946345778235,0.2751090867044283,-0.057611559282339145,0.46533795493934144,-1.1116394190644399,0.2662932167610338,1154,1154,-0.017370491212855745,-1.0003182519123162,0.3171565170791387,-0.00017634452090102188,-0.44119732012381097,0.6590701531486813,30980,-0.00019002632078347778,-0.49999999999999994,1154,,,,,,,,,,,0.6735026488980571
momentum_quality_60,41,动量质量,20,0.9342293479556563,0.06577065204434374,0.0015794492788174992,-0.029589147525344604,0.29154757452099617,-0.10148994576256955,0.44512730465320455,-1.0152161588061213,0.31000279960832855,-0.028156824892618545,0.2663547098053563,-0.10571175900435428,0.4547848990342406,-1.0686870850022536,0.28521069296756907,1139,1139,-0.017121221858063966,-0.516627331017084,0.6054163329286446,-0.000876766635245937,-0.592255634057707,0.5536794199835124,30454,-0.0011232307654392027,-0.39999999999999997,1139,,,,,,,,,,,
vol_managed_momentum_60,42,波动率管理动量,1,0.9342293479556563,0.06577065204434374,0.001490046489450471,0.007104446129897021,0.20092489003226519,0.03535871602943849,0.5103626943005182,1.2249600799668852,0.2205902617925899,0.0017877240681198323,0.23956964890501767,0.007462231030895789,0.5008635578583766,0.25816563055382125,0.7962790818584742,1158,1158,0.0017877240681198323,0.25816563055382125,0.7962790818584742,7.704256885916024e-05,1.1485174730680339,0.25075500399370076,31187,0.00031938172739499454,0.19999999999999998,1158,0.040242097651769296,0.6334704366422952,0.12419401266551525,-0.10187146679260928,0.03711240853259831,0.5842694540602856,0.03085303029425635,0.4858209894514376,0.024593652055914378,0.3873197173851444,
vol_managed_momentum_60,42,波动率管理动量,5,0.9342293479556563,0.06577065204434374,0.001490046489450471,0.00963911948009107,0.19505805910475396,0.04941666867973129,0.5207972270363952,0.980147821083788,0.3270131566478167,0.004915803234992859,0.24159796776390363,0.020347038845114462,0.5034662045060658,0.3977811369867707,0.6907915228880088,1154,1154,-0.00299031018242841,-0.18121894254058094,0.8561957267625394,0.00034290577923631286,1.291333725658611,0.1965879808279184,30980,0.0008054235573425926,0.09999999999999999,1154,,,,,,,,,,,0.8647349221757863
vol_managed_momentum_60,42,波动率管理动量,20,0.9342293479556563,0.06577065204434374,0.001490046489450471,0.008351594138071834,0.2018878789140307,0.041367486661386774,0.5074626865671642,0.4407333047346818,0.6594060825943042,0.0026234518511470493,0.246664838344617,0.010635694445763722,0.46093064091308167,0.11074011408453938,0.9118224351544137,1139,1139,0.015124460133534535,0.4488474232970062,0.65354172590567,0.0010581743827105133,1.0185984855879693,0.30839362355111166,30454,0.0026795048672703958,0.0,1139,,,,,,,,,,,
tsmom_120,1,时间序列动量,1,0.8832995589462391,0.11670044105376087,0.001639051138395518,-5.826566134619201e-05,0.2768384940038055,-0.00021046806209468498,0.5072859744990893,-0.007081246701729804,0.9943500298042289,-0.006262857681195791,0.2781108989465818,-0.022519281714301783,0.5136612021857924,-0.7704279616387217,0.44104607216137504,1098,1098,-0.006262857681195791,-0.7704279616387217,0.44104607216137504,-1.2615318859182522e-05,-0.09194027741097845,0.9267454902189295,29457,-0.00014769530083861152,-0.19999999999999998,1098,-0.01860960790566506,-0.22033235450851882,0.09174256223436553,-0.22710505251905833,-0.02092152047397106,-0.2477065150102277,-0.025545345610583088,-0.30245425277245885,-0.030169170747195103,-0.3572001459884059,
tsmom_120,1,时间序列动量,5,0.8832995589462391,0.11670044105376087,0.001639051138395518,0.0035254219291591016,0.27393749657355715,0.012869439099267166,0.5009140767824497,0.2382058597346708,0.8117214325058187,-0.0013949617593316782,0.27202282490797025,-0.005128105554390946,0.5073126142595978,-0.0974965689265247,0.9223320588512245,1094,1094,0.002806299528075622,0.1636728503363923,0.8699886915788082,0.00017516027038933044,0.36871838700624593,0.7123376421182647,29251,-1.6303993319418353e-05,0.09999999999999999,1094,,,,,,,,,,,0.9757595174076832
tsmom_120,1,时间序列动量,20,0.8832995589462391,0.11670044105376087,0.001639051138395518,0.012014730481754025,0.26477328834531744,0.045377426691488636,0.5199258572752549,0.41648167966809096,0.6770575705005244,0.008024548324954191,0.24865062950399286,0.03227238290512887,0.5245597775718258,0.3063285383860543,0.7593545124595963,1079,1079,0.027303380598399762,0.7665605035607129,0.443342865990923,0.0010009001768628881,0.5946319996635954,0.5520894852341798,28730,0.0023624209356532234,0.7,1079,,,,,,,,,,,
csmom_120,2,横截面动量,1,0.895756347598045,0.10424365240195499,0.40618667302419836,0.0007008489247705624,0.3053604661129379,0.0022951527867767687,0.517304189435337,0.07803971247941648,0.9377964633109619,-0.003488906736922528,0.30081895639059486,-0.011598028192054487,0.517304189435337,-0.3987449773610982,0.6900811233242962,1098,1098,-0.003488906736922528,-0.3987449773610982,0.6900811233242962,5.936530932800204e-06,0.03379128197388616,0.973043587954062,29587,2.829538666272322e-05,0.09999999999999999,1098,0.003565218719503132,0.03713214698868663,0.08907103825136613,-0.17988306580869107,0.0013206285555687066,0.01375386488880566,-0.003168551772300151,-0.03299615296644962,-0.007657732100168989,-0.07973674615728062,
csmom_120,2,横截面动量,5,0.895756347598045,0.10424365240195499,0.40618667302419836,0.009734156848358032,0.3075901912012811,0.031646512557314245,0.5164533820840951,0.5898961698427748,0.5552602621174234,0.0047026377490350275,0.29795646461971415,0.015782969351032766,0.5274223034734917,0.2994996122297416,0.764558867853233,1094,1094,0.009772483504179304,0.5286582016988268,0.5970425777066606,0.0004004144692986688,0.6747316270656695,0.4998462869352228,29328,0.0010559051933588313,0.9999999999999999,1094,,,,,,,,,,,0.8901199582946591
csmom_120,2,横截面动量,20,0.895756347598045,0.10424365240195499,0.40618667302419836,0.02890029390227641,0.2896537428817025,0.09977531660648895,0.5644114921223355,0.9441663010535217,0.3450846728703182,0.015435823608461113,0.27547469444189965,0.05603354471354784,0.5579240037071362,0.5433958507650615,0.5868572819078168,1079,1079,0.04638615606048556,1.2651038819290854,0.20583409152057452,0.0020067048056213754,1.0296282313277534,0.30318455743910877,28797,0.004280445981288223,0.7,1079,,,,,,,,,,,
trend_efficiency_120,3,趋势效率,1,0.8832995589462391,0.11670044105376087,0.001639051138395518,0.006456297337443824,0.26393605082012594,0.024461597108020046,0.5136612021857924,0.7988249391984487,0.4243919274841197,0.0014251933556239371,0.25777048479743864,0.005528923750691952,0.4972677595628415,0.18554094401997834,0.8528047690458574,1098,1098,0.0014251933556239371,0.18554094401997834,0.8528047690458574,6.922687187260012e-05,0.4708396643238035,0.6377552372703954,29457,-5.469429224168211e-05,0.19999999999999998,1098,-0.006891480822451963,-0.08884033877226846,0.16486035215543413,-0.22078508056325574,-0.01104596169676889,-0.142399769708304,-0.019354923445402773,-0.2495214698575632,-0.027663885194036654,-0.3566424384837439,
trend_efficiency_120,3,趋势效率,5,0.8832995589462391,0.11670044105376087,0.001639051138395518,-0.0048374779604180495,0.2708347770337746,-0.017861361873090578,0.48811700182815354,-0.32216293641140004,0.7473292612773464,-0.008905440871651552,0.25912167872341596,-0.034367795529594174,0.4689213893967093,-0.6340914530546207,0.5260211402942857,1094,1094,-0.012174097355958481,-0.716742054893159,0.4735332715294137,-2.7629794773624764e-05,-0.05488748858473624,0.9562280995164656,29251,-0.0007112710794813749,-0.09999999999999999,1094,,,,,,,,,,,0.7724085596295468
trend_efficiency_120,3,趋势效率,20,0.8832995589462391,0.11670044105376087,0.001639051138395518,-0.045090241023703174,0.2747654673514393,-0.1641044686522794,0.4457831325301205,-1.5724990872847198,0.11583485067101754,-0.038999012343424476,0.2591401988764668,-0.1504938736348484,0.4717330861909175,-1.4957810521708206,0.13471072057127298,1079,1079,-0.047598440299589734,-1.5122641369306333,0.13046668059154157,-0.0018564458624654495,-1.1966587080823299,0.23143960761985471,28730,-0.005690404849897645,-0.09999999999999999,1079,,,,,,,,,,,
realized_vol_120,24,已实现波动率,1,0.9347359637620694,0.06526403623793064,0.002980092978900942,0.02645140789929269,0.3838365904705257,0.06891320045039806,0.5267702936096719,2.387741829907191,0.01695224565275029,0.017287891680426198,0.35881579254682366,0.04818040911109066,0.5155440414507773,1.6931990370929002,0.09041758782927056,1158,1158,0.017287891680426198,1.6931990370929002,0.09041758782927056,0.0002425428514449801,1.2664704582947324,0.20534469942377143,31175,0.0005816980535023612,0.8999999999999998,1158,0.0732939547412975,0.643624311331588,0.01799078871617732,-0.12231082540854044,0.07284058686564986,0.639640159073966,0.07193385111435452,0.6316713705707261,0.07102711536305917,0.623701961763902,
realized_vol_120,24,已实现波动率,5,0.9347359637620694,0.06526403623793064,0.002980092978900942,0.03484480411080527,0.3989024915775149,0.08735168329735592,0.550259965337955,1.6300400830602753,0.10309302571569169,0.019747851901082043,0.3665402285076401,0.053876356168284595,0.5294627383015598,1.0171641159384945,0.309075363475282,1154,1154,0.014900817117565883,0.6367513194346895,0.5242868397440898,0.0009496179723218916,1.3522300425073381,0.17630173587262588,30956,0.002240238097185567,0.7999999999999999,1154,,,,,,,,,,,0.6735026488980571
realized_vol_120,24,已实现波动率,20,0.9347359637620694,0.06526403623793064,0.002980092978900942,0.030249604246947625,0.4058385537914602,0.07453605371975418,0.5425812115891132,0.698432385005539,0.4849068292740657,0.02166006410746201,0.3680329132688297,0.05885360609484515,0.5373134328358209,0.5576164884315017,0.5771062948189878,1139,1139,0.01764244829580582,0.3854885544615929,0.6998754847371929,0.0024321060365592702,0.8384793119162643,0.4017615619749264,30413,0.006365416056971346,0.8999999999999998,1139,,,,,,,,,,,
momentum_quality_120,41,动量质量,1,0.8832995589462391,0.11670044105376087,0.001639051138395518,-0.0036320979362365114,0.27503047004307585,-0.013206165613823241,0.5091074681238615,-0.43887435911504935,0.6607525767350084,-0.006025721556921062,0.2777983285416928,-0.021690992845612832,0.5100182149362478,-0.7422174276235455,0.45795561117319317,1098,1098,-0.006025721556921062,-0.7422174276235455,0.45795561117319317,-7.267822210577283e-05,-0.5283752324440858,0.5972389243991856,29457,-8.328776849649503e-05,-0.19999999999999998,1098,-0.010494258830558373,-0.12460244980236974,0.09151487553126897,-0.21589554777097086,-0.01280043369394635,-0.15198557475887206,-0.017412783420722312,-0.20675170698244935,-0.022025133147498255,-0.2615166175558962,
momentum_quality_120,41,动量质量,5,0.8832995589462391,0.11670044105376087,0.001639051138395518,-0.005345560804753382,0.27270670678173226,-0.019601867764227145,0.5018281535648994,-0.3592564842695296,0.7194032247664943,-0.0007908182370768246,0.2719388653018046,-0.002908073607643963,0.5127970749542962,-0.05531364934112371,0.955888588212978,1094,1094,0.0035631799401284496,0.20750419388558736,0.8356161177049422,-0.0001160398892576093,-0.24770529418154533,0.8043624353454576,29251,0.00010368924185067076,0.6,1094,,,,,,,,,,,0.9757595174076832
momentum_quality_120,41,动量质量,20,0.8832995589462391,0.11670044105376087,0.001639051138395518,0.0022111474301131084,0.26979545994368836,0.008195643583382086,0.5199258572752549,0.07557909485153357,0.9397539687765356,0.00897049474020488,0.24770968489494877,0.03621374248652885,0.5282669138090825,0.34378338571452355,0.7310091958118683,1079,1079,0.02936040119948166,0.8345100937619911,0.4039936018133925,0.0003581534124063639,0.24190306281341126,0.8088552768257511,28730,0.0022876980998963333,0.6,1079,,,,,,,,,,,
vol_managed_momentum_120,42,波动率管理动量,1,0.8832995589462391,0.11670044105376087,0.0015198474192394803,-0.0002231033773939535,0.20749758223057352,-0.001075209527723743,0.5,-0.03706977782286577,0.9704293692623216,-0.008175511582107355,0.24764838846509807,-0.03301257735928921,0.49271402550091076,-1.1355582497131662,0.2561414904054534,1098,1098,-0.008175511582107355,-1.1355582497131662,0.2561414904054534,-9.622545743657034e-06,-0.15035692693865466,0.8804830222037854,29457,-0.00026280452604096746,0.19999999999999998,1098,-0.0331133702811619,-0.4947614771818335,0.08949605343047967,-0.2585022171143724,-0.03536867082760999,-0.5284242588234493,-0.039879271920506165,-0.5957261669566123,-0.04438987301340234,-0.6629926333529157,
vol_managed_momentum_120,42,波动率管理动量,5,0.8832995589462391,0.11670044105376087,0.0015198474192394803,0.002333865424855374,0.20170223473299925,0.011570845647519961,0.5118829981718465,0.22633019413042876,0.8209446160904267,-0.008754399410643503,0.24515373930205694,-0.035709834308735956,0.5036563071297989,-0.676956161188565,0.4984337694520101,1094,1094,-0.00311889391246973,-0.18605298406068466,0.8524032113566087,-2.388045732553848e-05,-0.0913074718367793,0.9272482811244123,29251,-0.0012468209696736713,-0.19999999999999998,1094,,,,,,,,,,,0.7540408307094513
vol_managed_momentum_120,42,波动率管理动量,20,0.8832995589462391,0.11670044105376087,0.0015198474192394803,-0.0036945800662897543,0.20522972448072446,-0.01800216842680971,0.47914735866543096,-0.17447667824027202,0.8614908577116293,-0.008599247311337046,0.2519485443878082,-0.03413096643297441,0.48748841519925856,-0.3264702071604544,0.7440686267949949,1079,1079,-0.0254518016395411,-0.7155504544578953,0.4742689759794334,-0.00023494534352680322,-0.2169971473648564,0.8282105680504585,28730,-0.0049973981179368835,-0.19999999999999998,1079,,,,,,,,,,,
multi_horizon_trend,4,多周期趋势一致性,1,0.895756347598045,0.10424365240195499,0.743861008463464,-0.0003927709664475716,0.25272287073718125,-0.0015541567935734362,0.4981785063752277,-0.05296801912302593,0.9577573889711016,-0.007599908876383381,0.26442519527050823,-0.028741243316880744,0.4890710382513661,-0.9873389454774905,0.32347650436003483,1098,1098,-0.007599908876383381,-0.9873389454774905,0.32347650436003483,1.5748489641867092e-06,0.015556734355448947,0.9875880224845119,29587,-0.00017195720130542625,-0.3,1098,-0.021666607364483715,-0.30413343806030013,0.1860048573163327,-0.22458954938943465,-0.0263539297688553,-0.3698607343893165,-0.03572857457759848,-0.5012320733447067,-0.04510321938634163,-0.6324835692773714,
multi_horizon_trend,4,多周期趋势一致性,5,0.895756347598045,0.10424365240195499,0.743861008463464,0.006613597050862845,0.24755091098958312,0.026716108716485974,0.5173674588665448,0.5072017295380631,0.6120132816106598,0.0029646984372677238,0.2532197472394722,0.011708006463113565,0.5155393053016454,0.22788862045750413,0.8197328295415375,1094,1094,-0.005444696151476888,-0.32204007875291923,0.7474223320679907,0.00029459440595715295,0.8427385398171142,0.3993746877783474,29328,-0.00015434672700501763,0.19999999999999998,1094,,,,,,,,,,,0.918531428810988
multi_horizon_trend,4,多周期趋势一致性,20,0.895756347598045,0.10424365240195499,0.743861008463464,0.010957277034849243,0.23667682272677412,0.046296366955621206,0.5078776645041705,0.4766870938129596,0.6335849545428394,0.011462461856815313,0.24012389642426374,0.047735614936727594,0.5106580166821131,0.5094237014520874,0.6104552665133139,1079,1079,0.02962930701113895,0.8968845899336912,0.3697805038202767,0.0010219004189511607,0.8525499873026972,0.3939089072518107,28797,0.0014733424535897418,0.39999999999999997,1079,,,,,,,,,,,
carry,5,Carry,1,0.980897604005245,0.01910239599475505,0.0007748241745142449,0.010622587182071328,0.2602818873123484,0.040811857066810835,0.5229885057471264,1.4277528235049484,0.1533630160235878,0.022930770883254525,0.2422806956535524,0.09464547235758404,0.5402298850574713,3.369948402680928,0.0007518225988090149,1218,1218,0.022930770883254525,3.369948402680928,0.0007518225988090149,0.00012055586670388061,1.0205005675116607,0.3074911202487438,32840,0.0007337129848488434,0.8999999999999998,1218,0.09244783609095426,1.3041991903050887,0.3526683087027914,-0.10243017767032636,0.08356059471164391,1.1789291748959718,0.06578611195302322,0.9282967948457632,0.048011629194402515,0.6775635582371584,
carry,5,Carry,5,0.980897604005245,0.01910239599475505,0.0007748241745142449,0.007546293628703885,0.25181880126716344,0.029967157300132472,0.5362438220757826,0.6545192213662324,0.5127773476721063,0.02838458670253982,0.23365940113215494,0.12147847065004605,0.542833607907743,2.649494909282716,0.008061218669315631,1214,1214,0.03178549006411893,2.087210180379854,0.03686913963862338,0.00021439874623491856,0.4945811556060493,0.6208958068577566,32656,0.0018009560128370665,0.8999999999999998,1214,,,,,,,,,,,0.07768513098936757
carry,5,Carry,20,0.980897604005245,0.01910239599475505,0.0007748241745142449,0.035158460233833136,0.2587192105212586,0.13589427767268256,0.5788156797331109,1.592449929056059,0.11128364515748994,0.07186673053636342,0.238831148425567,0.3009102079445097,0.6080066722268557,3.608088187419395,0.00030846164991173,1199,1199,0.06887331493477027,2.5085912459768185,0.012121365770821022,0.001620142361643588,1.5639719243012142,0.1178241619369728,32171,0.006703799932334135,0.8999999999999998,1199,,,,,,,,,,,
curve_curvature,10,期限结构曲率,1,0.9657885326022172,0.0342114673977828,0.00014900464894504708,-0.010701432710983453,0.23537127343400555,-0.045466180111329385,0.47701149425287354,-1.5985947536121776,0.10991067622336781,-0.013582229858871035,0.21065411855953942,-0.06447645055196081,0.4638752052545156,-2.268721615343263,0.023285260281654743,1218,1218,-0.013582229858871035,-2.268721615343263,0.023285260281654743,-0.00014475789292872304,-1.0721562175419848,0.28364987185207824,32366,-0.0005485939942352732,-0.7,1218,-0.06912284327364443,-1.091864351299057,0.48585796387520525,-0.3895718236030502,-0.08136646396329959,-1.2853488653386655,-0.10585370534260996,-1.6723293971683906,-0.1303409467219203,-2.059275383319872,
curve_curvature,10,期限结构曲率,5,0.9657885326022172,0.0342114673977828,0.00014900464894504708,-0.0005369468667428461,0.2271268797287198,-0.002364083314947905,0.48599670510708404,-0.05978344362786951,0.9523281120600069,-0.010222193956722947,0.20417386581810018,-0.05006612337854231,0.48599670510708404,-1.281418990102586,0.20004653749102164,1214,1214,-0.00623668635210654,-0.49790363689327216,0.6185519637821605,4.481462359008406e-05,0.092123037591545,0.9266002849284296,32226,-0.0006748704520462808,-0.3,1214,,,,,,,,,,,0.649968873165866
curve_curvature,10,期限结构曲率,20,0.9657885326022172,0.0342114673977828,0.00014900464894504708,-0.004101155630715896,0.2295622618994584,-0.01786511248313141,0.4854045037531276,-0.3058574451542739,0.7597131880018935,-0.031019746356041156,0.20499985108639446,-0.1513159458002157,0.43286071726438696,-2.6708882706975428,0.007565082307085634,1199,1199,-0.026515672122868532,-0.8918924527064979,0.37245058038033685,0.0001500437771694087,0.12750900046416774,0.8985375499890681,31761,-0.0024242539081785267,-0.39999999999999997,1199,,,,,,,,,,,
term_structure_slope,44,期限结构斜率,1,0.980897604005245,0.01910239599475505,0.0,0.023301520225286802,0.295434413365331,0.07887205813248437,0.5402298850574713,2.7460852804168625,0.006031108397710035,0.02658842274910385,0.27034100929963967,0.09835142222034786,0.5435139573070608,3.4930502321038253,0.00047753667122512217,1218,1218,0.02658842274910385,3.4930502321038253,0.00047753667122512217,0.00023920443555570578,2.2027275211866493,0.02761395929825312,32840,0.0006957099292552205,0.9999999999999999,1218,0.08765945108615779,1.0677267478646797,0.0815407772304324,-0.10789621714750774,0.08560462349995092,1.04271822518552,0.0814949683275371,0.9926912433771417,0.07738531315512333,0.9426521948614711,
term_structure_slope,44,期限结构斜率,5,0.980897604005245,0.01910239599475505,0.0,0.04452755990910804,0.3107827892184165,0.14327550126276234,0.5584843492586491,2.780133632361485,0.005433653338210563,0.04741003806738689,0.28307777952689395,0.1674806060250401,0.5667215815485996,3.2181745871991865,0.0012900926590657213,1214,1214,0.05147764412756767,2.827995102048223,0.004684052318177808,0.0010856292857527488,2.191454888084677,0.028418890852578902,32656,0.002902207680573191,0.8999999999999998,1214,,,,,,,,,,,0.025371822294959184
term_structure_slope,44,期限结构斜率,20,0.980897604005245,0.01910239599475505,0.0,0.09338487297696321,0.3026435773138609,0.3085638684481881,0.6497080900750626,3.1046517421711637,0.0019050318235395677,0.10062185448865753,0.2749388576732165,0.36597902290062406,0.6630525437864887,3.7309100038844103,0.0001907893741005844,1199,1199,0.11287608241056518,3.2885998522058704,0.0010068706166646388,0.005002847754998343,2.7897638153939597,0.00527465041817273,32171,0.014009067669637994,0.8999999999999998,1199,,,,,,,,,,,
carry_change_5,6,Carry变化,1,0.9729109548217905,0.027089045178209537,0.0,0.012162988026963155,0.24319384692820106,0.05001355166092699,0.5309150865622424,1.7723751703571429,0.07633230063002253,0.008093680541148998,0.20957191321847046,0.03862006323677379,0.5218466611706513,1.3583821183114735,0.1743424653232779,1213,1213,0.008093680541148998,1.3583821183114735,0.1743424653232779,0.00016466573415511247,1.5532577731453217,0.12036156404597456,32601,0.0004500199564049065,0.09999999999999999,1213,0.05670251450701822,0.8831537685036291,0.5782495190986535,-0.08559648279797272,0.04213062662573215,0.6562092549891079,0.012986850863160013,0.20227955837459388,-0.016156924899412128,-0.2516446545257398,
carry_change_5,6,Carry变化,5,0.9729109548217905,0.027089045178209537,0.0,-0.00845550689219615,0.24097714282736554,-0.03508841873128864,0.48883374689826303,-1.0163854096270102,0.309445890786608,0.0008914515045288604,0.20638390784098093,0.0043193847517206865,0.49710504549214224,0.12363273344958332,0.9016060737635091,1209,1209,0.005406799490725936,0.41263315571584713,0.6798754056024282,-0.00021438947491220442,-0.7763911028712197,0.43751809630617733,32452,1.6207987455968385e-05,0.39999999999999997,1209,,,,,,,,,,,0.9757595174076832
carry_change_5,6,Carry变化,20,0.9729109548217905,0.027089045178209537,0.0,-0.009881101186365175,0.24914368415168453,-0.039660251553273684,0.47068676716917923,-1.1276443700972805,0.2594701401791676,0.0018338017807629722,0.21469606288216653,0.008541385231500186,0.5033500837520938,0.23040149998296758,0.8177797956884387,1194,1194,0.011484018757631949,0.4253326233890797,0.670594214840913,-0.0005755151235602754,-1.4851905121332254,0.13749336462997683,31993,-0.0011433994889809332,-0.3,1194,,,,,,,,,,,
basis_momentum_5,9,基差动量,1,0.9729109548217905,0.027089045178209537,0.0,0.016487114174877925,0.24284645601753468,0.06789110471386692,0.5234954657873042,2.422144668827468,0.01542920677298357,0.013250992204306682,0.20938516721782355,0.06328524785388291,0.5169002473206925,2.225496170678822,0.026047947910928758,1213,1213,0.013250992204306682,2.225496170678822,0.026047947910928758,0.00021478083004805004,2.3248570894063088,0.020079603134066863,32601,0.00040610530517227187,0.7,1213,0.05116926845170627,0.8005193221817439,0.5674154987633965,-0.10898524761185957,0.036870397882868666,0.5768231073296298,0.008272656745193487,0.1294186207482288,-0.020325084392481704,-0.31794188035675225,
basis_momentum_5,9,基差动量,5,0.9729109548217905,0.027089045178209537,0.0,-0.004799359255793161,0.2393360816648881,-0.020052802830260646,0.4913151364764268,-0.557727434589883,0.5770305208616647,0.0068416710607977875,0.20751146749274535,0.03297008663406505,0.5177832919768404,0.9053319173006192,0.36528957228369197,1209,1209,0.012862159462402399,0.9692798970536813,0.3324055566183959,-0.00015397731442861126,-0.6717439481419174,0.5017467179131447,32452,0.000160675316007509,0.39999999999999997,1209,,,,,,,,,,,0.6735026488980571
basis_momentum_5,9,基差动量,20,0.9729109548217905,0.027089045178209537,0.0,-0.008037499034651473,0.24243545487603024,-0.03315315013953492,0.4723618090452261,-0.920772381887863,0.35716927702806067,0.0029097043724528975,0.21090841302663949,0.013796056452643155,0.5108877721943048,0.3481117681991975,0.7277562466826364,1194,1194,0.0007680177837599084,0.02903278963014209,0.9768384392671232,-0.0005373171056549253,-2.350770436814523,0.018734588139058556,31993,-0.0011973792055087404,-0.3,1194,,,,,,,,,,,
term_structure_momentum_5,45,期限结构动量,1,0.9729109548217905,0.027089045178209537,0.0,0.02290689665774917,0.2674792021678551,0.08563991694342678,0.5325638911788954,3.004497634348742,0.0026601982752346913,0.02438231960365056,0.2244567043708245,0.10862816360062284,0.5474031327287716,3.7545617151285735,0.00017364505776230874,1213,1213,0.02438231960365056,3.7545617151285735,0.00017364505776230874,0.0002359943795088323,2.864819280305308,0.004172472902254754,32601,0.0006015123121779372,0.7999999999999999,1213,0.07579055133442007,1.090848124204427,0.345280296784831,-0.09393856669607759,0.06708948785544233,0.9655022815380777,0.04968736089748684,0.7148775051017858,0.03228523393953135,0.46436564888787557,
term_structure_momentum_5,45,期限结构动量,5,0.9729109548217905,0.027089045178209537,0.0,0.02891714784184927,0.26647131139926666,0.10851880335636331,0.5508684863523573,2.531549160844844,0.011355989733641,0.022295139000551602,0.2197884490802195,0.10143908423692553,0.5384615384615384,2.3423493330533325,0.019162769352751106,1209,1209,0.022324485336447764,1.4400144884074586,0.14986330005218335,0.0006114768380120919,2.3176122806981083,0.020470402174037162,32452,0.001285902957829345,0.9999999999999999,1209,,,,,,,,,,,0.1413254239765394
term_structure_momentum_5,45,期限结构动量,20,0.9729109548217905,0.027089045178209537,0.0,0.003946107946814689,0.2827449886207116,0.013956420469429423,0.5067001675041876,0.23411278564644747,0.8148974202164756,0.009579113127853832,0.24875228986478762,0.038508643008113325,0.5117252931323283,0.6425905737474766,0.520489801131105,1194,1194,-0.019153437073227177,-0.7991479754599353,0.42420461400956877,0.00019314263920732923,0.18153895044972795,0.8559445629932425,31993,0.0010571308863354721,0.3,1194,,,,,,,,,,,
term_structure_acceleration_5,46,期限结构加速度,1,0.9668315651448325,0.03316843485516752,0.0,0.01954103090912856,0.26389933125475334,0.07404729226185407,0.5347682119205298,2.593230412818155,0.009507904774637766,0.021654493790329184,0.22257015949703135,0.0972928888547524,0.5471854304635762,3.3999143633453293,0.0006740696083359059,1208,1208,0.021654493790329184,3.3999143633453293,0.0006740696083359059,0.00024821282104422,3.309957563687936,0.0009331011681948148,32407,0.0007545696796947586,0.9999999999999999,1208,0.09507577964153958,1.3790095279315047,0.4096302428256071,-0.10181019194336816,0.0847530975223343,1.2292002813829708,0.06410773328392368,0.9296129222555418,0.04346236904551309,0.6301009703148694,
term_structure_acceleration_5,46,期限结构加速度,5,0.9668315651448325,0.03316843485516752,0.0,0.020246777803718363,0.2717087047352163,0.07451648567332105,0.532392026578073,1.7879626461873268,0.07378203456046616,0.016354782990119537,0.23077410761352413,0.0708692286116811,0.5299003322259136,1.7009806191358936,0.08894662655736313,1204,1204,0.0010409970848423804,0.06819867790434403,0.9456274794024805,0.0004175966746292909,1.601013530516329,0.10937392234580667,32276,0.00130742808975419,0.9999999999999999,1204,,,,,,,,,,,0.3837787599180059
term_structure_acceleration_5,46,期限结构加速度,20,0.9668315651448325,0.03316843485516752,0.0,0.018926502852580154,0.2756383684407436,0.06866425367282984,0.5273338940285954,2.105402130474627,0.03525631850989886,0.013129470334332998,0.23790627101254455,0.05518757567193634,0.5374264087468461,1.5702106011337553,0.11636612406406208,1189,1189,0.0903340170296692,3.2491798509257044,0.001157382767814252,0.0006421885631856185,2.356841166304468,0.018431128444332784,31824,0.0013030699071174198,0.39999999999999997,1189,,,,,,,,,,,
carry_change_20,6,Carry变化,1,0.9590237215401121,0.04097627845988794,0.0,0.0013166047472611703,0.24466443374748667,0.005381267424508509,0.5091819699499165,0.18504419229860047,0.8531943736215246,0.005634707919546021,0.21065261907355803,0.026748814917788563,0.508347245409015,0.9381496098821445,0.34816752996579114,1198,1198,0.005634707919546021,0.9381496098821445,0.34816752996579114,5.836853327121785e-05,0.6852099842821795,0.49321142438359045,32137,0.00023828225892889466,0.3,1198,0.030023564625040723,0.48486695979721256,0.46566499721758486,-0.11038418629657165,0.018288806695157565,0.29535289549887705,-0.005180709164608712,-0.08366007985964977,-0.028650225024374983,-0.4626009321915492,
carry_change_20,6,Carry变化,5,0.9590237215401121,0.04097627845988794,0.0,-0.02133184871707554,0.24090006977459064,-0.0885506124470436,0.46901172529313234,-2.0422334406807416,0.041128380831898785,-0.009801014903212548,0.21285224851642937,-0.046046095221099065,0.4723618090452261,-1.129844683949056,0.25854167591897526,1194,1194,0.003627339652444255,0.2887744457558378,0.7727539887121107,-0.0005293854681653553,-1.45005468881785,0.14704326923826264,32003,-0.0010556486118110634,-0.09999999999999999,1194,,,,,,,,,,,0.6735026488980571
carry_change_20,6,Carry变化,20,0.9590237215401121,0.04097627845988794,0.0,-0.05030097615635652,0.2509304009451187,-0.20045787982205437,0.4164546225614928,-3.072484292608317,0.002122850052450198,-0.025684708271659067,0.22099748390105126,-0.11622172261091923,0.4529262086513995,-1.7768660287801672,0.0755902848830848,1179,1179,-0.013028696739976694,-0.3908748335027011,0.6958897570244726,-0.0027652854617884336,-2.904624037148685,0.003676944787184741,31554,-0.005769159748214923,-0.39999999999999997,1179,,,,,,,,,,,
basis_momentum_20,9,基差动量,1,0.9590237215401121,0.04097627845988794,0.0,0.0024764661269096933,0.23975042357643037,0.010329350371805358,0.5108514190317195,0.35652291217645155,0.7214489964522239,0.005644473118993477,0.20736502505999804,0.02721998619275517,0.503338898163606,0.9560787552860504,0.33903244716265113,1198,1198,0.005644473118993477,0.9560787552860504,0.33903244716265113,7.365739660175993e-05,1.0652124040505981,0.2867798216730134,32137,0.0002595212652347954,0.3,1198,0.03269967941958423,0.5223446375972615,0.4500278241513635,-0.11611845934077702,0.021358978250969878,0.3411621148701941,-0.0013224240862588451,-0.02111873821758331,-0.024003826423487563,-0.3832416068789102,
basis_momentum_20,9,基差动量,5,0.9590237215401121,0.04097627845988794,0.0,-0.016603052597150225,0.2359006694217259,-0.07038154083178334,0.4715242881072027,-1.625567431322344,0.10404170826145565,-0.006664892553179565,0.2152236937058957,-0.030967280778514912,0.48743718592964824,-0.7436711916649258,0.4570754220062536,1194,1194,-0.003925544093472679,-0.3166862616522811,0.7514816742683784,-0.00044533370551402433,-1.6236579819436967,0.10444882332999746,32003,-0.0006504679139387992,-0.39999999999999997,1194,,,,,,,,,,,0.7261600469818833
basis_momentum_20,9,基差动量,20,0.9590237215401121,0.04097627845988794,0.0,-0.0475935719434652,0.243930543826327,-0.1951111623698537,0.4181509754028838,-3.0303145013009685,0.002442992031465387,-0.021277210023600182,0.22089929811978976,-0.09632085843958603,0.453774385072095,-1.4454529402014868,0.1483307023831777,1179,1179,-0.021228636938747984,-0.7386939352301622,0.4600928693046694,-0.002532699182378085,-2.5650999893346373,0.01031460762084824,31554,-0.005393706002647296,-0.39999999999999997,1179,,,,,,,,,,,
term_structure_momentum_20,45,期限结构动量,1,0.9590237215401121,0.04097627845988794,0.0,0.008221605790935099,0.28401779017312373,0.028947502851577003,0.5350584307178631,0.9921730777327472,0.32111310311376506,0.008484411595818775,0.23898818974828606,0.03550138441884918,0.5175292153589316,1.2237148493218502,0.22105981593661028,1198,1198,0.008484411595818775,1.2237148493218502,0.22105981593661028,6.859516672772397e-05,0.5634779366210201,0.5731094798696297,32137,0.00034366150641954745,0.49999999999999994,1198,0.04330134980886297,0.6023777646137372,0.18195603784084588,-0.13417887268706286,0.03871605765527365,0.5385710354462924,0.029545473348095028,0.4109646957581077,0.02037488904091639,0.2833747397884015,
term_structure_momentum_20,45,期限结构动量,5,0.9590237215401121,0.04097627845988794,0.0,-0.003922285669351935,0.2872356365939963,-0.013655289141214859,0.5117252931323283,-0.27155267059224997,0.7859659956260892,0.005016325757249266,0.2435337624716169,0.020598071110710586,0.5159128978224455,0.4169862536167164,0.6766884624407032,1194,1194,0.011378664723624041,0.7061976300374959,0.4800652440084674,-0.00022321065542844215,-0.44385711805469685,0.6571458894611832,32003,0.0004826991998264142,0.0,1194,,,,,,,,,,,0.8647349221757863
term_structure_momentum_20,45,期限结构动量,20,0.9590237215401121,0.04097627845988794,0.0,-0.039533225167642516,0.2814404176841453,-0.14046747618179642,0.4410517387616624,-1.5938604647117236,0.11096729115644069,-0.015922629016845265,0.23119042451280042,-0.06887235511764749,0.44529262086513993,-0.8097919023309714,0.4180597874181071,1179,1179,-0.027540114278863544,-0.8629774343930912,0.38814987394805167,-0.002167468716140129,-1.0429361071636254,0.29697788537114045,31554,-0.0038539627218199665,-0.3,1179,,,,,,,,,,,
term_structure_acceleration_20,46,期限结构加速度,1,0.9402789367028251,0.05972106329717486,0.0,0.010800716406709609,0.28334223731704217,0.03811897763277801,0.533955857385399,1.3121847132624298,0.18945781843115994,0.011278291832196917,0.2472925498624857,0.04560708294070542,0.5254668930390493,1.5738762681548149,0.11551605739020947,1178,1178,0.011278291832196917,1.5738762681548149,0.11551605739020947,0.00011642776443389547,1.3501791112503154,0.17695853690403462,31517,0.0003530355682340804,0.8999999999999998,1178,0.044482481597494135,0.6004432259087346,0.20507215619694397,-0.13448531414940557,0.03931466326133114,0.5306823250512186,0.02897902658900516,0.3911565221447259,0.018643389916679184,0.2516334409819214,
term_structure_acceleration_20,46,期限结构加速度,5,0.9402789367028251,0.05972106329717486,0.0,0.01697974112344896,0.285452008769755,0.05948369814116383,0.5221465076660988,1.1893239553192954,0.23431221221270104,0.019621989117594805,0.24230612343343383,0.08098016195197537,0.5366269165247018,1.6567458392255008,0.09757087116559472,1174,1174,0.02208728599898972,1.421549405616196,0.15515710132687813,0.0003425663287632817,0.832725253993296,0.4049996983616797,31394,0.0012345369284466965,0.39999999999999997,1174,,,,,,,,,,,0.3837787599180059
term_structure_acceleration_20,46,期限结构加速度,20,0.9402789367028251,0.05972106329717486,0.0,-0.02781490213777855,0.28398665708496085,-0.09794439789281055,0.46937014667817084,-1.1599728414642918,0.24605986367849908,-0.00948744139502082,0.24611973231924164,-0.03854807294652292,0.48058671268334774,-0.46750212691372317,0.6401406707336299,1159,1159,-0.01608258962599034,-0.5288244733847389,0.5969272188158898,-0.0012268373213871703,-0.5538536553722319,0.5796790043903186,30947,-0.0019395022903558397,-0.09999999999999999,1159,,,,,,,,,,,
carry_change_60,6,Carry变化,1,0.924097031827393,0.075902968172607,0.0,0.0001757493534427631,0.24548112007025205,0.0007159383719304643,0.4913644214162349,0.02476484469208729,0.9802425323245051,0.0027103094899369735,0.22389962046488762,0.012105020474396069,0.5138169257340242,0.42505021942136256,0.670800065989458,1158,1158,0.0027103094899369735,0.42505021942136256,0.670800065989458,8.492380288366313e-07,0.006731236302709622,0.9946292910363769,30966,3.5984726866592557e-05,0.09999999999999999,1158,0.004534075585190655,0.06403729943761106,0.4114709268854347,-0.14673241076700805,-0.005834991772322287,-0.08242160735025443,-0.02657312648734821,-0.3754440151914552,-0.04731126120237412,-0.668580122856868,
carry_change_60,6,Carry变化,5,0.924097031827393,0.075902968172607,0.0,-0.023336627799364414,0.24036761128289158,-0.09708723931153625,0.4714038128249567,-2.1617182647419475,0.030639898919207136,-0.01235121391282479,0.21052464972425086,-0.05866873037909167,0.47746967071057195,-1.3628054717293239,0.17294382620703908,1154,1154,-0.029984825352531108,-2.3053165816586523,0.021148849541598395,-0.0005624832111670819,-1.2206415003141156,0.22222178605819964,30823,-0.0012369634132944252,-0.09999999999999999,1154,,,,,,,,,,,0.6002168086009003
carry_change_60,6,Carry变化,20,0.924097031827393,0.075902968172607,0.0,-0.046457659655299834,0.2403094189103962,-0.19332433937024512,0.43898156277436345,-2.5098545221100004,0.012078090862184155,-0.01712230255043133,0.2122225476281279,-0.0806808830720207,0.4872695346795435,-1.1046259747164457,0.2693216911955152,1139,1139,-0.0015322642001407787,-0.050218569187804506,0.9599482141509926,-0.002726362565540552,-1.7680997619803163,0.07704422724177011,30369,-0.006452823215538575,-0.09999999999999999,1139,,,,,,,,,,,
basis_momentum_60,9,基差动量,1,0.924097031827393,0.075902968172607,2.9800929789009416e-05,0.003896155989520684,0.24206424079576422,0.01609554544988729,0.4930915371329879,0.551933390060555,0.5809939907288252,0.002662004228624795,0.2244876992007083,0.011858129590631912,0.49740932642487046,0.41221286580674316,0.6801834078265966,1158,1158,0.002662004228624795,0.41221286580674316,0.6801834078265966,6.215385085401055e-05,0.4374643225441211,0.6617746447451347,30966,4.86790356724537e-05,0.0,1158,0.006133558494729168,0.08575843054690649,0.38982440990213013,-0.14358555738831513,-0.0036900166348045283,-0.05160144798618441,-0.023337166893871893,-0.3264439451700601,-0.04298431715293924,-0.6014256888233462,
basis_momentum_60,9,基差动量,5,0.924097031827393,0.075902968172607,2.9800929789009416e-05,-0.011620404116520218,0.24149552180437223,-0.04811850766298488,0.49740034662045063,-1.0569868902379338,0.29051757058905636,-0.004530290123182586,0.21422865954899212,-0.021146984407782052,0.5025996533795494,-0.48677557001686705,0.6264173847565275,1154,1154,-0.028431212464974806,-2.0081730836853193,0.044624902202048886,-0.0002802623067464038,-0.5598050079802797,0.5756124473733943,30823,-0.0008194074385086941,0.0,1154,,,,,,,,,,,0.8595029232705843
basis_momentum_60,9,基差动量,20,0.924097031827393,0.075902968172607,2.9800929789009416e-05,-0.032415527141496224,0.24107056277334277,-0.13446489180835267,0.44512730465320455,-1.680415259096358,0.0928765492113146,-0.012689554757677851,0.21483253816489276,-0.059067191897803205,0.4793678665496049,-0.79269722329717,0.4279542484706249,1139,1139,-0.0032447387256824612,-0.1110932000083351,0.9115424409715912,-0.0020292907797830723,-1.1985624431296602,0.2306981290816621,30369,-0.004893251894609259,-0.3,1139,,,,,,,,,,,
term_structure_momentum_60,45,期限结构动量,1,0.924097031827393,0.075902968172607,0.0,0.01074478370567084,0.25026273303162316,0.042934014087959035,0.5094991364421416,1.450575941952455,0.1468979784472336,0.009338412898382598,0.2235795556091446,0.041767740672621,0.531951640759931,1.4124424525970778,0.15781972395769794,1158,1158,0.009338412898382598,1.4124424525970778,0.15781972395769794,7.646248787477262e-05,1.1270805507099873,0.2597084256845802,30966,0.00014155658017133907,0.3,1158,0.01783612910158873,0.2625368338835896,0.11922855497985031,-0.15186012333536536,0.014831569516096493,0.21829617465680298,0.008822450345112047,0.12983187317412564,0.002813331174127585,0.04139410468613624,
term_structure_momentum_60,45,期限结构动量,5,0.924097031827393,0.075902968172607,0.0,0.011934745764585199,0.2596595301314149,0.0459630569251395,0.5303292894280762,0.8670495059004673,0.38591488527180806,0.00697137314033372,0.22139934188874422,0.03148777715805911,0.512998266897747,0.6177221771213663,0.536758490590024,1154,1154,0.003694556469532621,0.25545806521859166,0.7983693284183324,0.0002021100482711301,0.6235627505493537,0.5329147799163012,30823,0.0006465461248484853,0.0,1154,,,,,,,,,,,0.7724085596295468
term_structure_momentum_60,45,期限结构动量,20,0.924097031827393,0.075902968172607,0.0,0.006307775064275323,0.2674281879021386,0.02358679955825584,0.5399473222124671,0.24819374967935548,0.8039845021218189,0.006764958265577579,0.21960225997590463,0.030805503851917774,0.5311676909569798,0.33820313994080686,0.7352101098048942,1139,1139,0.015535308947287173,0.4899698250237549,0.6241552515523853,0.00010942295843028235,0.07533419704875585,0.9399488134674089,30369,0.002087373367597214,0.3,1139,,,,,,,,,,,
value_60,11,价值因子,1,0.9701096674216235,0.029890332578376477,0.0,0.0008184128222929195,0.27010298520215203,0.00303000287716331,0.4861227922624054,0.10567260545274076,0.915842116308005,0.010364844388200428,0.27647144425484077,0.037489746603437686,0.4945332211942809,1.3190887195367007,0.18713945393910603,1189,1189,0.010364844388200428,1.3190887195367007,0.18713945393910603,-5.959037243718728e-06,-0.06764298274548342,0.9460698384528262,32217,2.0093625174601156e-05,-0.09999999999999999,1189,0.0025317967719997543,0.03233426674996403,0.18341743762265209,-0.16440249588673994,-0.0020903226560910837,-0.026696882043774864,-0.011334561512272748,-0.14476798483427458,-0.02057880036845441,-0.2628458528489988,
value_60,11,价值因子,5,0.9701096674216235,0.029890332578376477,0.0,-0.0004684622046459418,0.2599834566600326,-0.0018018923613994657,0.4911392405063291,-0.035550412855827634,0.9716408481112041,-0.002938056883059068,0.26529849268401823,-0.011074532890612455,0.48270042194092827,-0.22096272981333534,0.8251214529997012,1185,1185,-0.009284288629552703,-0.5615176573552586,0.574444696565547,-0.00022713413441234962,-0.7165496368240255,0.4736520296067943,31945,-0.0006603657328576454,-0.7,1185,,,,,,,,,,,0.918531428810988
value_60,11,价值因子,20,0.9701096674216235,0.029890332578376477,0.0,-0.0037440371529722264,0.2509923499710389,-0.014916937322608586,0.48376068376068376,-0.16533558863912895,0.8686798485806667,-0.0011727182337261893,0.2499675368801394,-0.004691482135492311,0.5102564102564102,-0.0530905246100186,0.957659781072772,1170,1170,-0.02244040393660499,-0.7237375515958127,0.4692268745243311,-0.0007988574246957322,-0.8163514426573881,0.4142991600536019,31392,-0.002664753864869235,-0.6,1170,,,,,,,,,,,
value_120,11,价值因子,1,0.9459709142925259,0.05402908570747411,0.0,0.005099586664711841,0.2645495381945584,0.019276490518616737,0.49352890422778256,0.670635473335453,0.5024527785392862,0.011228647491168156,0.2719917824533332,0.04128303947232193,0.5090595340811044,1.4513530280228386,0.14668158228250594,1159,1159,0.011228647491168156,1.4513530280228386,0.14668158228250594,4.5665877029769064e-05,0.47630572651381425,0.6338565862629618,31347,2.7704805737872527e-07,0.49999999999999994,1159,3.490805522971637e-05,0.00046114798821490744,0.1276100086281277,-0.21209670695095617,-0.003180864162199092,-0.04201949550040257,-0.009612408597056738,-0.1269741756722427,-0.016043953031914384,-0.21191703219836092,
value_120,11,价值因子,5,0.9459709142925259,0.05402908570747411,0.0,0.008490340250346826,0.2554324636944909,0.03323908060684748,0.5142857142857142,0.6415346059882403,0.5211754045597196,0.010402082136072285,0.26127013367315627,0.03981351404322808,0.5142857142857142,0.7858480201484371,0.43195653004263934,1155,1155,0.0002708111082495339,0.016444004315744897,0.9868801741197166,-3.0821331459155447e-05,-0.08857587612560831,0.9294189807737465,31075,-0.0009562542971419749,-0.3,1155,,,,,,,,,,,0.7261600469818833
value_120,11,价值因子,20,0.9459709142925259,0.05402908570747411,0.0,0.010587122247391171,0.24528349794098167,0.04316279870543337,0.5307017543859649,0.44164249034288217,0.6587479315195106,0.015423334345294418,0.23850564679419609,0.06466653747029749,0.5482456140350878,0.6768008037710267,0.49853234811009706,1140,1140,0.0032189891173557204,0.10154878561276082,0.9191148323620548,-0.00023098116336443223,-0.17304903681095254,0.8626128832094115,30522,-0.00228794722971101,-0.09999999999999999,1140,,,,,,,,,,,
value_252,11,价值因子,1,0.8914352127786387,0.10856478722136131,0.0,0.0037682686484893217,0.2724004710078778,0.013833561427213332,0.494967978042086,0.4627907691445807,0.643514348429452,0.006553359007552237,0.27713618046139377,0.02364671042460711,0.5022872827081427,0.7990017648164403,0.42428938866882226,1093,1093,0.006553359007552237,0.7990017648164403,0.42428938866882226,6.35806766457594e-05,0.4632053607234975,0.6432171741024792,29442,-6.798486804066069e-06,0.09999999999999999,1093,-0.0008566093373123278,-0.010577352485861101,0.09748398902104301,-0.18292320776888393,-0.003313205860642608,-0.04091387626101701,-0.008226398907303178,-0.10159796295459317,-0.013139591953963739,-0.1622953549560441,
value_252,11,价值因子,5,0.8914352127786387,0.10856478722136131,0.0,0.004541060564487048,0.2658404423327151,0.01708190268056973,0.5215794306703397,0.31656664449181704,0.7515724488042916,0.007828868758858314,0.2660304412042005,0.029428469627086794,0.512396694214876,0.5606444557513011,0.5750399391998234,1089,1089,0.007846004745720026,0.4697947862946256,0.63850163970014,-1.972085762218359e-05,-0.04247888989928669,0.9661169399779463,29184,-0.0007948856664340803,-0.09999999999999999,1089,,,,,,,,,,,0.807794200304514
value_252,11,价值因子,20,0.8914352127786387,0.10856478722136131,0.0,0.0012859616719474486,0.25402457921537364,0.0050623513516664526,0.4962756052141527,0.04805313242946697,0.961673897926589,-0.0011524462323922902,0.24589032318110196,-0.0046868303619394406,0.49906890130353815,-0.0445686603661844,0.9644511232312242,1074,1074,1.2186621382020362e-05,0.00035458458072980465,0.9997170824434655,-0.0004572802076819677,-0.2726511638996206,0.7851213782855092,28657,-0.0037565391961983485,-0.49999999999999994,1074,,,,,,,,,,,
reversal_5,12,短期反转,1,0.9955298605316486,0.004470139468351397,0.011383955179401597,0.012578136884914404,0.3158580252674474,0.03982212221539751,0.5070074196207749,1.4388743793648653,0.1501861177479538,0.024799910530026198,0.2917217215860971,0.08501221779162883,0.5317394888705689,3.0602224210279294,0.0022117267231955102,1213,1213,0.024799910530026198,3.0602224210279294,0.0022117267231955102,8.703589985206623e-05,0.8341938532165625,0.4041717543591602,32916,0.00024131600894901863,0.8999999999999998,1213,0.030405817127576333,0.33685328612707094,0.3586287441604836,-0.11599971109768559,0.021368372774732136,0.2367489837897514,0.0032934840690437743,0.036494730703154926,-0.014781404636644617,-0.16380932390990502,
reversal_5,12,短期反转,5,0.9955298605316486,0.004470139468351397,0.011383955179401597,0.008782765991892753,0.29723995638475165,0.029547730051891864,0.5169561621174524,0.6484156304255994,0.5167161635012877,0.013395101228619033,0.27412687520957507,0.04886460409391903,0.5119933829611248,1.108299653850374,0.26773242492842253,1209,1209,0.026177660779238287,1.4848628817520484,0.1375801503935208,0.00015703956766138232,0.4506248265684539,0.6522599702883469,32634,0.0003733659377698915,0.7999999999999999,1209,,,,,,,,,,,0.6735026488980571
reversal_5,12,短期反转,20,0.9955298605316486,0.004470139468351397,0.011383955179401597,-0.02111526297810189,0.31463523454343606,-0.06711029363491991,0.474036850921273,-1.1259515744963464,0.26018601726710755,-0.00949460013920246,0.29136541764231705,-0.032586571927551544,0.48408710217755446,-0.5563250787255049,0.5779886459359462,1194,1194,0.010758073344280233,0.26925661935322526,0.7877322125049464,-0.001810855368240519,-2.168903186432194,0.030090034789111778,32073,-0.004254681204650345,-0.9999999999999999,1194,,,,,,,,,,,
oi_growth_5,18,持仓量增长,1,0.9837584932649899,0.016241506735010125,0.000715222314936226,-0.023011404089350346,0.24432695794520726,-0.09418282895541506,0.4666117065127782,-3.2888672033578765,0.0010059147266895977,-0.023156172615140105,0.22802435851478609,-0.10155131129834341,0.45919208573784004,-3.5913204214077767,0.00032900683928516205,1213,1213,-0.023156172615140105,-3.5913204214077767,0.00032900683928516205,-0.0003229834634232723,-3.7632831651305914,0.00016769713471648703,32873,-0.0008864010111558445,-0.9999999999999999,1213,-0.11168652740563638,-1.6535511075568277,0.34487496564990383,-0.4274338659513346,-0.12037737654001399,-1.7823845283035729,-0.13775907480876914,-2.0400714626720777,-0.15514077307752427,-2.297763871525787,
oi_growth_5,18,持仓量增长,5,0.9837584932649899,0.016241506735010125,0.000715222314936226,-0.040058204770307526,0.23991254023884437,-0.16697003303965552,0.4251447477253929,-3.84064317410975,0.00012271237696964856,-0.03803151418900376,0.22087577573007455,-0.17218508486634992,0.41687344913151364,-3.9554540297347835,7.638943662797194e-05,1209,1209,-0.03692822402145892,-2.5681378397655914,0.010224648988972941,-0.000996877962844712,-2.636834514706686,0.008368364496434735,32617,-0.002699037673930525,-0.9999999999999999,1209,,,,,,,,,,,0.0045069767610503445
oi_growth_5,18,持仓量增长,20,0.9837584932649899,0.016241506735010125,0.000715222314936226,-0.01887843708114341,0.23640407978512304,-0.07985664671397703,0.46733668341708545,-1.4020237065677659,0.1609081676279287,-0.02116339772205307,0.22775044044260997,-0.0929236302723461,0.4639865996649916,-1.595597056268891,0.11057878518996729,1194,1194,-0.021149530546082273,-0.8667846405019627,0.38606001932317113,-0.00041097567649370556,-0.5730626826812221,0.5666022531264765,32067,-0.00138568053535083,-0.7999999999999999,1194,,,,,,,,,,,
reversal_20,12,短期反转,1,0.9821790439861724,0.017820956013827605,0.01069853379425438,-0.0033014187514781835,0.3319260969516371,-0.00994624641387933,0.48580968280467446,-0.3465282785874549,0.7289457358963669,0.009076089603128683,0.30501523993080754,0.029756184003093048,0.506677796327212,1.0532855837568664,0.292210124085146,1198,1198,0.009076089603128683,1.0532855837568664,0.292210124085146,-0.00010269636905953464,-0.726779012598589,0.46736134177315314,32478,-0.0003919571329454124,-0.3,1198,-0.04938659875112197,-0.5085975995005148,0.18235948803561491,-0.27431038844698596,-0.053982057849619465,-0.5559937112178511,-0.06317297604661447,-0.6508166356635758,-0.07236389424360945,-0.7456778471032655,
reversal_20,12,短期反转,5,0.9821790439861724,0.017820956013827605,0.01069853379425438,-0.011198576612988256,0.32140635903839326,-0.03484242392245432,0.47738693467336685,-0.682084108864425,0.49518576833368544,-0.0005108874195687556,0.29712314316655003,-0.001719446738897689,0.4824120603015075,-0.0340497945553825,0.9728374433864773,1194,1194,0.011252677491315493,0.6091667859201512,0.5424138932619302,-0.000635230698939108,-1.5203213559537443,0.12843022920319658,32206,-0.0019204099213154613,-0.3,1194,,,,,,,,,,,0.9757595174076832
reversal_20,12,短期反转,20,0.9821790439861724,0.017820956013827605,0.01069853379425438,-0.015863478243824062,0.3158785602228122,-0.05022018028901485,0.4775233248515691,-0.5767329627868472,0.5641198614019293,-0.0038433880146611556,0.2798764766946343,-0.01373244389829365,0.5046649703138253,-0.16251795086891466,0.8708979934371472,1179,1179,0.014502311767069221,0.47615732633723257,0.6339622987406346,-0.0011474501885503166,-0.9497148488850026,0.3422571626881711,31653,-0.0033827814932031928,-0.7,1179,,,,,,,,,,,
oi_growth_20,18,持仓量增长,1,0.9698712599833115,0.030128740016688527,0.0007450232447252355,-0.00847604005429916,0.24954290581282743,-0.03396626334333348,0.4791318864774624,-1.2015338632076742,0.2295441788924104,-0.00993613656641704,0.23535873478053138,-0.04221698665945984,0.48831385642737896,-1.4841825310834968,0.13776050287958744,1198,1198,-0.00993613656641704,-1.4841825310834968,0.13776050287958744,-0.00014000870026303463,-1.6332048101466998,0.10242592866466416,32403,-0.00034591974318367056,-0.6,1198,-0.04358588764114248,-0.628321358167066,0.19980523094045632,-0.2638189157216313,-0.048620979460841984,-0.7008773140536146,-0.05869116310024099,-0.845957761019425,-0.06876134673963998,-0.9909883853937735,
oi_growth_20,18,持仓量增长,5,0.9698712599833115,0.030128740016688527,0.0007450232447252355,-0.011358401319356743,0.23976567627773504,-0.047372924664160945,0.48911222780569513,-0.9688691139741272,0.3326104974347006,-0.018233730368542363,0.22288828829402427,-0.08180658799124178,0.4631490787269682,-1.6889959354723871,0.09122020887150996,1194,1194,-0.020407052669352485,-1.499738654333784,0.13368211353271156,-0.00015627965430285015,-0.37662626334191024,0.7064513672936075,32161,-0.0005586280419494503,-0.49999999999999994,1194,,,,,,,,,,,0.3837787599180059
oi_growth_20,18,持仓量增长,20,0.9698712599833115,0.030128740016688527,0.0007450232447252355,0.022908564611133466,0.23305419718889753,0.09829715528601005,0.5241730279898219,1.2062596274680322,0.22771739921992296,0.01938114047177836,0.22792625952546278,0.08503250354798718,0.5284139100932994,1.069112829708653,0.28501883123401006,1179,1179,0.028897066956681223,0.977185069248493,0.32847753839381577,0.0018749404935717985,1.5304887177837172,0.1258958039960984,31619,0.005079873424517776,0.49999999999999994,1179,,,,,,,,,,,
price_oi_20,19,价格—持仓量交互,1,0.9698712599833115,0.030128740016688527,0.00020860650852306593,-0.005369262806072557,0.2816224962900016,-0.019065461306555367,0.498330550918197,-0.6670364837047388,0.5047488295925244,-0.0072810172276175115,0.24153366053869987,-0.030144938023869788,0.48497495826377296,-1.0560345367067687,0.2909524364117929,1198,1198,-0.0072810172276175115,-1.0560345367067687,0.2909524364117929,-3.644225460680623e-05,-0.3785085310039984,0.7050528575451678,32403,-0.00017025479030679519,-0.3,1198,-0.021452103578656206,-0.280978987664338,0.24970784641068444,-0.23037151101945985,-0.027744741308205454,-0.36345700692445465,-0.04033001676730394,-0.5284811441337202,-0.052915292226402455,-0.6935858452895665,
price_oi_20,19,价格—持仓量交互,5,0.9698712599833115,0.030128740016688527,0.00020860650852306593,-0.014178885783997962,0.2695422806635077,-0.05260356834962993,0.4798994974874372,-1.108524279609041,0.2676354593720578,-0.023109622749199945,0.23054091013069977,-0.10024087584324398,0.4581239530988275,-2.166771179142328,0.030252306073074033,1194,1194,-0.021109023553115315,-1.4601632393405277,0.14424521570721677,-0.00022495445753075916,-0.6264770980886024,0.5310020539255602,32161,-0.0017947469620505454,-0.7,1194,,,,,,,,,,,0.1784886058311368
price_oi_20,19,价格—持仓量交互,20,0.9698712599833115,0.030128740016688527,0.00020860650852306593,-0.02864948445222888,0.2645276034355409,-0.10830432847137664,0.43341815097540287,-1.386279187864226,0.16566166934930704,-0.04450998947269896,0.22739826114073133,-0.19573583918107798,0.3977947413061917,-2.6473265961318346,0.00811309563457742,1179,1179,-0.07360480093969282,-2.499565718893898,0.012434563338115124,-0.0011894536083152578,-0.8456306380177367,0.3977588283049238,31619,-0.0060131494109836965,-0.7,1179,,,,,,,,,,,
volume_shock_20,21,成交量冲击,1,0.9802419835498868,0.019758016450113214,0.00026820836810108475,-0.017777651843452386,0.2340839880448104,-0.07594561247841194,0.46605960264900664,-2.675206598878618,0.007468321140801158,-0.018312301606559386,0.2300362758957223,-0.07960614705334794,0.4652317880794702,-2.862358180226042,0.004205014004413377,1208,1208,-0.018312301606559386,-2.862358180226042,0.004205014004413377,-0.00022143882978523221,-2.2117538148428357,0.0269836798923553,32742,-0.000633699382992132,-0.8999999999999998,1208,-0.07984612225700863,-1.1689178211188265,0.5892384105960264,-0.3536884072262988,-0.09469493020402851,-1.3862085543065725,-0.12439254609806824,-1.8206394430859218,-0.15409016199210798,-2.254817515892384,
volume_shock_20,21,成交量冲击,5,0.9802419835498868,0.019758016450113214,0.00026820836810108475,-0.02160248172893002,0.23510820653180833,-0.09188314626528092,0.46511627906976744,-2.4152243342390594,0.015725520969107076,-0.02562897787683356,0.23350789585077306,-0.10975636512613761,0.4418604651162791,-2.9462476972805813,0.003216547086106238,1204,1204,-0.028821909398529803,-1.89311781997782,0.058342202875808886,-0.0005280624342404571,-1.2546627128116103,0.20960122708049123,32475,-0.0016826202603445206,-0.9999999999999999,1204,,,,,,,,,,,0.047444069520067016
volume_shock_20,21,成交量冲击,20,0.9802419835498868,0.019758016450113214,0.00026820836810108475,-0.006638034496648844,0.23925878587572802,-0.027744161922215328,0.48696383515559294,-0.5178363755092095,0.604572436427222,-0.010351812374665542,0.2367160208727035,-0.043730932686775505,0.4911690496215307,-0.8427094968992594,0.3993909345045461,1189,1189,-0.051627840231288503,-1.4553272312580248,0.14557869130112353,4.1926288870145663e-05,0.04992705262115038,0.9601805193075196,31923,-0.0007201861154252121,-0.49999999999999994,1189,,,,,,,,,,,
oi_surprise_20,52,持仓意外,1,0.9772618905709858,0.02273810942901422,0.00020860650852306593,-0.015560575670883413,0.21414122651608683,-0.07266501609261336,0.4788732394366197,-2.5163139453691894,0.011858949498116104,-0.016922157437795116,0.2209522396492316,-0.07658739945184333,0.45898922949461474,-2.6634300789105656,0.007734848484138777,1207,1207,-0.016922157437795116,-2.6634300789105656,0.007734848484138777,-0.00021638072392158542,-2.977089167547135,0.0029099936233549484,32667,-0.0008762503266393328,-0.7,1207,-0.11040754115655596,-1.6603121735505681,0.7492543496271747,-0.4541120497176526,-0.1292887507671608,-1.9440018450721503,-0.16705116998837036,-2.511090730613062,-0.20481358920957995,-3.0777365378198267,
oi_surprise_20,52,持仓意外,5,0.9772618905709858,0.02273810942901422,0.00020860650852306593,-0.016483235318428647,0.21689779693105563,-0.07599540222009771,0.45885286783042395,-2.657584293203565,0.00787029059829412,-0.0145197970023559,0.217162519920959,-0.06686143174080267,0.4779717373233583,-2.260731563575064,0.02377588469161982,1203,1203,-0.0008349034790585772,-0.06225946045658859,0.9503562116840883,-0.0005223625582922442,-3.3046596012760125,0.0009509181638789645,32426,-0.001470520571893224,-0.8999999999999998,1203,,,,,,,,,,,0.1558641329783966
oi_surprise_20,52,持仓意外,20,0.9772618905709858,0.02273810942901422,0.00020860650852306593,-0.025063719405635204,0.21974285199399568,-0.11405931605147299,0.45454545454545453,-3.4846178282771065,0.0004928404145950315,-0.020779345884709866,0.2211003878198114,-0.09398149903583282,0.4654882154882155,-2.8617453367383603,0.004213152848836896,1188,1188,-0.02267924859304169,-0.8016496789909788,0.42275563188833776,-0.0012120791693172302,-2.985480947570532,0.0028313277499430528,31889,-0.0031384047948960067,-0.9999999999999999,1188,,,,,,,,,,,
volume_shock_60,21,成交量冲击,1,0.962152819167958,0.03784718083204197,0.00026820836810108475,-0.012483674259263383,0.24018694883937108,-0.05197482344310075,0.49663299663299665,-1.7983936663686715,0.07211464574742854,-0.01086642676930143,0.23366542276094088,-0.04650421376387676,0.49747474747474746,-1.6325674694368977,0.10255999764976025,1188,1188,-0.01086642676930143,-1.6325674694368977,0.10255999764976025,-0.00015495103474284742,-1.5245780656274526,0.12736437178139065,32137,-0.00031469947191486286,-0.7,1188,-0.03965213346127272,-0.5637341384337539,0.4828843995510662,-0.25194954416630566,-0.05182082032995959,-0.736671649409798,-0.07615819406733333,-1.0824219362602223,-0.10049556780470706,-1.427970140556525,
volume_shock_60,21,成交量冲击,5,0.962152819167958,0.03784718083204197,0.00026820836810108475,-0.007410030941511459,0.24026131327782288,-0.030841548480770066,0.4890202702702703,-0.7047753666276098,0.4809500406522641,-0.009525625236832131,0.23868456831055423,-0.03990884414629718,0.4847972972972973,-0.9264869684683563,0.3541929663254435,1184,1184,-0.014601911498463224,-0.9218288269976515,0.35661786841468424,-0.0001449948937829278,-0.3654209669472258,0.7147971924564721,31879,-0.0003446324354772155,-0.7,1184,,,,,,,,,,,0.6735026488980571
volume_shock_60,21,成交量冲击,20,0.962152819167958,0.03784718083204197,0.00026820836810108475,0.023800813501174713,0.24694939851397235,0.0963793135127967,0.5209580838323353,1.2762716825659444,0.20185949667993142,0.01815929194679084,0.24102802737635465,0.07534099724608337,0.5278015397775877,1.028646080302212,0.30364601592600915,1169,1169,0.01040024719744182,0.32041554689569046,0.7486533415886902,0.0014775570992985989,1.3950890347020333,0.16298899239735487,31330,0.004153792643881793,0.9999999999999999,1169,,,,,,,,,,,
oi_surprise_60,52,持仓意外,1,0.9595899392061032,0.04041006079389675,5.960185957801883e-05,-0.022417517044468944,0.21696311666966075,-0.10332409207875155,0.4633529907329402,-3.5419901870922295,0.0003971202471551873,-0.023991951576759464,0.2248859422994385,-0.10668497697741317,0.45577085088458297,-3.688263734849508,0.0002257895501568102,1187,1187,-0.023991951576759464,-3.688263734849508,0.0002257895501568102,-0.00029342070733915645,-3.408528352834231,0.0006531429743279672,32074,-0.0008894548984236545,-0.8999999999999998,1187,-0.11207131720138047,-1.7075850250725588,0.7369418702611626,-0.447349434603427,-0.13064225233196175,-1.9904309993811782,-0.16778412259312434,-2.55594596410315,-0.20492599285428695,-3.121164867669875,
oi_surprise_60,52,持仓意外,5,0.9595899392061032,0.04041006079389675,5.960185957801883e-05,-0.024498629931667827,0.2175072495253643,-0.11263362478780715,0.452240067624683,-3.8292031453724804,0.0001285588544845009,-0.02273941502058213,0.21740769311288802,-0.10459342397223627,0.4556213017751479,-3.4644812020737406,0.0005312552673853853,1183,1183,-0.008178086039282027,-0.6029566481975087,0.5465375292745505,-0.0007110345371752596,-4.362093812301225,1.2882360616798497e-05,31839,-0.00180349793735563,-0.9999999999999999,1183,,,,,,,,,,,0.015672030387868865
oi_surprise_60,52,持仓意外,20,0.9595899392061032,0.04041006079389675,5.960185957801883e-05,-0.02152395823757266,0.21913412309955146,-0.09822275934540071,0.4400684931506849,-2.920479766712153,0.0034949289064083408,-0.017454528230390298,0.22259344655176916,-0.07841438506290818,0.473458904109589,-2.2960669086126315,0.02167205601994863,1168,1168,-0.012035974934864479,-0.4021330704127452,0.6875860957491475,-0.0010387553953268675,-2.5548189182432215,0.010624305310838937,31297,-0.0015080348204683093,-0.7999999999999999,1168,,,,,,,,,,,
amihud_20,22,Amihud非流动性,1,0.977708904517821,0.022291095482179002,0.0016092502086065086,0.02939111874968356,0.2615376388076799,0.1123781604960353,0.5281456953642384,3.7803268891464317,0.00015662258707508148,0.006449323019897428,0.20157790154914165,0.03199419663729945,0.5140728476821192,1.1022346282036333,0.27035968112814535,1208,1208,0.006449323019897428,1.1022346282036333,0.27035968112814535,0.0003831648074551731,1.51886696621855,0.12879598548730148,32674,0.0002600564554589119,0.39999999999999997,1208,0.03276711338782289,0.5276478622499895,0.046192052980132445,-0.13242602017489213,0.03160307365272356,0.5089409336908084,0.029274994182524872,0.47151561012494425,0.026946914712326214,0.4340758325270624,
amihud_20,22,Amihud非流动性,5,0.977708904517821,0.022291095482179002,0.0016092502086065086,0.0421046405122752,0.25449170340562094,0.1654460241682882,0.5382059800664452,3.1367997727894,0.0017080272859017222,0.008720194786421937,0.19950099726021536,0.0437100310583807,0.5141196013289037,0.8641861140412319,0.3874856590528858,1204,1204,0.002250307521447885,0.19204096539107812,0.8477101168417813,0.0012193948633853415,1.8708949375229567,0.06135964485662704,32452,0.0005792279558573877,0.39999999999999997,1204,,,,,,,,,,,0.6927773904278868
amihud_20,22,Amihud非流动性,20,0.977708904517821,0.022291095482179002,0.0016092502086065086,0.0490389740987693,0.20852616503745033,0.23516940471217185,0.5651808242220353,2.4467484674583315,0.014415140053529257,0.012861978207530834,0.18271136891322484,0.07039506235454553,0.5290159798149706,0.7337989564442515,0.4630712766739137,1189,1189,0.015972078368630096,0.687036336801219,0.49205983058240244,0.002899713821619084,2.3850085897405333,0.017078722573433156,31913,0.0022396466494308213,0.39999999999999997,1189,,,,,,,,,,,
volume_oi_turnover,23,成交量—持仓量换手率,1,0.9904041006079389,0.009595899392061069,0.0008046251043032543,-0.0013373776927947656,0.28856183638471034,-0.004634631209553903,0.49835796387520526,-0.1642825750198169,0.8695086984428132,-0.0002443775479419691,0.2935805308597577,-0.0008324037947145319,0.5041050903119869,-0.02949612436654796,0.976468909905681,1218,1218,-0.0002443775479419691,-0.02949612436654796,0.976468909905681,-9.866752894907258e-05,-0.920565503590634,0.357277319421321,33062,-0.000415576853945531,-0.7,1218,-0.05236268359713691,-0.6362243770909463,0.2751094690749863,-0.2753274442395035,-0.05929544221782655,-0.720499366300976,-0.07316095945920587,-0.8890636060931322,-0.08702647670058518,-1.0576382975875693,
volume_oi_turnover,23,成交量—持仓量换手率,5,0.9904041006079389,0.009595899392061069,0.0008046251043032543,-0.005319203493961558,0.29523713291799264,-0.01801671572064433,0.514827018121911,-0.3550994164852485,0.7225151137787669,0.00045432344435630194,0.2987646827671673,0.0015206731938606159,0.5024711696869851,0.03038561464743982,0.9757595174076832,1214,1214,-0.0012625211982522564,-0.0669961333004445,0.9465847814652091,-0.0002414380019057457,-0.5763174666857076,0.5644006188750417,32779,-0.0007484992202393808,-0.3,1214,,,,,,,,,,,0.9757595174076832
volume_oi_turnover,23,成交量—持仓量换手率,20,0.9904041006079389,0.009595899392061069,0.0008046251043032543,-0.010761958321969679,0.2970804121826781,-0.03622574185521201,0.49791492910758967,-0.3712537261322634,0.7104485601485113,0.008652339610897028,0.29235873209770047,0.029594941628100876,0.5054211843202668,0.31113780140231584,0.7556958649591782,1199,1199,0.025806001150828737,0.7111077982275139,0.4770174379446317,-0.0008343581128650793,-0.5364938757339606,0.5916172674006124,32213,-0.0006936143578136406,-0.09999999999999999,1199,,,,,,,,,,,
low_vol_20,25,低波动,1,0.977708904517821,0.022291095482179002,0.49964238884253187,-0.021925919482886944,0.34706802085691263,-0.06317470399246736,0.4759933774834437,-2.2196305110949965,0.026443859374332197,-0.019110240735527615,0.34607605357164495,-0.05521977189205146,0.4768211920529801,-1.9664485687070672,0.04924681778930323,1208,1208,-0.019110240735527615,-1.9664485687070672,0.04924681778930323,-0.00019333984496483692,-1.1864790707151616,0.23543316193182806,32674,-0.0004072871796348106,-0.8999999999999998,1208,-0.05131818463398612,-0.466841496051285,0.08044977924944813,-0.32549547615946506,-0.05334551907107222,-0.4852752192022748,-0.05740018794524441,-0.5221386919968592,-0.061454856819416585,-0.5589964118620662,
low_vol_20,25,低波动,5,0.977708904517821,0.022291095482179002,0.49964238884253187,-0.027333510982821538,0.3590096758386086,-0.0761358615724586,0.4634551495016611,-1.4695913920947543,0.14167245300379103,-0.01692093284197283,0.35403139915408577,-0.047795005986483986,0.48006644518272423,-0.9260745732876157,0.35440722685005,1204,1204,-0.014471698156059299,-0.6711329017623229,0.5021358686331232,-0.0007790257428388988,-1.1992341219541347,0.2304369228131169,32452,-0.0019816684616790555,-0.9999999999999999,1204,,,,,,,,,,,0.6735026488980571
low_vol_20,25,低波动,20,0.977708904517821,0.022291095482179002,0.49964238884253187,-0.04451578613116277,0.34556296494686045,-0.12882105620898426,0.43650126156433977,-1.26961074927344,0.20422331852102515,-0.02845246762041518,0.33404913245704726,-0.08517449936522034,0.447434819175778,-0.8503934121364939,0.3951063975619151,1189,1189,-0.03676506252368321,-0.8658448003074748,0.3865752774002701,-0.0026912136168966215,-1.050148881261045,0.29364966781602875,31913,-0.007584055725863178,-0.9999999999999999,1189,,,,,,,,,,,
low_vol_60,25,低波动,1,0.9597389438550483,0.04026105614495168,0.7144474907617118,-0.01926187876047135,0.3570543296208729,-0.05394663266210489,0.49242424242424243,-1.890542280390835,0.05868547147552904,-0.01722998125712457,0.35482540095332343,-0.0485590411814715,0.48148148148148145,-1.7215739342495844,0.08514672835366546,1188,1188,-0.01722998125712457,-1.7215739342495844,0.08514672835366546,-0.00015965319458959584,-0.9503493928674034,0.34193474923649303,32043,-0.0005512807848393493,-0.9999999999999999,1188,-0.06946137888975806,-0.5950632197688491,0.030751964085297418,-0.3764267764486531,-0.07023632838470753,-0.6017152252448897,-0.0717862273746065,-0.6150192443683767,-0.07333612636450551,-0.6283232119448369,
low_vol_60,25,低波动,5,0.9597389438550483,0.04026105614495168,0.7144474907617118,-0.024935888280789152,0.3722929239200045,-0.06697921630696152,0.46283783783783783,-1.2791546646366938,0.2008425968779357,-0.01921960789417686,0.3637923828107225,-0.05283125431512025,0.46875,-1.0138209914152303,0.31066817698314875,1184,1184,-0.01909058414951038,-0.8354884380107273,0.40344275412191666,-0.0007116492728261583,-1.0431886795664531,0.29686091542621185,31836,-0.0022591727505454945,-0.9999999999999999,1184,,,,,,,,,,,0.6735026488980571
low_vol_60,25,低波动,20,0.9597389438550483,0.04026105614495168,0.7144474907617118,-0.037167449601907175,0.3683500037377768,-0.10090253624204157,0.4482463644140291,-0.9692322473534276,0.33242932500301126,-0.02989598961192719,0.35953276155417846,-0.08315233772492281,0.4405474764756202,-0.8050984481611849,0.42076287124818756,1169,1169,-0.03277534077066513,-0.70620077068333,0.4800632911807172,-0.0025095260709011103,-0.9183520982450233,0.3584345602577125,31310,-0.007840880061105076,-0.9999999999999999,1169,,,,,,,,,,,
realized_skew_60,26,已实现偏度,1,0.9597389438550483,0.04026105614495168,0.001430444629872452,-0.011156314071491466,0.22643604427733952,-0.049269161661502886,0.4882154882154882,-1.7543527326684345,0.07937008523805254,-0.008004929136939003,0.2280963706513554,-0.035094504634510436,0.4898989898989899,-1.2550196780074265,0.20947161659024838,1188,1188,-0.008004929136939003,-1.2550196780074265,0.20947161659024838,-0.00013498744558622578,-1.4458675005349892,0.1482143689560175,32043,-0.0003434851264966173,-0.6,1188,-0.043279125938573776,-0.6677889377557188,0.08416105499438832,-0.2253279466383764,-0.04539998452443235,-0.7005224123572488,-0.04964170169614952,-0.7659815094215914,-0.053883418867866684,-0.8314271794969998,
realized_skew_60,26,已实现偏度,5,0.9597389438550483,0.04026105614495168,0.001430444629872452,-0.027588758219084335,0.21977739827222192,-0.12553046143949795,0.43327702702702703,-2.443674776961579,0.014538525714296754,-0.029515360021825535,0.2226970258595795,-0.13253594163595295,0.43243243243243246,-2.6039031440052853,0.009216879947891067,1184,1184,-0.021929711331719188,-1.515409376865149,0.12966876423665258,-0.0005344261578403203,-1.2422259725371618,0.21415319944694844,31836,-0.0019774724939936564,-0.9999999999999999,1184,,,,,,,,,,,0.07768513098936757
realized_skew_60,26,已实现偏度,20,0.9597389438550483,0.04026105614495168,0.001430444629872452,-0.03148606615108395,0.2208957924403208,-0.142538098183063,0.4491017964071856,-1.4361976759060364,0.15094610017754906,-0.03212333232450633,0.21886703756955458,-0.1467709924766434,0.4499572284003422,-1.5514579037809384,0.12079198804806934,1169,1169,-0.03562994314601562,-1.3934738083114946,0.16347655993252697,-0.0014113714125096142,-0.9517556260664798,0.34122093117062413,31310,-0.004735923373947288,-0.7,1169,,,,,,,,,,,
realized_skew_120,26,已实现偏度,1,0.9347359637620694,0.06526403623793064,0.0016986529979735369,-0.009375410289117524,0.2250190021178847,-0.04166497140630755,0.4913644214162349,-1.4629389265547121,0.14348409126558892,-0.011681516300030243,0.23157909261496323,-0.05044287965776171,0.48618307426597585,-1.7816672974227243,0.07480350284207023,1158,1158,-0.011681516300030243,-1.7816672974227243,0.07480350284207023,-0.0001207306457386322,-1.1847440701340333,0.23611865221740092,31175,-0.00027317754979765444,-0.8999999999999998,1158,-0.034420371274504466,-0.5310581737524759,0.059081750143926304,-0.26226135255700855,-0.035909231378131415,-0.5540021291711887,-0.0388869515853853,-0.5998770693270801,-0.04186467179263918,-0.645733130982785,
realized_skew_120,26,已实现偏度,5,0.9347359637620694,0.06526403623793064,0.0016986529979735369,-0.021603286142151183,0.21766310055110802,-0.0992510264140001,0.44974003466204504,-1.9065420718658408,0.0565799126250573,-0.02999547588144971,0.22501690097989444,-0.13330321300678585,0.4324090121317158,-2.6137781325005767,0.008954716560666466,1154,1154,-0.025031013503919907,-1.7396324744823881,0.08192357318790691,-0.0005219850570830564,-1.0637420643931002,0.2874455631888617,30956,-0.001198391049551775,-0.8999999999999998,1154,,,,,,,,,,,0.07768513098936757
realized_skew_120,26,已实现偏度,20,0.9347359637620694,0.06526403623793064,0.0016986529979735369,-0.03201649849503439,0.2125889919377348,-0.1506028049863076,0.4503950834064969,-1.4475801812019742,0.14773449719262224,-0.02797743408169978,0.21720068874835238,-0.1288091407210697,0.43459174714661986,-1.2732983963884648,0.20291217555781937,1139,1139,-0.032806618668687636,-1.13106079546401,0.25802950380389034,-0.002364130771449042,-1.1424517060721997,0.253266309275171,30413,-0.004770814257551047,-0.7999999999999999,1139,,,,,,,,,,,
seasonality_3y_month,27,季节性,1,0.39036237930623435,0.6096376206937657,0.3711109786625343,0.002093000320879454,0.2765813908708174,0.007567393866556371,0.49382716049382713,0.17320364033622324,0.862491362314782,0.009658155177858806,0.271160460030503,0.035617859538858855,0.5205761316872428,0.8245889727273148,0.40960498404785284,486,486,0.009658155177858806,0.8245889727273148,0.40960498404785284,4.716648818679355e-05,0.34099019653000023,0.7331109619783647,12956,0.0004521053652318095,0.09999999999999999,486,0.05696527601920799,0.8674124620106296,0.035356652949245546,-0.06982988823354419,0.056074288364887,0.8537640912917451,0.05429231305624502,0.8264371482875981,0.052510337747603046,0.7990741779842125,
seasonality_3y_month,27,季节性,5,0.39036237930623435,0.6096376206937657,0.3711109786625343,0.01656748757583295,0.27957842213259854,0.059258820653817545,0.549792531120332,0.7338853958641748,0.4630185885383633,0.032544242295279635,0.2575318187032282,0.12636979173739546,0.5746887966804979,1.598142697718951,0.11001122301411949,482,482,0.03897435897435897,1.635967707223765,0.10184634609648946,0.00036780111320137,0.7286295874802479,0.46622827474097184,12848,0.0022624519104314377,0.0,482,,,,,,,,,,,0.40566638486456563
seasonality_3y_month,27,季节性,20,0.39036237930623435,0.6096376206937657,0.3711109786625343,0.04594215322936642,0.27167436456459637,0.16910742867843423,0.6188436830835118,1.1510676364758838,0.24970441104929741,0.060149997516164525,0.2543676794826974,0.236468711899603,0.6124197002141327,1.546963148501536,0.12187213210937402,467,467,0.05884361009361009,1.200392678782866,0.22998687088565228,0.0023048958105296963,1.3660230590995204,0.17193172589349837,12443,0.01134427931564373,0.3,467,,,,,,,,,,,
idiosyncratic_vol_60,43,特质波动,1,0.9597389438550483,0.04026105614495168,0.0010430325426153296,0.013183467483624558,0.29643958781848045,0.044472695366508275,0.5286195286195287,1.5632796264331077,0.11798683821501384,0.011620254534555955,0.2718600209927095,0.04274352106692281,0.5277777777777778,1.5278637389188747,0.12654637288020493,1188,1188,0.011620254534555955,1.5278637389188747,0.12654637288020493,9.718308458232166e-05,0.6001511907858323,0.5484054790914925,32043,0.0001437152463091223,0.7,1188,0.01810812103494941,0.21249805506758324,0.03945005611672278,-0.14640098534114532,0.017113979620807986,0.20082699475874863,0.015125696792525163,0.17748597512704392,0.01313741396424234,0.15414668227246237,
idiosyncratic_vol_60,43,特质波动,5,0.9597389438550483,0.04026105614495168,0.0010430325426153296,0.008836230081426404,0.29624362628897044,0.02982757871322813,0.5371621621621622,0.5738330588485004,0.566080775524126,0.00514823629047767,0.2642867935921495,0.01947973343844978,0.5396959459459459,0.3805823810661127,0.7035131570243685,1184,1184,0.0024643599283494513,0.1482109933261404,0.8821762562171106,0.0002694524099831361,0.44208519206719193,0.6584275594465291,31836,0.0005373189106300869,0.7,1184,,,,,,,,,,,0.8647349221757863
idiosyncratic_vol_60,43,特质波动,20,0.9597389438550483,0.04026105614495168,0.0010430325426153296,0.01288338151187812,0.29941629294947875,0.04302832482817482,0.5089820359281437,0.4072274173548192,0.6838409663255021,0.011877490080197966,0.28207979284306955,0.04210684487706573,0.5132591958939264,0.39964144071143587,0.6894206290722362,1169,1169,0.01301013552328573,0.3728883735944881,0.7092315255048731,0.0007909001184005928,0.3276507122637011,0.7431757737511092,31310,0.0030399001325679786,0.39999999999999997,1169,,,,,,,,,,,
relative_value_residual_60,29,相对价值残差,1,0.9342293479556563,0.06577065204434374,0.0,0.007198384060641376,0.2340503822303406,0.030755703075746692,0.4930915371329879,1.0574400175597525,0.29031081618099286,0.003628607689281667,0.22173243805351045,0.016364803098435146,0.49740932642487046,0.565446100593469,0.5717703755575512,1158,1158,0.003628607689281667,0.565446100593469,0.5717703755575512,8.953125853106917e-05,1.5598564344683805,0.11879381161865482,31187,3.415341224646846e-05,-0.09999999999999999,1158,0.0043033299430550054,0.06665560538251934,0.11371617731721359,-0.11394433209891552,0.0014376822746612293,0.02226750366650289,-0.004293613062126334,-0.06649353069348071,-0.010024908398913903,-0.15523074157999445,
relative_value_residual_60,29,相对价值残差,5,0.9342293479556563,0.06577065204434374,0.0,0.019752352211956765,0.22517827516008843,0.08771872951737468,0.5424610051993067,1.7004730118757623,0.08904198862216434,0.01020171877101298,0.21551982805577233,0.047335406969482983,0.5441941074523396,0.9367220857140409,0.34890153253174017,1154,1154,0.01727605545339535,1.3056891324171935,0.19165829518485433,0.0004236765970359841,1.279430156495502,0.20074562003755336,30980,0.0006169982597942686,0.19999999999999998,1154,,,,,,,,,,,0.6735026488980571
relative_value_residual_60,29,相对价值残差,20,0.9342293479556563,0.06577065204434374,0.0,0.02415831148214959,0.2003850244834881,0.12055946568073132,0.553116769095698,1.2315254369507977,0.2181264089842394,0.011080498287970059,0.19137701441008875,0.057898793761232026,0.5162423178226514,0.6109860334521195,0.541208826560162,1139,1139,0.013258847088248173,0.45450408698272,0.6494660509926113,0.0007823175397494226,0.553340136005758,0.5800305226372751,30454,0.0020820589477947523,0.0,1139,,,,,,,,,,,
correlation_risk_20_120,57,相关性风险,1,0.9313088568363332,0.06869114316366676,0.0001788055787340565,-0.004798337154996983,0.24229429048688217,-0.019803756602579808,0.4853195164075993,-0.670514757421767,0.5025297021698409,-0.0016551826848489241,0.2479972698633878,-0.006674197202899455,0.4775474956822107,-0.23102873028169188,0.8172924821775689,1158,1158,-0.0016551826848489241,-0.23102873028169188,0.8172924821775689,-5.104682356503943e-05,-0.48840015383059376,0.6252664329356983,31147,0.00012665359729633314,0.39999999999999997,1158,0.015958353259337966,0.23098704291390315,0.16902705814622915,-0.11434492013448283,0.011698871394053002,0.16934136286552198,0.0031799076634830385,0.04603222345796418,-0.005339056067086906,-0.07729047708134335,
correlation_risk_20_120,57,相关性风险,5,0.9313088568363332,0.06869114316366676,0.0001788055787340565,-0.007698471911948524,0.24182824945125544,-0.03183446073573915,0.4965337954939341,-0.6198215648797174,0.5353752693950222,-0.00440371679689196,0.24656093286491393,-0.017860561872973902,0.4896013864818024,-0.35539598279770085,0.7222929579594892,1154,1154,-0.004485716800987737,-0.2863739047001009,0.7745917591636973,-3.159035363101992e-05,-0.07605341548643056,0.9393766018010754,30949,0.00045928285843111757,0.19999999999999998,1154,,,,,,,,,,,0.8696996840736707
correlation_risk_20_120,57,相关性风险,20,0.9313088568363332,0.06869114316366676,0.0001788055787340565,0.02307748482055761,0.24427677855902663,0.09447269182396396,0.5364354697102721,1.0474554079976328,0.2948895882917064,0.012241954305773144,0.2564146097254626,0.047742811218441615,0.5364354697102721,0.5392438974357214,0.5897185743962463,1139,1139,0.0020927355228625667,0.06390131447583138,0.9490488056197188,0.0010987197105347525,0.7802535945136521,0.43524162165321434,30413,0.0027319292961975614,0.3,1139,,,,,,,,,,,
volume_price_divergence_20,53,量价背离,1,0.9159017761354155,0.08409822386458454,0.0,0.010844297459046491,0.2563996218151133,0.04229451425192111,0.5105448154657294,1.4695341506052542,0.14168796603283643,-0.0030900804887606706,0.2582216770599454,-0.01196677414515946,0.5026362038664324,-0.4195750443481469,0.6747959222670428,1138,1138,-0.0030900804887606706,-0.4195750443481469,0.6747959222670428,0.0001795797915446622,1.8988674067273845,0.05758191169842176,30597,0.0003621683490199982,0.7,1138,0.045633211976519775,0.599858750198493,0.4298769771528998,-0.0763004395846445,0.0348003121522667,0.4574350631791068,0.013134512503760541,0.17262595067077235,-0.008531287144745603,-0.11210835706378991,
volume_price_divergence_20,53,量价背离,5,0.9159017761354155,0.08409822386458454,0.0,0.012077745650876142,0.24144248078054353,0.05002328344138443,0.5282186948853616,1.062140356427896,0.2881719716461567,0.008201766237708583,0.24030185640555105,0.034131098112977876,0.5061728395061729,0.7429250415936686,0.45752706378456565,1134,1134,0.010398619895809624,0.7245647324177538,0.46871910151548457,0.0004966293408221327,1.4771773958498025,0.1396280913175374,30361,0.001124885327610933,0.7999999999999999,1134,,,,,,,,,,,0.7261600469818833
volume_price_divergence_20,53,量价背离,20,0.9159017761354155,0.08409822386458454,0.0,-0.008862407850056332,0.230276536431247,-0.03848593516040813,0.5013404825737265,-0.5327678240760783,0.594194309576057,-0.009430728827973902,0.23544628736285975,-0.040054693295883945,0.4941912421805183,-0.571582305982696,0.5676049855012402,1119,1119,-0.03016676741430436,-1.0602359646572375,0.2890372631652621,-0.0004663236462045232,-0.4922800615378362,0.6225213732260204,29827,-0.00040667649891368,-0.3,1119,,,,,,,,,,,
interaction__tsmom_60__carry,54,因子交互,1,0.9270473238765049,0.0729526761234951,0.00038741208725712244,-0.001998869009836524,0.2511748511288886,-0.007958077812538718,0.48618307426597585,-0.27490208297363705,0.7833914668005253,-0.003280264111383113,0.21666803116790184,-0.015139585169540535,0.5060449050086355,-0.5305428046429729,0.5957356392403999,1158,1158,-0.003280264111383113,-0.5305428046429729,0.5957356392403999,7.407636032646961e-06,0.07628279507249346,0.9391941134999786,31055,-0.0001505240301331244,-0.39999999999999997,1158,-0.018966027796773685,-0.2871613847170211,0.34716465169833044,-0.1302683046277494,-0.027714577019571626,-0.4196665087415551,-0.045211675465167474,-0.6847404203250472,-0.06270877391076335,-0.9498717447044467,
interaction__tsmom_60__carry,54,因子交互,5,0.9270473238765049,0.0729526761234951,0.00038741208725712244,-0.0049323666864624855,0.24968494976716238,-0.019754361210245326,0.47400346620450606,-0.4190524591434159,0.6751777939595038,-0.018261103429868236,0.2130533466528221,-0.08571141320593918,0.4662045060658579,-1.8704388484112904,0.06142290146279772,1154,1154,-0.032272116672867175,-2.424819584498184,0.015315996102338919,-3.781850669393569e-06,-0.010209178175850124,0.9918543958543298,30898,-0.001027794835181408,-0.7,1154,,,,,,,,,,,0.32529325752089305
interaction__tsmom_60__carry,54,因子交互,20,0.9270473238765049,0.0729526761234951,0.00038741208725712244,-0.010306895159778225,0.2647676875030686,-0.03892807032829023,0.5004389815627743,-0.4591372827318446,0.6461355850160265,-0.023652194874650246,0.2156320694971112,-0.10968774231871439,0.4266900790166813,-1.3873123779609573,0.16534653032363567,1139,1139,-0.004996403124242006,-0.19697629387853588,0.8438460890808311,-0.0007619975634927712,-0.9453489134494465,0.34448077424913626,30433,-0.003048819293154552,-0.7,1139,,,,,,,,,,,
interaction__momentum_quality_60__carry,54,因子交互,1,0.9270473238765049,0.0729526761234951,0.00038741208725712244,-0.000640854255760228,0.25214999050922887,-0.002541559706054291,0.49222797927461137,-0.08699289610888576,0.9306771587850289,-0.005141895938051762,0.21700184262116634,-0.023695171782611497,0.5025906735751295,-0.8280253705926309,0.4076561319901184,1158,1158,-0.005141895938051762,-0.8280253705926309,0.4076561319901184,4.007110323871892e-05,0.4810957280647096,0.6304484641061137,31055,-0.00023525341143361265,-0.09999999999999999,1158,-0.029641929840635208,-0.44565960970895985,0.3256476683937824,-0.162511327814285,-0.03784825108415852,-0.5691406695680825,-0.05426089357120516,-0.8162092222301063,-0.0706735360582518,-1.0633945406405774,
interaction__momentum_quality_60__carry,54,因子交互,5,0.9270473238765049,0.0729526761234951,0.00038741208725712244,0.005459653196977789,0.25385500438600356,0.02150697485827784,0.4930675909878683,0.456664537781046,0.6479121836809865,-0.018025112373941863,0.21209361153786846,-0.0849865879657745,0.4679376083188908,-1.8373290048967443,0.06616134051272402,1154,1154,-0.03365755755564559,-2.527248451725464,0.011496014435132401,0.00026533675069755205,0.7180013622366584,0.4727564468768165,30898,-0.000993765817717811,-0.6,1154,,,,,,,,,,,0.32529325752089305
interaction__momentum_quality_60__carry,54,因子交互,20,0.9270473238765049,0.0729526761234951,0.00038741208725712244,-0.0006465155938693003,0.2716022206005952,-0.0023803766863159568,0.5083406496927129,-0.028091496963317978,0.9775891758390548,-0.02420814045550853,0.21377250115358953,-0.11324253739313113,0.43195785776997364,-1.436697841077579,0.15080386868435733,1139,1139,-0.012551794610255447,-0.4992122074314539,0.6176298955539474,-0.00011641944101345473,-0.17762463040993728,0.8590177798632606,30433,-0.0033267797908959657,-0.7,1139,,,,,,,,,,,
interaction__tsmom_20__oi_surprise_20,54,因子交互,1,0.9673679818810347,0.03263201811896532,5.960185957801883e-05,-0.008086011010547876,0.22504862212208368,-0.03593006228743494,0.48163606010016696,-1.2298539171848508,0.21875181352008388,-0.01210302572901447,0.22480881108676498,-0.05383697227215577,0.4782971619365609,-1.867185761007765,0.06187565134019479,1198,1198,-0.01210302572901447,-1.867185761007765,0.06187565134019479,-0.00012146792078602166,-1.8004440201668186,0.07179055531337115,32373,-0.00047238375855910127,-0.7,1198,-0.05952035357844676,-0.8675442020213459,0.6927657206455203,-0.2744634045223141,-0.07697804973871387,-1.122109724030384,-0.11189344205924809,-1.6313345746891255,-0.14680883437978232,-2.1406272342491146,
interaction__tsmom_20__oi_surprise_20,54,因子交互,5,0.9673679818810347,0.03263201811896532,5.960185957801883e-05,-0.011414636450985985,0.21770396830936534,-0.0524319172481292,0.4824120603015075,-1.8767808416856504,0.060548137298647574,-0.006402055397896673,0.20838250443485754,-0.030722614718828374,0.490787269681742,-1.0197142519948799,0.30786400045954887,1194,1194,-0.021968646464390226,-1.6873527115958407,0.09153555093066917,-0.0003390348757572884,-2.2638343298234354,0.023584306207294008,32163,-0.0009671879186966472,-0.7,1194,,,,,,,,,,,0.6735026488980571
interaction__tsmom_20__oi_surprise_20,54,因子交互,20,0.9673679818810347,0.03263201811896532,5.960185957801883e-05,-0.004859215024519782,0.22235152337441433,-0.021853751891492215,0.4817642069550466,-0.8151160748587312,0.41500587108753406,4.7356248988258856e-05,0.2135148146108985,0.00022179373864319034,0.5046649703138253,0.007039887373861907,0.9943830289508371,1179,1179,-0.054897706358840205,-2.385530784305861,0.017054494955734623,-0.0002843782734013315,-0.8219966983956658,0.4110787759743496,31632,-0.0007001107736664331,-0.39999999999999997,1179,,,,,,,,,,,
