trade_date,pearson_ic,rank_ic,n_samples,fold_id,test_year
2019-01-02,0.3409772495862528,0.4064039408866994,29,fold_2019,2019
2019-01-03,0.2066643302038095,0.12709359605911327,29,fold_2019,2019
2019-01-04,0.08905985171629184,0.031777312717942124,29,fold_2019,2019
2019-01-07,0.07398384381365791,0.07143736967599391,29,fold_2019,2019
2019-01-08,0.1976536887958194,0.23106294053821483,29,fold_2019,2019
2019-01-09,0.24493228282480956,0.39684506782800655,29,fold_2019,2019
2019-01-10,0.34472652290461714,0.46009852216748753,29,fold_2019,2019
2019-01-11,0.5816103993054393,0.614607714971051,29,fold_2019,2019
2019-01-14,0.5300009684313465,0.44334975369458113,29,fold_2019,2019
2019-01-15,0.5392816535338495,0.5093596059113299,29,fold_2019,2019
2019-01-16,0.5465217039571055,0.482571748949214,29,fold_2019,2019
2019-01-17,0.4523386262457061,0.3685636968220746,29,fold_2019,2019
2019-01-18,0.10803817886820058,-0.028085736255158096,29,fold_2019,2019
2019-01-21,0.07213738454032895,-0.024137931034482755,29,fold_2019,2019
2019-01-22,0.03958971713787968,-0.03252032619018306,29,fold_2019,2019
2019-01-23,0.12043808839667412,-0.08571428571428569,29,fold_2019,2019
2019-01-24,0.21207956919523815,0.19361990539769383,29,fold_2019,2019
2019-01-25,0.20311974324561727,0.1763546798029556,29,fold_2019,2019
2019-01-28,0.23277866049087914,0.4372459695685834,29,fold_2019,2019
2019-01-29,0.30578944500378247,0.4873121606377431,29,fold_2019,2019
2019-01-30,0.2269145153361267,0.31752679142191775,29,fold_2019,2019
2019-01-31,0.22158562724399816,0.27980295566502456,29,fold_2019,2019
2019-02-01,-0.09482305347218294,-0.3009852216748768,29,fold_2019,2019
2019-02-11,-0.022410136626504918,-0.22813501554628418,29,fold_2019,2019
2019-02-12,-0.21832373724940118,-0.15862068965517237,29,fold_2019,2019
2019-02-13,0.021050088583575113,0.01970443349753694,29,fold_2019,2019
2019-02-14,0.10097586718621859,0.07832512315270934,29,fold_2019,2019
2019-02-15,0.37103007912793745,0.4054187192118226,29,fold_2019,2019
2019-02-18,0.0425002503880677,-0.025615763546798023,29,fold_2019,2019
2019-02-19,0.2259910134183799,0.29211822660098513,29,fold_2019,2019
2019-02-20,0.036165144401814425,0.044334975369458116,29,fold_2019,2019
2019-02-21,0.03454385995170047,-0.05247598089779539,29,fold_2019,2019
2019-02-22,0.2988471369113972,0.2907120068516364,29,fold_2019,2019
2019-02-25,0.29103469654481634,0.3073891625615763,29,fold_2019,2019
2019-02-26,0.25805655013601875,0.22364532019704428,29,fold_2019,2019
2019-02-27,0.2712877890594633,0.3394088669950738,29,fold_2019,2019
2019-02-28,0.11417977475758938,0.112096578913131,29,fold_2019,2019
2019-03-01,-0.04744754431971562,-0.04113807150307235,29,fold_2019,2019
2019-03-04,-0.09418118147833199,-0.05418719211822659,29,fold_2019,2019
2019-03-05,-0.2659006589539888,-0.14412417288831128,29,fold_2019,2019
2019-03-06,-0.28065395829963663,-0.2864884859764859,29,fold_2019,2019
2019-03-07,-0.33217710044527576,-0.3945812807881772,29,fold_2019,2019
2019-03-08,-0.17146860028361094,-0.16923266540485454,29,fold_2019,2019
2019-03-11,-0.43679660611359344,-0.5083743842364531,29,fold_2019,2019
2019-03-12,-0.2860045594864008,-0.3665024630541871,29,fold_2019,2019
2019-03-13,-0.27091496540771565,-0.2532019704433497,29,fold_2019,2019
2019-03-14,0.07699806467740188,-0.019211822660098517,29,fold_2019,2019
2019-03-15,0.15687254920388274,0.07192118226600984,29,fold_2019,2019
2019-03-18,0.13418368565257638,0.15001847631958723,29,fold_2019,2019
2019-03-19,0.16846863672169277,0.20935960591133002,29,fold_2019,2019
2019-03-20,0.3996753625950416,0.4323192544185149,29,fold_2019,2019
2019-03-21,0.295752245676788,0.23054187192118217,29,fold_2019,2019
2019-03-22,0.376598264325708,0.25252525252525254,29,fold_2019,2019
2019-03-25,0.37035046438509167,0.3005296241541813,29,fold_2019,2019
2019-03-26,0.45559497124510423,0.5020941270878262,29,fold_2019,2019
2019-03-27,0.3746598362901268,0.43793103448275855,29,fold_2019,2019
2019-03-28,0.24065769336515888,0.3778325123152709,29,fold_2019,2019
2019-03-29,0.15512531626159062,0.23352629811324904,29,fold_2019,2019
2019-04-01,0.23977723774670912,0.2581598738635918,29,fold_2019,2019
2019-04-02,0.3778892547354484,0.30935960591132994,29,fold_2019,2019
2019-04-03,0.4306378842567094,0.31752679142191775,29,fold_2019,2019
2019-04-04,0.3361743709931843,0.180295566502463,29,fold_2019,2019
2019-04-08,0.1152576920991062,0.0083743842364532,29,fold_2019,2019
2019-04-09,0.37771271538480555,0.26108374384236444,29,fold_2019,2019
2019-04-10,0.12841716669828648,0.0817733990147783,29,fold_2019,2019
2019-04-11,-0.20018137654954007,-0.16849365813234427,29,fold_2019,2019
2019-04-12,-0.14056833293135412,-0.14285714285714282,29,fold_2019,2019
2019-04-15,-0.17467400629218696,-0.23746767023330387,29,fold_2019,2019
2019-04-16,-0.3778987967756548,-0.28866995073891616,29,fold_2019,2019
2019-04-17,-0.3496839363588744,-0.3408866995073891,29,fold_2019,2019
2019-04-18,-0.16012772024953947,-0.09261083743842362,29,fold_2019,2019
2019-04-19,0.04148444285681363,0.09485095138803393,29,fold_2019,2019
2019-04-22,0.2351573856162278,0.13694581280788173,29,fold_2019,2019
2019-04-23,0.13734854461765947,0.0987928091080561,29,fold_2019,2019
2019-04-24,0.2428908442240074,0.1906403940886699,29,fold_2019,2019
2019-04-25,0.30129903145435927,0.27892080259103996,29,fold_2019,2019
2019-04-26,-0.04832157948500316,-0.07266904846351105,29,fold_2019,2019
2019-04-29,-0.1223393701442035,-0.21280788177339893,29,fold_2019,2019
2019-04-30,0.0178175485655953,0.003202759397518028,29,fold_2019,2019
2019-05-06,-0.09540803026412599,-0.1209508569341828,29,fold_2019,2019
2019-05-07,-0.07935664817330207,-0.25172413793103443,29,fold_2019,2019
2019-05-08,0.002935798654583537,-0.020199532115281037,29,fold_2019,2019
2019-05-09,-0.1121693366446261,-0.13203596602183704,29,fold_2019,2019
2019-05-10,-0.06003605026628811,-0.022660098522167483,29,fold_2019,2019
2019-05-13,0.028826611274137028,0.023401896962825592,29,fold_2019,2019
2019-05-14,0.37772152015346205,0.3384653308097091,29,fold_2019,2019
2019-05-15,0.20163988141774014,0.25027712962348214,29,fold_2019,2019
2019-05-16,-0.059202589755291996,-0.08844543259299785,29,fold_2019,2019
2019-05-17,-0.12915217973549425,-0.1554378629846626,29,fold_2019,2019
2019-05-20,0.02960829898219058,0.1364532019704433,29,fold_2019,2019
2019-05-21,-0.13728625461374722,-0.1830500178735304,29,fold_2019,2019
2019-05-22,-0.16460530241239862,-0.15223549813711806,29,fold_2019,2019
2019-05-23,0.0780555901356356,-0.01773399014778325,29,fold_2019,2019
2019-05-24,0.01006358802517279,-0.08472906403940884,29,fold_2019,2019
2019-05-27,0.06073348078914426,0.026108374384236445,29,fold_2019,2019
2019-05-28,0.008874287286569202,-0.06827707067599863,29,fold_2019,2019
2019-05-29,-0.04670600015922395,-0.030049261083743836,29,fold_2019,2019
2019-05-30,-0.15589418350048453,-0.19950738916256153,29,fold_2019,2019
2019-05-31,-0.06409390158099756,-0.014285714285714282,29,fold_2019,2019
2019-06-03,0.005336320058753852,0.029067619385404423,29,fold_2019,2019
2019-06-04,-0.087719975136779,-0.10246305418719209,29,fold_2019,2019
2019-06-05,0.06570601183985392,0.06305418719211821,29,fold_2019,2019
2019-06-06,-0.02719738446918182,-0.031527093596059104,29,fold_2019,2019
2019-06-10,-0.1681076652632391,-0.13940886699507385,29,fold_2019,2019
2019-06-11,-0.025538128823286637,-0.056157635467980284,29,fold_2019,2019
2019-06-12,0.03687489208204503,-0.04137931034482758,29,fold_2019,2019
2019-06-13,0.05985673287609864,0.029556650246305414,29,fold_2019,2019
2019-06-14,0.04551926152526739,-0.0022170218175308455,29,fold_2019,2019
2019-06-17,0.35937616393180016,0.3453201970443349,29,fold_2019,2019
2019-06-18,0.19859298568827477,0.17832512315270932,29,fold_2019,2019
2019-06-19,0.2229235418858436,0.23940886699507383,29,fold_2019,2019
2019-06-20,0.26939923445071295,0.21379310344827585,29,fold_2019,2019
2019-06-21,0.5514010761242392,0.53812988768448,29,fold_2019,2019
2019-06-24,0.6229788561564685,0.4783840410716558,29,fold_2019,2019
2019-06-25,0.6476269752079222,0.4670525962264981,29,fold_2019,2019
2019-06-26,0.40730414801370096,0.20002463509278298,29,fold_2019,2019
2019-06-27,0.2802087989272418,0.16600985221674872,29,fold_2019,2019
2019-06-28,0.09772718921544474,0.0027096933325377,29,fold_2019,2019
2019-07-01,-0.13310989150801336,-0.08030545694611729,29,fold_2019,2019
2019-07-02,-0.21037370172048753,-0.07536945812807881,29,fold_2019,2019
2019-07-03,0.022827666452473087,-0.09458128078817732,29,fold_2019,2019
2019-07-04,0.2894299327067913,0.3315679295996131,29,fold_2019,2019
2019-07-05,0.24566244898452905,0.3039408866995073,29,fold_2019,2019
2019-07-08,0.0680266297232842,0.1300652799618096,29,fold_2019,2019
2019-07-09,-0.05139056602620052,0.04236453201970442,29,fold_2019,2019
2019-07-10,-0.3337056180448875,-0.17711540964496422,29,fold_2019,2019
2019-07-11,-0.3665214234202277,-0.4002956059430694,29,fold_2019,2019
2019-07-12,-0.24668065496342867,-0.1576354679802955,29,fold_2019,2019
2019-07-15,-0.4094864100343633,-0.31576354679802954,29,fold_2019,2019
2019-07-16,-0.5338047767759594,-0.4625615763546797,29,fold_2019,2019
2019-07-17,-0.3696346683099892,-0.26009852216748763,29,fold_2019,2019
2019-07-18,-0.18071881974253765,-0.053461445327800936,29,fold_2019,2019
2019-07-19,0.040770509218032935,0.0073891625615763535,29,fold_2019,2019
2019-07-22,-0.0675781913870105,-0.11970443349753691,29,fold_2019,2019
2019-07-23,0.07892397101647103,0.0741470630085316,29,fold_2019,2019
2019-07-24,0.12919752162869474,-0.05567188119577457,29,fold_2019,2019
2019-07-25,0.043741557121455346,-0.060359696337839774,29,fold_2019,2019
2019-07-26,-0.4463931469252027,-0.45665024630541856,29,fold_2019,2019
2019-07-29,-0.3439332713937677,-0.34905776838235647,29,fold_2019,2019
2019-07-30,-0.4335834967780869,-0.4344666173934467,29,fold_2019,2019
2019-07-31,-0.560052459951385,-0.5485897319601325,29,fold_2019,2019
2019-08-01,-0.4899869754036059,-0.5010469307619712,29,fold_2019,2019
2019-08-02,-0.44775607940155654,-0.35353536426449006,29,fold_2019,2019
2019-08-05,-0.38681686894465905,-0.48522167487684714,29,fold_2019,2019
2019-08-06,-0.24536023416378677,-0.3660098522167487,29,fold_2019,2019
2019-08-07,-0.1191227551288521,-0.21231527093596053,29,fold_2019,2019
2019-08-08,-0.06495382239936863,-0.14433497536945808,29,fold_2019,2019
2019-08-09,0.06542393942384862,0.10591133004926105,29,fold_2019,2019
2019-08-12,0.13049854818925705,0.16208892843725517,29,fold_2019,2019
2019-08-13,0.24917463018345354,0.25889888113610204,29,fold_2019,2019
2019-08-14,0.4562285140480065,0.3866995073891625,29,fold_2019,2019
2019-08-15,0.4941662407583207,0.38226600985221665,29,fold_2019,2019
2019-08-16,0.1515284938684452,0.056157635467980284,29,fold_2019,2019
2019-08-19,-0.1813005374875565,-0.17834708843248134,29,fold_2019,2019
2019-08-20,-0.3743497966465613,-0.3073891625615763,29,fold_2019,2019
2019-08-21,-0.40970523448609614,-0.38226600985221665,29,fold_2019,2019
2019-08-22,-0.4369760151165451,-0.34437738898979137,29,fold_2019,2019
2019-08-23,-0.25581092420247853,-0.19211822660098524,28,fold_2019,2019
2019-08-26,-0.07219638426692228,0.12415322178172737,29,fold_2019,2019
2019-08-27,-0.014211927850817135,0.11576354679802954,29,fold_2019,2019
2019-08-28,0.03965295871597976,0.2009852216748768,29,fold_2019,2019
2019-08-29,0.1879400010160326,0.37339901477832504,29,fold_2019,2019
2019-08-30,0.10635613096601534,0.1417818543453925,28,fold_2019,2019
2019-09-02,0.33629934005680956,0.42936322532847376,29,fold_2019,2019
2019-09-03,0.3307973929659266,0.3743842364532019,29,fold_2019,2019
2019-09-04,0.39308535048232884,0.38768472906403934,29,fold_2019,2019
2019-09-05,0.41476703171582924,0.40201995624559334,29,fold_2019,2019
2019-09-06,0.41238100218464774,0.43379726896353543,29,fold_2019,2019
2019-09-09,0.1890214612639526,0.24630541871921177,29,fold_2019,2019
2019-09-10,-0.020575187406331654,0.06945812807881772,29,fold_2019,2019
2019-09-11,-0.11868039421380658,-0.16551724137931031,29,fold_2019,2019
2019-09-12,-0.6082951136124155,-0.6246305418719211,29,fold_2019,2019
2019-09-16,-0.41176378838933964,-0.351231527093596,29,fold_2019,2019
2019-09-17,-0.3080987632516834,-0.3717206580726718,29,fold_2019,2019
2019-09-18,-0.22515989090934818,-0.21970443349753688,29,fold_2019,2019
2019-09-19,-0.18232798939925726,-0.09510903692591999,29,fold_2019,2019
2019-09-20,-0.053279289365770664,-0.06059113300492609,29,fold_2019,2019
2019-09-23,-0.11305151187180883,-0.09139056603377153,29,fold_2019,2019
2019-09-24,-0.07797440082053983,-0.27318635507130085,29,fold_2019,2019
2019-09-25,-0.15614099098236137,-0.16600985221674872,29,fold_2019,2019
2019-09-26,-0.143992607873372,-0.27146200476877685,29,fold_2019,2019
2019-09-27,-0.20467099416623633,-0.2645646035586809,29,fold_2019,2019
2019-09-30,-0.11658350756122662,-0.10098522167487682,29,fold_2019,2019
2019-10-08,-0.08431227187591055,-0.22495997594135997,29,fold_2019,2019
2019-10-09,-0.40628842384826,-0.44729064039408856,29,fold_2019,2019
2019-10-10,-0.3820650363206005,-0.4308412398734943,29,fold_2019,2019
2019-10-11,-0.5218806625505773,-0.5901477832512314,29,fold_2019,2019
2019-10-14,-0.38449336046368154,-0.3454052827169443,29,fold_2019,2019
2019-10-15,-0.23883337765474913,-0.2551724137931034,29,fold_2019,2019
2019-10-16,-0.1275870901843411,-0.11085109087654227,29,fold_2019,2019
2019-10-17,0.10668713191588106,0.103992126972129,29,fold_2019,2019
2019-10-18,-0.08841148478050567,-0.21234142296795433,29,fold_2019,2019
2019-10-21,-0.09884644656040928,-0.12315270935960589,29,fold_2019,2019
2019-10-22,0.009626409838232288,-0.018719211822660092,29,fold_2019,2019
2019-10-23,-0.2693680858616599,-0.21527093596059108,29,fold_2019,2019
2019-10-24,-0.24212314129942547,-0.33300492610837434,29,fold_2019,2019
2019-10-25,-0.09386978829237205,-0.08301515027865498,29,fold_2019,2019
2019-10-28,-0.18167594352055405,-0.21143422972058457,29,fold_2019,2019
2019-10-29,-0.1828673128457739,-0.1886699507389162,29,fold_2019,2019
2019-10-30,0.0858895292692975,0.05567188119577457,29,fold_2019,2019
2019-10-31,0.41453062033937305,0.2980295566502463,29,fold_2019,2019
2019-11-01,0.39872243826358117,0.3231527093596058,29,fold_2019,2019
2019-11-04,0.16850838484705302,0.06551724137931034,29,fold_2019,2019
2019-11-05,0.3646153611837552,0.2835324568864448,29,fold_2019,2019
2019-11-06,0.16051560451922645,0.11083743842364528,29,fold_2019,2019
2019-11-07,0.16407736426276145,0.14336741086699467,29,fold_2019,2019
2019-11-08,0.10611174757426305,-0.0014778325123152706,29,fold_2019,2019
2019-11-11,0.06589556582359282,-0.04902081574318203,29,fold_2019,2019
2019-11-12,0.06689620040222038,-0.04384776483561006,29,fold_2019,2019
2019-11-13,0.3983004762310702,0.38083508110029857,29,fold_2019,2019
2019-11-14,0.12993669210463168,0.15494519146965577,29,fold_2019,2019
2019-11-15,0.11010028167231616,0.17438423645320195,29,fold_2019,2019
2019-11-18,0.2222853654463392,0.23208801721220187,29,fold_2019,2019
2019-11-19,0.07123535184648078,0.0017243503025239912,29,fold_2019,2019
2019-11-20,-0.13468739039193167,-0.1172413793103448,29,fold_2019,2019
2019-11-21,0.26817181428837344,0.34187192118226595,29,fold_2019,2019
2019-11-22,0.3225554149742836,0.21283409448296114,29,fold_2019,2019
2019-11-25,0.31644206311040907,0.2684729064039408,29,fold_2019,2019
2019-11-26,0.3339763666794408,0.29359605911330044,29,fold_2019,2019
2019-11-27,0.2560036626024582,0.1886931902476253,29,fold_2019,2019
2019-11-28,-0.0057965599481595576,-0.18571428571428567,29,fold_2019,2019
2019-11-29,-0.19753648885029984,-0.21231527093596053,29,fold_2019,2019
2019-12-02,-0.11555047292270293,-0.03399014778325122,29,fold_2019,2019
2019-12-03,0.0006545790625642356,0.0731617199785179,29,fold_2019,2019
2019-12-04,0.022834562802805138,0.051724137931034475,29,fold_2019,2019
2019-12-05,0.077038309927644,-0.004187707877558264,29,fold_2019,2019
2019-12-06,0.2031060502808363,0.27811770113137074,30,fold_2019,2019
2019-12-09,-0.32981200861399784,-0.3695628012633654,30,fold_2019,2019
2019-12-10,-0.2849817710767184,-0.2489432703003337,30,fold_2019,2019
2019-12-11,-0.10730915502597715,-0.13681868743047831,30,fold_2019,2019
2019-12-12,0.005560039027443008,0.017130144605116793,30,fold_2019,2019
2019-12-13,-0.08149370670391486,-0.029814217561282937,30,fold_2019,2019
2019-12-16,-0.16110623738673344,-0.10478309232480533,30,fold_2019,2019
2019-12-17,-0.3940591862036199,-0.3010011123470523,30,fold_2019,2019
2019-12-18,-0.3642630239175205,-0.32769744160177977,30,fold_2019,2019
2019-12-19,-0.38005597976806327,-0.36462736373748605,30,fold_2019,2019
2019-12-20,-0.30754387283527573,-0.21693180688246916,30,fold_2019,2019
2019-12-23,-0.3109241035918892,-0.32502780867630704,30,fold_2019,2019
2019-12-24,0.08431885678121553,0.19510567296996661,30,fold_2019,2019
2019-12-25,0.04866727693566927,0.13305150822124776,30,fold_2019,2019
2019-12-26,-0.11825880504606112,-0.09166759429289978,30,fold_2019,2019
2019-12-27,-0.17005026478104418,-0.053170189098998885,30,fold_2019,2019
2019-12-30,-0.029228734204660628,0.08632773443117747,30,fold_2019,2019
2019-12-31,0.04086257038027779,0.11881188192332155,30,fold_2019,2019
2020-01-02,-0.03250687095237608,-0.03848720800889878,30,fold_2020,2020
2020-01-03,0.13368384779461331,0.1479586170018892,30,fold_2020,2020
2020-01-06,0.23331191272741053,0.1366114147957293,30,fold_2020,2020
2020-01-07,0.06092193317591937,0.10211345939933258,30,fold_2020,2020
2020-01-08,-0.0009312220656581474,-0.03626251390433815,30,fold_2020,2020
2020-01-09,0.10716780926518381,0.10124610842558683,30,fold_2020,2020
2020-01-10,-0.003939201915232468,0.1094671271653075,30,fold_2020,2020
2020-01-13,0.1784301513562645,0.26985539488320354,30,fold_2020,2020
2020-01-14,-0.2196826917869461,-0.17043052725330396,30,fold_2020,2020
2020-01-15,-0.1024485478681828,0.007341490545050056,30,fold_2020,2020
2020-01-16,-0.5872798476326274,-0.3429059829059829,26,fold_2020,2020
2020-01-17,-0.37505732091106564,-0.3041833631159938,30,fold_2020,2020
2020-01-20,-0.34030908194983417,-0.27411280623507894,30,fold_2020,2020
2020-01-21,-0.4451894325872569,-0.43831349698304023,30,fold_2020,2020
2020-01-22,-0.2686912549943546,-0.32235817575083425,30,fold_2020,2020
2020-01-23,0.36996726657627804,0.2810736919178492,26,fold_2020,2020
2020-02-03,0.18236423226226878,0.2274143358482412,30,fold_2020,2020
2020-02-04,0.20570400007722495,0.18309232480533927,30,fold_2020,2020
2020-02-05,0.20761614864999306,0.17425169797425766,30,fold_2020,2020
2020-02-06,0.1776414450762331,0.25339265850945497,30,fold_2020,2020
2020-02-07,0.010061408290976662,0.15951056729699667,30,fold_2020,2020
2020-02-10,-0.18219290038270142,-0.053170189098998885,30,fold_2020,2020
2020-02-11,-0.29104731720717797,-0.24118367042112468,30,fold_2020,2020
2020-02-12,-0.381413858466498,-0.36017797552836484,30,fold_2020,2020
2020-02-13,-0.3552289148297353,-0.33348164627363736,30,fold_2020,2020
2020-02-14,-0.1661412189019138,-0.20293725469040702,30,fold_2020,2020
2020-02-17,0.12371140016461825,0.05939933259176862,30,fold_2020,2020
2020-02-18,-0.028763303003063036,-0.01802202703331282,30,fold_2020,2020
2020-02-19,0.3436083555625392,0.24449388209121245,30,fold_2020,2020
2020-02-20,0.509472274511008,0.4608366825261325,30,fold_2020,2020
2020-02-21,0.347307821129193,0.2798976544186115,30,fold_2020,2020
2020-02-24,0.28774063808044115,0.21913236929922134,30,fold_2020,2020
2020-02-25,0.39336503120718724,0.3210233592880979,30,fold_2020,2020
2020-02-26,0.14712768555502778,0.19290243750471875,30,fold_2020,2020
2020-02-27,-0.013096560349336232,0.1944598966310544,30,fold_2020,2020
2020-02-28,0.1461424090563175,0.24153846153846154,25,fold_2020,2020
2020-03-02,0.5073334022372407,0.3827586206896551,29,fold_2020,2020
2020-03-03,0.3348898606806252,0.37664071190211346,30,fold_2020,2020
2020-03-04,0.29937192204740276,0.28231368186874306,30,fold_2020,2020
2020-03-05,0.4178647702621727,0.5283648498331479,30,fold_2020,2020
2020-03-06,0.7173906050281397,0.61,25,fold_2020,2020
2020-03-09,0.1519604241445415,0.2205801860974275,28,fold_2020,2020
2020-03-10,0.3063795855847053,0.428523753903216,30,fold_2020,2020
2020-03-11,0.4580402780976432,0.49855394883203563,30,fold_2020,2020
2020-03-12,0.34294557991279623,0.3889197932621088,30,fold_2020,2020
2020-03-13,0.29770822378859974,0.2752559035658262,30,fold_2020,2020
2020-03-16,0.12381443758718631,0.07635467980295566,29,fold_2020,2020
2020-03-17,0.2999227887920135,0.30414951795726697,30,fold_2020,2020
2020-03-18,-0.1524103853658787,-0.030481700043998236,30,fold_2020,2020
2020-03-19,-0.03531047896342799,0.046496106785317015,30,fold_2020,2020
2020-03-20,-0.3012774750368373,-0.4117908787541713,30,fold_2020,2020
2020-03-23,0.14863299331983054,0.05494994438264739,30,fold_2020,2020
2020-03-24,0.07653298399190482,0.12880978865406006,30,fold_2020,2020
2020-03-25,-0.02929511227165717,-0.07764182424916574,30,fold_2020,2020
2020-03-26,-0.18205843163577337,-0.30106809824136044,30,fold_2020,2020
2020-03-27,-0.2438608728304597,-0.30589543937708563,30,fold_2020,2020
2020-03-30,-0.1836845495911044,-0.27208008898776415,30,fold_2020,2020
2020-03-31,-0.3711207686171591,-0.3987539039530804,30,fold_2020,2020
2020-04-01,-0.14336206910541874,-0.13905885056568537,30,fold_2020,2020
2020-04-02,0.08028247614573386,0.05762598767442001,30,fold_2020,2020
2020-04-03,0.4162307015047996,0.4967741935483871,30,fold_2020,2020
2020-04-07,0.522697670598217,0.49766407119021133,30,fold_2020,2020
2020-04-08,0.47040090140050567,0.4265213064550701,30,fold_2020,2020
2020-04-09,0.3082014861287044,0.43893214682981085,30,fold_2020,2020
2020-04-10,-0.11500839589112156,-0.025369980271874905,30,fold_2020,2020
2020-04-13,0.10720928185372962,0.061853376731616845,30,fold_2020,2020
2020-04-14,-0.05189719939312468,-0.06785317018909899,30,fold_2020,2020
2020-04-15,0.08074552208098815,0.10166852057842046,30,fold_2020,2020
2020-04-16,-0.009815260254919585,-0.11457174638487205,30,fold_2020,2020
2020-04-17,-0.22799440415783082,-0.2896873974984357,30,fold_2020,2020
2020-04-20,0.08095231486315303,0.05317610445631808,30,fold_2020,2020
2020-04-21,0.22572801670908252,0.15150166852057842,30,fold_2020,2020
2020-04-22,0.1448372951362025,0.1404094382781215,30,fold_2020,2020
2020-04-23,-0.010412231532850856,0.17196885428253617,30,fold_2020,2020
2020-04-24,0.20204385220073717,0.2489432703003337,30,fold_2020,2020
2020-04-27,-0.038685427522375276,0.3299221357063403,30,fold_2020,2020
2020-04-28,-0.001537206902911554,0.09923239576367306,30,fold_2020,2020
2020-04-29,-0.00019631862672366183,0.0914349276974416,30,fold_2020,2020
2020-04-30,0.10187683497936342,0.09967738408548325,30,fold_2020,2020
2020-05-06,0.20077343389871055,0.23539882223759215,30,fold_2020,2020
2020-05-07,0.09990236996207522,-0.060289210233592884,30,fold_2020,2020
2020-05-08,-0.11474911459693225,-0.02736373748609566,30,fold_2020,2020
2020-05-11,-0.002589872464529459,0.008231368186874304,30,fold_2020,2020
2020-05-12,0.06471347874487457,0.14838709677419354,30,fold_2020,2020
2020-05-13,-0.1041649384488495,0.07808676307007786,30,fold_2020,2020
2020-05-14,-0.1300307095781008,0.07943041544311948,30,fold_2020,2020
2020-05-15,0.2977216612613764,0.2516129032258065,30,fold_2020,2020
2020-05-18,0.29439318061693126,0.3882523107793935,30,fold_2020,2020
2020-05-19,-0.0035771234067324353,0.013127155493400697,30,fold_2020,2020
2020-05-20,0.2841923345226553,0.32458286985539486,30,fold_2020,2020
2020-05-21,0.0893424972481333,0.041156840934371525,30,fold_2020,2020
2020-05-22,0.0859769247070648,0.08120133481646273,30,fold_2020,2020
2020-05-25,-0.13546198113789243,0.0011123470522803117,30,fold_2020,2020
2020-05-26,0.17128767586618723,0.26852057842046717,30,fold_2020,2020
2020-05-27,0.29260714137731825,0.2516129032258065,30,fold_2020,2020
2020-05-28,0.21423597097930475,0.2640711902113459,30,fold_2020,2020
2020-05-29,0.32018402310680366,0.2707452725250278,30,fold_2020,2020
2020-06-01,0.2930353285210557,0.1181575463164541,30,fold_2020,2020
2020-06-02,0.244546420457519,0.11347202206159923,30,fold_2020,2020
2020-06-03,0.10440630704993252,-0.06562847608453837,30,fold_2020,2020
2020-06-04,0.2998424721905214,0.301702082187311,30,fold_2020,2020
2020-06-05,0.10694404213901042,0.14883203559510566,30,fold_2020,2020
2020-06-08,0.26449081604230945,0.43964846194847085,30,fold_2020,2020
2020-06-09,0.22736158586699254,0.251195907661854,30,fold_2020,2020
2020-06-10,0.2644007770632884,0.3076751946607342,30,fold_2020,2020
2020-06-11,0.17762755655686543,0.17241379310344826,30,fold_2020,2020
2020-06-12,0.1480321920471481,0.16662958843159065,30,fold_2020,2020
2020-06-15,-0.07420865172616306,-0.129046613324956,30,fold_2020,2020
2020-06-16,-0.010593768114946958,0.004672377379007028,30,fold_2020,2020
2020-06-17,-0.07639726058490592,0.055394883203559515,30,fold_2020,2020
2020-06-18,0.23307135660572093,0.21804427768699464,30,fold_2020,2020
2020-06-19,0.22663060587517309,0.23651129304211768,30,fold_2020,2020
2020-06-22,-0.02134889889723395,-0.013125695216907676,30,fold_2020,2020
2020-06-23,-0.01901026646655126,0.012682167171590503,30,fold_2020,2020
2020-06-24,0.07104942821474237,0.10077864293659622,30,fold_2020,2020
2020-06-29,0.0351256233628468,0.05005561735261402,30,fold_2020,2020
2020-06-30,0.06027876903050991,0.061185894248901564,30,fold_2020,2020
2020-07-01,0.18185366769294625,0.15889619222911125,30,fold_2020,2020
2020-07-02,0.1552546832019211,0.17245216270292263,30,fold_2020,2020
2020-07-03,0.21502689989332927,0.21423804226918797,30,fold_2020,2020
2020-07-06,0.23809052778973486,0.36240266963292544,30,fold_2020,2020
2020-07-07,-0.01995779447637489,-0.0051173657008172216,30,fold_2020,2020
2020-07-08,-0.028023476379507993,-0.09014022704757207,30,fold_2020,2020
2020-07-09,-0.08474244522843442,-0.0914349276974416,30,fold_2020,2020
2020-07-10,0.11249634040489177,0.15061179087875418,30,fold_2020,2020
2020-07-13,0.23527138697383831,0.2418242491657397,30,fold_2020,2020
2020-07-14,-0.17579192660609677,-0.2071420638026449,30,fold_2020,2020
2020-07-15,-0.042329168222671354,0.09567248918919152,30,fold_2020,2020
2020-07-16,0.011768986786390353,0.1995994708961569,30,fold_2020,2020
2020-07-17,0.050146061570321525,0.23005896237586984,30,fold_2020,2020
2020-07-20,-0.21314488975347232,-0.059844271412680755,30,fold_2020,2020
2020-07-21,0.008186497766102523,0.1297140958076713,30,fold_2020,2020
2020-07-22,-0.1528750764934725,-0.20093458441385695,30,fold_2020,2020
2020-07-23,0.2725475176487223,0.20402714554997356,30,fold_2020,2020
2020-07-24,0.24869691286316867,0.2756395995550612,30,fold_2020,2020
2020-07-27,0.4991852776598987,0.48031145717463847,30,fold_2020,2020
2020-07-28,0.3833648242908833,0.4383622716448485,30,fold_2020,2020
2020-07-29,0.34336030459092237,0.3423804226918799,30,fold_2020,2020
2020-07-30,0.03876909542869969,0.2854282536151279,30,fold_2020,2020
2020-07-31,-0.060950630091694456,0.12302558398220245,30,fold_2020,2020
2020-08-03,-0.2678691219519208,-0.12793414252043053,30,fold_2020,2020
2020-08-04,-0.252068888397874,-0.1388363564047803,30,fold_2020,2020
2020-08-05,0.1123578352340962,0.10212481985543932,30,fold_2020,2020
2020-08-06,-0.010375011510565392,0.1203559510567297,30,fold_2020,2020
2020-08-07,0.0041489839069038725,-0.03804650151477151,30,fold_2020,2020
2020-08-10,0.15090126205251156,0.13616642647391908,30,fold_2020,2020
2020-08-11,0.03238257913777216,-0.02647385984427141,30,fold_2020,2020
2020-08-12,0.4603194162653351,0.44694104560622916,30,fold_2020,2020
2020-08-13,0.3135709693172295,0.2676307007786429,30,fold_2020,2020
2020-08-14,0.30076032527467306,0.30106809824136044,30,fold_2020,2020
2020-08-17,0.1040166156378353,0.08254533369579081,30,fold_2020,2020
2020-08-18,0.18282423419912344,0.1114571746384872,30,fold_2020,2020
2020-08-19,0.1301057311366569,0.12124582869855395,30,fold_2020,2020
2020-08-20,-0.03765811931361808,-0.06875834445927906,30,fold_2020,2020
2020-08-21,0.03179972118047942,0.02246941045606229,30,fold_2020,2020
2020-08-24,-0.05355819689501541,-0.007342307309868188,30,fold_2020,2020
2020-08-25,0.04632129525210073,0.3268075639599555,30,fold_2020,2020
2020-08-26,0.36464273427828714,0.43635960136829843,30,fold_2020,2020
2020-08-27,0.3028759799911263,0.24830348357008775,30,fold_2020,2020
2020-08-28,0.3039809289087713,0.3319612880704041,30,fold_2020,2020
2020-08-31,0.12174650984121245,0.17374860956618463,30,fold_2020,2020
2020-09-01,0.25507712888205797,0.25141840182275915,30,fold_2020,2020
2020-09-02,-0.06354365915150255,-0.07897664071190211,30,fold_2020,2020
2020-09-03,-0.11650541453196017,-0.1379463797611599,30,fold_2020,2020
2020-09-04,-0.13717707941009347,-0.18645010683847094,30,fold_2020,2020
2020-09-07,-0.08695397077813222,-0.19913227401006142,30,fold_2020,2020
2020-09-08,-0.10189028759847689,-0.22091212458286985,30,fold_2020,2020
2020-09-09,-0.12197719959059715,-0.16974416017797553,30,fold_2020,2020
2020-09-10,-0.052545608095258524,-0.13616642647391908,30,fold_2020,2020
2020-09-11,-0.14387225297694256,-0.11682243279875404,30,fold_2020,2020
2020-09-14,-0.09277765215880349,-0.01846496106785317,30,fold_2020,2020
2020-09-15,0.40145152810520196,0.36960391633288836,30,fold_2020,2020
2020-09-16,0.45133979039664474,0.396662958843159,30,fold_2020,2020
2020-09-17,0.29722694266432065,0.1426187571401669,30,fold_2020,2020
2020-09-18,0.3717920482211047,0.3949271356065464,30,fold_2020,2020
2020-09-21,0.2938223717887344,0.3521690767519466,30,fold_2020,2020
2020-09-22,0.07160690804535214,0.1408231368186874,30,fold_2020,2020
2020-09-23,-0.23980905676671796,-0.27875417130144603,30,fold_2020,2020
2020-09-24,-0.003818231365600176,0.08034721472635437,30,fold_2020,2020
2020-09-25,0.021908469841531057,0.00778642936596218,30,fold_2020,2020
2020-09-28,0.24114816750735707,0.20088987764182425,30,fold_2020,2020
2020-09-29,0.22545554711252158,0.218934254330615,30,fold_2020,2020
2020-09-30,0.23782648449544364,0.21290322580645163,30,fold_2020,2020
2020-10-09,0.09228625938590901,0.110579597969833,30,fold_2020,2020
2020-10-12,-0.22781365641459944,-0.13306631393077126,30,fold_2020,2020
2020-10-13,-0.3957396087090675,-0.37890755602137943,30,fold_2020,2020
2020-10-14,-0.31322292431556276,-0.32242991452456116,30,fold_2020,2020
2020-10-15,-0.20618366262835852,-0.13770856507230256,30,fold_2020,2020
2020-10-16,0.22191400811650863,0.13840676800157145,30,fold_2020,2020
2020-10-19,0.3878648746526148,0.4545050055617353,30,fold_2020,2020
2020-10-20,0.4670024505087004,0.5697441601779756,30,fold_2020,2020
2020-10-21,0.494033577795197,0.490822118956643,30,fold_2020,2020
2020-10-22,0.4554408810204899,0.6450105724638748,30,fold_2020,2020
2020-10-23,0.38280722128994277,0.5510567296996662,30,fold_2020,2020
2020-10-26,0.35300482935262817,0.3243964865996308,30,fold_2020,2020
2020-10-27,0.2438683526042668,0.2667704989252108,30,fold_2020,2020
2020-10-28,0.24419920633584657,0.3308120133481646,30,fold_2020,2020
2020-10-29,0.11241947466287529,0.15728587319243603,30,fold_2020,2020
2020-10-30,-0.05156385876650284,-0.07276368671465253,30,fold_2020,2020
2020-11-02,-0.1215678382390853,0.05117935151183511,30,fold_2020,2020
2020-11-03,0.03278768573154017,0.15951056729699667,30,fold_2020,2020
2020-11-04,-0.08531156783764167,-0.005116796440489433,30,fold_2020,2020
2020-11-05,0.1948557187068403,0.3186116384160983,30,fold_2020,2020
2020-11-06,0.12538861987970262,0.19243604004449388,30,fold_2020,2020
2020-11-09,0.2031941246326625,0.27211035878693307,30,fold_2020,2020
2020-11-10,0.24717747289446096,0.26140155728587317,30,fold_2020,2020
2020-11-11,0.37123689838461366,0.4487208008898776,30,fold_2020,2020
2020-11-12,0.478076578708073,0.4841472941294901,30,fold_2020,2020
2020-11-13,0.24009658215280388,0.23648498331479423,30,fold_2020,2020
2020-11-16,0.06591699745235521,0.08032039208673987,30,fold_2020,2020
2020-11-17,-0.025647197987333958,-0.06719323659333917,30,fold_2020,2020
2020-11-18,-0.2639301467880447,-0.2403204331860083,30,fold_2020,2020
2020-11-19,-0.08761096412930892,-0.0841215135330589,30,fold_2020,2020
2020-11-20,0.035336115428612105,0.13440142744847133,30,fold_2020,2020
2020-11-23,0.1520806849211715,0.1579884329278388,30,fold_2020,2020
2020-11-24,0.09706001057891928,0.11392968684373729,30,fold_2020,2020
2020-11-25,0.15364613612159506,0.17908787541713014,30,fold_2020,2020
2020-11-26,0.11528073110814734,0.15951056729699667,30,fold_2020,2020
2020-11-27,-0.12209134828939981,-0.05695850519170473,30,fold_2020,2020
2020-11-30,-0.08316384720134351,0.10879964468259223,30,fold_2020,2020
2020-12-01,-0.14922240202904602,-0.10368227898177501,30,fold_2020,2020
2020-12-02,-0.06512404082838823,-0.03527317257844169,30,fold_2020,2020
2020-12-03,0.29040152287817383,0.21512791991101224,30,fold_2020,2020
2020-12-04,0.3110083473663394,0.2015797097800175,30,fold_2020,2020
2020-12-07,0.09026480891415013,0.023359288097886538,30,fold_2020,2020
2020-12-08,-0.07422461506407059,-0.07342307309868187,30,fold_2020,2020
2020-12-09,-0.0982462416701694,-0.10166852057842046,30,fold_2020,2020
2020-12-10,-0.16091593954584058,-0.09232480533926585,30,fold_2020,2020
2020-12-11,-0.09163534027859248,-0.06295884315906564,30,fold_2020,2020
2020-12-14,-0.02668731174738434,-0.025812194675534226,30,fold_2020,2020
2020-12-15,-0.18432617445956778,-0.15307598270270645,30,fold_2020,2020
2020-12-16,-0.27139694160272826,-0.32061408586424417,30,fold_2020,2020
2020-12-17,-0.10369019428069022,-0.1621802002224694,30,fold_2020,2020
2020-12-18,-0.16181907449086005,-0.14171301446051168,30,fold_2020,2020
2020-12-21,0.14862862444555716,0.11017138861369921,30,fold_2020,2020
2020-12-22,0.17142972485272656,0.11368186874304784,30,fold_2020,2020
2020-12-23,0.059647376144483975,0.04983869204274163,30,fold_2020,2020
2020-12-24,0.08435889905438165,0.009121245828698554,30,fold_2020,2020
2020-12-25,0.1437858733062337,0.12883845445805445,30,fold_2020,2020
2020-12-28,0.26245557159196287,0.1953498732746748,30,fold_2020,2020
2020-12-29,0.19226035948984754,0.1586206896551724,30,fold_2020,2020
2020-12-30,-0.09832856274133618,-0.16533155727518906,30,fold_2020,2020
2020-12-31,-0.050904225484465125,-0.0135706340378198,30,fold_2020,2020
2021-01-04,0.0038460480204418465,0.14349276974416017,30,fold_2021,2021
2021-01-05,-0.05595481216671809,-0.027366781791326875,30,fold_2021,2021
2021-01-06,-0.017763708668903002,0.01802202703331282,30,fold_2021,2021
2021-01-07,-0.06355440315493813,-0.017130144605116793,30,fold_2021,2021
2021-01-08,0.0062143684165567,0.0649682949842882,30,fold_2021,2021
2021-01-11,0.030804675553028384,-0.04939370372093144,30,fold_2021,2021
2021-01-12,-0.048634565593786046,-0.1132369299221357,30,fold_2021,2021
2021-01-13,0.017855732817007596,0.07230255839822024,30,fold_2021,2021
2021-01-14,0.2191371169051286,0.1350389321468298,30,fold_2021,2021
2021-01-15,0.20144041224670595,0.2783092324805339,30,fold_2021,2021
2021-01-18,-0.09219785775604072,-0.14838709677419354,30,fold_2021,2021
2021-01-19,0.2392238482395238,0.14438264738598441,30,fold_2021,2021
2021-01-20,0.07108786674042059,0.056729699666295874,30,fold_2021,2021
2021-01-21,-0.16141248381605955,-0.11506789477430805,30,fold_2021,2021
2021-01-22,-0.37260110906143046,-0.35135737407472883,30,fold_2021,2021
2021-01-25,-0.2980583492309389,-0.2901323858202459,30,fold_2021,2021
2021-01-26,-0.25302376474148597,-0.24986094269642345,30,fold_2021,2021
2021-01-27,-0.19150698254907486,-0.14106129801383122,30,fold_2021,2021
2021-01-28,-0.17564555273228344,-0.28727192522512657,30,fold_2021,2021
2021-01-29,0.32807291102474906,0.14438264738598441,30,fold_2021,2021
2021-02-01,0.32229675562011456,0.09989987824638837,30,fold_2021,2021
2021-02-02,0.3190386161949414,0.2661030164424955,30,fold_2021,2021
2021-02-03,0.40530620395734923,0.4323061546386026,30,fold_2021,2021
2021-02-04,0.2991500229364024,0.2975077955274936,30,fold_2021,2021
2021-02-05,0.3246645399790897,0.32413793103448274,30,fold_2021,2021
2021-02-08,0.13662516354519502,0.3126390820614275,30,fold_2021,2021
2021-02-09,-0.1465591118055236,-0.04204671857619577,30,fold_2021,2021
2021-02-10,-0.37151263859536543,-0.25675826168448146,30,fold_2021,2021
2021-02-18,0.2348030915175376,0.33974858370208244,30,fold_2021,2021
2021-02-19,-0.040255339738510344,-0.008231368186874304,30,fold_2021,2021
2021-02-22,0.24728875659590377,0.0763239894285193,30,fold_2021,2021
2021-02-23,0.38404972309116453,0.3686318131256952,30,fold_2021,2021
2021-02-24,0.3474708033510064,0.32502780867630704,30,fold_2021,2021
2021-02-25,0.3069610303153212,0.24849833147942155,30,fold_2021,2021
2021-02-26,-0.013268284584104556,0.07408231368186874,30,fold_2021,2021
2021-03-01,0.013392887512619843,0.21245828698553948,30,fold_2021,2021
2021-03-02,0.07526153672756311,0.17196885428253617,30,fold_2021,2021
2021-03-03,0.17069373318103973,0.16110369780247222,30,fold_2021,2021
2021-03-04,0.0076485859202886875,0.002447435769956062,30,fold_2021,2021
2021-03-05,0.22614758938997143,0.11635150166852058,30,fold_2021,2021
2021-03-08,0.27650868304982695,0.2810726761699825,30,fold_2021,2021
2021-03-09,0.2127222974002568,0.24449388209121245,30,fold_2021,2021
2021-03-10,0.12515650548002116,0.014015572858731925,30,fold_2021,2021
2021-03-11,-0.049951749582885105,-0.10300333704115683,30,fold_2021,2021
2021-03-12,0.1727642062331381,0.18022027033312824,30,fold_2021,2021
2021-03-15,0.20778741472698367,0.19247886546842333,30,fold_2021,2021
2021-03-16,0.3215935198122332,0.2926123792959268,30,fold_2021,2021
2021-03-17,0.275942556924198,0.2565357675235764,30,fold_2021,2021
2021-03-18,0.4437729728025953,0.4496106785317019,30,fold_2021,2021
2021-03-19,-0.3017232726280877,-0.33704115684093433,30,fold_2021,2021
2021-03-22,-0.23830196386280986,-0.3290688639786378,30,fold_2021,2021
2021-03-23,-0.3713065987244789,-0.289432703003337,30,fold_2021,2021
2021-03-24,-0.4764453703750563,-0.3890989988876529,30,fold_2021,2021
2021-03-25,-0.42073982130774035,-0.4401424230017819,30,fold_2021,2021
2021-03-26,-0.15252691894100925,-0.15906562847608455,30,fold_2021,2021
2021-03-29,-0.15909893858612517,-0.16308821994343578,30,fold_2021,2021
2021-03-30,0.10946541956398577,0.0424916573971079,30,fold_2021,2021
2021-03-31,0.2570701588998621,0.31835372636262516,30,fold_2021,2021
2021-04-01,0.45297851155602825,0.41090100111234706,30,fold_2021,2021
2021-04-02,0.1964073774538559,0.17332295134507023,30,fold_2021,2021
2021-04-06,0.12341204306490973,0.15863833672533384,30,fold_2021,2021
2021-04-07,0.001104712205712679,0.006006674082313682,30,fold_2021,2021
2021-04-08,-0.31022934695907234,-0.21317312499277405,30,fold_2021,2021
2021-04-09,-0.46790211642824114,-0.38184246606221317,30,fold_2021,2021
2021-04-12,-0.2428818229348171,-0.18489264771213526,30,fold_2021,2021
2021-04-13,-0.07252733817997378,-0.08298109010011123,30,fold_2021,2021
2021-04-14,0.2073393913718418,0.1495160761282249,30,fold_2021,2021
2021-04-15,0.16860369001668687,0.24849833147942155,30,fold_2021,2021
2021-04-16,0.12830962890456213,0.0896551724137931,30,fold_2021,2021
2021-04-19,-0.08489322469102202,-0.03938146648020209,30,fold_2021,2021
2021-04-20,0.03358819692154342,0.0389364781583919,30,fold_2021,2021
2021-04-21,0.1863395099658969,0.06473859844271414,30,fold_2021,2021
2021-04-22,0.12317360418402223,-0.0002224941609050966,30,fold_2021,2021
2021-04-23,0.12265945030776226,0.0371523915461624,30,fold_2021,2021
2021-04-26,-0.16594911121869954,-0.15951056729699667,30,fold_2021,2021
2021-04-27,-0.2789724963458653,-0.23539882223759215,30,fold_2021,2021
2021-04-28,-0.3397517145168158,-0.24207364706474505,30,fold_2021,2021
2021-04-29,-0.2624549620089599,-0.25339265850945497,30,fold_2021,2021
2021-04-30,-0.291449056143334,-0.25917686318131256,30,fold_2021,2021
2021-05-06,-0.23109963204271528,-0.28781306626686104,30,fold_2021,2021
2021-05-07,-0.15808195799054994,-0.29521690767519465,30,fold_2021,2021
2021-05-10,0.16140901840417132,0.1886750484475219,30,fold_2021,2021
2021-05-11,0.18086304408640205,0.21112347052280311,30,fold_2021,2021
2021-05-12,0.46537894435841015,0.5110690875990068,30,fold_2021,2021
2021-05-13,0.29084340713773704,0.2622914349276974,30,fold_2021,2021
2021-05-14,0.08548858722408484,0.05250862197360279,30,fold_2021,2021
2021-05-17,0.004049519610093163,-0.01824452119421792,30,fold_2021,2021
2021-05-18,-0.0741509054751898,-0.12105029227147085,30,fold_2021,2021
2021-05-19,-0.5516423948853123,-0.5581757508342603,30,fold_2021,2021
2021-05-20,-0.28179251169632363,-0.26629588431590656,30,fold_2021,2021
2021-05-21,0.03278651923146832,0.059844271412680755,30,fold_2021,2021
2021-05-24,0.15723657591491305,0.18086763070077863,30,fold_2021,2021
2021-05-25,0.1814654971584697,0.22785936804628396,30,fold_2021,2021
2021-05-26,0.3279676001153958,0.4309232480533926,30,fold_2021,2021
2021-05-27,0.21381750013822137,0.19225634654880666,30,fold_2021,2021
2021-05-28,0.11034852460687611,0.12593169507228466,30,fold_2021,2021
2021-05-31,0.1819310228282722,0.21379310344827587,30,fold_2021,2021
2021-06-01,0.0857362749559606,0.1599555061179088,30,fold_2021,2021
2021-06-02,0.15717887348753845,0.10768717387806674,30,fold_2021,2021
2021-06-03,-0.11153393216734657,-0.2707753938215025,30,fold_2021,2021
2021-06-04,-0.1044686869506839,0.1870967741935484,30,fold_2021,2021
2021-06-07,0.07189351239370247,0.2520578420467186,30,fold_2021,2021
2021-06-08,-0.043798292047281084,0.09454949944382647,30,fold_2021,2021
2021-06-09,0.06796284811183144,0.125055632824571,30,fold_2021,2021
2021-06-10,-0.08967608801071539,-0.08346317319219637,30,fold_2021,2021
2021-06-11,-0.21337285442915974,-0.16464567906977146,30,fold_2021,2021
2021-06-15,-0.268131872149888,-0.2596218020022247,30,fold_2021,2021
2021-06-16,0.010568186095037034,-0.010679719723444635,30,fold_2021,2021
2021-06-17,-0.21637806044356137,-0.24983314794215797,30,fold_2021,2021
2021-06-18,-0.15654368317337203,-0.025583982202447165,30,fold_2021,2021
2021-06-21,-0.3516735997628234,-0.2988096580955447,30,fold_2021,2021
2021-06-22,-0.3147705145273983,-0.3241739924387257,30,fold_2021,2021
2021-06-23,-0.4155855025272246,-0.4273637374860957,30,fold_2021,2021
2021-06-24,-0.33829675392376257,-0.35554566912634433,30,fold_2021,2021
2021-06-25,-0.1394003224487829,-0.044276338020114214,30,fold_2021,2021
2021-06-28,-0.05284546375001916,-0.1296996662958843,30,fold_2021,2021
2021-06-29,-0.07536597399974354,-0.14152203287620488,30,fold_2021,2021
2021-06-30,0.05069174251706741,0.059628435122565875,30,fold_2021,2021
2021-07-01,0.10159924956341662,0.18487208008898778,30,fold_2021,2021
2021-07-02,0.035954330603991204,0.13905885056568537,30,fold_2021,2021
2021-07-05,-0.06462049811978374,-0.01690955622878734,30,fold_2021,2021
2021-07-06,0.030491867340895023,0.03848720800889878,30,fold_2021,2021
2021-07-07,0.017425766094154076,0.12527815174418766,30,fold_2021,2021
2021-07-08,0.2981041881830836,0.22447163515016688,30,fold_2021,2021
2021-07-09,0.1498046953589501,0.06251390433815351,30,fold_2021,2021
2021-07-12,0.1637960097701172,0.08342602892102337,30,fold_2021,2021
2021-07-13,0.391858056474985,0.31130396854372744,30,fold_2021,2021
2021-07-14,0.24801064924906877,0.17463848720800887,30,fold_2021,2021
2021-07-15,-0.061059800155545484,-0.029588431590656286,30,fold_2021,2021
2021-07-16,0.1265600649627505,0.09855394883203561,30,fold_2021,2021
2021-07-19,0.23015890308628034,0.23915461624026696,30,fold_2021,2021
2021-07-20,0.13654162861823418,0.22916898573224942,30,fold_2021,2021
2021-07-21,0.015276915166541359,0.03626251390433815,30,fold_2021,2021
2021-07-22,0.1703385344772266,0.1599555061179088,30,fold_2021,2021
2021-07-23,0.02218140518218396,-0.08276782785669592,30,fold_2021,2021
2021-07-26,-0.07381553918871495,0.18090788164835625,30,fold_2021,2021
2021-07-27,-0.21573664584166405,-0.1274891541986203,30,fold_2021,2021
2021-07-28,0.15049367471155176,0.20622914349276972,30,fold_2021,2021
2021-07-29,0.28399227216252615,0.21334816462736375,30,fold_2021,2021
2021-07-30,0.2646641122562023,0.347980867655571,30,fold_2021,2021
2021-08-02,0.31064290033442404,0.3815350389321468,30,fold_2021,2021
2021-08-03,0.28623330161772365,0.31746384872080086,30,fold_2021,2021
2021-08-04,0.2663400593652108,0.1911012235817575,30,fold_2021,2021
2021-08-05,0.1721578171250432,0.1345939933259177,30,fold_2021,2021
2021-08-06,0.026425732127585727,0.07186561397234618,30,fold_2021,2021
2021-08-09,-0.05160422093444811,0.018909899888765295,30,fold_2021,2021
2021-08-10,0.2116789515612523,0.2155968419170386,30,fold_2021,2021
2021-08-11,0.14479135582742728,-0.05628476084538376,30,fold_2021,2021
2021-08-12,0.1495873928979092,0.017130144605116793,30,fold_2021,2021
2021-08-13,0.037164406465291844,-0.13394148486486812,30,fold_2021,2021
2021-08-16,0.15013804888635732,0.16709311483972755,30,fold_2021,2021
2021-08-17,0.2653527085234493,0.17508342602892102,30,fold_2021,2021
2021-08-18,0.3402722443628016,0.30856507230255836,30,fold_2021,2021
2021-08-19,0.382692247545484,0.32013348164627364,30,fold_2021,2021
2021-08-20,0.5041359979338982,0.39888765294771966,30,fold_2021,2021
2021-08-23,0.058755852855108634,0.11635150166852058,30,fold_2021,2021
2021-08-24,0.18573589696366094,0.3810901001112347,30,fold_2021,2021
2021-08-25,-0.07309568862150108,-0.06829810901001113,30,fold_2021,2021
2021-08-26,-0.08767624575198414,-0.05095116284726711,30,fold_2021,2021
2021-08-27,0.10973499894559308,0.11012235817575085,30,fold_2021,2021
2021-08-30,0.07389111440642876,0.04961619788183653,30,fold_2021,2021
2021-08-31,0.24045864299848493,0.08054288624764495,30,fold_2021,2021
2021-09-01,0.3294448867767424,0.24004449388209118,30,fold_2021,2021
2021-09-02,0.20562636268661444,0.1094671271653075,30,fold_2021,2021
2021-09-03,0.2967897903182254,0.2489432703003337,30,fold_2021,2021
2021-09-06,0.07571240894606708,0.06562847608453837,30,fold_2021,2021
2021-09-07,-0.13793019531412773,-0.014905450500556172,30,fold_2021,2021
2021-09-08,-0.18868471045752438,-0.21423804226918797,30,fold_2021,2021
2021-09-09,-0.07995084737221334,0.03670745272525028,30,fold_2021,2021
2021-09-10,-0.0066032423229288924,0.02469685186046572,30,fold_2021,2021
2021-09-13,0.008140929775581044,0.033592880978865404,30,fold_2021,2021
2021-09-14,0.10209383372756091,0.12258064516129033,30,fold_2021,2021
2021-09-15,-0.11821784720498814,-0.12192680017599294,30,fold_2021,2021
2021-09-16,-0.2003924399065731,-0.26896551724137935,30,fold_2021,2021
2021-09-17,-0.1955341944332555,-0.18175750834260287,30,fold_2021,2021
2021-09-22,-0.25570593981038947,-0.20978865406006672,30,fold_2021,2021
2021-09-23,-0.23392569213069006,-0.23771400599080736,29,fold_2021,2021
2021-09-24,0.1018213351039442,0.04382647385984427,30,fold_2021,2021
2021-09-27,0.2353755705176805,0.2556173526140155,30,fold_2021,2021
2021-09-28,0.15101680177708257,0.15595105672969967,30,fold_2021,2021
2021-09-29,0.23822536130951585,0.13505395566939363,30,fold_2021,2021
2021-09-30,0.025255956782881863,-0.01379480242019193,29,fold_2021,2021
2021-10-08,-0.35601445874933885,-0.3014460511679644,30,fold_2021,2021
2021-10-11,-0.28889199697038465,-0.24849833147942155,30,fold_2021,2021
2021-10-12,-0.2642734199100693,-0.1406319571977382,30,fold_2021,2021
2021-10-13,0.04422682669151213,0.057174638487208,30,fold_2021,2021
2021-10-14,-0.09632178041798024,-0.026702270354000926,30,fold_2021,2021
2021-10-15,-0.06012999806917663,-0.034482758620689655,30,fold_2021,2021
2021-10-18,-0.19637135364975022,-0.2088987764182425,30,fold_2021,2021
2021-10-19,-0.1823423802972998,-0.07053064900691561,30,fold_2021,2021
2021-10-20,-0.32430102930449434,-0.16484983314794216,30,fold_2021,2021
2021-10-21,-0.3151933687730857,-0.2992213570634038,30,fold_2021,2021
2021-10-22,-0.3168900077204702,-0.2456335536392266,30,fold_2021,2021
2021-10-25,-0.1507487622745057,-0.026028921023359287,30,fold_2021,2021
2021-10-26,-0.23051537963125934,-0.09390298407823658,30,fold_2021,2021
2021-10-27,0.0484021129994245,0.17332295134507023,30,fold_2021,2021
2021-10-28,-0.04608830201692502,-0.037694014447712185,29,fold_2021,2021
2021-10-29,-0.18832192257425936,-0.13216153157762736,30,fold_2021,2021
2021-11-01,-0.12191662005508365,-0.17196885428253617,30,fold_2021,2021
2021-11-02,-0.1525123509813597,-0.2325063981458259,30,fold_2021,2021
2021-11-03,-0.42019587383612506,-0.43715239154616237,30,fold_2021,2021
2021-11-04,-0.19441843423818578,-0.26184649610678534,30,fold_2021,2021
2021-11-05,-0.4655299097448049,-0.489210233592881,30,fold_2021,2021
2021-11-08,-0.2641138941484069,-0.2600956740980579,30,fold_2021,2021
2021-11-09,-0.22508668824316025,-0.12080088987764183,30,fold_2021,2021
2021-11-10,-0.04666769851069596,0.0771968854282536,30,fold_2021,2021
2021-11-11,-0.04117161527679728,0.03381911245757468,30,fold_2021,2021
2021-11-12,0.09809302359603113,0.2529758609490948,30,fold_2021,2021
2021-11-15,0.06129019252993608,0.17018909899888765,30,fold_2021,2021
2021-11-16,0.2295310821001217,0.2503059310182337,30,fold_2021,2021
2021-11-17,0.20146449942747507,0.2538658375927152,30,fold_2021,2021
2021-11-18,0.3141591953181953,0.2616531332243936,30,fold_2021,2021
2021-11-19,0.13909277839897252,0.18086763070077863,30,fold_2021,2021
2021-11-22,0.1770096797149593,0.38776418242491656,30,fold_2021,2021
2021-11-23,0.18066182212407148,0.1670745272525028,30,fold_2021,2021
2021-11-24,0.29031996149138056,0.296551724137931,30,fold_2021,2021
2021-11-25,0.2461859516235187,0.24849833147942155,30,fold_2021,2021
2021-11-26,0.4346678386892601,0.36284760845383757,30,fold_2021,2021
2021-11-29,0.18317283639799023,0.23159065628476083,30,fold_2021,2021
2021-11-30,0.10612746816117023,0.1203559510567297,30,fold_2021,2021
2021-12-01,-0.20582709332198926,-0.15906562847608455,30,fold_2021,2021
2021-12-02,-0.3297634355193473,-0.31657397107897667,30,fold_2021,2021
2021-12-03,-0.3881014991073606,-0.4384872080088987,30,fold_2021,2021
2021-12-06,-0.42621396271529227,-0.5189141205460847,30,fold_2021,2021
2021-12-07,-0.3436334015058509,-0.38758482829667823,30,fold_2021,2021
2021-12-08,-0.13373576151629718,-0.1397418815192715,30,fold_2021,2021
2021-12-09,-0.06016203990356292,-0.09522750086738133,30,fold_2021,2021
2021-12-10,-0.08793214049079692,-0.06408544884960221,30,fold_2021,2021
2021-12-13,0.1345363438822701,0.17463848720800887,30,fold_2021,2021
2021-12-14,0.2110319097269439,0.20578420467185762,30,fold_2021,2021
2021-12-15,0.14106231912135056,0.08164627363737487,30,fold_2021,2021
2021-12-16,-0.013541314009621453,0.08387096774193549,30,fold_2021,2021
2021-12-17,0.1029357953634708,0.054739654225701886,30,fold_2021,2021
2021-12-20,0.00963319129954402,0.05272525027808676,30,fold_2021,2021
2021-12-21,-0.11245257454442464,-0.0932146829810901,30,fold_2021,2021
2021-12-22,-0.14056569641130356,-0.04338153503893215,30,fold_2021,2021
2021-12-23,-0.05242884772369692,-0.05228031145717464,30,fold_2021,2021
2021-12-24,-0.11901520834165454,-0.11991101223581756,30,fold_2021,2021
2021-12-27,-0.16891560527031085,-0.20180220394092258,30,fold_2021,2021
2021-12-28,0.07689091116782465,0.19403649790574,30,fold_2021,2021
2021-12-29,0.11898504529996438,0.06829810901001113,30,fold_2021,2021
2021-12-30,0.12656994439813787,0.1243604004449388,30,fold_2021,2021
2021-12-31,0.26750977075719323,0.315414628693072,30,fold_2021,2021
2022-01-04,0.451850241622578,0.5830923248053392,30,fold_2022,2022
2022-01-05,0.3696637214881747,0.3809523903837465,30,fold_2022,2022
2022-01-06,0.511789274458632,0.47541713014460507,30,fold_2022,2022
2022-01-07,0.21612955811521234,0.0801157271743418,30,fold_2022,2022
2022-01-10,-0.16351639652345643,-0.20803204044626528,30,fold_2022,2022
2022-01-11,-0.1809696307369795,-0.30262573067867715,30,fold_2022,2022
2022-01-12,-0.2828372065021315,-0.24630103612194187,30,fold_2022,2022
2022-01-13,-0.0991437630975747,-0.059628435122565875,30,fold_2022,2022
2022-01-14,0.15991670453009993,0.1337338706896213,30,fold_2022,2022
2022-01-17,0.2715355519923737,0.2649610678531702,30,fold_2022,2022
2022-01-18,-0.0017916142898830405,0.11038166855131537,30,fold_2022,2022
2022-01-19,-0.04511012914992889,0.1764182424916574,30,fold_2022,2022
2022-01-20,0.0018796721307075626,0.2345088455939718,30,fold_2022,2022
2022-01-21,0.24403454912765699,0.3045606229143492,30,fold_2022,2022
2022-01-24,0.06799290270110202,0.110579597969833,30,fold_2022,2022
2022-01-25,0.22311040819786035,0.32617643988687156,30,fold_2022,2022
2022-01-26,0.30986237571920267,0.33774613625393657,30,fold_2022,2022
2022-01-27,0.09051210718264462,0.27519466073414905,30,fold_2022,2022
2022-01-28,0.291793176731585,0.24607854196103682,30,fold_2022,2022
2022-02-07,-0.07510554459947943,-0.10813216219987692,30,fold_2022,2022
2022-02-08,0.10880780104493797,0.16484983314794216,30,fold_2022,2022
2022-02-09,0.012657579393477336,0.13014460511679646,30,fold_2022,2022
2022-02-10,0.03992273769962463,0.0453888088246397,30,fold_2022,2022
2022-02-11,-0.0848476749114495,-0.0011123470522803117,30,fold_2022,2022
2022-02-14,0.07775086047294523,0.18535826004068975,30,fold_2022,2022
2022-02-15,-0.03571469609723918,-0.02069195696417398,30,fold_2022,2022
2022-02-16,0.013093692228759758,-0.01268075639599555,30,fold_2022,2022
2022-02-17,0.22641663618228453,0.14729113451917394,30,fold_2022,2022
2022-02-18,0.282794239011159,0.18667260099937602,30,fold_2022,2022
2022-02-21,0.05396455432568061,0.053170189098998885,30,fold_2022,2022
2022-02-22,0.10816055629721505,-0.011790878754171301,30,fold_2022,2022
2022-02-23,0.037318852959150155,-0.028253615127919914,30,fold_2022,2022
2022-02-24,0.043283560771570695,0.030033370411568408,30,fold_2022,2022
2022-02-25,0.0461715390230504,0.03314794215795328,30,fold_2022,2022
2022-02-28,-0.011607843310730755,-0.0024630541871921174,29,fold_2022,2022
2022-03-01,-0.16262621530859847,-0.18770784721761158,29,fold_2022,2022
2022-03-02,-0.16831471996602504,-0.06650246305418718,29,fold_2022,2022
2022-03-03,-0.05786601559104766,-0.09237590906378523,29,fold_2022,2022
2022-03-04,0.06211444006255546,-0.00867630700778643,30,fold_2022,2022
2022-03-07,0.21296776053245728,0.24532019704433491,29,fold_2022,2022
2022-03-08,0.16827850322341045,0.167487684729064,29,fold_2022,2022
2022-03-09,0.14855798062674336,0.17093596059113297,29,fold_2022,2022
2022-03-10,0.1036773330764051,0.09507389162561573,29,fold_2022,2022
2022-03-11,0.18216660198961868,0.13994882720930574,30,fold_2022,2022
2022-03-14,0.12497876229539003,0.17933029368950784,30,fold_2022,2022
2022-03-15,0.13957759986435522,0.24941595437461325,30,fold_2022,2022
2022-03-16,-0.035058623408776884,0.03759733036707453,30,fold_2022,2022
2022-03-17,0.19870896926281478,0.214261876951608,30,fold_2022,2022
2022-03-18,-0.023151043953975343,-0.09721913236929922,30,fold_2022,2022
2022-03-21,-0.2537985624388992,-0.28723996172847965,30,fold_2022,2022
2022-03-22,0.010387623531373546,0.008899766436203865,30,fold_2022,2022
2022-03-23,-0.2471610600805666,-0.30634037819799775,30,fold_2022,2022
2022-03-24,-0.06881098802919043,-0.13637374860956616,30,fold_2022,2022
2022-03-25,-1.4084743045950933e-05,0.06295884315906564,30,fold_2022,2022
2022-03-28,0.016366052006468533,-0.06563577746700348,30,fold_2022,2022
2022-03-29,-0.08915066451945379,0.0035599065744815455,30,fold_2022,2022
2022-03-30,0.15770362059808338,0.20578420467185762,30,fold_2022,2022
2022-03-31,0.11089215969274135,0.10924463300440242,30,fold_2022,2022
2022-04-01,0.03971317256728159,0.11724137931034483,30,fold_2022,2022
2022-04-06,-0.03920655301305424,0.022249416090509656,30,fold_2022,2022
2022-04-07,-0.32026508237889073,-0.26254310986801394,30,fold_2022,2022
2022-04-08,-0.41163172679144683,-0.35350389321468295,30,fold_2022,2022
2022-04-11,-0.40146583268240194,-0.38509454949944383,30,fold_2022,2022
2022-04-12,-0.3977487206008732,-0.40360440788184515,30,fold_2022,2022
2022-04-13,-0.0009229769069026043,0.0389364781583919,30,fold_2022,2022
2022-04-14,-0.09211344502007973,-0.10569648681792033,30,fold_2022,2022
2022-04-15,-0.24180824719819818,-0.2578420467185762,30,fold_2022,2022
2022-04-18,-0.12083636569609689,-0.1748804104714059,30,fold_2022,2022
2022-04-19,-0.042044371464054466,-0.0002224694104560623,30,fold_2022,2022
2022-04-20,0.10358315535749664,0.0004449883218101932,30,fold_2022,2022
2022-04-21,-0.09685153194425279,-0.19045500173476265,30,fold_2022,2022
2022-04-22,-0.22565200619289194,-0.16529477196885425,30,fold_2022,2022
2022-04-25,-0.1744639496508905,0.02470234921208872,30,fold_2022,2022
2022-04-26,-0.29313909136956046,-0.15730337175990328,30,fold_2022,2022
2022-04-27,-0.45675522861126117,-0.3828698553948832,30,fold_2022,2022
2022-04-28,-0.3884992941225806,-0.41446051167964404,30,fold_2022,2022
2022-04-29,-0.42429960500522684,-0.4251863414896396,30,fold_2022,2022
2022-05-05,-0.3928456368937538,-0.40004450130736363,30,fold_2022,2022
2022-05-06,-0.2609605952931447,-0.1041272673035852,30,fold_2022,2022
2022-05-09,0.07503316289359883,0.15196351189818094,30,fold_2022,2022
2022-05-10,0.07025571889972128,0.10924463300440242,30,fold_2022,2022
2022-05-11,-0.06114954736281568,-0.1949048849528646,30,fold_2022,2022
2022-05-12,0.2381456241999709,0.17354544550597534,30,fold_2022,2022
2022-05-13,0.23237696233885832,0.12615418923318977,30,fold_2022,2022
2022-05-16,0.1948268759605248,0.039163329852534685,30,fold_2022,2022
2022-05-17,0.1313470435180171,0.08988764100565902,30,fold_2022,2022
2022-05-18,0.18956216368329942,0.14482758620689654,30,fold_2022,2022
2022-05-19,-0.2004568603398697,-0.11102458629164319,30,fold_2022,2022
2022-05-20,-0.3354559773537824,-0.2307007786429366,30,fold_2022,2022
2022-05-23,0.32594770679820134,0.214261876951608,30,fold_2022,2022
2022-05-24,0.20152954534915413,0.2222716667441915,30,fold_2022,2022
2022-05-25,0.19811985685376732,0.2783092324805339,30,fold_2022,2022
2022-05-26,0.32572495801467616,0.35172413793103446,30,fold_2022,2022
2022-05-27,0.18634342051510078,0.23550365360428385,30,fold_2022,2022
2022-05-30,0.11263126131250832,0.09367004174104566,30,fold_2022,2022
2022-05-31,0.27011603103794446,0.3183891442551932,30,fold_2022,2022
2022-06-01,0.3523159309009354,0.34820336181647615,30,fold_2022,2022
2022-06-02,0.056951674675672116,0.09011013516656412,30,fold_2022,2022
2022-06-06,-0.27601616355513764,-0.11480698702702982,30,fold_2022,2022
2022-06-07,-0.3730687151217532,-0.32858731924360396,30,fold_2022,2022
2022-06-08,-0.42174525512567385,-0.3951496297674515,30,fold_2022,2022
2022-06-09,-0.3926466460395245,-0.3828698553948832,30,fold_2022,2022
2022-06-10,-0.2618854353031033,-0.17330367074527253,30,fold_2022,2022
2022-06-13,-0.21039386039480557,-0.20424963971087864,30,fold_2022,2022
2022-06-14,-0.2525056555357705,-0.18622761267756582,30,fold_2022,2022
2022-06-15,-0.2501323958478642,-0.18202047624643963,30,fold_2022,2022
2022-06-16,-0.3310825390546948,-0.36774193548387096,30,fold_2022,2022
2022-06-17,-0.5378926169482122,-0.5701569250573991,30,fold_2022,2022
2022-06-20,-0.15105326537190114,-0.17196885428253617,30,fold_2022,2022
2022-06-21,-0.19354074391347592,-0.2943925306528602,30,fold_2022,2022
2022-06-22,-0.014015535027522565,-0.07497219132369298,30,fold_2022,2022
2022-06-23,-0.10653660690123282,-0.16269754560932145,30,fold_2022,2022
2022-06-24,0.21803564672340744,0.21423804226918797,30,fold_2022,2022
2022-06-27,0.08154253187858877,0.09811992495914758,30,fold_2022,2022
2022-06-28,-0.10672597154510653,-0.13637374860956616,30,fold_2022,2022
2022-06-29,-0.03940514559195814,-0.12658509454949946,30,fold_2022,2022
2022-06-30,0.049291998010320234,-0.022914349276974413,30,fold_2022,2022
2022-07-01,-0.17890372834229615,-0.30948937781898933,30,fold_2022,2022
2022-07-04,-0.09966590934058028,-0.1041272673035852,30,fold_2022,2022
2022-07-05,-0.04507921079088504,-0.029814217561282937,30,fold_2022,2022
2022-07-06,-0.1091599194251547,-0.09167779488206984,30,fold_2022,2022
2022-07-07,-0.2879226388133406,-0.21715430104337427,30,fold_2022,2022
2022-07-08,-0.26917834234767585,-0.28479252595852367,30,fold_2022,2022
2022-07-11,-0.11829694176739713,-0.10258122194328688,30,fold_2022,2022
2022-07-12,-0.073182819700085,-0.12791991101223582,30,fold_2022,2022
2022-07-13,-0.0005137027590175884,0.07541713014460512,30,fold_2022,2022
2022-07-14,0.07912413347187036,0.09657321111363668,30,fold_2022,2022
2022-07-15,0.3394189346384186,0.21913236929922134,30,fold_2022,2022
2022-07-18,0.23969421500377794,0.2324805339265851,30,fold_2022,2022
2022-07-19,0.28381106051166116,0.37130144605116794,30,fold_2022,2022
2022-07-20,0.2798469278728353,0.349944382647386,30,fold_2022,2022
2022-07-21,0.23647590377501942,0.22073876825974095,30,fold_2022,2022
2022-07-22,0.30667098062517373,0.24963844853551836,30,fold_2022,2022
2022-07-25,0.14390944979293177,0.16529477196885425,30,fold_2022,2022
2022-07-26,-0.1591747680610315,-0.17819799777530587,30,fold_2022,2022
2022-07-27,0.0790951920700862,0.09543937708565071,30,fold_2022,2022
2022-07-28,-0.12063044899856595,-0.05583982202447163,30,fold_2022,2022
2022-07-29,0.009503713883695114,0.1581757508342603,30,fold_2022,2022
2022-08-01,0.07682878813426602,0.2578994278357256,30,fold_2022,2022
2022-08-02,0.0077351513248181385,0.04449883218101931,30,fold_2022,2022
2022-08-03,0.03471790239571773,0.10459553269983514,30,fold_2022,2022
2022-08-04,0.2306014025257923,0.2867630700778643,30,fold_2022,2022
2022-08-05,0.13765780994447344,0.2267215499622934,30,fold_2022,2022
2022-08-08,-0.12522827157130859,-0.1203559510567297,30,fold_2022,2022
2022-08-09,0.02389510757298297,0.10701969139535145,30,fold_2022,2022
2022-08-10,0.14709220641894855,0.2282790090886291,30,fold_2022,2022
2022-08-11,0.12313595391768524,0.13726362625139044,30,fold_2022,2022
2022-08-12,-0.10822983366634563,-0.14978857482226177,30,fold_2022,2022
2022-08-15,0.2770133476512626,0.3041156840934371,30,fold_2022,2022
2022-08-16,0.2305018930481407,0.2987764182424916,30,fold_2022,2022
2022-08-17,0.43136984325110583,0.4639003254871264,30,fold_2022,2022
2022-08-18,0.28857818816885905,0.3103448275862069,30,fold_2022,2022
2022-08-19,0.5675609103422563,0.5439377085650723,30,fold_2022,2022
2022-08-22,-0.021912193275335175,-0.06251390433815351,30,fold_2022,2022
2022-08-23,-0.5238756320024542,-0.49104461311754805,30,fold_2022,2022
2022-08-24,-0.5622040421416015,-0.5680908017813696,30,fold_2022,2022
2022-08-25,-0.3093411022448368,-0.31530930909682753,30,fold_2022,2022
2022-08-26,-0.3112637768959213,-0.3130144605116796,30,fold_2022,2022
2022-08-29,-0.2399483059590959,-0.3268075639599555,30,fold_2022,2022
2022-08-30,-0.1785794043366364,-0.22961397405405964,30,fold_2022,2022
2022-08-31,-0.2553832556428511,-0.421579532814238,30,fold_2022,2022
2022-09-01,-0.17347397988423602,-0.21913236929922134,30,fold_2022,2022
2022-09-02,0.06812925514934695,-0.02803426427404217,30,fold_2022,2022
2022-09-05,-0.10693767848806202,-0.1875417130144605,30,fold_2022,2022
2022-09-06,0.17896635677926392,0.2827586206896551,30,fold_2022,2022
2022-09-07,0.28537730717863574,0.30945494994438266,30,fold_2022,2022
2022-09-08,0.17936290298288435,0.10923248053392658,30,fold_2022,2022
2022-09-09,-0.004261464180870052,-0.09365962180200223,30,fold_2022,2022
2022-09-13,-0.09141508837504314,-0.15150166852057842,30,fold_2022,2022
2022-09-14,0.2969582281988948,0.3097118719798944,30,fold_2022,2022
2022-09-15,0.31181591334956527,0.30437201211817205,30,fold_2022,2022
2022-09-16,0.2478914224196105,0.13727889727844458,30,fold_2022,2022
2022-09-19,0.42665641481766997,0.35172413793103446,30,fold_2022,2022
2022-09-20,0.3344847971663495,0.24760845383759733,30,fold_2022,2022
2022-09-21,0.1956405653214781,0.21871176016970992,30,fold_2022,2022
2022-09-22,0.1081464592145711,0.1984647915273461,30,fold_2022,2022
2022-09-23,0.04294462476640627,0.05562354022627414,30,fold_2022,2022
2022-09-26,0.02504733662736574,0.17087551557511416,30,fold_2022,2022
2022-09-27,-0.09767113274419949,-0.034482758620689655,30,fold_2022,2022
2022-09-28,-0.11158356724024858,-0.06651835372636263,30,fold_2022,2022
2022-09-29,-0.13016649320106424,-0.07565643266966929,30,fold_2022,2022
2022-09-30,0.32588792195692057,0.28234509018856757,30,fold_2022,2022
2022-10-10,0.2638837927061593,0.18422516522941998,30,fold_2022,2022
2022-10-11,0.15217533548937898,0.182202447163515,30,fold_2022,2022
2022-10-12,0.06809401205888453,0.05583982202447163,30,fold_2022,2022
2022-10-13,0.010260861576854153,0.018020022246941044,30,fold_2022,2022
2022-10-14,-0.3926574537415108,-0.41846496106785314,30,fold_2022,2022
2022-10-17,-0.37990297894491504,-0.40556173526140155,30,fold_2022,2022
2022-10-18,-0.18539561360313567,-0.2211838060989743,30,fold_2022,2022
2022-10-19,0.02560388307079447,0.009121245828698554,30,fold_2022,2022
2022-10-20,-0.09186349386243856,-0.14972191323692993,30,fold_2022,2022
2022-10-21,0.07127954088069491,0.031371676687618616,30,fold_2022,2022
2022-10-24,0.061090321322682904,0.046496106785317015,30,fold_2022,2022
2022-10-25,0.17572376294134887,0.19245744918290855,30,fold_2022,2022
2022-10-26,0.014743282380932315,-0.019136627087033998,30,fold_2022,2022
2022-10-27,0.23118106522842727,0.2020246981018277,30,fold_2022,2022
2022-10-28,0.308233018619974,0.2667408231368187,30,fold_2022,2022
2022-10-31,0.1505047833156337,0.1657397107897664,30,fold_2022,2022
2022-11-01,-0.007047493002426305,-0.05874499477880204,30,fold_2022,2022
2022-11-02,-0.16714443678458438,-0.18309232480533927,30,fold_2022,2022
2022-11-03,0.07844712277236447,0.11902113459399331,30,fold_2022,2022
2022-11-04,-0.08103489496395394,-0.03225806451612903,30,fold_2022,2022
2022-11-07,0.12931546838722982,0.06719323659333917,30,fold_2022,2022
2022-11-08,0.09073278959746485,0.16129032258064516,30,fold_2022,2022
2022-11-09,0.02627838022877281,0.07186561397234618,30,fold_2022,2022
2022-11-10,-0.03651959403244854,0.047385984427141266,30,fold_2022,2022
2022-11-11,-0.14163935716794013,-0.057174638487208,30,fold_2022,2022
2022-11-14,-0.06490725488789655,0.027369827112850943,30,fold_2022,2022
2022-11-15,0.21776659549363434,0.14663996802738843,30,fold_2022,2022
2022-11-16,0.05585808661180738,0.17243297470144983,30,fold_2022,2022
2022-11-17,-0.11102573042801746,-0.06697074243243406,30,fold_2022,2022
2022-11-18,-0.14373677377585786,-0.23406385727216159,30,fold_2022,2022
2022-11-21,-0.10048997619339418,-0.21804427768699464,30,fold_2022,2022
2022-11-22,0.016309401820368892,-0.011792190527970118,30,fold_2022,2022
2022-11-23,-0.0011526635390074914,-0.046278785468260086,30,fold_2022,2022
2022-11-24,-0.09599412124765169,-0.07541713014460512,30,fold_2022,2022
2022-11-25,-0.07368269177319617,-0.041161419767442864,30,fold_2022,2022
2022-11-28,0.03043538679405096,-0.008231368186874304,30,fold_2022,2022
2022-11-29,0.20583571571618145,0.21136945285984177,30,fold_2022,2022
2022-11-30,0.17980276598877387,0.1768631813125695,30,fold_2022,2022
2022-12-01,0.2911921241589099,0.23203559510567295,30,fold_2022,2022
2022-12-02,0.3546337479402643,0.27519466073414905,30,fold_2022,2022
2022-12-05,0.13262287163288386,0.09232480533926585,30,fold_2022,2022
2022-12-06,-0.013596173688789468,0.010901001112347052,30,fold_2022,2022
2022-12-07,-0.0844260103379152,-0.07586206896551724,30,fold_2022,2022
2022-12-08,-0.0647070838115296,-0.06473859844271414,30,fold_2022,2022
2022-12-09,-0.2600524730793697,-0.20424963971087864,30,fold_2022,2022
2022-12-12,-0.2824203037798652,-0.313494272715281,30,fold_2022,2022
2022-12-13,-0.40503678569467394,-0.4153965984098153,30,fold_2022,2022
2022-12-14,-0.23512012269775195,-0.2281580765069858,30,fold_2022,2022
2022-12-15,-0.07520140610327,-0.11279199110122358,30,fold_2022,2022
2022-12-16,-0.19960454493232302,-0.21270441782527233,30,fold_2022,2022
2022-12-19,-0.22398340794920074,-0.11394236753684168,30,fold_2022,2022
2022-12-20,-0.010520283419606865,0.0780954504776889,30,fold_2022,2022
2022-12-21,0.09189043597363548,0.05028368036455183,30,fold_2022,2022
2022-12-22,0.10452178811400666,0.10167983153362914,30,fold_2022,2022
2022-12-23,0.0433896564209756,0.034931583262100156,30,fold_2022,2022
2022-12-26,-0.18344372273202478,-0.17198798637963966,30,fold_2022,2022
2022-12-27,-0.21836944429455837,-0.32547274749721916,30,fold_2022,2022
2022-12-28,-0.1707133289547386,-0.23381535038932147,30,fold_2022,2022
2022-12-29,-0.3484501975072745,-0.34423676864699526,30,fold_2022,2022
2022-12-30,-0.08291792457645115,-0.08233200025816952,30,fold_2022,2022
2023-01-03,0.18121970190941133,0.16976304477058868,30,fold_2023,2023
2023-01-04,0.3999570980820461,0.3213173199264778,30,fold_2023,2023
2023-01-05,0.09996315556054464,0.19267994334381364,30,fold_2023,2023
2023-01-06,-0.024783407082190234,-0.014460511679644046,30,fold_2023,2023
2023-01-09,-0.2640084049315976,-0.1737679396668804,30,fold_2023,2023
2023-01-10,0.09214277641496256,0.1408231368186874,30,fold_2023,2023
2023-01-11,0.0713227822377146,0.00778642936596218,30,fold_2023,2023
2023-01-12,-0.11574708597915878,-0.07101515386056007,30,fold_2023,2023
2023-01-13,-0.16763458791511407,-0.08832035595105672,30,fold_2023,2023
2023-01-16,0.33646668909722466,0.24696851860465718,30,fold_2023,2023
2023-01-17,0.3319709585524637,0.21735261401557288,30,fold_2023,2023
2023-01-18,0.21156300541636847,0.11635150166852058,30,fold_2023,2023
2023-01-19,0.2062183148255191,0.20222469410456062,30,fold_2023,2023
2023-01-20,0.34489825114932643,0.3410456062291435,30,fold_2023,2023
2023-01-30,0.09298875759988182,0.1764378695977416,30,fold_2023,2023
2023-01-31,-0.004832589225268073,0.026028921023359287,30,fold_2023,2023
2023-02-01,0.33055365426867317,0.32710280373831785,30,fold_2023,2023
2023-02-02,0.28385686519359293,0.2391812229729788,30,fold_2023,2023
2023-02-03,0.18840443642470692,0.2382647385984427,30,fold_2023,2023
2023-02-06,-0.0050439130996733205,-0.13815350389321468,30,fold_2023,2023
2023-02-07,-0.016990389197727458,-0.028704940630550988,30,fold_2023,2023
2023-02-08,0.15922688496003082,0.05139615116907731,30,fold_2023,2023
2023-02-09,-0.021992255785986774,-0.09010011123470522,30,fold_2023,2023
2023-02-10,0.09589895318693878,-0.00689655172413793,30,fold_2023,2023
2023-02-13,0.1773173534335955,0.04961067853170189,30,fold_2023,2023
2023-02-14,-0.014291868697497214,-0.1110245862916432,30,fold_2023,2023
2023-02-15,0.1450473842101927,0.14660734149054505,30,fold_2023,2023
2023-02-16,0.0725363356506691,0.08210034537398064,30,fold_2023,2023
2023-02-17,0.0556612944535716,0.06163088257071174,30,fold_2023,2023
2023-02-20,0.09532318628342103,0.16484983314794216,30,fold_2023,2023
2023-02-21,0.17463740819283635,0.1385984427141268,30,fold_2023,2023
2023-02-22,-0.19222346544217678,-0.19757481488372575,30,fold_2023,2023
2023-02-23,-0.04045750647461828,0.10433815350389322,30,fold_2023,2023
2023-02-24,0.02021149504246157,0.041156840934371525,30,fold_2023,2023
2023-02-27,-0.386446023913116,-0.34775837349466593,30,fold_2023,2023
2023-02-28,-0.29384138252231495,-0.3375236420930315,30,fold_2023,2023
2023-03-01,-0.1851793689782483,-0.17419354838709677,30,fold_2023,2023
2023-03-02,-0.25080848627210955,-0.2276115266059138,30,fold_2023,2023
2023-03-03,-0.2927288220731286,-0.28812993837210005,30,fold_2023,2023
2023-03-06,-0.19095316594615913,-0.22630174125015784,30,fold_2023,2023
2023-03-07,-0.3241340063425199,-0.3820649849818299,30,fold_2023,2023
2023-03-08,-0.11942920711159843,-0.27722772448775035,30,fold_2023,2023
2023-03-09,-0.30771708410368515,-0.3957730812013348,30,fold_2023,2023
2023-03-10,-0.3397377821679791,-0.40155728587319245,30,fold_2023,2023
2023-03-13,-0.1880786704729647,-0.06251390433815351,30,fold_2023,2023
2023-03-14,-0.13841370746493645,-0.14106129801383122,30,fold_2023,2023
2023-03-15,-0.01333252296670553,-0.0389364781583919,30,fold_2023,2023
2023-03-16,0.10326579229047499,0.07854043879949908,30,fold_2023,2023
2023-03-17,-0.11339822451075529,-0.11459724360258727,30,fold_2023,2023
2023-03-20,0.025302126533208107,0.03404160661847977,30,fold_2023,2023
2023-03-21,0.02738105506239395,-0.1363889206348242,30,fold_2023,2023
2023-03-22,-0.04405287328336473,-0.12548670675047446,30,fold_2023,2023
2023-03-23,0.12430536149832379,0.057174638487208,30,fold_2023,2023
2023-03-24,-0.16488390688825774,-0.2543957518898145,30,fold_2023,2023
2023-03-27,-0.10571530194626072,-0.06295884315906564,30,fold_2023,2023
2023-03-28,-0.2540632482614273,-0.22249416090509655,30,fold_2023,2023
2023-03-29,-0.2818428447249904,-0.29299221357063404,30,fold_2023,2023
2023-03-30,-0.219357071905934,-0.2565072302558398,30,fold_2023,2023
2023-03-31,-0.18589076952476297,-0.1949048849528646,30,fold_2023,2023
2023-04-03,-0.5882377965151948,-0.5270300333704115,30,fold_2023,2023
2023-04-04,-0.3435284045376751,-0.38020022246941043,30,fold_2023,2023
2023-04-06,-0.3038719303779073,-0.3939933259176863,30,fold_2023,2023
2023-04-07,-0.19011558312537463,-0.1385984427141268,30,fold_2023,2023
2023-04-10,-0.07318222290161566,0.0033370411568409346,30,fold_2023,2023
2023-04-11,-0.1336930018239718,-0.022471910251414755,30,fold_2023,2023
2023-04-12,-0.2837691152254694,-0.34375347859837424,30,fold_2023,2023
2023-04-13,-0.4571574587305857,-0.46439698523999934,30,fold_2023,2023
2023-04-14,-0.5458334542621196,-0.5911669855248416,30,fold_2023,2023
2023-04-17,-0.48705878490940413,-0.5781979977753059,30,fold_2023,2023
2023-04-18,-0.5767756335305708,-0.6538375973303671,30,fold_2023,2023
2023-04-19,-0.454974245112616,-0.4623428663607906,30,fold_2023,2023
2023-04-20,-0.1088497541121477,-0.17020803309239887,30,fold_2023,2023
2023-04-21,-0.16847222219137412,-0.1626432316216256,30,fold_2023,2023
2023-04-24,-0.26624597552088713,-0.2307007786429366,30,fold_2023,2023
2023-04-25,-0.05889065963057022,0.02380687521684533,30,fold_2023,2023
2023-04-26,0.03725611043267161,0.03381911245757468,30,fold_2023,2023
2023-04-27,-0.0011619145121274312,0.13147942157953282,30,fold_2023,2023
2023-04-28,0.024120681592036695,-0.016687062067882244,30,fold_2023,2023
2023-05-04,0.2564083291751732,0.43146418513673157,30,fold_2023,2023
2023-05-05,0.16220412867917228,0.2456335536392266,30,fold_2023,2023
2023-05-08,-0.025950643282966257,0.020689655172413793,30,fold_2023,2023
2023-05-09,0.06386331315476146,0.013125695216907676,30,fold_2023,2023
2023-05-10,0.12894733787034673,0.1172544227969859,30,fold_2023,2023
2023-05-11,0.07937104076877102,0.03248776226403446,30,fold_2023,2023
2023-05-12,-0.1324423862779483,-0.18802848707608985,30,fold_2023,2023
2023-05-15,-0.09885156642479803,0.05919003261803539,30,fold_2023,2023
2023-05-16,0.03628028612547194,0.2060295929981194,30,fold_2023,2023
2023-05-17,0.15350689164030568,0.2703003337041157,30,fold_2023,2023
2023-05-18,-0.08981314079192192,-0.018909899888765295,30,fold_2023,2023
2023-05-19,-0.3308878383810278,-0.27519466073414905,30,fold_2023,2023
2023-05-22,-0.2163058433286297,-0.19955506117908786,30,fold_2023,2023
2023-05-23,-0.1689769026732944,-0.2525027808676307,30,fold_2023,2023
2023-05-24,-0.2686278619370996,-0.27919911012235815,30,fold_2023,2023
2023-05-25,-0.05355808415296396,-0.07008566068510542,30,fold_2023,2023
2023-05-26,-0.22456193860434553,-0.23915461624026696,30,fold_2023,2023
2023-05-29,-0.11071049729401664,-0.071412680756396,30,fold_2023,2023
2023-05-30,0.12073451665888572,0.13726362625139044,30,fold_2023,2023
2023-05-31,0.06809957228352122,0.14883203559510566,30,fold_2023,2023
2023-06-01,-0.04094375541041579,-0.029588431590656286,30,fold_2023,2023
2023-06-02,0.16316274900174346,0.22447163515016688,30,fold_2023,2023
2023-06-05,-0.15649565578294777,0.012235817575083427,30,fold_2023,2023
2023-06-06,-0.0007283322429693957,0.010901001112347052,30,fold_2023,2023
2023-06-07,0.06932198037437833,0.05406006674082313,30,fold_2023,2023
2023-06-08,0.20089023821254492,0.23765020615060817,30,fold_2023,2023
2023-06-09,0.06692629040830567,0.1296996662958843,30,fold_2023,2023
2023-06-12,0.30211021678062877,0.30770942453174854,30,fold_2023,2023
2023-06-13,0.14822765007382283,0.23094893901949026,30,fold_2023,2023
2023-06-14,0.1161172395578605,0.09721913236929922,30,fold_2023,2023
2023-06-15,0.08004386525116389,0.16464567906977146,30,fold_2023,2023
2023-06-16,0.09752218851824404,0.12658509454949946,30,fold_2023,2023
2023-06-19,-0.14902838947401598,-0.10433815350389322,30,fold_2023,2023
2023-06-20,-0.0008216474104938792,-0.06473859844271414,30,fold_2023,2023
2023-06-21,0.23743176610666236,0.2395995550611791,30,fold_2023,2023
2023-06-26,-0.23077655122338314,-0.05541954699961839,30,fold_2023,2023
2023-06-27,0.07055081997766625,-0.006006674082313682,30,fold_2023,2023
2023-06-28,-0.012361235922226549,-0.04182890225015815,30,fold_2023,2023
2023-06-29,0.14059649592342247,0.14527252502780869,30,fold_2023,2023
2023-06-30,0.16250253233860318,0.1946823907919595,30,fold_2023,2023
2023-07-03,0.2856976145978727,0.25917686318131256,30,fold_2023,2023
2023-07-04,0.20395323073035274,0.16129032258064516,30,fold_2023,2023
2023-07-05,0.251336938716419,0.20756395995550608,30,fold_2023,2023
2023-07-06,0.2280986234253974,0.03960836769176804,30,fold_2023,2023
2023-07-07,0.3299757647017042,0.2345088455939718,30,fold_2023,2023
2023-07-10,0.13664397368993833,0.08743047830923248,30,fold_2023,2023
2023-07-11,-0.05025250959345521,-0.0424916573971079,30,fold_2023,2023
2023-07-12,0.1261900172562059,0.1243604004449388,30,fold_2023,2023
2023-07-13,0.252329020851472,0.17063403781979977,30,fold_2023,2023
2023-07-14,0.15882522340155836,0.09944382647385984,30,fold_2023,2023
2023-07-17,0.33428758178214135,0.1670745272525028,30,fold_2023,2023
2023-07-18,0.08379301318074564,0.04827586206896552,30,fold_2023,2023
2023-07-19,0.12755802868468072,0.011792190527970118,30,fold_2023,2023
2023-07-20,0.13470599447848283,-0.023139392734130043,30,fold_2023,2023
2023-07-21,0.04030376260057607,0.04382647385984427,30,fold_2023,2023
2023-07-24,-0.2903871585889338,-0.3076751946607342,30,fold_2023,2023
2023-07-25,0.026255088817620977,0.0135706340378198,30,fold_2023,2023
2023-07-26,-0.2059545628714228,-0.28587319243604004,30,fold_2023,2023
2023-07-27,0.008271730744595696,0.07431304974230225,30,fold_2023,2023
2023-07-28,0.033203140997673075,0.09365962180200223,30,fold_2023,2023
2023-07-31,0.342815126026595,0.4309232480533926,30,fold_2023,2023
2023-08-01,0.3174110479147872,0.3366711253800283,30,fold_2023,2023
2023-08-02,0.09004893885233614,0.2520578420467186,30,fold_2023,2023
2023-08-03,0.203139720345072,0.1786826924521895,30,fold_2023,2023
2023-08-04,0.29991077726879267,0.22847608453837595,30,fold_2023,2023
2023-08-07,0.38019637383760246,0.3275114048523022,30,fold_2023,2023
2023-08-08,0.40361011342161174,0.4553948832035596,30,fold_2023,2023
2023-08-09,0.25859741725147356,0.26985539488320354,30,fold_2023,2023
2023-08-10,0.4147559101912656,0.34019357202389267,30,fold_2023,2023
2023-08-11,0.1871340549079598,0.2395995550611791,30,fold_2023,2023
2023-08-14,0.17020130069404896,0.09544999502828642,30,fold_2023,2023
2023-08-15,0.3116501949183664,0.05896095263985059,30,fold_2023,2023
2023-08-16,0.3962177398402764,0.25431082591452536,30,fold_2023,2023
2023-08-17,0.19635223868071208,0.17196885428253617,30,fold_2023,2023
2023-08-18,0.32525945492904,0.24271412680756396,30,fold_2023,2023
2023-08-21,0.3339494079424515,0.4496106785317019,30,fold_2023,2023
2023-08-22,0.3975437563508193,0.45272525027808674,30,fold_2023,2023
2023-08-23,0.4093704010316045,0.4365821202879151,30,fold_2023,2023
2023-08-24,0.14027386485072024,0.10768717387806674,30,fold_2023,2023
2023-08-25,-0.04296632173575907,-0.031149182526713518,30,fold_2023,2023
2023-08-28,-0.2987693455245715,-0.3103793544626097,30,fold_2023,2023
2023-08-29,0.22905813633460492,0.054739654225701886,30,fold_2023,2023
2023-08-30,-0.0959975133591088,-0.15016685205784203,30,fold_2023,2023
2023-08-31,-0.14364835024301778,-0.19421579532814237,30,fold_2023,2023
2023-09-01,-0.20048778145158286,-0.05583982202447163,30,fold_2023,2023
2023-09-04,-0.15471982918444235,-0.061185894248901564,30,fold_2023,2023
2023-09-05,-0.1441570611514857,-0.3048170004399823,30,fold_2023,2023
2023-09-06,-0.33807954111607,-0.32591768631813123,30,fold_2023,2023
2023-09-07,-0.27500901663510724,-0.27500278287869934,30,fold_2023,2023
2023-09-08,-0.08029516200869427,0.0062305297492668815,30,fold_2023,2023
2023-09-11,-0.43417621669082174,-0.4513904338153503,30,fold_2023,2023
2023-09-12,-0.21831882129189709,-0.3325913475475759,30,fold_2023,2023
2023-09-13,-0.004527879266754618,-0.021581933607794368,30,fold_2023,2023
2023-09-14,0.20082667871036386,0.24938820912124582,30,fold_2023,2023
2023-09-15,0.12510498495879913,0.1882300601257117,30,fold_2023,2023
2023-09-18,0.46547618698066223,0.3904902803896981,29,fold_2023,2023
2023-09-19,0.5224344311998682,0.4887652947719689,30,fold_2023,2023
2023-09-20,0.19178665925313548,0.2395995550611791,30,fold_2023,2023
2023-09-21,0.1590656568612184,0.14349276974416017,30,fold_2023,2023
2023-09-22,0.052150148814401526,0.13993325917686317,30,fold_2023,2023
2023-09-25,0.31800669203837795,0.19626168710190678,30,fold_2023,2023
2023-09-26,0.11246086082927215,0.12793414252043053,30,fold_2023,2023
2023-09-27,0.285252934404881,0.3161290322580645,30,fold_2023,2023
2023-09-28,-0.05546763574730632,-0.12169076751946609,30,fold_2023,2023
2023-10-09,-0.0873149924471453,-0.15239154616240266,30,fold_2023,2023
2023-10-10,-0.0024094656732108265,0.006006674082313682,30,fold_2023,2023
2023-10-11,-0.12367632325287932,-0.0013349649654305793,30,fold_2023,2023
2023-10-12,-0.26073068181252423,-0.22249416090509655,30,fold_2023,2023
2023-10-13,-0.2981732531770211,-0.3147942157953281,30,fold_2023,2023
2023-10-16,-0.2493202969609903,-0.24343569806064178,30,fold_2023,2023
2023-10-17,-0.2539966769745013,-0.2807876310622318,30,fold_2023,2023
2023-10-18,0.029702428533993835,0.02781177011313707,30,fold_2023,2023
2023-10-19,-0.2056671355911724,-0.17799532872407725,30,fold_2023,2023
2023-10-20,0.2033163391152586,0.09433752422376095,30,fold_2023,2023
2023-10-23,0.36673797780611705,0.32769744160177977,30,fold_2023,2023
2023-10-24,-0.022017334184720908,-0.023359288097886538,30,fold_2023,2023
2023-10-25,0.012709851774365073,0.09543937708565071,30,fold_2023,2023
2023-10-26,0.1383624591823396,0.3600356119397792,30,fold_2023,2023
2023-10-27,-0.029356229102926724,0.11903437608422665,30,fold_2023,2023
2023-10-30,0.0728171860689332,0.1350389321468298,30,fold_2023,2023
2023-10-31,0.3507574381374941,0.34000890917427845,30,fold_2023,2023
2023-11-01,0.27326488748877015,0.32973634646135314,30,fold_2023,2023
2023-11-02,0.16156736704063346,0.1621802002224694,30,fold_2023,2023
2023-11-03,0.059037336265470156,-0.040493937284727576,30,fold_2023,2023
2023-11-06,0.007038380851029092,-0.11413950454431455,30,fold_2023,2023
2023-11-07,-0.05306761993612243,-0.13993325917686317,30,fold_2023,2023
2023-11-08,0.018554198194105982,-0.01824452119421792,30,fold_2023,2023
2023-11-09,-0.1285288916103933,-0.03271028118365113,30,fold_2023,2023
2023-11-10,-0.11792501461459334,-0.09967738408548325,30,fold_2023,2023
2023-11-13,0.12942185898437275,-0.017133956810483925,30,fold_2023,2023
2023-11-14,0.1381522843199442,0.00823320002581695,30,fold_2023,2023
2023-11-15,0.11176979323668508,0.005116796440489433,30,fold_2023,2023
2023-11-16,0.2607058999010454,0.21913236929922134,30,fold_2023,2023
2023-11-17,0.2684267058237372,0.2324805339265851,30,fold_2023,2023
2023-11-20,-0.20213035551388886,-0.3101913739456441,30,fold_2023,2023
2023-11-21,-0.25032499827230376,-0.4082313681868743,30,fold_2023,2023
2023-11-22,-0.19337123010794605,-0.21826677184789972,30,fold_2023,2023
2023-11-23,-0.23691097417488266,-0.23781979977753054,30,fold_2023,2023
2023-11-24,-0.01389668724917309,-0.07586206896551724,30,fold_2023,2023
2023-11-27,0.30700838702706074,0.20667408231368187,30,fold_2023,2023
2023-11-28,0.5079537391576384,0.4416509093966167,30,fold_2023,2023
2023-11-29,0.2585391672398137,0.1835372636262514,30,fold_2023,2023
2023-11-30,0.32988831149515957,0.3373011479321264,30,fold_2023,2023
2023-12-01,0.13810852275813884,0.11480698702702982,30,fold_2023,2023
2023-12-04,0.3755846304034359,0.24671857619577306,30,fold_2023,2023
2023-12-05,0.032105373011039,0.007341490545050056,30,fold_2023,2023
2023-12-06,-0.17475562512143158,-0.26585094549499444,30,fold_2023,2023
2023-12-07,0.1460555274163191,0.20958949957260095,30,fold_2023,2023
2023-12-08,-0.0870721824242426,-0.06029591760528117,30,fold_2023,2023
2023-12-11,0.08777529075719917,0.021579532814238044,30,fold_2023,2023
2023-12-12,0.04747370547849037,-0.053170189098998885,30,fold_2023,2023
2023-12-13,-0.042353991795024686,-0.034037819799777526,30,fold_2023,2023
2023-12-14,-0.004098393057181575,0.06585827162790858,30,fold_2023,2023
2023-12-15,0.05543167079214388,0.09856491328095779,30,fold_2023,2023
2023-12-18,-0.09205248638313637,-0.04939370372093144,30,fold_2023,2023
2023-12-19,0.08193544927188945,0.033592880978865404,30,fold_2023,2023
2023-12-20,-0.00504731820116451,-0.07586206896551724,30,fold_2023,2023
2023-12-21,0.037142355339360604,0.06740823136818688,30,fold_2023,2023
2023-12-22,-0.12309063541800333,-0.09211258261470999,30,fold_2023,2023
2023-12-25,-0.13488789113921482,-0.16974416017797553,30,fold_2023,2023
2023-12-26,-0.07742267948814532,-0.0035599065744815455,30,fold_2023,2023
2023-12-27,-0.07935347810583882,-0.047619048797968314,30,fold_2023,2023
2023-12-28,-0.22222521072545723,-0.17287796302326003,30,fold_2023,2023
2023-12-29,-0.12732030603982963,-0.09322505341923547,30,fold_2023,2023
2024-01-02,-0.2123458974430319,-0.07185761957730812,30,fold_2024,2024
2024-01-03,0.01978130830314338,0.02513904338153504,30,fold_2024,2024
2024-01-04,0.0020282752319129294,0.020244716351501667,30,fold_2024,2024
2024-01-05,-0.12335814294831025,-0.17775305895439378,30,fold_2024,2024
2024-01-08,-0.07049948069669332,-0.06989427904701807,30,fold_2024,2024
2024-01-09,-0.1621015730749122,-0.21008124014605184,30,fold_2024,2024
2024-01-10,-0.3505573146779003,-0.4100111234705228,30,fold_2024,2024
2024-01-11,-0.3019198221178096,-0.32502780867630704,30,fold_2024,2024
2024-01-12,-0.291949136021279,-0.31523915461624025,30,fold_2024,2024
2024-01-15,-0.03706210230780555,0.05272525027808676,30,fold_2024,2024
2024-01-16,-0.08930166276529344,-0.012906097337767113,30,fold_2024,2024
2024-01-17,-0.007783193962936689,0.0914349276974416,30,fold_2024,2024
2024-01-18,0.01604285286725503,0.071412680756396,30,fold_2024,2024
2024-01-19,0.21394395214236492,0.28479252595852367,30,fold_2024,2024
2024-01-22,0.14264956823917874,0.25208588430547446,30,fold_2024,2024
2024-01-23,0.12954536837966,0.28453837597330367,30,fold_2024,2024
2024-01-24,0.03648990140153652,0.058070975996230206,30,fold_2024,2024
2024-01-25,-0.04099700411633622,-0.04293659621802002,30,fold_2024,2024
2024-01-26,-0.187144893442845,-0.19199110122358176,30,fold_2024,2024
2024-01-29,0.00022510785944186346,-0.10522803114571745,30,fold_2024,2024
2024-01-30,0.10027973930816396,-0.07966177322276943,30,fold_2024,2024
2024-01-31,0.2988485846114915,0.21379310344827587,30,fold_2024,2024
2024-02-01,-0.005269924774828727,0.2293659621802002,30,fold_2024,2024
2024-02-02,-0.03016326438938317,0.17730812013348163,30,fold_2024,2024
2024-02-05,-0.05327976338004676,0.11813125695216908,30,fold_2024,2024
2024-02-06,0.015850400973101843,0.06918798665183537,30,fold_2024,2024
2024-02-07,-0.11772861385217594,-0.08565072302558399,30,fold_2024,2024
2024-02-08,0.25185338258725526,-0.05451106942174866,30,fold_2024,2024
2024-02-19,-0.008325949809106736,-0.1490710878064147,30,fold_2024,2024
2024-02-20,0.24499791668223048,0.2565072302558398,30,fold_2024,2024
2024-02-21,0.0698014493033412,0.12817089769920442,30,fold_2024,2024
2024-02-22,0.13508351462329654,0.1385984427141268,30,fold_2024,2024
2024-02-23,0.09350269914642864,0.0020028931793585453,30,fold_2024,2024
2024-02-26,0.12927431143119336,0.17287796302326003,30,fold_2024,2024
2024-02-27,-0.024535337084209245,0.050511794752985076,30,fold_2024,2024
2024-02-28,-0.13924325423091485,-0.020244716351501667,30,fold_2024,2024
2024-02-29,-0.10821327727435187,0.022914349276974413,30,fold_2024,2024
2024-03-01,-0.1304123581356398,-0.08699521691389275,30,fold_2024,2024
2024-03-04,-0.06211497212524367,-0.031594170848523714,30,fold_2024,2024
2024-03-05,0.03660686422280512,0.04739125627278557,30,fold_2024,2024
2024-03-06,0.15065812476947174,0.17196885428253617,30,fold_2024,2024
2024-03-07,0.061327136172431386,0.0520636336517926,30,fold_2024,2024
2024-03-08,0.011836868635845467,0.11235955125707375,30,fold_2024,2024
2024-03-11,-0.06231557073823591,-0.05139043381535039,30,fold_2024,2024
2024-03-12,-0.09216037335793924,-0.21159194702074685,30,fold_2024,2024
2024-03-13,0.021680865673064934,0.014239626297926182,30,fold_2024,2024
2024-03-14,0.04626715693826049,0.06385582417976271,30,fold_2024,2024
2024-03-15,0.031055801276083313,0.0967741935483871,30,fold_2024,2024
2024-03-18,0.13119570461012334,0.15329847686361153,30,fold_2024,2024
2024-03-19,0.015237383139024084,0.017137771562130987,30,fold_2024,2024
2024-03-20,-0.06459206335146496,-0.046056291307354995,30,fold_2024,2024
2024-03-21,-0.1519166589897235,-0.09988876529477196,30,fold_2024,2024
2024-03-22,-0.1905544597187591,-0.24919346021370814,30,fold_2024,2024
2024-03-25,-0.02254219353492048,-0.14462120458831276,30,fold_2024,2024
2024-03-26,-0.22832162031902847,-0.4776418242491657,30,fold_2024,2024
2024-03-27,-0.2104749859018904,-0.30437201211817205,30,fold_2024,2024
2024-03-28,-0.31787757962701535,-0.35981309302016246,30,fold_2024,2024
2024-03-29,-0.35525811570178206,-0.4430351689567986,30,fold_2024,2024
2024-04-01,-0.36159384885235013,-0.37757259105594887,30,fold_2024,2024
2024-04-02,-0.32033376064918095,-0.335558530781945,30,fold_2024,2024
2024-04-03,-0.16378979249326692,-0.17063403781979977,30,fold_2024,2024
2024-04-08,-0.08298414071083567,0.06786827048308568,30,fold_2024,2024
2024-04-09,-0.011014835763068807,0.11191456293526357,30,fold_2024,2024
2024-04-10,-0.015510002017628297,-0.02402936937775043,30,fold_2024,2024
2024-04-11,0.01635469844613646,0.0060073423444376075,30,fold_2024,2024
2024-04-12,0.005443212820890074,0.08388029866122142,30,fold_2024,2024
2024-04-15,-0.10864257214081029,-0.04450873731907878,30,fold_2024,2024
2024-04-16,0.09671946008604604,0.07831794463859398,30,fold_2024,2024
2024-04-17,0.10893419233107428,0.08543775778755708,30,fold_2024,2024
2024-04-18,0.035192842118063956,-0.10392790164004895,30,fold_2024,2024
2024-04-19,0.2359278179609455,-0.061179087875417135,30,fold_2024,2024
2024-04-22,0.10388908119477384,-0.07408231368186874,30,fold_2024,2024
2024-04-23,-0.4348420049198958,-0.42029146994972744,30,fold_2024,2024
2024-04-24,-0.42866848477089287,-0.42145083375398124,30,fold_2024,2024
2024-04-25,-0.3622441194918285,-0.28097886540600664,30,fold_2024,2024
2024-04-26,-0.21170098979266658,-0.15331553561588862,30,fold_2024,2024
2024-04-29,-0.17763418507478418,-0.18066525865493843,30,fold_2024,2024
2024-04-30,-0.2030989447368739,-0.17311971946177265,30,fold_2024,2024
2024-05-06,0.04304325499795225,-0.13708691094276262,30,fold_2024,2024
2024-05-07,-0.32211238550731663,-0.40556173526140155,30,fold_2024,2024
2024-05-08,-0.5420109875615403,-0.4832573174858698,30,fold_2024,2024
2024-05-09,-0.46893307131576323,-0.5330514661208275,30,fold_2024,2024
2024-05-10,-0.24990544195472736,-0.2507230255839822,30,fold_2024,2024
2024-05-13,-0.26390460390014253,-0.4076546607377474,30,fold_2024,2024
2024-05-14,-0.2757351038388722,-0.518691601626468,30,fold_2024,2024
2024-05-15,-0.03077861770261304,-0.12772585985997106,30,fold_2024,2024
2024-05-16,-0.06411524371493296,-0.12907533822532846,30,fold_2024,2024
2024-05-17,0.08662531497200168,0.15752586592080836,30,fold_2024,2024
2024-05-20,0.1984610096534386,0.12747497219132367,30,fold_2024,2024
2024-05-21,0.22942452705935482,0.16397819658705617,30,fold_2024,2024
2024-05-22,-0.0807629493239665,-0.18711758932118622,30,fold_2024,2024
2024-05-23,-0.022956587885360275,-0.1132369299221357,30,fold_2024,2024
2024-05-24,-0.09423959652295702,-0.21690767519466073,30,fold_2024,2024
2024-05-27,0.019987473254564674,0.06340378197997774,30,fold_2024,2024
2024-05-28,0.29482987511785935,0.28901991501572044,30,fold_2024,2024
2024-05-29,0.3597057595971253,0.38113249763043044,30,fold_2024,2024
2024-05-30,0.06152476809621762,0.20004450873539026,30,fold_2024,2024
2024-05-31,0.27503077081807786,0.23539882223759215,30,fold_2024,2024
2024-06-03,0.26603725235722664,0.3595505640226361,30,fold_2024,2024
2024-06-04,0.16955070124832405,0.34486594940289966,30,fold_2024,2024
2024-06-05,0.15301078711780464,0.1875625776429964,30,fold_2024,2024
2024-06-06,0.34060800125954,0.368672824619745,30,fold_2024,2024
2024-06-07,0.2029102890046357,0.17018909899888765,30,fold_2024,2024
2024-06-11,0.30219423918502936,0.36774193548387096,30,fold_2024,2024
2024-06-12,0.2706715084642196,0.41116920935261847,30,fold_2024,2024
2024-06-13,0.14188801082942645,0.17354544550597534,30,fold_2024,2024
2024-06-14,-0.04538440994162401,-0.004449883218101932,30,fold_2024,2024
2024-06-17,0.08734472842050778,0.16129032258064516,30,fold_2024,2024
2024-06-18,-0.03437824690030287,-0.017130144605116793,30,fold_2024,2024
2024-06-19,0.3738579805957137,0.44560622914349274,30,fold_2024,2024
2024-06-20,0.29009351748376155,0.3225017012146468,30,fold_2024,2024
2024-06-21,0.3448192944986175,0.33262877055311935,30,fold_2024,2024
2024-06-24,0.16207084383764303,0.20222469410456062,30,fold_2024,2024
2024-06-25,0.12784340025635108,0.18355768274670467,30,fold_2024,2024
2024-06-26,-0.08362164299292657,0.027808676307007785,30,fold_2024,2024
2024-06-27,-0.04552055939934826,0.04271887889377854,30,fold_2024,2024
2024-06-28,0.08678893922234751,0.11501668520578419,30,fold_2024,2024
2024-07-01,-0.1080573262047722,0.030478309232480537,30,fold_2024,2024
2024-07-02,-0.2558998500947787,-0.21423804226918797,30,fold_2024,2024
2024-07-03,-0.23817737648279533,-0.2656875900223092,30,fold_2024,2024
2024-07-04,-0.2506851207322819,-0.2714428763042178,30,fold_2024,2024
2024-07-05,-0.05462981698886498,-0.16129032258064516,30,fold_2024,2024
2024-07-08,-0.056720337215001984,-0.06074090592709137,30,fold_2024,2024
2024-07-09,-0.0416791875670455,-0.08342602892102337,30,fold_2024,2024
2024-07-10,0.13558252699375806,0.1828902002639894,30,fold_2024,2024
2024-07-11,0.21017660881313874,0.2458560478001317,30,fold_2024,2024
2024-07-12,0.1756256806070973,0.23075211964249132,30,fold_2024,2024
2024-07-15,0.1773909095249643,0.13726362625139044,30,fold_2024,2024
2024-07-16,0.20242081081676208,0.207119021134594,30,fold_2024,2024
2024-07-17,0.11609253630163327,0.09233507677561507,30,fold_2024,2024
2024-07-18,0.05486982961940428,0.058751533261184,30,fold_2024,2024
2024-07-19,-0.31260085101981044,-0.28612749092395423,30,fold_2024,2024
2024-07-22,-0.13973769979202755,0.03759733036707453,30,fold_2024,2024
2024-07-23,0.042352474994649184,0.20002225065368182,30,fold_2024,2024
2024-07-24,0.2643760742249346,0.29461504957247686,30,fold_2024,2024
2024-07-25,0.040625334208809746,0.30058961138278545,30,fold_2024,2024
2024-07-26,-0.0434110305384861,0.1827287071754486,30,fold_2024,2024
2024-07-29,0.1505211497876949,0.016687062067882244,30,fold_2024,2024
2024-07-30,0.16437935505844697,0.16353320826524598,30,fold_2024,2024
2024-07-31,0.22588966622633416,0.23025583982202447,30,fold_2024,2024
2024-08-01,0.08652332470713371,0.0353726362625139,30,fold_2024,2024
2024-08-02,0.17573472767375733,0.11724137931034483,30,fold_2024,2024
2024-08-05,0.02007886244351944,0.07364556725958697,30,fold_2024,2024
2024-08-06,0.06891646455130175,0.01846496106785317,30,fold_2024,2024
2024-08-07,0.1892812618322742,0.14660734149054505,30,fold_2024,2024
2024-08-08,0.19902673846711522,0.195794861596485,30,fold_2024,2024
2024-08-09,0.09762415022707956,0.04805873875550086,30,fold_2024,2024
2024-08-12,0.12614104684412783,-0.015352097102451666,30,fold_2024,2024
2024-08-13,-0.20994270440089396,-0.27300033543055346,30,fold_2024,2024
2024-08-14,-0.24716124827263614,-0.1710789766407119,30,fold_2024,2024
2024-08-15,-0.2790391634419502,-0.24004449388209118,30,fold_2024,2024
2024-08-16,-0.15207148983971805,-0.061192702894585456,30,fold_2024,2024
2024-08-19,-0.056461708932265306,0.09836430947516411,30,fold_2024,2024
2024-08-20,0.11877427554938315,0.23386738451712474,30,fold_2024,2024
2024-08-21,0.2761875791543752,0.4068965517241379,30,fold_2024,2024
2024-08-22,0.2899355192761919,0.35465569248272394,30,fold_2024,2024
2024-08-23,0.2258949288037294,0.32198487668532777,30,fold_2024,2024
2024-08-26,0.2426645074977786,0.11190211345939934,30,fold_2024,2024
2024-08-27,0.11971593224949502,0.07943925430315275,30,fold_2024,2024
2024-08-28,0.0013026057141094843,0.10857715052168714,30,fold_2024,2024
2024-08-29,-0.1425329225814651,-0.026028921023359287,30,fold_2024,2024
2024-08-30,-0.07085937617563112,0.06407831834066781,30,fold_2024,2024
2024-09-02,-0.06799547126885286,0.06651835372636263,30,fold_2024,2024
2024-09-03,0.08139449215918695,0.05028927583336841,30,fold_2024,2024
2024-09-04,-0.19203487815946346,-0.18246551408567296,30,fold_2024,2024
2024-09-05,0.024916152211099184,0.043386361376493834,30,fold_2024,2024
2024-09-06,0.16098423788201624,0.16929922135706338,30,fold_2024,2024
2024-09-09,0.024117745628933783,0.06430081250157291,30,fold_2024,2024
2024-09-10,0.17362432382378298,0.13171654325581714,30,fold_2024,2024
2024-09-11,0.0716704266325756,0.05005561735261402,30,fold_2024,2024
2024-09-12,-0.06797456228351445,0.002447435769956062,30,fold_2024,2024
2024-09-13,0.07712962321827695,0.12194036493101916,30,fold_2024,2024
2024-09-18,0.05338806794411628,-0.0129046613324956,30,fold_2024,2024
2024-09-19,-0.048444268232770045,-0.12572318958342102,30,fold_2024,2024
2024-09-20,0.14594460007278903,0.11190211345939934,30,fold_2024,2024
2024-09-23,0.31224575307257035,0.341637023476912,28,fold_2024,2024
2024-09-24,0.25897571004998693,0.20622914349276972,30,fold_2024,2024
2024-09-25,0.3197241149528722,0.3508342602892102,30,fold_2024,2024
2024-09-26,0.3145447674597558,0.26896551724137935,30,fold_2024,2024
2024-09-27,0.3645547608352309,0.3123818019107556,30,fold_2024,2024
2024-09-30,-0.07683645986137094,-0.11384783798576902,28,fold_2024,2024
2024-10-08,-0.300987533469754,-0.2798976544186115,30,fold_2024,2024
2024-10-09,-0.40345911311067667,-0.2632398753894082,30,fold_2024,2024
2024-10-10,-0.21449951172171536,-0.02002447448145869,30,fold_2024,2024
2024-10-11,-0.1696258756429035,-0.09213308625049309,30,fold_2024,2024
2024-10-14,-0.03389886783589278,-0.11146957461345337,30,fold_2024,2024
2024-10-15,0.006666725962507843,-0.08656949408560823,30,fold_2024,2024
2024-10-16,0.15987179530542722,0.0976749366373374,30,fold_2024,2024
2024-10-17,-0.013749912292455561,-0.01579532814238042,30,fold_2024,2024
2024-10-18,0.30172253147985534,0.26435247650460914,30,fold_2024,2024
2024-10-21,-0.06529212759449557,0.026034713595150902,30,fold_2024,2024
2024-10-22,0.008642068969805914,0.1350389321468298,30,fold_2024,2024
2024-10-23,-0.2218410262996014,-0.18086763070077863,30,fold_2024,2024
2024-10-24,-0.20228040881580478,-0.14304783092324808,30,fold_2024,2024
2024-10-25,-0.16262881974770216,-0.18807035025974916,30,fold_2024,2024
2024-10-28,0.22120919803760913,0.16688918971250577,30,fold_2024,2024
2024-10-29,0.2916297114815972,0.1294916016467662,30,fold_2024,2024
2024-10-30,0.37661457984336155,0.26941045606229147,30,fold_2024,2024
2024-10-31,0.3067561220954749,0.2462736373748609,30,fold_2024,2024
2024-11-01,0.17810083705940716,0.16201180384144676,30,fold_2024,2024
2024-11-04,0.1995472317256188,0.2667704989252108,30,fold_2024,2024
2024-11-05,0.1750717916343414,0.2597373949741151,30,fold_2024,2024
2024-11-06,0.021268557663154646,0.11547446950974513,30,fold_2024,2024
2024-11-07,-0.03486855580721051,0.062298365053427035,30,fold_2024,2024
2024-11-08,0.14761710623698543,0.006674824827152898,30,fold_2024,2024
2024-11-11,0.0749779828689992,-0.04628908681184193,30,fold_2024,2024
2024-11-12,0.06098328271268958,-0.1642006907479613,30,fold_2024,2024
2024-11-13,0.27207116144380006,0.32725250278086765,30,fold_2024,2024
2024-11-14,0.08190451838148714,0.05095116284726711,30,fold_2024,2024
2024-11-15,-0.07823631220214348,-0.09923239576367306,30,fold_2024,2024
2024-11-18,-0.04381028341957447,0.08054288624764495,30,fold_2024,2024
2024-11-19,0.17942204151524832,0.31304928439347085,30,fold_2024,2024
2024-11-20,-0.040436944077142586,0.16783530701099247,30,fold_2024,2024
2024-11-21,0.015360102209120192,0.10057855166673682,30,fold_2024,2024
2024-11-22,0.1861112419639722,0.16624013388675923,30,fold_2024,2024
2024-11-25,0.1029547050495509,0.05896095263985059,30,fold_2024,2024
2024-11-26,-0.04807174484732504,-0.24938820912124582,30,fold_2024,2024
2024-11-27,-0.014750504342857872,-0.06763822491514936,30,fold_2024,2024
2024-11-28,0.41444780381415125,0.3791300501822846,30,fold_2024,2024
2024-11-29,0.30760341571110345,0.22583157331867304,30,fold_2024,2024
2024-12-02,0.2952454401474784,0.27519466073414905,30,fold_2024,2024
2024-12-03,-0.11456756939994088,-0.07274749721913237,30,fold_2024,2024
2024-12-04,-0.21679162817158273,-0.2520578420467186,30,fold_2024,2024
2024-12-05,-0.20332311192319585,-0.21626432439975385,30,fold_2024,2024
2024-12-06,0.04952578934602315,0.04093892560653777,30,fold_2024,2024
2024-12-09,0.030724795859053248,-0.0460614163606516,30,fold_2024,2024
2024-12-10,0.295809551423875,0.15061179087875418,30,fold_2024,2024
2024-12-11,0.050674331907127834,0.01268075639599555,30,fold_2024,2024
2024-12-12,0.18708076083373745,0.21515185359522837,30,fold_2024,2024
2024-12-13,0.19642797069545948,0.21480248178462563,30,fold_2024,2024
2024-12-16,0.003371463555099572,0.027589275952231974,30,fold_2024,2024
2024-12-17,-0.00789754239019548,0.016464567906977142,30,fold_2024,2024
2024-12-18,0.04779141882947052,0.0927903894801532,30,fold_2024,2024
2024-12-19,-0.11906154676635096,-0.09168799887730228,30,fold_2024,2024
2024-12-20,-0.19240335713364468,-0.2500834368573286,30,fold_2024,2024
2024-12-23,-0.019644173875509763,0.08521526362665198,30,fold_2024,2024
