,tsmom_60__csz,tsmom_60__missing,csmom_60__csz,csmom_60__missing,trend_efficiency_60__csz,trend_efficiency_60__missing,multi_horizon_trend__csz,multi_horizon_trend__missing,carry_annualized__csz,carry_annualized__missing,carry_change_20__csz,carry_change_20__missing,basis_fresh__csz,basis_fresh__missing,basis_shock_20__csz,basis_shock_20__missing,basis_momentum_20__csz,basis_momentum_20__missing,curve_curvature__csz,curve_curvature__missing,value_252__csz,value_252__missing,short_reversal_5__csz,inventory_scarcity__csz,inventory_scarcity__missing,inventory_change_5__csz,inventory_change_5__missing,inventory_surprise__csz,inventory_surprise__missing,warehouse_tightness__csz,warehouse_tightness__missing,tightness_composite__csz,tightness_composite__missing,oi_growth_20__csz,oi_growth_20__missing,price_oi_interaction_20__csz,price_oi_interaction_20__missing,volume_shock_20__csz,volume_shock_20__missing,amihud_20__csz,amihud_20__missing,turnover_oi__csz,realized_volatility_20__csz,realized_volatility_20__missing,low_volatility_20__csz,low_volatility_20__missing,realized_skewness_60__csz,realized_skewness_60__missing,seasonality_3y__csz,seasonality_3y__missing,sector_relative_value_60__csz,sector_relative_value_60__missing,factor_momentum__tsz,factor_momentum__missing,fundamental_composite_news__csz,fundamental_composite_news__missing,fundamental_underreaction__csz,fundamental_underreaction__missing,information_consistency__csz,information_consistency__missing,information_divergence__csz,information_divergence__missing,warehouse_surprise__csz,warehouse_surprise__missing,momentum_quality_60__csz,momentum_quality_60__missing,vol_managed_momentum__csz,vol_managed_momentum__missing,idiosyncratic_volatility_60__csz,idiosyncratic_volatility_60__missing,term_structure_slope__csz,term_structure_slope__missing,term_structure_momentum__csz,term_structure_momentum__missing,term_structure_acceleration__csz,term_structure_acceleration__missing,basis_surprise__csz,basis_surprise__missing,inventory_acceleration__csz,inventory_acceleration__missing,inventory_price_divergence__csz,inventory_price_divergence__missing,oi_surprise_60__csz,oi_surprise_60__missing,volume_price_divergence_20__csz,volume_price_divergence_20__missing,momentum_carry_interaction__csz,momentum_carry_interaction__missing,nonlinear_tightness__csz,nonlinear_tightness__missing,correlation_risk_20_120__csz,correlation_risk_20_120__missing
tsmom_60__csz,1.0,4.0042491790621106e-05,0.8757615755851609,3.942676536309734e-05,0.11125810249249303,4.0042491790621106e-05,0.6187356705832221,-0.015145375669117424,0.22895940298892306,-0.03412177193733114,0.07396367007254825,-0.03675257474064387,-0.03225264217683881,0.027977610245030166,-0.005126410596617878,0.026735736620576794,0.007394919093631828,0.026925556444714158,0.01399331672867439,-0.04507098004929253,-0.6617445441988241,-0.021929709110763206,-0.233629642182025,0.006847459510568131,-0.04316143492009301,0.024894864690313576,-0.02948906737718265,0.012486891308639073,-0.010781840610643212,0.08100602607554327,0.009470962955498468,0.09438979935782127,-0.006253568671385807,-0.017549233516419623,-0.0033658053954285475,0.1604400380449182,-0.0027529639664364627,0.011147343196425135,-0.0028196306371962073,-0.08303783221531759,0.0020307292439742477,0.09832080735786876,0.07815350810418899,2.5227147312033517e-05,-0.09998427490145183,2.5227147312033517e-05,0.2222036782194125,3.942676536309734e-05,0.007381576875399468,-0.04136684399805001,0.7520320386877638,3.942676536309734e-05,0.001504197603356185,-0.002203816289667482,-0.023814655655302195,0.0295139529802005,-0.0785563141927649,0.029506124928924325,0.08575937936808081,-0.006253568671385807,-0.4344616690836186,-0.006248718665683318,-0.0005435512571868437,0.021654432082561934,0.8984494128756622,4.0042491790621106e-05,0.5291043902165686,-0.001866422500548719,0.08412432499392573,3.4104661260152176e-05,0.31200515124753014,-0.04507098004929253,0.1601994465097765,-0.04483895326337225,0.0005152382482893494,-0.04078735912821488,-0.03618395113287999,0.02824968025007975,-0.0017078294855166194,-0.029291581423032984,-0.022304084749396536,-0.029574108042412485,0.004459640861983606,-0.0034620814413663923,0.3402597221713852,-0.0019919912261979374,0.10807397562605524,-0.020781642226509203,0.08959452131943851,-0.006253568671385807,-0.028416006468327377,-0.01505850723605912
tsmom_60__missing,4.0042491790621106e-05,1.0,0.00015548604522250858,0.9846231740331444,-0.032181972969763675,1.0,0.008849100980708033,0.737649335783878,-0.056761137180506356,0.2570845105629581,0.0026829343262174845,0.4461332593998138,-0.03272806240176341,0.07291422405890116,-6.50277918972133e-05,0.13695878290704527,-0.0029558300998235873,0.17620347514325307,0.03486929344151001,0.1719686166764311,0.01710181701824424,0.5856292727471587,0.0031840425701041594,0.020784414809121146,0.10431468813013564,-0.016353258971438273,-0.014081936988648916,-0.005572340492068681,0.030758533577003627,0.05149766513641247,0.33866979367807737,0.0004928718020352046,0.3054820494220697,0.028959477943920828,0.5423897061696844,-0.0007913527330446329,0.675129918787761,0.0009138174041008138,0.5562683571171566,0.015314331786817558,0.6775428087314508,-0.019457165145526433,0.005463270762264843,0.6300094270844735,-0.012025680157803052,0.6300094270844735,0.0007516167571880112,0.9846231740331444,-0.005260208470842496,0.27547815162637057,-0.007900374445110358,0.9846231740331444,-0.010946064951482683,0.6949443685294214,4.134533183050164e-05,0.2007406959513183,-0.0003171735252672539,0.20256187052407051,0.004371342471781919,0.3054820494220697,0.004150571942872325,0.31320411181545,-0.027481458377477154,0.41291700609410853,-0.009302825514430044,1.0,0.015427590009889613,0.9931735135697184,0.009888451764525687,0.8517117625560289,-0.04321704423226874,0.1719686166764311,-0.007494083892842,0.20052729863353752,-0.0035439143679442844,0.21772860877482092,0.004711396075378528,0.1689599141990371,-0.005651012782376256,-0.0067623393826509535,-0.010104899911950781,0.027948285579297207,-0.0010072397748971018,0.5712204517383365,-0.004386901367037637,0.6865388645028208,-0.03584533303006957,0.8823415833351382,0.0005763791143220987,0.3054820494220697,0.013673741177382067,0.7497694040352767
csmom_60__csz,0.8757615755851609,0.00015548604522250858,1.0,1.9795886028397885e-17,0.11742584300787892,0.00015548604522251154,0.5920888281165513,-0.0016148525796603236,0.23859116329850766,-0.024193934214903484,0.0825877797225166,-0.026625946097082295,-0.025082982535342798,0.03686282446149037,-0.006949477501863013,0.03542244464734623,0.013394877761979094,0.03505920299707669,0.00754978443300922,-0.01984773745481799,-0.5972497349711285,-0.004210355195213729,-0.22288115141505457,0.015409240559410193,-0.02479074487310652,0.019948246932315054,-0.017762916622044662,0.015058892267993125,-0.004332132976152173,0.08597748927790434,0.031028078705106116,0.10290679632417217,0.023420582635214824,-0.014564194933148228,-0.0019869456608082293,0.15232134219070834,-0.001630602356246296,0.0029279393017602015,0.003058031700111187,-0.06984934327936218,0.007305270451921945,0.09322743467231093,0.09897710230521767,-1.8538554391355696e-17,-0.10816712516729687,-1.8538554391355696e-17,0.18667102905987495,1.9795886028397885e-17,0.0074570165811180325,-0.003875198877594374,0.7874897733865349,1.9795886028397885e-17,-1.6419192435103276e-16,6.121990442047054e-17,-0.010474295828726192,0.04126044500764948,-0.06960466539864679,0.0412493964510115,0.09311497822506994,0.023420582635214824,-0.3762855384195289,0.023403609854307686,0.0071176252948006065,0.024289365747474017,0.7892154425963547,0.00015548604522251154,0.41343396078563277,-0.0010588386548796166,0.09786880090073352,4.0102160106032674e-17,0.3130016351306576,-0.01984773745481799,0.16211728337887574,-0.02017745238176654,-0.0065933451947668255,-0.015639894328440814,-0.016214337067891275,0.03672457980217075,-0.00262605378887033,-0.017545949463607935,-0.02910704510811623,-0.017815156137791676,0.0069190093882666,-0.002442156986944528,0.3487928640328633,0.003198331723763866,0.14452675626728442,-0.014755757269229855,0.0939141548905035,0.023420582635214824,-0.031429376240305486,-0.0007822050369925627
csmom_60__missing,3.942676536309734e-05,0.9846231740331444,1.9795886028397885e-17,1.0,-0.03168711637213762,0.9846231740331444,0.00853892286825828,0.7431305393393696,-0.056618609607711444,0.21626033613574439,0.0027595806064384444,0.42109880127133764,-0.03206816083750114,0.06159352960274809,-3.1045842383382096e-05,0.1270221515161641,-0.0029501783146060824,0.16696559195336638,0.03516947521081173,0.16207317121053355,0.013175872558723002,0.5955180247582272,0.0033324544629962415,0.019986584272618586,0.104282553806974,-0.016525033792834886,-0.005859301398123659,-0.0057464851592723305,0.02976724175073451,0.048743687907549946,0.34452661662097656,0.00047233311497178114,0.30053832912753325,0.029619176657871917,0.4976634440137587,-0.0006019970278142546,0.6420170795582345,0.0009697847200747005,0.5181820447685475,0.017756531643677784,0.6495121769136567,-0.01809132622282123,0.01879210244164595,0.6398482624615381,-0.02236723447813485,0.6398482624615381,0.0007958039758151815,1.0,-0.005311226238262446,0.2761526200349014,-0.006104069866150726,1.0,-0.011041283160558515,0.7059362326072776,-0.00010522313952885458,0.19199451475930798,-0.00038918246289167385,0.1938473120367276,0.004315515217688801,0.30053832912753325,0.0040867493204438075,0.30838802669596516,-0.028462717475623917,0.39404904888450526,-0.009159777585494846,0.9846231740331444,0.01519036264322,0.9779016572966797,0.025127343809668204,0.865012915618586,-0.042981582321021464,0.16207317121053355,-0.007572133969828179,0.19339872534666483,-0.0036736010972227492,0.2121372071935588,0.004946758484242198,0.15948494873487765,-0.005784910678388912,0.0015872038353584414,-0.010591433969742407,0.03685213466496194,-0.0008918707871454132,0.5295564035111372,-0.004644081285598979,0.6576201864135268,-0.03529414558234219,0.8687739703648719,0.0005613635145990078,0.30053832912753325,0.013463482438981683,0.7382403303941546
trend_efficiency_60__csz,0.11125810249249303,-0.032181972969763675,0.11742584300787892,-0.03168711637213762,1.0,-0.032181972969763675,0.04524982000909815,-0.00895785402169186,0.06779939887359433,0.016449412247828175,0.0010057922746868253,0.002597736665313045,0.02799219259941061,0.027047260568567925,0.000192885781784611,0.024699835748076455,-0.0008589045975966411,0.02287895151780867,0.0006866797069374088,-0.024695814720125345,-0.10300400165497291,-0.011683583666197926,-0.05217214501167321,0.00505350275663695,0.014288178711263224,-0.016144459454291993,0.0025071417727051547,0.009614650923159149,0.007759836304861419,0.02023601146768151,0.0034346731958324276,0.04651962455774985,0.018901363033793847,0.07269085863876454,-0.0004283759260096998,-0.010058414619607648,-0.007753841567279895,0.08287592573469896,-0.010322436509791517,-0.002154550999094223,-0.008884482186149935,0.055805999117042114,0.10237701543606918,-0.020274946353128577,-0.10206402712638635,-0.020274946353128577,-0.01140242938679019,-0.03168711637213762,-0.007984795146669525,-0.01036050087528425,0.11586101266430535,-0.03168711637213762,-0.016218838705802995,-0.02231674076401847,0.018030777289875205,0.022652467833738966,-0.009985692089823495,0.022586063160848848,0.03335220685307776,0.018901363033793847,-0.060423972022391616,0.01863202961766164,0.012484651556176802,0.006516017188820331,0.11212532507724776,-0.032181972969763675,0.0034308492446885725,-0.022153335388537802,0.07287669374320906,-0.027409764920608135,0.09474092106950283,-0.024695814720125345,0.01932736966214254,-0.03001435195417464,0.004176671467493641,-0.026289373608456113,0.004674065390199775,0.02252814744403813,-0.006077722674090975,0.0026080202574271004,-0.022318576285036557,0.0011605668330971406,0.004980562182497567,-0.002409224156853076,0.005477452220666156,-0.015036787639942316,0.17571216218945443,-0.013317122776299182,0.04213620639598224,0.018901363033793847,0.009494152218291821,-0.009432043391708266
trend_efficiency_60__missing,4.0042491790621106e-05,1.0,0.00015548604522251154,0.9846231740331444,-0.032181972969763675,1.0,0.008849100980708033,0.737649335783878,-0.056761137180506356,0.2570845105629581,0.0026829343262174845,0.4461332593998138,-0.03272806240176341,0.07291422405890116,-6.50277918972133e-05,0.13695878290704527,-0.0029558300998235873,0.17620347514325307,0.03486929344151001,0.1719686166764311,0.01710181701824424,0.5856292727471587,0.0031840425701041594,0.020784414809121146,0.10431468813013564,-0.016353258971438273,-0.014081936988648916,-0.005572340492068681,0.030758533577003627,0.05149766513641247,0.33866979367807737,0.0004928718020352046,0.3054820494220697,0.028959477943920828,0.5423897061696844,-0.0007913527330446329,0.675129918787761,0.0009138174041008138,0.5562683571171566,0.015314331786817558,0.6775428087314508,-0.019457165145526433,0.005463270762264843,0.6300094270844735,-0.012025680157803052,0.6300094270844735,0.0007516167571880112,0.9846231740331444,-0.005260208470842496,0.27547815162637057,-0.007900374445110358,0.9846231740331444,-0.010946064951482683,0.6949443685294214,4.134533183050164e-05,0.2007406959513183,-0.0003171735252672539,0.20256187052407051,0.004371342471781919,0.3054820494220697,0.004150571942872325,0.31320411181545,-0.027481458377477154,0.41291700609410853,-0.009302825514430044,1.0,0.015427590009889613,0.9931735135697184,0.009888451764525687,0.8517117625560289,-0.04321704423226874,0.1719686166764311,-0.007494083892842,0.20052729863353752,-0.0035439143679442844,0.21772860877482092,0.004711396075378528,0.1689599141990371,-0.005651012782376256,-0.0067623393826509535,-0.010104899911950781,0.027948285579297207,-0.0010072397748971018,0.5712204517383365,-0.004386901367037637,0.6865388645028208,-0.03584533303006957,0.8823415833351382,0.0005763791143220987,0.3054820494220697,0.013673741177382067,0.7497694040352767
multi_horizon_trend__csz,0.6187356705832221,0.008849100980708033,0.5920888281165513,0.00853892286825828,0.04524982000909815,0.008849100980708033,1.0,0.011490474978796066,0.15838750428744583,-0.011215184171425746,0.057515215087533024,-0.01723679314276066,-0.06621202566388841,0.06536290517991088,0.007214383021181346,0.0613282049968453,-0.0798961725130553,0.06295912929758053,0.004383890518184222,-0.008773959425872039,-0.6038196268920685,0.014098700607584046,-0.22054050420490637,0.0010726939009304695,-0.02848084998911432,0.01391712823976689,-0.02285072503114256,0.0026985391878673495,-0.013849924927559716,0.0666376335830041,0.07340653587816928,0.053520498021390736,0.0736586505168556,0.005360780025991128,0.005310832529513872,0.1018021447978203,0.006353117076687022,0.031403223289695546,0.0055326245117496,-0.05223242467934704,0.0068042604951000524,0.08756412896541987,0.04750617177048982,0.005463614960548165,-0.07561415548126317,0.005463614960548165,0.14089979940137518,0.008538922868258282,0.005367155126738838,-0.023470010161792444,0.4509577887891982,0.008538922868258282,-0.09528952525535951,0.0070121963171935,-0.07249962906414407,0.06321018462769303,-0.09936939558494459,0.06320951834979155,0.054714985974949316,0.0736586505168556,-0.2929186019106249,0.0736741581834645,-0.008798220863006351,0.022065689290537312,0.4499502682160369,0.00884910098070803,0.5785257430348747,0.008907597530983535,0.05569093816739102,0.0073862785665143186,0.2113937777531076,-0.008773959425872039,0.1332060272366258,-0.0040299021493121305,0.055065754293178996,0.0025235978122423435,-0.1170260172075635,0.06415443621242573,0.004811081056553709,-0.022699585263477404,-0.031954707788825705,-0.022553070642227946,0.00965326031784617,0.005552195616338321,0.30625060260483106,0.006664923019524952,0.04653188670895929,-0.0005479402236185355,0.04733333934794594,0.0736586505168556,-0.03711989152161788,0.011703242065284752
multi_horizon_trend__missing,-0.015145375669117424,0.737649335783878,-0.0016148525796603236,0.7431305393393696,-0.00895785402169186,0.737649335783878,0.011490474978796066,1.0,-0.052410370771527395,0.22714004116314437,0.00502352570369331,0.3696451043707001,-0.040632298663711784,0.04474005299516982,-0.0006409053802844663,0.09159681163582087,-0.015494432098120129,0.12118558769952087,0.04099296333043147,0.20271943255082436,0.01241795094376194,0.8576780644957869,6.73794276625333e-05,0.024048366862756618,0.13521557236680193,-0.019480093649161513,-0.01589401723203878,-0.001908855734491613,0.023978324408395042,0.06286139932248695,0.48563253257147665,0.0011374104609044938,0.40087515587314354,0.029320725650427547,0.397872420511397,0.012896704758389133,0.500116628133442,-0.0035854199427207043,0.4568082003731449,0.06615534897223103,0.5483455912393818,-0.01048731630016782,0.02041478634425186,0.4754907843783941,-0.016788098317155904,0.4754907843783941,-0.019280753377725827,0.7431305393393696,-0.007615429346717419,0.3717692442092229,-0.005440206737629505,0.7431305393393696,-0.0024828917979405063,0.6102616584722087,0.0002208198127971274,0.15778436453578978,-0.005235863308796923,0.15915718938290113,0.006448799549614906,0.40087515587314354,0.0047772270014216685,0.4065798464355265,-0.02510050771726661,0.3712868005167271,-0.027085056573971023,0.7376493357838778,0.015064631138009281,0.742944350732779,0.044700698604300156,0.6428175145191627,-0.046255009218360836,0.20271943255082436,-0.007969338127154606,0.2301728575858345,0.00038730747396038855,0.242507144291342,-0.011375799607666178,0.11800018075325903,-0.0014827450602419448,-0.01047750180354531,-0.011655997330507234,0.015812217552809038,0.0026756170571522885,0.4220325269904788,-0.004461086056454702,0.5512432908175633,-0.03543545106619222,0.68612802019323,0.0008972465301990115,0.40087515587314354,0.018117250908501612,0.993419448284863
carry_annualized__csz,0.22895940298892306,-0.056761137180506356,0.23859116329850766,-0.056618609607711444,0.06779939887359433,-0.056761137180506356,0.15838750428744583,-0.052410370771527395,1.0,-0.021551188389114403,0.3927119573280089,-0.04175340464163299,0.3417618998381596,0.015563106868219866,0.0008472642731178709,0.01468190062413384,0.11850739949084489,0.014637414697627492,-0.5262275607364006,-0.024471448228017258,-0.08352464916134617,-0.013125432629002266,-0.03806318909349132,0.09929382435879884,0.07005012851403318,0.019024443725472663,0.09435758124706549,0.02230645666757619,0.034201339759311236,0.16979577049346317,0.037791342904377204,0.49320762747781083,0.028764861498175164,-0.0044972275549868875,-0.02776870461305859,0.0016565597983626567,-0.04253215869272297,0.001785262417737902,-0.07203860387183841,-0.00102576911739912,-0.06609377439084688,0.06047274681001508,0.16835191586494694,-0.03984802391381259,-0.1711982401027374,-0.03984802391381259,-0.04136200834960252,-0.05661860960771142,0.024759545871774834,-0.036685841402455496,0.22771862544515103,-0.05661860960771142,-0.014049568875120835,-0.01682534475339376,0.10499499555909192,0.016211229262114782,0.05560469485283531,0.016248217111042955,0.48162180534485177,0.028764861498175164,0.2951223168584408,0.02911796816869405,0.06619963014304019,-0.02366565353692175,0.21578994656667236,-0.056761137180506356,0.07449824051913492,-0.05682848145334662,0.15718730241890166,-0.015073635965627268,0.6994149572231179,-0.024471448228017258,0.10328283657639586,-0.012742300479361812,-0.010614892257483471,0.002559078277842432,0.12615197327715327,0.013216460764846841,-0.0063971813755344656,0.09373361631241764,0.012849140448855791,0.08642095115246232,0.0049436804504117415,-0.03094252572896981,0.09849431831182957,-0.06725205538934832,0.12596752362813268,-0.05841588248381929,0.4867997996583093,0.028764861498175164,0.007845054498279627,-0.05263801219601032
carry_annualized__missing,-0.03412177193733114,0.2570845105629581,-0.024193934214903484,0.21626033613574439,0.016449412247828175,0.2570845105629581,-0.011215184171425746,0.22714004116314437,-0.021551188389114403,1.0,-0.0008540765772366118,0.7064886878374044,-0.030355904591986976,0.012010676621860334,0.0038739344226347643,0.030305734122486074,-0.008806190914385338,0.03383755461951891,0.004530850977991176,0.2778412641465735,0.018156850891603023,0.14232920792386733,0.004419493505553076,0.011643505467372046,0.019218514931929487,-0.018520006560765648,-0.10606105905916201,-0.024898464612962617,-0.01307296768037743,0.008215762369289262,0.12990956640252654,-0.012583317075912917,0.16741722068353015,0.06534224306390007,0.22783070119009183,-0.013230313364489954,0.32047436957597036,0.027865017660366934,0.23128108713889284,0.04060892935360438,0.27956918215261634,-0.029489056022293982,-0.05671808512832195,0.22257988061355977,0.0502738648736821,0.22257988061355977,-0.013681621900186652,0.21626033613574433,-0.0033188745133856455,0.14944826985889675,-0.02578664999900193,0.21626033613574433,-0.002398463664497534,0.08950654134339625,-0.03578993503802918,0.05827116947162333,-0.021668807774993942,0.05950206579274374,-0.013412749620446968,0.16741722068353015,0.0005211892598236461,0.16707775155738858,-0.038399825350042174,0.18658484162068517,-0.0360030377957029,0.2570845105629581,-0.024374869016363203,0.27514931213135996,-0.0010713309018957362,0.16590176277398389,-0.019259821676304845,0.2778412641465735,-0.0006697737518107611,0.22493149555388084,0.0017669922942504218,0.19596842805889242,-0.02451940041805611,0.027399645401631156,0.000402704886264755,-0.10400841348063958,-0.007730919329949064,-0.09583720344080703,0.009787754286649462,0.2186286979935188,-0.032789046156086854,0.28785030785074733,-0.023967667060612083,0.5899699490968554,-0.012270861669055253,0.16741722068353015,-0.014988159088720275,0.25025346017477135
carry_change_20__csz,0.07396367007254825,0.0026829343262174845,0.0825877797225166,0.0027595806064384444,0.0010057922746868253,0.0026829343262174845,0.057515215087533024,0.00502352570369331,0.3927119573280089,-0.0008540765772366118,1.0,-0.0012089034006347054,0.03471775384929422,0.0002857371154939981,0.012039008117761242,-0.0005738468476858761,0.17629537398380343,0.0018004108323072413,-0.32777620726080425,-0.0057849698833567055,-0.07885687529610146,0.0026477861056896715,-0.012024458216415906,0.006859761131215735,-0.001603805753893813,0.028498760128511703,0.0001118060931297288,0.021152995287472005,-0.002753382571065838,0.008567630721981601,0.011996559581358226,0.12577611082947018,0.0015998901586468362,0.010337964891629005,-0.005447013191648943,0.02611806217032246,-0.00022939888842027093,0.01129000842239205,0.005216534490027685,-0.004514374526130645,-0.0003353197082737639,0.021179333804150414,0.015919641656536254,-0.0025159746134265325,-0.014983865477035297,-0.0025159746134265325,-0.006580220988099762,0.0027595806064384474,0.009065063566424933,0.0012818551572095537,0.08360967609038907,0.0027595806064384474,-0.023648569562484494,0.011480215887198025,0.09982001362580356,-0.008375743169088545,0.059210099388263875,-0.008262224714564908,0.11551226265901189,0.0015998901586468362,0.061703599546677076,0.0016046077801125927,0.058160472250407366,-0.015337276354258725,0.07782940587047667,0.0026829343262174837,0.014473214013873399,0.002649260427170603,-0.011474520774313993,0.006209587829116385,0.20056827336324978,-0.0057849698833567055,0.44660637350035265,-0.004258341083483909,0.2544449833932175,0.005548184376330697,0.11889025540630566,-0.0014082315140199915,0.0026252945892112248,0.0003834094926240917,0.022707934657356994,-0.00020716631356218672,-0.002500026148862158,-0.006167899097187787,0.06806971050926466,0.005272125097171551,0.05670095498044361,0.002085862542299744,0.12796683502231226,0.0015998901586468362,-0.002640584096770065,0.0049740843637766825
carry_change_20__missing,-0.03675257474064387,0.4461332593998138,-0.026625946097082295,0.42109880127133764,0.002597736665313045,0.4461332593998138,-0.01723679314276066,0.3696451043707001,-0.04175340464163299,0.7064886878374044,-0.0012089034006347054,1.0,-0.04088797747603194,-0.006766041055161205,0.005621629933340061,0.057486918050265144,-0.00633293432144648,0.09503818481223505,0.009340657918744626,0.33883557239210665,0.021171173168687628,0.29937691767058605,0.018195228720660744,0.012210962298470069,0.02975879993809813,-0.014038537292437146,-0.10886116277659656,-0.017604646370331514,-0.011068286386983933,0.008501844244972906,0.2282605088669575,-0.02446440384112753,0.21254726071212254,0.07519952263593409,0.5354900189398397,-0.005281842843400056,0.5681042599689148,0.02233918340659686,0.34972407363722696,0.03602761553837489,0.4967828151579496,-0.021030415742226947,-0.048108820083429746,0.5156091463907861,0.03898756179567325,0.5156091463907861,-0.012334730940521964,0.42109880127133764,-0.0039047299378623694,0.22172771457895887,-0.03394274148786991,0.42109880127133764,0.007734766835798196,0.30575728248378525,-0.02181289851622932,0.1216819498439722,-0.013242616969984609,0.12288353616295178,-0.02675263703208804,0.21254726071212254,-0.004136193171029354,0.21409257569748744,-0.03044487187589675,0.32900960940451957,-0.03768515977648165,0.44613325939981385,-0.02631978146627239,0.45723314980134994,0.006853265869989062,0.3976617539144423,-0.030567585215606118,0.33883557239210665,-0.0009480318133061118,0.31837947220698726,0.0025010907105381818,0.27738367426484345,-0.012883279520710781,0.09154489053660778,-0.0025112004379962503,-0.10199173044200469,-0.0028739722328736308,-0.09173446673643389,0.0032502812933491248,0.5031362084789521,-0.03434768027828857,0.5115952755244491,-0.030813077039113543,0.6528109620483639,-0.021962834440903207,0.21254726071212254,-0.007720706441076358,0.3847837558602669
basis_fresh__csz,-0.03225264217683881,-0.03272806240176341,-0.025082982535342798,-0.03206816083750114,0.02799219259941061,-0.03272806240176341,-0.06621202566388841,-0.040632298663711784,0.3417618998381596,-0.030355904591986976,0.03471775384929422,-0.04088797747603194,1.0,-0.09142885822373319,0.05294606854044582,-0.0884066181806329,0.34152314625161184,-0.08974576934101111,-0.18939802423888005,0.04089240517710374,0.1658148141899911,-0.04446515310281195,0.16743248878584283,0.06845069381427357,0.13743779710799456,0.004270042155855125,0.1690438280602911,0.010059858517355977,0.06044683024053705,0.1682481418981839,0.05398881712339349,0.546540834203261,0.00378706043623523,-0.02243321812896471,-0.0197423392561793,-0.06378733954827957,-0.023354667467823182,-0.02732723635027623,-0.02032892147541556,0.1043987508481451,-0.02690998876207063,-0.005258796735736824,0.13772745884927373,-0.02057895508993738,-0.11709808757416494,-0.02057895508993738,-0.033269961926844,-0.032068160837501136,0.017752527831120055,0.0024576615557255583,0.014194490200108883,-0.032068160837501136,-0.0075546894623678305,-0.02985154411177822,0.24719193969212977,-0.058960595508840564,0.2409421513000281,-0.058768246385979675,0.5369534156066178,0.00378706043623523,0.4578119381281255,0.003983941035876182,0.06796206645693838,0.009148190302018796,-0.027602536221825753,-0.032728062401763416,-0.03760350981374396,-0.0330222572898929,0.10590665770254395,-0.03769499206388163,0.2995161450194146,0.04089240517710374,-0.036581866970287626,0.061869714617821904,-0.05546970235604107,0.0721258707859608,0.3820602433993632,-0.09303136335231925,-0.005615760126336654,0.16846401873639233,0.01607361512716105,0.16798725604280068,-0.005723568077028607,-0.02113620143160147,-0.0984173777209526,-0.026272203632947536,0.039041770003938624,-0.04549198524092911,0.5521188690156008,0.00378706043623523,0.018880529179052138,-0.0410209603228979
basis_fresh__missing,0.027977610245030166,0.07291422405890116,0.03686282446149037,0.06159352960274809,0.027047260568567925,0.07291422405890116,0.06536290517991088,0.04474005299516982,0.015563106868219866,0.012010676621860334,0.0002857371154939981,-0.006766041055161205,-0.09142885822373319,1.0,-0.0028227406042700617,0.9626368530491901,-0.0038963419980048647,0.9518164371156035,0.00833904467021036,-0.10453369409103454,-0.03815911684642045,-0.027131011408471795,-0.005871741918835097,-0.12665670608991034,-0.015375381896343005,0.0036500053868932835,-0.005566606477601652,0.001419915141914894,-0.008800137938847857,-0.028259805677813263,0.005245620524863483,-0.047411479026955215,0.5114379839404875,-0.010555323825066876,0.07265651797940649,-0.030842232547957694,0.10486631878019582,0.00958375210067108,0.19040157834240923,-0.0670194237619907,0.15962440584694698,0.22435545691711536,0.249370985388247,0.059530683859754,-0.21762579728137268,0.059530683859754,-0.053496106151878,0.06159352960274809,0.009243540067310091,-0.1290268845999578,0.02862007336497616,0.06159352960274809,-0.019925504286559842,-0.035459588799123934,0.011697577397605494,0.8915105830069073,0.005065909343723694,0.8910865305456794,-0.03438977687415364,0.5114379839404875,-0.03315151335412615,0.512246489073116,0.026198423358206775,0.16610083373573892,0.007869347180250248,0.07291422405890112,0.005889481302534629,0.07792378457297544,0.11210247065875775,-0.007645685185182931,0.07123749069114328,-0.10453369409103454,0.0043092950294302155,-0.12803187106820035,-0.000783049639232909,-0.14987812477777337,-0.013544241414396075,0.9625532391335724,-0.0034147563883429903,-0.00538677579915674,0.0031323904617536684,0.006583251962324037,-0.002390545693495989,0.08501972591039675,0.016638781026469103,0.15099059730717743,0.0866076004588963,0.05173776695189156,-0.04440016861940989,0.5114379839404875,0.006635331705586457,0.051266170598137324
basis_shock_20__csz,-0.005126410596617878,-6.50277918972133e-05,-0.006949477501863013,-3.1045842383382096e-05,0.000192885781784611,-6.50277918972133e-05,0.007214383021181346,-0.0006409053802844663,0.0008472642731178709,0.0038739344226347643,0.012039008117761242,0.005621629933340061,0.05294606854044582,-0.0028227406042700617,1.0,-0.0029323005818122153,0.05922068602710948,-0.0019803492260002274,-0.0033098714131807637,4.6430854851518546e-05,0.008345511600454115,-1.797828997809934e-05,0.07217972658145769,-0.0009738230728295864,0.0022110027383952222,0.0011792209226196835,0.00015249146770298557,-0.004322237243947521,-0.001011140102200288,-0.005759872310903036,0.00871336056920767,0.015901617848963972,0.005939321806444407,0.006348869863980719,0.0007647872062056515,-0.005274838339844502,0.0024287515391565764,-0.00011561004191943647,-0.0005331125491256852,4.771628402927368e-05,0.0019306836503447489,0.0016587987714747163,-0.0005043873590945681,0.0028277312761689675,-0.00051737574149097,0.0028277312761689675,-0.0009998357538087905,-3.104584238338125e-05,0.004240859796454331,0.0006813224917320537,-0.004334501290565207,-3.104584238338125e-05,0.0026952237256399883,-0.00119870654113644,0.10728675866760622,-0.0029906538845494435,0.4937067263183487,-0.0029920521312058355,0.023243437511846276,0.005939321806444407,0.016164739772121916,0.005774930974949378,-0.008786642031550723,0.0003556269534515091,-0.004248027473577356,-6.502779189721403e-05,-0.007512650227427294,-8.005349028817196e-05,0.0022494392887704934,0.0004950766540965313,-0.0004485624052862857,4.6430854851518546e-05,0.011850586459754198,-0.0037544172447751107,0.016645845076509846,-0.0015778730939520669,0.20087119727738822,-0.0033023631447674675,0.004075630450996259,0.00018757111959358556,0.0010547655280821544,3.5586522950859965e-05,-0.05122939378764363,1.4928822927171617e-05,0.007700676267125018,0.002243633779196662,0.003962869550237193,0.0015034076047236791,0.01609393259338674,0.005939321806444407,-0.004496385086406169,-0.0006563974695039055
basis_shock_20__missing,0.026735736620576794,0.13695878290704527,0.03542244464734623,0.1270221515161641,0.024699835748076455,0.13695878290704527,0.0613282049968453,0.09159681163582087,0.01468190062413384,0.030305734122486074,-0.0005738468476858761,0.057486918050265144,-0.0884066181806329,0.9626368530491901,-0.0029323005818122153,1.0,-0.004320620893152441,0.9447505640678004,0.009530120931377261,-0.07946282477082325,-0.03737760633742496,0.021105201483146263,-0.004280143246105361,-0.12173863684941676,-0.006686768433844382,0.0017881396246722675,0.0031055239701333922,0.0024777307219367548,-0.00489115488766524,-0.027063457435173226,0.03635073538586316,-0.047685173957212244,0.5195423587844976,-0.008591622962361826,0.15962981221003752,-0.030087772040880555,0.19308459946436268,0.011796891322456319,0.2580740873418849,-0.07013187101631832,0.23532214151710704,0.21679361801169295,0.23944676464501224,0.15860687569529644,-0.21075775837866167,0.15860687569529644,-0.05162264317312601,0.12702215151616414,0.008668862960754095,-0.10619558627705067,0.027451733949310747,0.12702215151616414,-0.02199591517036534,0.03131457279994242,0.014106690891049382,0.8855985764793192,0.00575539010322789,0.8861113821046347,-0.034230829375050904,0.5195423587844976,-0.03231027910301906,0.5203466652810259,0.027277183045137,0.2064339705207941,0.00830726042590541,0.13695878290704527,0.004797863421163571,0.14136146061952445,0.10658376673393681,0.06820922848358434,0.06702838404076075,-0.07946282477082325,0.005601861407386856,-0.10041824570957043,6.243358135927481e-05,-0.12582552602215744,-0.012094843255438479,0.9531808342904509,-0.00413315170288895,0.004252410573073933,0.001628298059768719,0.01578736530945767,-0.0003897218179059918,0.1667197798758062,0.017505111893987544,0.22916440378471972,0.08137724051159252,0.108359355841124,-0.04471040704711292,0.5195423587844976,0.006616069852811507,0.09760284534589878
basis_momentum_20__csz,0.007394919093631828,-0.0029558300998235873,0.013394877761979094,-0.0029501783146060824,-0.0008589045975966411,-0.0029558300998235873,-0.0798961725130553,-0.015494432098120129,0.11850739949084489,-0.008806190914385338,0.17629537398380343,-0.00633293432144648,0.34152314625161184,-0.0038963419980048647,0.05922068602710948,-0.004320620893152441,1.0,-0.00409358553400529,-0.08910879667904123,-0.022734663193701314,0.04737503551599342,-0.015880428500627413,0.2699542517787497,0.002991089505899695,-0.00041894284094710736,0.004875118278917952,0.0007235216488406362,0.007391740929124303,-0.00047564965708463326,0.001834722584594466,-0.017357355592877512,0.15700825035045052,-0.016486390309658684,-0.04117734351475885,-0.0008919515794670251,-0.03213931747588336,-0.010115135475559244,-0.034922531790243364,-0.0009292060185957214,0.007013114300304332,-0.0084465044109124,0.005940691787051013,0.054493407585656024,-0.010903919723078763,-0.03465528157099132,-0.010903919723078763,-0.002135930623356005,-0.002950178314606082,0.014709679859760644,-0.00894061670459111,0.01122736823939279,-0.002950178314606082,-0.044634272222135785,-0.009167849712478858,0.34864847050194575,-0.0002508339230420989,0.3482603972068844,-0.00028995134524980486,0.14762405081936741,-0.016486390309658684,0.12089397049828238,-0.015957949747910614,0.018583794049601265,0.0035868227879524736,0.00977810065582453,-0.0029558300998235886,-0.02115355080669748,-0.0029585545264463834,0.018569578740711155,-0.014633985322577056,0.11497257214055481,-0.022734663193701314,0.06267572329818091,-0.019371432989365278,-0.04349411738306726,-0.019610407528915314,0.6349277164701939,-0.0033631416750126127,-0.0020524432540976337,0.0004257873050923947,0.02211357132819657,0.0006575364262389514,-0.008831988957554876,-0.0009590181336037163,-0.16844645737590755,-0.009327944365514826,0.009147796936980054,-0.005828630330067396,0.16595144000233117,-0.016486390309658684,0.011952091218010153,-0.01543265043819065
basis_momentum_20__missing,0.026925556444714158,0.17620347514325307,0.03505920299707669,0.16696559195336638,0.02287895151780867,0.17620347514325307,0.06295912929758053,0.12118558769952087,0.014637414697627492,0.03383755461951891,0.0018004108323072413,0.09503818481223505,-0.08974576934101111,0.9518164371156035,-0.0019803492260002274,0.9447505640678004,-0.00409358553400529,1.0,0.008347286478703263,-0.07446374723383908,-0.03650351248744852,0.054698147113834625,-0.004489839588310977,-0.12011651236877899,-0.00192735936269417,0.0018247577693362698,0.0046880514723701555,0.0034733414696136106,-0.009960468695549977,-0.023427643996163643,0.051469265880271946,-0.04510757540253223,0.5268551184181549,-0.0070440854124367925,0.2238202865454479,-0.03003625293457557,0.24165261718465264,0.007586649596077506,0.252738907469231,-0.0712979572539289,0.2776634881869311,0.21485554451452676,0.23729265476169303,0.2126089520313588,-0.209902753883513,0.2126089520313588,-0.05202915134575174,0.16696559195336638,0.00853779830938567,-0.09262536651951744,0.027451598496723715,0.16696559195336638,-0.02020607306224842,0.07561368029622384,0.011519055714109244,0.8957804387324313,0.005204575054363679,0.8955160842306454,-0.03301117008738681,0.5268551184181549,-0.0314937058100787,0.5276316322727355,0.026225529816107956,0.24088456564912797,0.006841131131177502,0.17620347514325307,0.007549399506783072,0.18030029530848754,0.10504953948464152,0.11599901497059652,0.06582229594503779,-0.07446374723383908,0.004227905278813895,-0.08871578237304982,-0.0014300046273624837,-0.11337198828193304,-0.012742483332128945,0.9627865796039805,-0.003128405688551545,0.007498437665675569,0.0009738565052902554,0.021340809466985425,-0.0028918306386499703,0.235728647858897,0.01717973375186679,0.27274620601578875,0.0799193342519398,0.14270255198399362,-0.04254618809314808,0.5268551184181549,0.008651608929038499,0.126949816373956
curve_curvature__csz,0.01399331672867439,0.03486929344151001,0.00754978443300922,0.03516947521081173,0.0006866797069374088,0.03486929344151001,0.004383890518184222,0.04099296333043147,-0.5262275607364006,0.004530850977991176,-0.32777620726080425,0.009340657918744626,-0.18939802423888005,0.00833904467021036,-0.0033098714131807637,0.009530120931377261,-0.08910879667904123,0.008347286478703263,1.0,0.016307336463891778,-0.0628274941475511,0.01802263884715748,-0.054306091242367814,-0.004610493097405485,-0.012997258499551865,0.0014922937016023843,-0.017961984839552435,-0.003350204273582301,-0.006948199856890202,-0.053117138478068184,-0.014810827343886888,-0.23557444669524386,-0.002493683977108971,0.012623247536391137,0.0010109539463525796,0.0410284030647639,0.013197907122363382,0.009631916010832568,0.03880485239709518,-0.009439337457771561,0.037998411311914476,0.0031235123892871244,-0.0223354541423274,0.01888306191296458,0.017216133609066077,0.01888306191296458,0.027680432536928926,0.03516947521081173,-0.002356385636503262,0.016757316212641767,0.012742156365043491,0.03516947521081173,0.01811225341166754,0.022479630102734183,-0.07600020027815181,0.00809315635057309,-0.06149790659492993,0.008198076008042853,-0.22234908487111216,-0.002493683977108971,-0.20099584282840646,-0.002033533803756965,-0.04081151122856114,0.014387416874448526,0.016202206776928293,0.03486929344151,0.007771238130723356,0.03473927559950043,-0.029764725043306246,0.018909275200102795,-0.16075527079191626,0.016307336463891778,0.032480953973412954,0.010928279614305335,0.02697719892978624,-0.004815100999959229,-0.08258999991261938,0.008720042428633418,0.002794468486799047,-0.01784116233115233,0.0010737188413915974,-0.014451382499098152,0.007919454880358029,0.00950052374606071,0.01123564860274026,0.03753978199198406,-0.012067454504514434,0.03274568892380313,-0.24297845458282596,-0.002493683977108971,0.013823062080430151,0.04087019291242888
curve_curvature__missing,-0.04507098004929253,0.1719686166764311,-0.01984773745481799,0.16207317121053355,-0.024695814720125345,0.1719686166764311,-0.008773959425872039,0.20271943255082436,-0.024471448228017258,0.2778412641465735,-0.0057849698833567055,0.33883557239210665,0.04089240517710374,-0.10453369409103454,4.6430854851518546e-05,-0.07946282477082325,-0.022734663193701314,-0.07446374723383908,0.016307336463891778,1.0,0.029493770159180303,0.17114716648310876,-0.004427566391553558,0.020766812887470655,0.07854943867559341,-0.022221046323945292,-0.027623681414617744,0.002564308965585986,0.013333465477654178,-0.0003371046903653287,0.21709603928967164,-0.019126489563021258,0.13412215969161295,0.04373248025854151,0.14443045091821405,0.008868346610226015,0.17674395100029777,-0.0020335538232189353,0.10464007492488403,0.22571933983275394,0.14122257131664712,-0.07564325350538667,0.019492990337960238,0.14939484182433502,-0.01793009578836905,0.14939484182433502,-0.04490364656938748,0.16207317121053358,0.004366491012094237,0.3324282770307092,-0.03974257050946877,0.16207317121053358,-0.03305626474948273,0.11006845241800964,-0.018234487423164074,-0.035141301463471934,-0.02013394586560652,-0.034703494934930815,-0.013544819708901925,0.13412215969161295,-0.0098332131492985,0.13567564245393726,-0.02406994858223158,0.153782943268791,-0.048699529489855405,0.17196861667643112,-0.027149078942843012,0.1763557688003477,0.033297076547759104,0.15164864201503894,-0.06931951499523853,1.0,-0.0024106345537550865,0.8095683563951205,0.0063597187396839585,0.705325138297348,-0.008323611260339288,-0.0756708347497962,0.0018145303067746432,-0.026855804113541645,-0.008576346253622972,-0.024877611767229232,0.00874391973976873,0.13373205683164804,-0.011926430408140709,0.14863995485007495,0.009221928693305135,0.2536241508151366,-0.004797167298536182,0.13412215969161295,-0.0015756913801208815,0.2083465617226361
value_252__csz,-0.6617445441988241,0.01710181701824424,-0.5972497349711285,0.013175872558723002,-0.10300400165497291,0.01710181701824424,-0.6038196268920685,0.01241795094376194,-0.08352464916134617,0.018156850891603023,-0.07885687529610146,0.021171173168687628,0.1658148141899911,-0.03815911684642045,0.008345511600454115,-0.03737760633742496,0.04737503551599342,-0.03650351248744852,-0.0628274941475511,0.029493770159180303,1.0,0.0049011671908348025,0.23436253024470127,0.031480972822113665,0.08562983072944912,-0.013144868719594874,0.07191916339892611,-0.005476478190177932,0.031612131421391125,-0.029955211449231998,-0.02887221950483938,0.032891691411261297,-0.0066293180464464235,0.006781703729813621,0.01897902765894326,-0.1783250002312701,0.013527778415977087,-0.022886012189657638,0.00938931617424217,0.08388695427142835,0.0037476934868915885,-0.11746200360985354,-0.03841037834527564,-0.0003097213474972195,0.06173237759350647,-0.0003097213474972195,-0.17924767317683296,0.013175872558723002,0.00860470812775621,0.047191311296151235,-0.499684955453067,0.013175872558723002,0.013398696992730212,0.003321063972908731,0.055668322171529325,-0.030487950519635345,0.09680918393495974,-0.0302330792807342,0.029701642081348623,-0.0066293180464464235,0.3760252695595962,-0.005711341850845708,0.013648182247350666,-0.011487635100475,-0.590800808442071,0.017101817018244245,-0.4039460665368918,0.01865175970703043,-0.08604174492484888,-0.001437131676487001,-0.163519616257987,0.0294937701591803,-0.1586286797270191,0.035295934590898526,-0.03273126604656833,0.044204022203877306,0.08572482207289907,-0.038319237717709266,0.001915995911870708,0.07187203310889193,0.027304994554220578,0.07223963335141576,-0.003503143048160423,0.021104056101285663,-0.276185900007383,0.007584868244468052,-0.037901204545493596,0.018864086277520255,0.031101347351561795,-0.0066293180464464235,0.025629847157985334,0.014285773023866636
value_252__missing,-0.021929709110763206,0.5856292727471587,-0.004210355195213729,0.5955180247582272,-0.011683583666197926,0.5856292727471587,0.014098700607584046,0.8576780644957869,-0.013125432629002266,0.14232920792386733,0.0026477861056896715,0.29937691767058605,-0.04446515310281195,-0.027131011408471795,-1.797828997809934e-05,0.021105201483146263,-0.015880428500627413,0.054698147113834625,0.01802263884715748,0.17114716648310876,0.0049011671908348025,1.0,0.0009024871242640165,0.0219578613240391,0.13168963744009432,-0.01795889142906712,0.024338359704251772,0.00040598157375286756,0.01627272279251087,0.03847335923590487,0.5063432803084689,0.001107593019865278,0.37440164715086904,0.010313271593231947,0.30044471708418063,0.006284387252387697,0.32880310320763934,-0.0050714011610673,0.23583738488801345,0.055272315600736636,0.3253353257937747,0.0028259986861839978,0.0010023782591504177,0.3680839429168082,-0.0019708387103981634,0.3680839429168082,-0.01010539631143643,0.5955180247582272,-0.005003295571361168,0.3453017029276267,-0.008417479835558897,0.5955180247582272,-0.01066407392170192,0.6776067503102453,0.0025055884454213352,0.07710579970967531,-0.002517405409496593,0.07759803579899287,0.004759708466186581,0.37440164715086904,0.004952805246148139,0.37374101436277735,-0.03692672194859446,0.23406229120216004,-0.032412006748804706,0.5856292727471587,0.009723904683892273,0.5813030611763964,-0.007923715774312284,0.6750401951188517,-0.02976591813792058,0.17114716648310874,-0.004373416198220271,0.20777273260458723,0.0014598355318528999,0.23360654925324545,-0.008570744235843699,0.052663420669565815,-0.0015369239756916884,0.03030705829590143,-0.01079943161122425,0.032823521822550036,-0.0007908340379384043,0.2984279066334432,-0.007358578248315793,0.33485441661846105,-0.0348541788035728,0.542433821591536,0.0009343962522932034,0.37440164715086904,0.015266193208183058,0.8519959407013366
short_reversal_5__csz,-0.233629642182025,0.0031840425701041594,-0.22288115141505457,0.0033324544629962415,-0.05217214501167321,0.0031840425701041594,-0.22054050420490637,6.73794276625333e-05,-0.03806318909349132,0.004419493505553076,-0.012024458216415906,0.018195228720660744,0.16743248878584283,-0.005871741918835097,0.07217972658145769,-0.004280143246105361,0.2699542517787497,-0.004489839588310977,-0.054306091242367814,-0.004427566391553558,0.23436253024470127,0.0009024871242640165,1.0,-0.006440394957700263,0.002759158924368366,-0.017001837709877766,-0.001967794251953154,-0.005033913764407532,-0.00019001580151992406,-0.014991149106011079,-0.01488682370926224,0.03804886008137976,-0.009082167881549915,-0.03157518705991242,0.005566095012305405,-0.11379993356650024,0.009134861748282283,-0.08636749578077021,0.010527893307234722,0.009986779254645977,0.0077299084746210965,-0.049185357849582265,-0.010086710608974732,0.008773481006563336,0.019671938737074814,0.008773481006563336,-0.04475791174714305,0.003332454462996243,-0.004226092825947012,-0.005430117028625212,-0.21071382804024122,0.003332454462996243,-0.026778354842703442,-0.0008824038413560198,0.15650627933430472,-0.002982362855762589,0.31650806270664456,-0.0029748775544024895,0.04600859137363976,-0.009082167881549915,0.14791545126139685,-0.009159164606605525,-0.016268677300966913,-0.0019761265074232813,-0.22836912833051315,0.0031840425701041633,-0.09416763088778685,0.00320699580006814,-0.007570460909393845,-0.004484360543035682,-0.07517671023530118,-0.004427566391553565,-0.13305484324069689,-0.0007511491744671842,-0.09637629176497316,-0.0024772156014805265,0.3085603609354135,-0.003915307656041576,-0.010249064606763563,-0.002966168153639397,0.019366677644389946,-0.0005159831035649132,-0.024629483737067658,0.008492795070077459,-0.2783373564116731,0.0072669402040797535,-0.039678479864510015,0.0034056741005857216,0.04499895971138135,-0.009082167881549915,0.004635454369120335,-0.00017584505701726067
inventory_scarcity__csz,0.006847459510568131,0.020784414809121146,0.015409240559410193,0.019986584272618586,0.00505350275663695,0.020784414809121146,0.0010726939009304695,0.024048366862756618,0.09929382435879884,0.011643505467372046,0.006859761131215735,0.012210962298470069,0.06845069381427357,-0.12665670608991034,-0.0009738230728295864,-0.12173863684941676,0.002991089505899695,-0.12011651236877899,-0.004610493097405485,0.020766812887470655,0.031480972822113665,0.0219578613240391,-0.006440394957700263,1.0,0.16673947738695924,0.03681959197215646,0.12636534400469485,0.059630430408930776,0.08412836567810453,0.27125928071431293,0.011890018946749459,0.3308424183938058,0.05046997571194428,0.013611595964723631,0.009856650527712563,0.026198960616442987,0.013818269714582294,0.010677074013418804,0.017370791938992727,-0.015128463134534162,0.020104264070112503,-0.08898325546026062,-0.03951050146907382,0.013238620308029607,0.02534128081616922,0.013238620308029607,0.04158745996715717,0.019986584272618586,0.008845117686396594,0.07616238073998775,-0.002700152983198768,0.019986584272618586,0.012691689720715018,0.01487879505554539,0.02962632941250723,-0.09412658409821034,0.015301883368690245,-0.09406687828484757,0.327772760277446,0.05046997571194428,0.2528504698547242,0.051365663449615934,0.044419812621444066,-0.04682148874991243,0.0012371371825816045,0.020784414809121153,0.006950351685474612,0.020895913169416462,0.011036239246439214,0.015672539678455492,0.11670030805814845,0.02076681288747064,-0.0003930317710810796,0.022512315386065195,0.0029778975504042957,0.026255261086827745,0.007273072373972173,-0.12083970367181429,-0.01374594864348175,0.12633517950053186,0.03751913664332678,0.1279491916606509,0.016681981800876815,0.015805161453059893,0.002371517333427123,0.01809594039823455,-0.003161533763425259,0.022095604650282544,0.3174657556645924,0.05046997571194428,-0.0009575398009185482,0.02425539605557392
inventory_scarcity__missing,-0.04316143492009301,0.10431468813013564,-0.02479074487310652,0.104282553806974,0.014288178711263224,0.10431468813013564,-0.02848084998911432,0.13521557236680193,0.07005012851403318,0.019218514931929487,-0.001603805753893813,0.02975879993809813,0.13743779710799456,-0.015375381896343005,0.0022110027383952222,-0.006686768433844382,-0.00041894284094710736,-0.00192735936269417,-0.012997258499551865,0.07854943867559341,0.08562983072944912,0.13168963744009432,0.002759158924368366,0.16673947738695924,1.0,-0.07948591854722506,0.7587312370435442,0.024350506795471388,0.32215707064529175,-0.08383384347723781,0.20480506372183543,0.04353122555376243,0.3357271406670455,0.009587849015337095,0.056016386424594125,0.010573930825278794,0.07062421269241095,0.0008381884319159954,0.06527101682560522,0.03292135780409765,0.07637750203354012,-0.16157902825339043,0.041496894400173616,0.06872450113982263,-0.05279536401427326,0.06872450113982263,0.025250549283763055,0.10428255380697404,0.016004894525906352,0.14984922004868403,0.037782641267257805,0.10428255380697404,0.01186146443959323,0.08923378727531557,-0.03824163156555555,0.046341955603223906,-0.022773907712346254,0.04653646178903152,0.05998698390943837,0.3357271406670455,0.05268218271932461,0.33451774724715677,-0.023444086675642083,0.02918799209514601,-0.05485284277840971,0.10431468813013564,-0.035429387606044534,0.1051112269475371,0.010434661066525854,0.09399417536905987,0.08658001872694744,0.07854943867559341,-0.007200478902035311,0.12932141391292645,0.003482577292054406,0.16727346601313914,-0.011142023456420003,-0.006064615844619514,0.007734542493638947,0.7589687305282112,-0.052474110745589136,0.7653919145596929,0.011016149441964112,0.057398858000119686,-0.009494814255530297,0.07759044897393912,0.04015334099835082,0.08793978960485722,0.046504063489001934,0.3357271406670455,0.00772896964870512,0.136113361104714
inventory_change_5__csz,0.024894864690313576,-0.016353258971438273,0.019948246932315054,-0.016525033792834886,-0.016144459454291993,-0.016353258971438273,0.01391712823976689,-0.019480093649161513,0.019024443725472663,-0.018520006560765648,0.028498760128511703,-0.014038537292437146,0.004270042155855125,0.0036500053868932835,0.0011792209226196835,0.0017881396246722675,0.004875118278917952,0.0018247577693362698,0.0014922937016023843,-0.022221046323945292,-0.013144868719594874,-0.01795889142906712,-0.017001837709877766,0.03681959197215646,-0.07948591854722506,1.0,-0.05117909360239904,0.15954312131535192,-0.031668332876362344,0.029170976497023434,-0.02444921868387147,0.029251724477456394,-0.031051263403509423,-0.027114703146781025,-0.0010898360463114452,0.008486346013359989,-0.00226501668858497,-0.0035315968696854726,-0.004675058365145405,-0.002133631499013804,-0.0035596345636519267,0.012221587369940511,-0.013888051845339224,-0.0001643779176474683,0.02355319794226168,-0.0001643779176474683,-0.024236750454876492,-0.016525033792834893,-0.0033911575747042717,-0.03359095203579848,0.008826865928004314,-0.016525033792834893,-0.002401311916993345,-0.019147425129586493,0.17391122527258246,-0.002197777827111833,0.09203654047975332,-0.002211115206006079,0.029926992575892503,-0.031051263403509423,0.008487468466994854,-0.03148263471484111,0.21197829051307027,-0.0066498452450162475,0.014775626978570846,-0.016353258971438266,0.0169277173928948,-0.016352687421011897,-0.03450595496765025,-0.015826891750395217,0.012635144342570227,-0.0222210463239453,0.026169329037441715,-0.024400810316585114,0.0023313584663690783,-0.02889238503854367,0.02112473691614189,0.002871018696604444,0.402694741745275,-0.05184198980782819,0.9288627433537843,-0.05044029570656702,-0.0015639927077460468,-0.0010139723710377725,0.011916125108426512,-0.0025423371558387746,-0.007431527993253532,-0.022646194070733493,0.02834015677839065,-0.031051263403509423,-0.020384561659379432,-0.019495197563947866
inventory_change_5__missing,-0.02948906737718265,-0.014081936988648916,-0.017762916622044662,-0.005859301398123659,0.0025071417727051547,-0.014081936988648916,-0.02285072503114256,-0.01589401723203878,0.09435758124706549,-0.10606105905916201,0.0001118060931297288,-0.10886116277659656,0.1690438280602911,-0.005566606477601652,0.00015249146770298557,0.0031055239701333922,0.0007235216488406362,0.0046880514723701555,-0.017961984839552435,-0.027623681414617744,0.07191916339892611,0.024338359704251772,-0.001967794251953154,0.12636534400469485,0.7587312370435442,-0.05117909360239904,1.0,0.021741425204660526,0.3319100580966717,-0.0842448711688429,0.07428477614894703,0.05389870529824239,0.18824959104889594,-0.008417280918918236,-0.02248970629547301,0.012308399758495198,-0.01250173401464691,-0.0001568722967581988,-0.07361616516402893,0.02554530672394972,-0.05958787440710901,-0.1096728154597626,0.02528836125340149,0.023761881730025143,-0.034324392606666164,0.023761881730025143,0.05030168372363109,-0.005859301398123671,0.013751001716848205,0.01835835523027405,0.044962071445074636,-0.005859301398123671,-0.0035962337043706385,0.0276239277912662,-0.01271348410643721,0.04927220962571751,-0.009683697890359536,0.049531116876666906,0.06437241457485358,0.18824959104889594,0.06152005413686838,0.18763095485392614,0.01118606225135633,-0.04062453948876625,-0.04003235805475698,-0.014081936988648928,-0.021565258265887774,-0.017717589014558395,-0.05530004355722888,0.03996363878952812,0.10759339930527824,-0.027623681414617733,-0.001244944763783828,0.03649256941034804,0.006438418296049711,0.07872422896901171,-0.005844541501386337,-0.0021712182298863508,0.007543506634491121,0.9974490390862213,-0.03555109527731347,0.9910344803596302,0.012818858440124434,-0.03275811814495043,0.00057691762620278,-0.04955542508025242,0.03907012755298635,-0.07040719094871518,0.04665493655809232,0.18824959104889594,0.013144356871495129,-0.020421924285109916
inventory_surprise__csz,0.012486891308639073,-0.005572340492068681,0.015058892267993125,-0.0057464851592723305,0.009614650923159149,-0.005572340492068681,0.0026985391878673495,-0.001908855734491613,0.02230645666757619,-0.024898464612962617,0.021152995287472005,-0.017604646370331514,0.010059858517355977,0.001419915141914894,-0.004322237243947521,0.0024777307219367548,0.007391740929124303,0.0034733414696136106,-0.003350204273582301,0.002564308965585986,-0.005476478190177932,0.00040598157375286756,-0.005033913764407532,0.059630430408930776,0.024350506795471388,0.15954312131535192,0.021741425204660526,1.0,0.06550396613268122,0.021372304816088084,0.0013239659359308307,0.030258075597797585,0.002594754682423424,-0.01271736528555012,-0.0006318573793321812,0.008715368053764196,0.0002072117911839493,0.003668719603072382,0.008077411170704327,-0.0016696183488211693,0.0032352013784142995,-0.014203804398950212,-0.02426810646813159,0.0019878373185188134,0.022853989529591928,0.0019878373185188134,0.001335638299643742,-0.00574648515927233,0.00044152153171237823,0.002535031292080216,0.009215835899442557,-0.00574648515927233,-0.0028263392795963814,-0.0007174044527052054,0.20481831988315524,0.001483476708726469,0.12115438106819172,0.0014889953364221951,0.023393343609401485,0.002594754682423424,0.014827355593141366,0.0026179378282417754,0.11571190012610917,-0.0072048319655956495,0.016138699479630172,-0.005572340492068682,0.004913809207131492,-0.005495791435417578,-0.026270105045394343,-0.003719357743800188,0.027158293730419194,0.002564308965585984,0.01740983741730295,0.0003933719920720995,0.002027538003740802,-0.0014477749874314584,0.013466042714315084,0.00160160313498546,0.01665034906337205,0.021558156677168597,0.14816540402383357,0.021938111776667244,-0.00594629051064853,-0.0014399825654090774,0.002821122000407552,0.00493494431474829,-0.0012256956711538289,-0.019880742165605106,0.02608980478997944,0.002594754682423424,0.005464668743527485,-0.001846498635448028
inventory_surprise__missing,-0.010781840610643212,0.030758533577003627,-0.004332132976152173,0.02976724175073451,0.007759836304861419,0.030758533577003627,-0.013849924927559716,0.023978324408395042,0.034201339759311236,-0.01307296768037743,-0.002753382571065838,-0.011068286386983933,0.06044683024053705,-0.008800137938847857,-0.001011140102200288,-0.00489115488766524,-0.00047564965708463326,-0.009960468695549977,-0.006948199856890202,0.013333465477654178,0.031612131421391125,0.01627272279251087,-0.00019001580151992406,0.08412836567810453,0.32215707064529175,-0.031668332876362344,0.3319100580966717,0.06550396613268122,1.0,-0.011973853616561352,-0.05619175453142066,0.03628075582135334,0.052720089779479895,0.002725661106845167,0.02619017558206283,0.005589608760274182,0.03257265918725884,0.011699199919305571,0.025259151839752563,0.0016187649842225383,0.030699076452346482,-0.05681977400760347,0.02058353072833021,0.030346823801361198,-0.023231512264864886,0.030346823801361198,0.00629662601616035,0.02976724175073451,0.009279461013769969,0.02046597996919391,0.015307888925563163,0.02976724175073451,0.0034023821767662,0.014957151402899284,-0.004533769836216923,0.08868821277234004,-0.003970615881828673,0.0887547773118413,0.031379072927523385,0.052720089779479895,0.030255514828413595,0.05306451026654262,-0.004791635535362394,-0.13000436533022464,-0.014970091643054474,0.03075853357700363,-0.010698840471039693,0.031199059050410743,-0.0033377314934790042,0.02305253679766335,0.0413372562947623,0.013333465477654178,-0.0030548778343475846,0.03811486811505222,0.00467519114817766,0.05433584399424257,-0.0038627035585017382,-0.004874256118913138,0.0012071736481564573,0.332626214344171,-0.02575249205609587,0.3349127247078453,0.011715876261383448,0.02716649691680631,-0.006202559995626128,0.030758101292021382,0.018895813768930816,0.012304394563292582,0.029831428187086038,0.052720089779479895,0.003921539317710215,0.024627901655074964
warehouse_tightness__csz,0.08100602607554327,0.05149766513641247,0.08597748927790434,0.048743687907549946,0.02023601146768151,0.05149766513641247,0.0666376335830041,0.06286139932248695,0.16979577049346317,0.008215762369289262,0.008567630721981601,0.008501844244972906,0.1682481418981839,-0.028259805677813263,-0.005759872310903036,-0.027063457435173226,0.001834722584594466,-0.023427643996163643,-0.053117138478068184,-0.0003371046903653287,-0.029955211449231998,0.03847335923590487,-0.014991149106011079,0.27125928071431293,-0.08383384347723781,0.029170976497023434,-0.0842448711688429,0.021372304816088084,-0.011973853616561352,1.0,0.07565406193661499,0.6232334881208775,0.030364376455719794,0.007476729502483284,0.03451532338577341,0.0047773637016508665,0.04037506502876562,0.011280118403285893,0.06303084397793236,-0.09003852648072508,0.0700447795599987,0.08780217238408884,0.024447907597428,0.02862643771960932,-0.041782091547637526,0.02862643771960932,0.01826194933841098,0.04874368790754995,0.005165837630986846,0.10788941272493476,0.06804362800596621,0.04874368790754995,-0.004897058323650446,0.02600596961158417,0.1483038416275194,-0.011746434333965383,0.081485288375421,-0.011685093085680082,0.5584151444811791,0.030364376455719794,0.4522720071395253,0.029956799229157085,0.2078868982572238,0.07611990340187605,0.07589482488713847,0.05149766513641248,0.045206193429440884,0.05187470235433173,0.01707658044859366,0.027515665970834692,0.17889999635437562,-0.0003371046903653255,0.0022504586316295294,0.009621299712769734,-0.006945108758519623,0.01714239004905436,0.006879680709499541,-0.024990172892722404,-0.002200883722568374,-0.08407033697324895,0.02428162461914983,-0.08085643408044846,0.005036664550801575,0.04700934363649756,0.018596268881388028,0.060521000556149535,-0.011102152080903621,0.04205809321369165,0.6034528647560113,0.030364376455719794,0.006075285750810484,0.06456268391144941
warehouse_tightness__missing,0.009470962955498468,0.33866979367807737,0.031028078705106116,0.34452661662097656,0.0034346731958324276,0.33866979367807737,0.07340653587816928,0.48563253257147665,0.037791342904377204,0.12990956640252654,0.011996559581358226,0.2282605088669575,0.05398881712339349,0.005245620524863483,0.00871336056920767,0.03635073538586316,-0.017357355592877512,0.051469265880271946,-0.014810827343886888,0.21709603928967164,-0.02887221950483938,0.5063432803084689,-0.01488682370926224,0.011890018946749459,0.20480506372183543,-0.02444921868387147,0.07428477614894703,0.0013239659359308307,-0.05619175453142066,0.07565406193661499,1.0,-0.004371315261273369,0.7040543674776465,0.02623720419602001,0.1540168498868456,-0.009198886681205288,0.20365289826213276,-0.006860285555451556,0.15905532539743145,0.13172654144214452,0.21381749665885794,-0.006507177849959353,0.07385068149480198,0.22385377281689653,-0.08264576775825372,0.22385377281689653,-0.01736451566928277,0.3445266166209765,0.013386296074097647,0.47086221592985483,0.013616716594279984,0.3445266166209765,0.03999687072412668,0.3437484907733373,0.013638369755226157,0.11271909243904997,0.0037697903818244382,0.11330813533441429,0.0008135420173095913,0.7040543674776465,0.00352242410144311,0.7027767322200288,0.005233224030903936,0.3601693034841243,-0.02189626602651499,0.33866979367807737,0.015096709275867098,0.3408364221192784,0.1093731116839258,0.35796600975929077,0.010741503550106727,0.21709603928967158,0.008472760192485492,0.2642253386701003,0.0011129367535849435,0.3007968698261431,-0.0108103374791132,0.04767540117756561,0.0014598879748599057,0.07703619928232534,-0.012316144811361516,0.08276173172173816,0.015458035403649149,0.1576454938755531,0.009477332113569329,0.220126372773338,0.007462449241430857,0.3406966939226669,-0.003941129066100103,0.7040543674776465,0.0013189631280918171,0.48143580201288366
tightness_composite__csz,0.09438979935782127,0.0004928718020352046,0.10290679632417217,0.00047233311497178114,0.04651962455774985,0.0004928718020352046,0.053520498021390736,0.0011374104609044938,0.49320762747781083,-0.012583317075912917,0.12577611082947018,-0.02446440384112753,0.546540834203261,-0.047411479026955215,0.015901617848963972,-0.047685173957212244,0.15700825035045052,-0.04510757540253223,-0.23557444669524386,-0.019126489563021258,0.032891691411261297,0.001107593019865278,0.03804886008137976,0.3308424183938058,0.04353122555376243,0.029251724477456394,0.05389870529824239,0.030258075597797585,0.03628075582135334,0.6232334881208775,-0.004371315261273369,1.0,0.0029583016749361642,-0.00566765560828095,0.00030878972382723715,-0.021766169457859322,0.00067498076677985,-0.0007140949799728136,0.0013978633920228222,-0.03716673120641417,0.002928211353677825,0.05408639971983158,0.11164697996596384,0.0008135375621027923,-0.11785090572103456,0.0008135375621027923,0.014182401087572618,0.0004723331149717845,0.016302335534266913,0.013559766952524623,0.10141354895111822,0.0004723331149717845,-0.010913623911317819,0.0007505125068573273,0.21365235906959812,-0.0250599091012834,0.15298923917812216,-0.02502573927018509,0.9042524258232566,0.0029583016749361642,0.7249701252677223,0.0027777338124896443,0.157362301087447,0.006016065091320558,0.0866616511557477,0.0004928718020352053,0.0353630454630329,0.0005019880461153818,0.08472390697109065,0.0008532715988281697,0.41749996991311805,-0.019126489563021255,0.010181173332165222,-0.013159203018503127,-0.026007833186189076,-0.002109564036707535,0.17835949897056202,-0.046044741267461164,-0.004553680663812744,0.05382376369451817,0.027481300701995583,0.05414613406186266,0.0005579319609749642,0.0010504731094266731,0.008389809662621501,0.0012930079092392307,0.0736139510290355,-0.007389465561973035,0.9403283729647399,0.0029583016749361642,0.0073786828530622885,0.001146083014704094
tightness_composite__missing,-0.006253568671385807,0.3054820494220697,0.023420582635214824,0.30053832912753325,0.018901363033793847,0.3054820494220697,0.0736586505168556,0.40087515587314354,0.028764861498175164,0.16741722068353015,0.0015998901586468362,0.21254726071212254,0.00378706043623523,0.5114379839404875,0.005939321806444407,0.5195423587844976,-0.016486390309658684,0.5268551184181549,-0.002493683977108971,0.13412215969161295,-0.0066293180464464235,0.37440164715086904,-0.009082167881549915,0.05046997571194428,0.3357271406670455,-0.031051263403509423,0.18824959104889594,0.002594754682423424,0.052720089779479895,0.030364376455719794,0.7040543674776465,0.0029583016749361642,1.0,0.02320016860974308,0.17452856802355998,-0.02195155841042967,0.2142753043243739,0.0023292836441653956,0.19928137854643402,0.07528013577208024,0.23906541426033537,0.06483732693853245,0.17461356572988035,0.19643732481298934,-0.16711828865331493,0.19643732481298934,-0.03281235848962487,0.3005383291275332,0.01978078945111571,0.3049437236916905,0.00968744749205053,0.3005383291275332,0.021519113521079613,0.2536970834366922,0.014092857189949778,0.5721612760554883,0.004518739739292397,0.57252054694201,0.012712840614904842,1.0,0.013228588292380716,0.9982354971108952,0.022054693020612234,0.27769964283518933,-0.045142524647681974,0.30548204942206963,-0.001242833441921236,0.3076906553382602,0.16019533344007666,0.26704632394880673,0.05475539957557269,0.1341221596916129,-0.005866636989219555,0.15378814223034157,-0.0029180468655983656,0.16628755593654196,-0.01822526315328017,0.528921590213113,0.00013007649107596957,0.19031475068067105,-0.016025622370354382,0.20180660023769795,0.013004119470869633,0.18204557571770902,0.0037443141566079036,0.23584210231556718,0.04749929583588502,0.32236897755416555,0.0024957055061158324,1.0,-0.0031979485974094864,0.4037134304516544
oi_growth_20__csz,-0.017549233516419623,0.028959477943920828,-0.014564194933148228,0.029619176657871917,0.07269085863876454,0.028959477943920828,0.005360780025991128,0.029320725650427547,-0.0044972275549868875,0.06534224306390007,0.010337964891629005,0.07519952263593409,-0.02243321812896471,-0.010555323825066876,0.006348869863980719,-0.008591622962361826,-0.04117734351475885,-0.0070440854124367925,0.012623247536391137,0.04373248025854151,0.006781703729813621,0.010313271593231947,-0.03157518705991242,0.013611595964723631,0.009587849015337095,-0.027114703146781025,-0.008417280918918236,-0.01271736528555012,0.002725661106845167,0.007476729502483284,0.02623720419602001,-0.00566765560828095,0.02320016860974308,1.0,-0.004622748599136728,0.07074427969753729,0.007190502530418587,0.2933099108719128,-0.01458427361493551,0.07225321993575094,-0.0056137879016462736,-0.04992600164067477,0.005300539127315522,0.009000460880719357,-0.004773071127693913,0.009000460880719357,0.024711265725278694,0.029619176657871914,-0.000536243466029318,0.02350498840461656,-0.012173847051410747,0.029619176657871914,-0.0026469711342997308,0.008378828362603693,-0.05875618510614604,-0.002614753996682837,-0.046826331424125685,-0.002215882997443659,-0.00871849659956193,0.02320016860974308,-0.0049861479998609595,0.021914401913059767,-0.040725770607004906,0.014147299074152669,-0.005053541431153396,0.028959477943920828,-0.01043586851610019,0.028670093906804812,0.002204405106655463,0.029908370695916075,-0.02251577556767954,0.0437324802585415,-0.010801352494116671,0.015556429283247072,0.015847892605074368,0.012190602384108839,-0.04504681947085383,-0.012600172918987487,0.0021210353661006345,-0.007435561778450174,-0.021429577893361914,-0.007968918929998122,0.22268884857041465,-0.0024918061385110703,-0.29842997029034557,0.003415761685085345,0.006500015656082472,0.05428031436448316,-0.006015180596533675,0.02320016860974308,-0.022062478312218296,0.029020698630269195
oi_growth_20__missing,-0.0033658053954285475,0.5423897061696844,-0.0019869456608082293,0.4976634440137587,-0.0004283759260096998,0.5423897061696844,0.005310832529513872,0.397872420511397,-0.02776870461305859,0.22783070119009183,-0.005447013191648943,0.5354900189398397,-0.0197423392561793,0.07265651797940649,0.0007647872062056515,0.15962981221003752,-0.0008919515794670251,0.2238202865454479,0.0010109539463525796,0.14443045091821405,0.01897902765894326,0.30044471708418063,0.005566095012305405,0.009856650527712563,0.056016386424594125,-0.0010898360463114452,-0.02248970629547301,-0.0006318573793321812,0.02619017558206283,0.03451532338577341,0.1540168498868456,0.00030878972382723715,0.17452856802355998,-0.004622748599136728,1.0,-0.0038213035628304947,0.8153041033130908,-0.003498191315312222,0.5831542513937163,-0.04194626505366169,0.7184231377417649,0.0031431572750101775,-0.03798730140583577,0.6595710368232078,0.025981331398262364,0.6595710368232078,-0.017283251804384774,0.4976634440137587,-0.0026601992739425846,0.14198499765226155,-0.006814152084290498,0.4976634440137587,-0.0024517158503913543,0.41205640800583504,0.00280132645433352,0.22149064911875313,0.0012838172469853866,0.2213876996320231,0.002101015940543964,0.17452856802355998,0.0023521524664850487,0.17749453190063222,0.011148775821962142,0.4722997406097887,-0.014478736566199428,0.5423897061696844,0.008741550447129064,0.5622011463942412,-0.034481816565076054,0.4275603348722522,-0.02765616604370975,0.14443045091821405,-0.005449651886736722,0.172604378719463,0.0030792712332793582,0.1535776382909051,-0.0030303532953098885,0.22603753622275785,-0.0008294263711376286,-0.011987957542245591,-0.0010033743840767249,0.018164831296120426,-0.001993783611243725,0.9360238741074299,0.003570820542540803,0.7377719436458091,-0.020619763204109923,0.49945699798374926,0.00036009678429430443,0.17452856802355998,0.007521252924248802,0.4244040246546826
price_oi_interaction_20__csz,0.1604400380449182,-0.0007913527330446329,0.15232134219070834,-0.0006019970278142546,-0.010058414619607648,-0.0007913527330446329,0.1018021447978203,0.012896704758389133,0.0016565597983626567,-0.013230313364489954,0.02611806217032246,-0.005281842843400056,-0.06378733954827957,-0.030842232547957694,-0.005274838339844502,-0.030087772040880555,-0.03213931747588336,-0.03003625293457557,0.0410284030647639,0.008868346610226015,-0.1783250002312701,0.006284387252387697,-0.11379993356650024,0.026198960616442987,0.010573930825278794,0.008486346013359989,0.012308399758495198,0.008715368053764196,0.005589608760274182,0.0047773637016508665,-0.009198886681205288,-0.021766169457859322,-0.02195155841042967,0.07074427969753729,-0.0038213035628304947,1.0,-0.004686967166364138,0.02781949161890138,0.004560714468592177,0.007157427951730986,0.004809678831336927,0.00047476823832066467,-0.01873036059284175,-0.004248161942726946,0.0008581858244113049,-0.004248161942726946,0.018118696815107225,-0.0006019970278142558,-0.0034668176893082616,-0.014905409197915451,0.12778899344778033,-0.0006019970278142558,-0.008973675389573036,-0.010017328881722192,-0.01571891920966015,-0.01907370441055172,-0.041305325587034473,-0.019081239595596766,-0.016487370981855074,-0.021951558410429665,-0.09634685041753045,-0.02161294480063746,0.010063165292108905,0.030274476675664408,0.16286531910326663,-0.000791352733044631,0.07171809655514565,-0.0008751124199359298,0.02161053509758316,0.0015733369358682365,0.033119663142789885,0.00886834661022602,0.04839421977529768,0.012417173702460253,0.02282142911729705,0.008066633908743296,-0.04104189178513122,-0.03181907448355816,0.0029078279429075437,0.01247460169202635,-0.008684853081482898,0.012060908310633715,0.012577715561156019,-0.004654597594273373,0.07984040600104764,0.0051616752658542615,0.002768470270415784,-0.005117567249045155,-0.0187402275043203,-0.021951558410429665,-0.0033965100555906503,0.012713250198661444
price_oi_interaction_20__missing,-0.0027529639664364627,0.675129918787761,-0.001630602356246296,0.6420170795582345,-0.007753841567279895,0.675129918787761,0.006353117076687022,0.500116628133442,-0.04253215869272297,0.32047436957597036,-0.00022939888842027093,0.5681042599689148,-0.023354667467823182,0.10486631878019582,0.0024287515391565764,0.19308459946436268,-0.010115135475559244,0.24165261718465264,0.013197907122363382,0.17674395100029777,0.013527778415977087,0.32880310320763934,0.009134861748282283,0.013818269714582294,0.07062421269241095,-0.00226501668858497,-0.01250173401464691,0.0002072117911839493,0.03257265918725884,0.04037506502876562,0.20365289826213276,0.00067498076677985,0.2142753043243739,0.007190502530418587,0.8153041033130908,-0.004686967166364138,1.0,0.000944574503493586,0.6996519798393187,-0.05158904133403931,0.8814966745927892,-0.03829795679185038,-0.03943770807528338,0.9063775767864919,0.021321780978745354,0.9063775767864919,-0.013997730187627103,0.6420170795582345,-0.0031475335224484535,0.1830804178251464,-0.007018032339070023,0.6420170795582345,-0.0005507078034821962,0.3446115265224049,0.0031189369052265787,0.25340521119840337,-5.081380527910926e-05,0.25603476389025037,0.002975358289419542,0.2142753043243739,0.0028850001575202043,0.21770346939180407,0.019667822513999202,0.4733245031183345,-0.014021863791133139,0.675129918787761,0.010722376683846579,0.689818146018082,-0.01067994731255965,0.5136017437510322,-0.0355241661661773,0.17674395100029777,-0.009527990341447306,0.1933549021501323,-0.0015559986920132493,0.17028471736358256,-0.013925825144325483,0.23388493715627856,-0.00027313187279339786,-0.003991195964737558,-0.002010157965062684,0.047988828475541395,0.0011231812824582,0.7865301840063418,0.004429542998068174,0.9052370004752398,-0.025166682674510703,0.6128338227671581,0.0007127089195763071,0.2142753043243739,0.009317520975364427,0.5207476139377524
volume_shock_20__csz,0.011147343196425135,0.0009138174041008138,0.0029279393017602015,0.0009697847200747005,0.08287592573469896,0.0009138174041008138,0.031403223289695546,-0.0035854199427207043,0.001785262417737902,0.027865017660366934,0.01129000842239205,0.02233918340659686,-0.02732723635027623,0.00958375210067108,-0.00011561004191943647,0.011796891322456319,-0.034922531790243364,0.007586649596077506,0.009631916010832568,-0.0020335538232189353,-0.022886012189657638,-0.0050714011610673,-0.08636749578077021,0.010677074013418804,0.0008381884319159954,-0.0035315968696854726,-0.0001568722967581988,0.003668719603072382,0.011699199919305571,0.011280118403285893,-0.006860285555451556,-0.0007140949799728136,0.0023292836441653956,0.2933099108719128,-0.003498191315312222,0.02781949161890138,0.000944574503493586,1.0,-0.0009288455736453589,0.04221053328105983,0.0011185751252646506,0.2293733772345668,0.019622853317978948,0.0010295012223454018,-0.02022998105037035,0.0010295012223454018,0.011975077366639105,0.0009697847200747001,-0.006612550099839682,-0.006419050574566675,0.002546338722613404,0.0009697847200747001,-0.011133311018285519,-0.0027896344558695236,-0.027480915165941998,0.014543859177555515,-0.04701415426967223,0.014512294483153913,-0.004777887819624172,0.0023292836441653965,-0.01656850553908745,0.001702002688048629,-0.004853822672314938,0.008700105825626355,0.016983902858402,0.0009138174041008147,0.010316354022443169,0.0008891486357578293,-0.017353873714663227,0.005636106091505011,0.00020363178835817487,-0.0020335538232189357,0.0203371585827543,-0.001634075363806299,0.028345765399641263,-0.004135266482183388,-0.051007396965308566,0.007368864077922264,0.010284216040565413,0.00032268969141391275,-0.0062559626364416775,-0.0001947688230198309,0.2118618559588049,-0.0042660187292793555,-0.42653813484005376,0.0007452855374567244,-0.007930731397355506,0.015208104099319858,-0.0023462666205024147,0.0023292836441653965,-0.013683125062573688,-0.0035884784298346626
volume_shock_20__missing,-0.0028196306371962073,0.5562683571171566,0.003058031700111187,0.5181820447685475,-0.010322436509791517,0.5562683571171566,0.0055326245117496,0.4568082003731449,-0.07203860387183841,0.23128108713889284,0.005216534490027685,0.34972407363722696,-0.02032892147541556,0.19040157834240923,-0.0005331125491256852,0.2580740873418849,-0.0009292060185957214,0.252738907469231,0.03880485239709518,0.10464007492488403,0.00938931617424217,0.23583738488801345,0.010527893307234722,0.017370791938992727,0.06527101682560522,-0.004675058365145405,-0.07361616516402893,0.008077411170704327,0.025259151839752563,0.06303084397793236,0.15905532539743145,0.0013978633920228222,0.19928137854643402,-0.01458427361493551,0.5831542513937163,0.004560714468592177,0.6996519798393187,-0.0009288455736453589,1.0,-0.0482013365670664,0.8197131386837968,-0.07311157186410837,0.020256189488758652,0.5710556015472362,-0.010007411621455834,0.5710556015472362,-0.021478943731581907,0.5181820447685475,-0.002860643116995678,0.16962133565521542,0.002566242064214555,0.5181820447685475,0.008617714670214511,0.2178168773012713,0.004241431082091305,0.24733604341247103,0.0027094219946504263,0.24802533451248396,0.0038317889316491823,0.19928137854643402,0.0025860026626636865,0.20205355246312776,0.030565529586141546,0.39874652658440035,-0.013893145521922399,0.5562683571171566,0.011446590931642305,0.5731458649605938,0.016085629291984146,0.30928615876388593,-0.043826546637607836,0.10464007492488403,-0.0059904369371337135,0.10631976986267423,-0.004199703947087418,0.09430913163732568,-0.002852077159943917,0.25396972391575473,-0.0009043276200770014,-0.072833586476838,-0.003063234603578281,-0.027524850484223908,0.002443730032246849,0.6156108141992075,0.0034608016350185502,0.8323940330994245,-0.02071244989193538,0.5085384774143847,0.001247382287780739,0.19928137854643402,0.007188615553838084,0.4794741016177707
amihud_20__csz,-0.08303783221531759,0.015314331786817558,-0.06984934327936218,0.017756531643677784,-0.002154550999094223,0.015314331786817558,-0.05223242467934704,0.06615534897223103,-0.00102576911739912,0.04060892935360438,-0.004514374526130645,0.03602761553837489,0.1043987508481451,-0.0670194237619907,4.771628402927368e-05,-0.07013187101631832,0.007013114300304332,-0.0712979572539289,-0.009439337457771561,0.22571933983275394,0.08388695427142835,0.055272315600736636,0.009986779254645977,-0.015128463134534162,0.03292135780409765,-0.002133631499013804,0.02554530672394972,-0.0016696183488211693,0.0016187649842225383,-0.09003852648072508,0.13172654144214452,-0.03716673120641417,0.07528013577208024,0.07225321993575094,-0.04194626505366169,0.007157427951730986,-0.05158904133403931,0.04221053328105983,-0.0482013365670664,1.0,-0.05880268876068218,-0.124759286948841,0.09637447034006699,-0.047016504239608126,-0.07393658491142277,-0.047016504239608126,-0.002199122113395328,0.017756531643677777,0.008416550570471524,0.08779220355430496,-0.06289673235584907,0.017756531643677777,0.0023430286267760655,0.013999789943825374,-0.009385245114490732,-0.04024017034106729,-0.01420699134352947,-0.04036931760292506,-0.010887325067065847,0.07528013577208026,-0.01388084794253256,0.07695370973043379,-0.007891494893595833,0.008998108743816603,-0.07926252159529479,0.015314331786817554,-0.06931671293803202,0.014236001216950137,0.10724475773114893,0.013805380038540373,-0.016549709448770145,0.22571933983275397,-0.030314314291816174,0.2380612558465907,-0.0036818119260297972,0.23746966294197167,0.003543778863421383,-0.07197223410201292,-0.005743862451395131,0.025430691268337444,-0.001338508669353903,0.022480700886743,0.02754640194187857,-0.040937109945611394,-0.06762765393457282,-0.05648566689384341,0.015328337047378833,0.029839820060520383,-0.03896921684800564,0.07528013577208026,0.032463156022912894,0.06456089153587961
amihud_20__missing,0.0020307292439742477,0.6775428087314508,0.007305270451921945,0.6495121769136567,-0.008884482186149935,0.6775428087314508,0.0068042604951000524,0.5483455912393818,-0.06609377439084688,0.27956918215261634,-0.0003353197082737639,0.4967828151579496,-0.02690998876207063,0.15962440584694698,0.0019306836503447489,0.23532214151710704,-0.0084465044109124,0.2776634881869311,0.037998411311914476,0.14122257131664712,0.0037476934868915885,0.3253353257937747,0.0077299084746210965,0.020104264070112503,0.07637750203354012,-0.0035596345636519267,-0.05958787440710901,0.0032352013784142995,0.030699076452346482,0.0700447795599987,0.21381749665885794,0.002928211353677825,0.23906541426033537,-0.0056137879016462736,0.7184231377417649,0.004809678831336927,0.8814966745927892,0.0011185751252646506,0.8197131386837968,-0.05880268876068218,1.0,-0.07004380928993563,0.019248352960288383,0.7995638504041325,-0.014393879664864244,0.7995638504041325,-0.021015525562676902,0.6495121769136567,-0.004890398793612844,0.20832336384703215,0.004872369267521464,0.6495121769136567,0.00248152238468409,0.3284063462962258,0.001926079314734517,0.28488100361967444,0.0007121575935538567,0.2871842467997126,0.00586964609643664,0.2390654142603353,0.0038126925935994386,0.2428101940974456,0.026659932625036152,0.5073884951692246,-0.009189493187951705,0.6775428087314508,0.012248910509950962,0.6899847802828585,0.02109588273595098,0.470692168915096,-0.03819818827771324,0.14122257131664714,-0.0025381302107257233,0.1518229028924428,-7.312972093977156e-05,0.13207530409962234,-0.012661726605935576,0.2715081719500127,-0.0009263015916966963,-0.05216267409893725,-0.004559565145236281,-0.006368743039767929,0.00017486467516650126,0.7338061537381382,0.00984103654728407,0.9719836400475618,-0.023382117516618093,0.6121089972900312,0.0032035435486893406,0.2390654142603353,0.0052170935170562024,0.565935238101724
turnover_oi__csz,0.09832080735786876,-0.019457165145526433,0.09322743467231093,-0.01809132622282123,0.055805999117042114,-0.019457165145526433,0.08756412896541987,-0.01048731630016782,0.06047274681001508,-0.029489056022293982,0.021179333804150414,-0.021030415742226947,-0.005258796735736824,0.22435545691711536,0.0016587987714747163,0.21679361801169295,0.005940691787051013,0.21485554451452676,0.0031235123892871244,-0.07564325350538667,-0.11746200360985354,0.0028259986861839978,-0.049185357849582265,-0.08898325546026062,-0.16157902825339043,0.012221587369940511,-0.1096728154597626,-0.014203804398950212,-0.05681977400760347,0.08780217238408884,-0.006507177849959353,0.05408639971983158,0.06483732693853245,-0.04992600164067477,0.0031431572750101775,0.00047476823832066467,-0.03829795679185038,0.2293733772345668,-0.07311157186410837,-0.124759286948841,-0.07004380928993563,1.0,0.46492289495077294,-0.04104869605051508,-0.5012127866149094,-0.04104869605051508,-0.012769446850171624,-0.01809132622282123,0.007520158252097407,0.0022967107445231267,0.0808142176877476,-0.01809132622282123,0.0019399616854631186,-0.0045590098860866825,0.0016976944762324244,0.19036569468857362,-0.009014216997092168,0.18985543423762355,0.07228216798645919,0.06483732693853245,0.007626711894594927,0.06702396152557588,-0.020459889553971444,-0.012312617169702271,0.08952907159156336,-0.019457165145526437,0.0326097585954989,-0.020062383211946665,0.300300390443545,0.004029219798332681,0.07055372370315494,-0.07564325350538664,0.044293961747748,-0.07292450940034191,0.01999732729521319,-0.07255836321637754,-0.0006892750497008949,0.22016828287951287,-0.002687302881747974,-0.10911619185954795,-0.0019120937277090236,-0.11366212108138067,-0.0220700392592858,-0.007382637963613128,-0.09167223353768027,-0.0678841339125512,0.050726907036952026,-0.02258250475742834,0.055721665378808405,0.06483732693853245,0.01988852558014926,-0.011329829939178979
realized_volatility_20__csz,0.07815350810418899,0.005463270762264843,0.09897710230521767,0.01879210244164595,0.10237701543606918,0.005463270762264843,0.04750617177048982,0.02041478634425186,0.16835191586494694,-0.05671808512832195,0.015919641656536254,-0.048108820083429746,0.13772745884927373,0.249370985388247,-0.0005043873590945681,0.23944676464501224,0.054493407585656024,0.23729265476169303,-0.0223354541423274,0.019492990337960238,-0.03841037834527564,0.0010023782591504177,-0.010086710608974732,-0.03951050146907382,0.041496894400173616,-0.013888051845339224,0.02528836125340149,-0.02426810646813159,0.02058353072833021,0.024447907597428,0.07385068149480198,0.11164697996596384,0.17461356572988035,0.005300539127315522,-0.03798730140583577,-0.01873036059284175,-0.03943770807528338,0.019622853317978948,0.020256189488758652,0.09637447034006699,0.019248352960288383,0.46492289495077294,1.0,-0.02263280403751472,-0.9113938181118868,-0.02263280403751472,-0.044236181828308005,0.01879210244164594,0.043016276003079446,0.03592637746934645,0.12650164472430378,0.01879210244164594,-0.015326277982507661,-0.0066458755363644016,-0.016711722410116037,0.24758360062296353,-0.016365196340420243,0.24744994773307438,0.13189130764207224,0.17461356572988035,0.044722183873113025,0.17718305978689738,-0.04278595767697138,0.03931967832627115,0.08051034933745442,0.005463270762264842,-0.019541206086233713,0.0013225969409254388,0.6450017064629009,-0.0016959671296919844,0.1857658927586319,0.019492990337960245,0.013477787408644925,0.03216952292030143,0.007894231859802788,0.03401556801271714,0.038530751529101376,0.24026858123884656,-0.00469027262035468,0.025316963667725016,-0.017732808468256665,0.023851328047538853,0.002068439325693322,-0.017948557665233983,-0.008941655705324602,0.01339107577871952,0.14010118642600314,-0.013716730981869256,0.10817159783037344,0.17461356572988035,0.11542961726033861,0.012908075345709466
realized_volatility_20__missing,2.5227147312033517e-05,0.6300094270844735,-1.8538554391355696e-17,0.6398482624615381,-0.020274946353128577,0.6300094270844735,0.005463614960548165,0.4754907843783941,-0.03984802391381259,0.22257988061355977,-0.0025159746134265325,0.5156091463907861,-0.02057895508993738,0.059530683859754,0.0028277312761689675,0.15860687569529644,-0.010903919723078763,0.2126089520313588,0.01888306191296458,0.14939484182433502,-0.0003097213474972195,0.3680839429168082,0.008773481006563336,0.013238620308029607,0.06872450113982263,-0.0001643779176474683,0.023761881730025143,0.0019878373185188134,0.030346823801361198,0.02862643771960932,0.22385377281689653,0.0008135375621027923,0.19643732481298934,0.009000460880719357,0.6595710368232078,-0.004248161942726946,0.9063775767864919,0.0010295012223454018,0.5710556015472362,-0.047016504239608126,0.7995638504041325,-0.04104869605051508,-0.02263280403751472,1.0,5.782727874721615e-17,1.0,0.0005091937911852538,0.6398482624615384,-0.0018170731757552825,0.17608755506164586,-0.0039056784978002868,0.6398482624615384,2.1623772088048317e-05,0.38334412910446747,0.0027657285189125924,0.22615487801210876,-0.00035990715301907633,0.2290703510010282,0.002879815395099404,0.1964373248129893,0.0026148994518017375,0.1973215430453533,0.018983711444519786,0.40854995155937784,-0.0058608677726128995,0.6300094270844735,0.009719527143424701,0.6257086762795315,0.00712185173610879,0.5693801421834005,-0.031814001845626286,0.14939484182433502,-0.01181006157851691,0.17608327038908303,-0.007333812396627718,0.152211317608931,-0.014555603599593753,0.20346994029354973,-0.00032166318144540213,0.03297800586306154,-0.0032504674022618358,0.09061114004501772,0.0013376877213140026,0.6502408664453496,0.004106107775332942,0.8210967876672077,-0.022582897725925758,0.55588351540978,0.0007539886644321378,0.1964373248129893,0.008614585845263733,0.47236179268172807
low_volatility_20__csz,-0.09998427490145183,-0.012025680157803052,-0.10816712516729687,-0.02236723447813485,-0.10206402712638635,-0.012025680157803052,-0.07561415548126317,-0.016788098317155904,-0.1711982401027374,0.0502738648736821,-0.014983865477035297,0.03898756179567325,-0.11709808757416494,-0.21762579728137268,-0.00051737574149097,-0.21075775837866167,-0.03465528157099132,-0.209902753883513,0.017216133609066077,-0.01793009578836905,0.06173237759350647,-0.0019708387103981634,0.019671938737074814,0.02534128081616922,-0.05279536401427326,0.02355319794226168,-0.034324392606666164,0.022853989529591928,-0.023231512264864886,-0.041782091547637526,-0.08264576775825372,-0.11785090572103456,-0.16711828865331493,-0.004773071127693913,0.025981331398262364,0.0008581858244113049,0.021321780978745354,-0.02022998105037035,-0.010007411621455834,-0.07393658491142277,-0.014393879664864244,-0.5012127866149094,-0.9113938181118868,5.782727874721615e-17,1.0,5.937300296368002e-17,0.04103771558965748,-0.022367234478134858,-0.040752421816146356,-0.039038875158388185,-0.11628201216901034,-0.022367234478134858,5.64095552926797e-17,-2.2214656193784914e-16,0.016556465003134124,-0.21878293132088686,0.017851762676619944,-0.2187243465041781,-0.14784077760534764,-0.16711828865331493,-0.03864595834707037,-0.16858541165948074,0.040158475943778846,-0.026012643648640733,-0.09588994105685082,-0.012025680157803061,-0.003356600302795604,-0.0074615026130078685,-0.6384867800166176,-0.009653827724040217,-0.19415868230436525,-0.01793009578836905,-0.018789389930089443,-0.041226702481875516,-0.012075130123013719,-0.05066105444736704,-0.02990610922673404,-0.21276210131253798,0.004608111138158129,-0.0345142702538375,0.029910668734594966,-0.03442533828389945,-0.0037730353739469915,0.013070789172468343,0.0053976134586151275,-0.010123500307159281,-0.1333791752225111,0.010027463236673329,-0.11855136067490525,-0.16711828865331493,-0.11503387992087835,-0.011115709538396495
low_volatility_20__missing,2.5227147312033517e-05,0.6300094270844735,-1.8538554391355696e-17,0.6398482624615381,-0.020274946353128577,0.6300094270844735,0.005463614960548165,0.4754907843783941,-0.03984802391381259,0.22257988061355977,-0.0025159746134265325,0.5156091463907861,-0.02057895508993738,0.059530683859754,0.0028277312761689675,0.15860687569529644,-0.010903919723078763,0.2126089520313588,0.01888306191296458,0.14939484182433502,-0.0003097213474972195,0.3680839429168082,0.008773481006563336,0.013238620308029607,0.06872450113982263,-0.0001643779176474683,0.023761881730025143,0.0019878373185188134,0.030346823801361198,0.02862643771960932,0.22385377281689653,0.0008135375621027923,0.19643732481298934,0.009000460880719357,0.6595710368232078,-0.004248161942726946,0.9063775767864919,0.0010295012223454018,0.5710556015472362,-0.047016504239608126,0.7995638504041325,-0.04104869605051508,-0.02263280403751472,1.0,5.937300296368002e-17,1.0,0.0005091937911852538,0.6398482624615384,-0.0018170731757552825,0.17608755506164586,-0.0039056784978002868,0.6398482624615384,2.1623772088048317e-05,0.38334412910446747,0.0027657285189125924,0.22615487801210876,-0.00035990715301907633,0.2290703510010282,0.002879815395099404,0.1964373248129893,0.0026148994518017375,0.1973215430453533,0.018983711444519786,0.40854995155937784,-0.0058608677726128995,0.6300094270844735,0.009719527143424701,0.6257086762795315,0.00712185173610879,0.5693801421834005,-0.031814001845626286,0.14939484182433502,-0.01181006157851691,0.17608327038908303,-0.007333812396627718,0.152211317608931,-0.014555603599593753,0.20346994029354973,-0.00032166318144540213,0.03297800586306154,-0.0032504674022618358,0.09061114004501772,0.0013376877213140026,0.6502408664453496,0.004106107775332942,0.8210967876672077,-0.022582897725925758,0.55588351540978,0.0007539886644321378,0.1964373248129893,0.008614585845263733,0.47236179268172807
realized_skewness_60__csz,0.2222036782194125,0.0007516167571880112,0.18667102905987495,0.0007958039758151815,-0.01140242938679019,0.0007516167571880112,0.14089979940137518,-0.019280753377725827,-0.04136200834960252,-0.013681621900186652,-0.006580220988099762,-0.012334730940521964,-0.033269961926844,-0.053496106151878,-0.0009998357538087905,-0.05162264317312601,-0.002135930623356005,-0.05202915134575174,0.027680432536928926,-0.04490364656938748,-0.17924767317683296,-0.01010539631143643,-0.04475791174714305,0.04158745996715717,0.025250549283763055,-0.024236750454876492,0.05030168372363109,0.001335638299643742,0.00629662601616035,0.01826194933841098,-0.01736451566928277,0.014182401087572618,-0.03281235848962487,0.024711265725278694,-0.017283251804384774,0.018118696815107225,-0.013997730187627103,0.011975077366639105,-0.021478943731581907,-0.002199122113395328,-0.021015525562676902,-0.012769446850171624,-0.044236181828308005,0.0005091937911852538,0.04103771558965748,0.0005091937911852538,1.0,0.0007958039758151788,-0.011350637385333944,-0.010517363473104203,0.16677410008444887,0.0007958039758151788,0.003932691061371322,0.0013819023717964267,-0.035682594550660175,-0.05160538954749338,-0.029624794386368676,-0.05159005548612326,0.00466821768204234,-0.032812358489624875,-0.134193752011897,-0.03278215938944015,-0.02762072267843023,-0.027856540420478127,0.21648911081715272,0.00075161675718801,0.17046848298235476,-0.009330186708461669,-0.024011485934684586,0.0006883807173806528,-0.014396536442969619,-0.04490364656938747,0.024807195116531813,-0.0555219891923091,0.012109423456822137,-0.06899896545582175,-0.03204139207607664,-0.05181886036016528,-0.003685915909053833,0.05024108450254171,-0.03568440922762952,0.05048362115861698,0.011027190434235315,-0.016475187660090884,0.0485334745108844,-0.01765425686117308,-0.0426155121182006,-0.007757941166118954,0.008564086924135876,-0.032812358489624875,0.006489076685795728,-0.019367200574443206
realized_skewness_60__missing,3.942676536309734e-05,0.9846231740331444,1.9795886028397885e-17,1.0,-0.03168711637213762,0.9846231740331444,0.008538922868258282,0.7431305393393696,-0.05661860960771142,0.21626033613574433,0.0027595806064384474,0.42109880127133764,-0.032068160837501136,0.06159352960274809,-3.104584238338125e-05,0.12702215151616414,-0.002950178314606082,0.16696559195336638,0.03516947521081173,0.16207317121053358,0.013175872558723002,0.5955180247582272,0.003332454462996243,0.019986584272618586,0.10428255380697404,-0.016525033792834893,-0.005859301398123671,-0.00574648515927233,0.02976724175073451,0.04874368790754995,0.3445266166209765,0.0004723331149717845,0.3005383291275332,0.029619176657871914,0.4976634440137587,-0.0006019970278142558,0.6420170795582345,0.0009697847200747001,0.5181820447685475,0.017756531643677777,0.6495121769136567,-0.01809132622282123,0.01879210244164594,0.6398482624615384,-0.022367234478134858,0.6398482624615384,0.0007958039758151788,1.0,-0.005311226238262446,0.2761526200349014,-0.006104069866150726,1.0,-0.011041283160558515,0.7059362326072776,-0.00010522313952885458,0.19199451475930798,-0.00038918246289167385,0.1938473120367276,0.004315515217688801,0.30053832912753325,0.0040867493204438075,0.30838802669596516,-0.028462717475623917,0.39404904888450526,-0.009159777585494846,0.9846231740331444,0.01519036264322,0.9779016572966797,0.025127343809668204,0.865012915618586,-0.042981582321021464,0.16207317121053355,-0.007572133969828179,0.19339872534666483,-0.0036736010972227492,0.2121372071935588,0.004946758484242198,0.15948494873487765,-0.005784910678388912,0.0015872038353584414,-0.010591433969742407,0.03685213466496194,-0.0008918707871454132,0.5295564035111372,-0.004644081285598979,0.6576201864135268,-0.03529414558234219,0.8687739703648719,0.0005613635145990078,0.30053832912753325,0.013463482438981683,0.7382403303941546
seasonality_3y__csz,0.007381576875399468,-0.005260208470842496,0.0074570165811180325,-0.005311226238262446,-0.007984795146669525,-0.005260208470842496,0.005367155126738838,-0.007615429346717419,0.024759545871774834,-0.0033188745133856455,0.009065063566424933,-0.0039047299378623694,0.017752527831120055,0.009243540067310091,0.004240859796454331,0.008668862960754095,0.014709679859760644,0.00853779830938567,-0.002356385636503262,0.004366491012094237,0.00860470812775621,-0.005003295571361168,-0.004226092825947012,0.008845117686396594,0.016004894525906352,-0.0033911575747042717,0.013751001716848205,0.00044152153171237823,0.009279461013769969,0.005165837630986846,0.013386296074097647,0.016302335534266913,0.01978078945111571,-0.000536243466029318,-0.0026601992739425846,-0.0034668176893082616,-0.0031475335224484535,-0.006612550099839682,-0.002860643116995678,0.008416550570471524,-0.004890398793612844,0.007520158252097407,0.043016276003079446,-0.0018170731757552825,-0.040752421816146356,-0.0018170731757552825,-0.011350637385333944,-0.005311226238262446,1.0,-0.01448963480035281,0.008492684438607788,-0.005311226238262444,-0.00858936091134156,-0.0033902668529516285,-0.00473983002166597,0.018317085420655185,-0.0018585232273722408,0.018304319188702182,0.01884775275274511,0.01978078945111571,0.007701303050047454,0.019295921800876692,0.0009845356146748654,0.006517969418144126,0.005398006569163901,-0.0052602084708424975,0.0022573170177859615,-0.005282318658677894,0.04101259580084263,-0.0035711286817969247,0.0538593629884507,0.004366491012094237,0.01963247754610873,0.0034596655563154393,0.008081223178537556,0.008733481990094723,-0.008120018386449,0.009028714844450657,0.0013819414505069716,0.013776724821293586,-0.0009947702651614198,0.013834502147542484,-0.005039123475215478,-0.002854048566287438,-0.004539643144231928,-0.0033760496892785217,0.0030777337505590004,-0.006507407420666947,0.013713816878688318,0.01978078945111571,0.005423617082366788,-0.007564221332387503
seasonality_3y__missing,-0.04136684399805001,0.27547815162637057,-0.003875198877594374,0.2761526200349014,-0.01036050087528425,0.27547815162637057,-0.023470010161792444,0.3717692442092229,-0.036685841402455496,0.14944826985889675,0.0012818551572095537,0.22172771457895887,0.0024576615557255583,-0.1290268845999578,0.0006813224917320537,-0.10619558627705067,-0.00894061670459111,-0.09262536651951744,0.016757316212641767,0.3324282770307092,0.047191311296151235,0.3453017029276267,-0.005430117028625212,0.07616238073998775,0.14984922004868403,-0.03359095203579848,0.01835835523027405,0.002535031292080216,0.02046597996919391,0.10788941272493476,0.47086221592985483,0.013559766952524623,0.3049437236916905,0.02350498840461656,0.14198499765226155,-0.014905409197915451,0.1830804178251464,-0.006419050574566675,0.16962133565521542,0.08779220355430496,0.20832336384703215,0.0022967107445231267,0.03592637746934645,0.17608755506164586,-0.039038875158388185,0.17608755506164586,-0.010517363473104203,0.2761526200349014,-0.01448963480035281,1.0,-0.020053015849346222,0.27615262003490143,0.027364019664522097,0.23397876479738092,0.003128861639098709,-0.059819075025599765,-0.004294076993840248,-0.059260506578456114,0.004707060422252851,0.3049437236916905,0.006019612570448299,0.30603305585405977,-0.028332546026353378,0.14565089493015565,-0.03679536090350119,0.27547815162637057,-0.030833892247144494,0.2775544506747801,-0.008849914545077005,0.24646091713160886,-0.07310364794119209,0.3324282770307092,0.003249853673349651,0.39199059073207665,0.002615833961815745,0.441059595966475,-0.008132591189263716,-0.09334533122058931,-0.0001777069935929305,0.019856712457010726,-0.021210795550765705,0.028931273994090963,0.024332719197560103,0.15151407314036025,-0.008017497711482883,0.2052045801895555,-0.00888113563416489,0.29807006545853093,0.03183297200398067,0.3049437236916905,-0.0010534942715119103,0.37031914673701677
sector_relative_value_60__csz,0.7520320386877638,-0.007900374445110358,0.7874897733865349,-0.006104069866150726,0.11586101266430535,-0.007900374445110358,0.4509577887891982,-0.005440206737629505,0.22771862544515103,-0.02578664999900193,0.08360967609038907,-0.03394274148786991,0.014194490200108883,0.02862007336497616,-0.004334501290565207,0.027451733949310747,0.01122736823939279,0.027451598496723715,0.012742156365043491,-0.03974257050946877,-0.499684955453067,-0.008417479835558897,-0.21071382804024122,-0.002700152983198768,0.037782641267257805,0.008826865928004314,0.044962071445074636,0.009215835899442557,0.015307888925563163,0.06804362800596621,0.013616716594279984,0.10141354895111822,0.00968744749205053,-0.012173847051410747,-0.006814152084290498,0.12778899344778033,-0.007018032339070023,0.002546338722613404,0.002566242064214555,-0.06289673235584907,0.004872369267521464,0.0808142176877476,0.12650164472430378,-0.0039056784978002868,-0.11628201216901034,-0.0039056784978002868,0.16677410008444887,-0.006104069866150726,0.008492684438607788,-0.020053015849346222,1.0,-0.006104069866150723,0.0268637611789727,-0.005957812542155568,-0.007573281302317331,0.031208663444978163,-0.06391303473248972,0.031188683090579802,0.09403541302047001,0.00968744749205054,-0.2880825233212577,0.009631182486011736,0.003916099695235256,0.009849884241148658,0.7199905073277112,-0.007900374445110351,0.2988642848425242,-0.00810389848735838,0.09570566560604181,-0.005280099272058496,0.3027071923015224,-0.039742570509468764,0.15322794532620893,-0.04022471051096316,-0.012235551365339874,-0.035435337206374075,-0.01645087287917311,0.0267641333632956,-0.002452947867172987,0.044858257054746734,-0.032713627368189405,0.044833483029993,0.0023781610360819115,-0.006812429291800564,0.32698618782967653,0.0015153739007985946,0.17905488773367004,-0.020225100654664197,0.09302030206165189,0.00968744749205054,-0.03597831330298291,-0.006465451693281741
sector_relative_value_60__missing,3.942676536309734e-05,0.9846231740331444,1.9795886028397885e-17,1.0,-0.03168711637213762,0.9846231740331444,0.008538922868258282,0.7431305393393696,-0.05661860960771142,0.21626033613574433,0.0027595806064384474,0.42109880127133764,-0.032068160837501136,0.06159352960274809,-3.104584238338125e-05,0.12702215151616414,-0.002950178314606082,0.16696559195336638,0.03516947521081173,0.16207317121053358,0.013175872558723002,0.5955180247582272,0.003332454462996243,0.019986584272618586,0.10428255380697404,-0.016525033792834893,-0.005859301398123671,-0.00574648515927233,0.02976724175073451,0.04874368790754995,0.3445266166209765,0.0004723331149717845,0.3005383291275332,0.029619176657871914,0.4976634440137587,-0.0006019970278142558,0.6420170795582345,0.0009697847200747001,0.5181820447685475,0.017756531643677777,0.6495121769136567,-0.01809132622282123,0.01879210244164594,0.6398482624615384,-0.022367234478134858,0.6398482624615384,0.0007958039758151788,1.0,-0.005311226238262444,0.27615262003490143,-0.006104069866150723,1.0,-0.011041283160558515,0.7059362326072776,-0.00010522313952885458,0.19199451475930798,-0.00038918246289167385,0.1938473120367276,0.004315515217688801,0.30053832912753325,0.0040867493204438075,0.30838802669596516,-0.028462717475623917,0.39404904888450526,-0.009159777585494846,0.9846231740331444,0.01519036264322,0.9779016572966797,0.025127343809668204,0.865012915618586,-0.042981582321021464,0.16207317121053355,-0.007572133969828179,0.19339872534666483,-0.0036736010972227492,0.2121372071935588,0.004946758484242198,0.15948494873487765,-0.005784910678388912,0.0015872038353584414,-0.010591433969742407,0.03685213466496194,-0.0008918707871454132,0.5295564035111372,-0.004644081285598979,0.6576201864135268,-0.03529414558234219,0.8687739703648719,0.0005613635145990078,0.30053832912753325,0.013463482438981683,0.7382403303941546
factor_momentum__tsz,0.001504197603356185,-0.010946064951482683,-1.6419192435103276e-16,-0.011041283160558515,-0.016218838705802995,-0.010946064951482683,-0.09528952525535951,-0.0024828917979405063,-0.014049568875120835,-0.002398463664497534,-0.023648569562484494,0.007734766835798196,-0.0075546894623678305,-0.019925504286559842,0.0026952237256399883,-0.02199591517036534,-0.044634272222135785,-0.02020607306224842,0.01811225341166754,-0.03305626474948273,0.013398696992730212,-0.01066407392170192,-0.026778354842703442,0.012691689720715018,0.01186146443959323,-0.002401311916993345,-0.0035962337043706385,-0.0028263392795963814,0.0034023821767662,-0.004897058323650446,0.03999687072412668,-0.010913623911317819,0.021519113521079613,-0.0026469711342997308,-0.0024517158503913543,-0.008973675389573036,-0.0005507078034821962,-0.011133311018285519,0.008617714670214511,0.0023430286267760655,0.00248152238468409,0.0019399616854631186,-0.015326277982507661,2.1623772088048317e-05,5.64095552926797e-17,2.1623772088048317e-05,0.003932691061371322,-0.011041283160558515,-0.00858936091134156,0.027364019664522097,0.0268637611789727,-0.011041283160558515,1.0,-0.010954355934925813,0.001656260003029977,-0.01558509742276541,-0.008446534907840844,-0.01569748688756307,-0.003340281905775556,0.02151911352107961,0.005000553594918947,0.021574398216240343,-0.011463640117979637,-0.011510012230523321,0.034559796190455336,-0.010946064951482688,-0.04233502050585698,-0.010613033365546658,0.0018398484392263615,-0.011888430831156826,-0.0053775417128107805,-0.033056264749482735,-0.006134100187328112,-0.0038548584669910253,0.006696489839969933,0.007364537139619944,0.009008464657531438,-0.0203342335740428,-0.010119940065525607,-0.0041624520010301305,-0.008511669737165408,-0.0021870477990632168,-0.002583825429749285,-0.001281280707958262,0.021625602497377286,0.00315291926734081,0.03960046830950725,-0.008002429347790819,-0.01563421456324276,0.02151911352107961,0.012928017553498204,-0.0025959182650725065
factor_momentum__missing,-0.002203816289667482,0.6949443685294214,6.121990442047054e-17,0.7059362326072776,-0.02231674076401847,0.6949443685294214,0.0070121963171935,0.6102616584722087,-0.01682534475339376,0.08950654134339625,0.011480215887198025,0.30575728248378525,-0.02985154411177822,-0.035459588799123934,-0.00119870654113644,0.03131457279994242,-0.009167849712478858,0.07561368029622384,0.022479630102734183,0.11006845241800964,0.003321063972908731,0.6776067503102453,-0.0008824038413560198,0.01487879505554539,0.08923378727531557,-0.019147425129586493,0.0276239277912662,-0.0007174044527052054,0.014957151402899284,0.02600596961158417,0.3437484907733373,0.0007505125068573273,0.2536970834366922,0.008378828362603693,0.41205640800583504,-0.010017328881722192,0.3446115265224049,-0.0027896344558695236,0.2178168773012713,0.013999789943825374,0.3284063462962258,-0.0045590098860866825,-0.0066458755363644016,0.38334412910446747,-2.2214656193784914e-16,0.38334412910446747,0.0013819023717964267,0.7059362326072776,-0.0033902668529516285,0.23397876479738092,-0.005957812542155568,0.7059362326072776,-0.010954355934925813,1.0,0.0019399657030852102,0.07395537651763118,0.0013230060111770795,0.07473915041192417,0.0032252105861967978,0.2536970834366922,0.0033560542677620237,0.25324943420001617,-0.050192770113871854,0.22529463708934197,-0.009023707509391934,0.6949443685294214,0.012130960983051504,0.690138925014721,-0.02453083160621789,0.7983799171675412,-0.019486187205090443,0.11006845241800961,0.003353939898941508,0.15170025757280006,0.0017742422637235836,0.18175180867744245,0.0048957864021823465,0.07453355670040196,-0.00675259561872169,0.03473346856829328,-0.012729275174016187,0.041305587850750516,0.002037117994717915,0.40922532115319615,-0.0076172003305292465,0.33759010302514075,-0.027258220245152794,0.6157030270619792,0.0006331532080184904,0.2536970834366922,0.011056263586379313,0.6062458000688695
fundamental_composite_news__csz,-0.023814655655302195,4.134533183050164e-05,-0.010474295828726192,-0.00010522313952885458,0.018030777289875205,4.134533183050164e-05,-0.07249962906414407,0.0002208198127971274,0.10499499555909192,-0.03578993503802918,0.09982001362580356,-0.02181289851622932,0.24719193969212977,0.011697577397605494,0.10728675866760622,0.014106690891049382,0.34864847050194575,0.011519055714109244,-0.07600020027815181,-0.018234487423164074,0.055668322171529325,0.0025055884454213352,0.15650627933430472,0.02962632941250723,-0.03824163156555555,0.17391122527258246,-0.01271348410643721,0.20481831988315524,-0.004533769836216923,0.1483038416275194,0.013638369755226157,0.21365235906959812,0.014092857189949778,-0.05875618510614604,0.00280132645433352,-0.01571891920966015,0.0031189369052265787,-0.027480915165941998,0.004241431082091305,-0.009385245114490732,0.001926079314734517,0.0016976944762324244,-0.016711722410116037,0.0027657285189125924,0.016556465003134124,0.0027657285189125924,-0.035682594550660175,-0.00010522313952885458,-0.00473983002166597,0.003128861639098709,-0.007573281302317331,-0.00010522313952885458,0.001656260003029977,0.0019399657030852102,1.0,0.012647605962053955,0.6790593485741632,0.012824580186753136,0.21359678285525166,0.014092857189949778,0.1892581434247984,0.013394065565610364,0.6874768127327799,0.005091625282595015,-0.01833338035514244,4.134533183050517e-05,-0.038464008031490256,0.00010613477914618611,-0.018848175019957707,-0.000713567602688181,0.07718687987432188,-0.018234487423164074,0.038572118973806566,-0.008717689999349016,-0.031318883080887074,-0.0038819126162270207,0.5530922288529913,0.011986310974444764,-0.0038999647983694614,-0.012703273787379869,0.1690703267296425,-0.012542906024178476,-0.021004272545170805,0.002949978825303129,-0.060666088773474514,0.004354652828056068,0.011590477807963616,-0.02280738534717128,0.22494720659600903,0.014092857189949778,-0.012547756672577787,0.0003002311688309664
fundamental_composite_news__missing,0.0295139529802005,0.2007406959513183,0.04126044500764948,0.19199451475930798,0.022652467833738966,0.2007406959513183,0.06321018462769303,0.15778436453578978,0.016211229262114782,0.05827116947162333,-0.008375743169088545,0.1216819498439722,-0.058960595508840564,0.8915105830069073,-0.0029906538845494435,0.8855985764793192,-0.0002508339230420989,0.8957804387324313,0.00809315635057309,-0.035141301463471934,-0.030487950519635345,0.07710579970967531,-0.002982362855762589,-0.09412658409821034,0.046341955603223906,-0.002197777827111833,0.04927220962571751,0.001483476708726469,0.08868821277234004,-0.011746434333965383,0.11271909243904997,-0.0250599091012834,0.5721612760554883,-0.002614753996682837,0.22149064911875313,-0.01907370441055172,0.25340521119840337,0.014543859177555515,0.24733604341247103,-0.04024017034106729,0.28488100361967444,0.19036569468857362,0.24758360062296353,0.22615487801210876,-0.21878293132088686,0.22615487801210876,-0.05160538954749338,0.19199451475930798,0.018317085420655185,-0.059819075025599765,0.031208663444978163,0.19199451475930798,-0.01558509742276541,0.07395537651763118,0.012647605962053955,1.0,0.005796259354935884,0.9995351971419953,-0.01477014137930065,0.5721612760554883,-0.015929358909401534,0.573033082085217,0.03039653269731824,0.39943395513689955,0.006698449698416317,0.20074069595131833,0.009049521095134355,0.2046220516354101,0.1388180062330677,0.13601685044380615,0.06726527590329678,-0.03514130146347194,-0.0022320144209885076,-0.04441405859856199,-0.004906807521848065,-0.06472882648205029,-0.01699308455322928,0.9275085240312139,-0.0037672515782455956,0.05266141728344303,-0.0020940007851152453,0.06586035138495748,0.0002496286554048348,0.23324404904404922,0.010368610270362313,0.28031035117801223,0.07378325870039279,0.17119396071476123,-0.024824366829198106,0.5721612760554883,0.012078464790542516,0.16326433129756515
fundamental_underreaction__csz,-0.0785563141927649,-0.0003171735252672539,-0.06960466539864679,-0.00038918246289167385,-0.009985692089823495,-0.0003171735252672539,-0.09936939558494459,-0.005235863308796923,0.05560469485283531,-0.021668807774993942,0.059210099388263875,-0.013242616969984609,0.2409421513000281,0.005065909343723694,0.4937067263183487,0.00575539010322789,0.3482603972068844,0.005204575054363679,-0.06149790659492993,-0.02013394586560652,0.09680918393495974,-0.002517405409496593,0.31650806270664456,0.015301883368690245,-0.022773907712346254,0.09203654047975332,-0.009683697890359536,0.12115438106819172,-0.003970615881828673,0.081485288375421,0.0037697903818244382,0.15298923917812216,0.004518739739292397,-0.046826331424125685,0.0012838172469853866,-0.041305325587034473,-5.081380527910926e-05,-0.04701415426967223,0.0027094219946504263,-0.01420699134352947,0.0007121575935538567,-0.009014216997092168,-0.016365196340420243,-0.00035990715301907633,0.017851762676619944,-0.00035990715301907633,-0.029624794386368676,-0.00038918246289167385,-0.0018585232273722408,-0.004294076993840248,-0.06391303473248972,-0.00038918246289167385,-0.008446534907840844,0.0013230060111770795,0.6790593485741632,0.005796259354935884,1.0,0.0057989547256658775,0.15963922503905298,0.0045187397392923954,0.1741212387435976,0.0040204577107358945,0.39310711646569235,0.00195337990062144,-0.07516492820022817,-0.0003171735252672561,-0.04721712854846797,-0.0002853683662961478,-0.014048948782382146,-0.0013699804129383526,0.027907494588253732,-0.020133945865606524,-0.004617183812851346,-0.01490576273050534,-0.039966369464937146,-0.011419641993246871,0.5417945675130463,0.004899121047217757,-0.004280800848356656,-0.009659802997783067,0.09955423896928499,-0.009616867721584935,-0.06861596783605045,0.0013519430012547224,-0.10121969642073385,0.0010962749635848772,-0.00983586879173748,-0.01393121848627604,0.16198736666822156,0.0045187397392923954,-0.005135367863571863,-0.005169088751781047
fundamental_underreaction__missing,0.029506124928924325,0.20256187052407051,0.0412493964510115,0.1938473120367276,0.022586063160848848,0.20256187052407051,0.06320951834979155,0.15915718938290113,0.016248217111042955,0.05950206579274374,-0.008262224714564908,0.12288353616295178,-0.058768246385979675,0.8910865305456794,-0.0029920521312058355,0.8861113821046347,-0.00028995134524980486,0.8955160842306454,0.008198076008042853,-0.034703494934930815,-0.0302330792807342,0.07759803579899287,-0.0029748775544024895,-0.09406687828484757,0.04653646178903152,-0.002211115206006079,0.049531116876666906,0.0014889953364221951,0.0887547773118413,-0.011685093085680082,0.11330813533441429,-0.02502573927018509,0.57252054694201,-0.002215882997443659,0.2213876996320231,-0.019081239595596766,0.25603476389025037,0.014512294483153913,0.24802533451248396,-0.04036931760292506,0.2871842467997126,0.18985543423762355,0.24744994773307438,0.2290703510010282,-0.2187243465041781,0.2290703510010282,-0.05159005548612326,0.1938473120367276,0.018304319188702182,-0.059260506578456114,0.031188683090579802,0.1938473120367276,-0.01569748688756307,0.07473915041192417,0.012824580186753136,0.9995351971419953,0.0057989547256658775,1.0,-0.014751999581713065,0.5725205469420102,-0.01591731138548351,0.5734668727766019,0.030455545111682553,0.3992345981926889,0.0066792138853182985,0.20256187052407051,0.009076023472845514,0.20642938770297692,0.13875758308931135,0.137563533533694,0.06724228398377545,-0.03470349493493082,-0.0021228556271732594,-0.04392773596619767,-0.004925375309655343,-0.06423582250951676,-0.01667103209463561,0.9270676222901568,-0.0037641902017634195,0.05291872286650714,-0.002103113556446378,0.06611237720142707,0.0003325266750468948,0.2331356365434385,0.010378053712911438,0.28267890097586684,0.07369629389243963,0.17280244612087106,-0.024797427135438824,0.5725205469420102,0.012100867749367106,0.16462637676223266
information_consistency__csz,0.08575937936808081,0.004371342471781919,0.09311497822506994,0.004315515217688801,0.03335220685307776,0.004371342471781919,0.054714985974949316,0.006448799549614906,0.48162180534485177,-0.013412749620446968,0.11551226265901189,-0.02675263703208804,0.5369534156066178,-0.03438977687415364,0.023243437511846276,-0.034230829375050904,0.14762405081936741,-0.03301117008738681,-0.22234908487111216,-0.013544819708901925,0.029701642081348623,0.004759708466186581,0.04600859137363976,0.327772760277446,0.05998698390943837,0.029926992575892503,0.06437241457485358,0.023393343609401485,0.031379072927523385,0.5584151444811791,0.0008135420173095913,0.9042524258232566,0.012712840614904842,-0.00871849659956193,0.002101015940543964,-0.016487370981855074,0.002975358289419542,-0.004777887819624172,0.0038317889316491823,-0.010887325067065847,0.00586964609643664,0.07228216798645919,0.13189130764207224,0.002879815395099404,-0.14784077760534764,0.002879815395099404,0.00466821768204234,0.004315515217688801,0.01884775275274511,0.004707060422252851,0.09403541302047001,0.004315515217688801,-0.003340281905775556,0.0032252105861967978,0.21359678285525166,-0.01477014137930065,0.15963922503905298,-0.014751999581713065,1.0,0.012712840614904844,0.661291667753208,0.012898604481844315,0.15291189633529256,0.008130982310841727,0.07415235240110354,0.004371342471781919,0.038837814499012156,0.004396353823696497,0.09760343893321265,0.00341362611741467,0.4113640081058328,-0.013544819708901926,0.007248722974604799,-0.0032802619043798224,-0.030081072510811335,0.007865957777441963,0.1867480690740662,-0.03331157972073883,-0.0060117251212404195,0.06434957597525338,0.028971719746516883,0.06482671425489243,0.0008174962437577992,0.003390753617925939,-0.0004086391655727661,0.004096554917536687,0.07494626678361019,-0.004944976395501908,0.8943692632483945,0.012712840614904844,0.00019847904355733091,0.006477182768591207
information_consistency__missing,-0.006253568671385807,0.3054820494220697,0.023420582635214824,0.30053832912753325,0.018901363033793847,0.3054820494220697,0.0736586505168556,0.40087515587314354,0.028764861498175164,0.16741722068353015,0.0015998901586468362,0.21254726071212254,0.00378706043623523,0.5114379839404875,0.005939321806444407,0.5195423587844976,-0.016486390309658684,0.5268551184181549,-0.002493683977108971,0.13412215969161295,-0.0066293180464464235,0.37440164715086904,-0.009082167881549915,0.05046997571194428,0.3357271406670455,-0.031051263403509423,0.18824959104889594,0.002594754682423424,0.052720089779479895,0.030364376455719794,0.7040543674776465,0.0029583016749361642,1.0,0.02320016860974308,0.17452856802355998,-0.021951558410429665,0.2142753043243739,0.0023292836441653965,0.19928137854643402,0.07528013577208026,0.2390654142603353,0.06483732693853245,0.17461356572988035,0.1964373248129893,-0.16711828865331493,0.1964373248129893,-0.032812358489624875,0.30053832912753325,0.01978078945111571,0.3049437236916905,0.00968744749205054,0.30053832912753325,0.02151911352107961,0.2536970834366922,0.014092857189949778,0.5721612760554883,0.0045187397392923954,0.5725205469420102,0.012712840614904844,1.0,0.013228588292380716,0.9982354971108952,0.022054693020612234,0.27769964283518933,-0.045142524647681974,0.30548204942206963,-0.001242833441921236,0.3076906553382602,0.16019533344007666,0.26704632394880673,0.05475539957557269,0.1341221596916129,-0.005866636989219555,0.15378814223034157,-0.0029180468655983656,0.16628755593654196,-0.01822526315328017,0.528921590213113,0.00013007649107596957,0.19031475068067105,-0.016025622370354382,0.20180660023769795,0.013004119470869633,0.18204557571770902,0.0037443141566079036,0.23584210231556718,0.04749929583588502,0.32236897755416555,0.0024957055061158324,1.0,-0.0031979485974094864,0.4037134304516544
information_divergence__csz,-0.4344616690836186,0.004150571942872325,-0.3762855384195289,0.0040867493204438075,-0.060423972022391616,0.004150571942872325,-0.2929186019106249,0.0047772270014216685,0.2951223168584408,0.0005211892598236461,0.061703599546677076,-0.004136193171029354,0.4578119381281255,-0.03315151335412615,0.016164739772121916,-0.03231027910301906,0.12089397049828238,-0.0314937058100787,-0.20099584282840646,-0.0098332131492985,0.3760252695595962,0.004952805246148139,0.14791545126139685,0.2528504698547242,0.05268218271932461,0.008487468466994854,0.06152005413686838,0.014827355593141366,0.030255514828413595,0.4522720071395253,0.00352242410144311,0.7249701252677223,0.013228588292380716,-0.0049861479998609595,0.0023521524664850487,-0.09634685041753045,0.0028850001575202043,-0.01656850553908745,0.0025860026626636865,-0.01388084794253256,0.0038126925935994386,0.007626711894594927,0.044722183873113025,0.0026148994518017375,-0.03864595834707037,0.0026148994518017375,-0.134193752011897,0.0040867493204438075,0.007701303050047454,0.006019612570448299,-0.2880825233212577,0.0040867493204438075,0.005000553594918947,0.0033560542677620237,0.1892581434247984,-0.015929358909401534,0.1741212387435976,-0.01591731138548351,0.661291667753208,0.013228588292380716,1.0,0.013251971434263283,0.1302008988352413,0.002069596097646216,-0.39384311425529867,0.0041505719428723215,-0.2679046250493177,0.004179100515834227,0.04100659682227802,0.003535090945079407,0.19922761050777266,-0.009833213149298494,-0.07192299976485535,-0.003444640137411659,-0.021423874221791993,0.003877087118620609,0.1636678140539236,-0.03247720745113181,-0.002235008639159519,0.061252364255903954,0.03473420713967185,0.06187560173804132,-0.006543890917033094,0.0024769694225683786,-0.15097963375011816,0.0031519587862966414,0.015131548527545455,0.003329305902507014,0.6686014217494051,0.013228588292380722,0.0099299998690966,0.004817766397964036
information_divergence__missing,-0.006248718665683318,0.31320411181545,0.023403609854307686,0.30838802669596516,0.01863202961766164,0.31320411181545,0.0736741581834645,0.4065798464355265,0.02911796816869405,0.16707775155738858,0.0016046077801125927,0.21409257569748744,0.003983941035876182,0.512246489073116,0.005774930974949378,0.5203466652810259,-0.015957949747910614,0.5276316322727355,-0.002033533803756965,0.13567564245393726,-0.005711341850845708,0.37374101436277735,-0.009159164606605525,0.051365663449615934,0.33451774724715677,-0.03148263471484111,0.18763095485392614,0.0026179378282417754,0.05306451026654262,0.029956799229157085,0.7027767322200288,0.0027777338124896443,0.9982354971108952,0.021914401913059767,0.17749453190063222,-0.02161294480063746,0.21770346939180407,0.001702002688048629,0.20205355246312776,0.07695370973043379,0.2428101940974456,0.06702396152557588,0.17718305978689738,0.1973215430453533,-0.16858541165948074,0.1973215430453533,-0.03278215938944015,0.30838802669596516,0.019295921800876692,0.30603305585405977,0.009631182486011736,0.30838802669596516,0.021574398216240343,0.25324943420001617,0.013394065565610364,0.573033082085217,0.0040204577107358945,0.5734668727766019,0.012898604481844315,0.9982354971108952,0.013251971434263283,1.0,0.02068497631784175,0.2793991982866386,-0.045183706553369424,0.31320411181545,-0.0011193845735079267,0.315356891354975,0.16357909168617502,0.26675962611413345,0.05487447129230949,0.13567564245393723,-0.005564219964633294,0.15522825887468047,-0.0025730699253961654,0.16789954751849026,-0.017801027141311796,0.5298724922694655,0.00018525474023216117,0.18969032686009632,-0.016173826732278115,0.2013597741500259,0.012772557522825504,0.1869132781379195,0.004359119584517432,0.23990678543611207,0.04718013794417072,0.3291441890617014,0.0024119096350793297,0.9982354971108952,-0.0030870144661827633,0.40937661238826545
warehouse_surprise__csz,-0.0005435512571868437,-0.027481458377477154,0.0071176252948006065,-0.028462717475623917,0.012484651556176802,-0.027481458377477154,-0.008798220863006351,-0.02510050771726661,0.06619963014304019,-0.038399825350042174,0.058160472250407366,-0.03044487187589675,0.06796206645693838,0.026198423358206775,-0.008786642031550723,0.027277183045137,0.018583794049601265,0.026225529816107956,-0.04081151122856114,-0.02406994858223158,0.013648182247350666,-0.03692672194859446,-0.016268677300966913,0.044419812621444066,-0.023444086675642083,0.21197829051307027,0.01118606225135633,0.11571190012610917,-0.004791635535362394,0.2078868982572238,0.005233224030903936,0.157362301087447,0.022054693020612234,-0.040725770607004906,0.011148775821962142,0.010063165292108905,0.019667822513999202,-0.004853822672314938,0.030565529586141546,-0.007891494893595833,0.026659932625036152,-0.020459889553971444,-0.04278595767697138,0.018983711444519786,0.040158475943778846,0.018983711444519786,-0.02762072267843023,-0.028462717475623917,0.0009845356146748654,-0.028332546026353378,0.003916099695235256,-0.028462717475623917,-0.011463640117979637,-0.050192770113871854,0.6874768127327799,0.03039653269731824,0.39310711646569235,0.030455545111682553,0.15291189633529256,0.022054693020612234,0.1302008988352413,0.02068497631784175,1.0,0.023605297363847557,-0.004540475815940479,-0.02748145837747716,-0.01065650412568356,-0.02704982490926159,-0.03813673735586857,-0.04371794300408804,0.056227007686995636,-0.02406994858223159,0.033513436927876616,-0.01676496425924993,-0.0057807363074999785,-0.01777953123363311,0.049544132003172404,0.026983221630105213,0.004003957414229764,0.011285375053086695,0.1961291662994374,0.014159015309487164,-0.0013057418409549108,0.01365844019210147,0.016666546221410335,0.029705581829072167,0.012716987588741806,-0.0443165865672466,0.15985790886778725,0.02205469302061222,-0.020656574050756653,-0.024636577582901668
warehouse_surprise__missing,0.021654432082561934,0.41291700609410853,0.024289365747474017,0.39404904888450526,0.006516017188820331,0.41291700609410853,0.022065689290537312,0.3712868005167271,-0.02366565353692175,0.18658484162068517,-0.015337276354258725,0.32900960940451957,0.009148190302018796,0.16610083373573892,0.0003556269534515091,0.2064339705207941,0.0035868227879524736,0.24088456564912797,0.014387416874448526,0.153782943268791,-0.011487635100475,0.23406229120216004,-0.0019761265074232813,-0.04682148874991243,0.02918799209514601,-0.0066498452450162475,-0.04062453948876625,-0.0072048319655956495,-0.13000436533022464,0.07611990340187605,0.3601693034841243,0.006016065091320558,0.27769964283518933,0.014147299074152669,0.4722997406097887,0.030274476675664408,0.4733245031183345,0.008700105825626355,0.39874652658440035,0.008998108743816603,0.5073884951692246,-0.012312617169702271,0.03931967832627115,0.40854995155937784,-0.026012643648640733,0.40854995155937784,-0.027856540420478127,0.39404904888450526,0.006517969418144126,0.14565089493015565,0.009849884241148658,0.39404904888450526,-0.011510012230523321,0.22529463708934197,0.005091625282595015,0.39943395513689955,0.00195337990062144,0.3992345981926889,0.008130982310841727,0.27769964283518933,0.002069596097646216,0.2793991982866386,0.023605297363847557,1.0,0.013426816949201899,0.4129170060941086,0.012721264794478737,0.4212886339182715,0.04098423309106345,0.31099526412680106,-0.02259499297599955,0.153782943268791,-0.012125485810577406,0.1672533537921659,-0.010790619005966479,0.15539033980762865,-0.009699497416174254,0.23889579524057875,-0.00208307917223368,-0.03461466668725852,-0.006784445643278355,-0.01310824549701533,-0.0009704407647832919,0.4854957636739232,-0.0016872708756442605,0.49404033952205784,-0.02091745949274729,0.3906486418385743,0.006448616108842958,0.27769964283518933,0.010486024968056486,0.3827738274592013
momentum_quality_60__csz,0.8984494128756622,-0.009302825514430044,0.7892154425963547,-0.009159777585494846,0.11212532507724776,-0.009302825514430044,0.4499502682160369,-0.027085056573971023,0.21578994656667236,-0.0360030377957029,0.07782940587047667,-0.03768515977648165,-0.027602536221825753,0.007869347180250248,-0.004248027473577356,0.00830726042590541,0.00977810065582453,0.006841131131177502,0.016202206776928293,-0.048699529489855405,-0.590800808442071,-0.032412006748804706,-0.22836912833051315,0.0012371371825816045,-0.05485284277840971,0.014775626978570846,-0.04003235805475698,0.016138699479630172,-0.014970091643054474,0.07589482488713847,-0.02189626602651499,0.0866616511557477,-0.045142524647681974,-0.005053541431153396,-0.014478736566199428,0.16286531910326663,-0.014021863791133139,0.016983902858402,-0.013893145521922399,-0.07926252159529479,-0.009189493187951705,0.08952907159156336,0.08051034933745442,-0.0058608677726128995,-0.09588994105685082,-0.0058608677726128995,0.21648911081715272,-0.009159777585494846,0.005398006569163901,-0.03679536090350119,0.7199905073277112,-0.009159777585494846,0.034559796190455336,-0.009023707509391934,-0.01833338035514244,0.006698449698416317,-0.07516492820022817,0.0066792138853182985,0.07415235240110354,-0.045142524647681974,-0.39384311425529867,-0.045183706553369424,-0.004540475815940479,0.013426816949201899,1.0,-0.009302825514430044,0.32760812562577485,-0.014622878098753393,0.08693650142147022,-0.007923325915646548,0.2887535652590125,-0.048699529489855405,0.1559880420565876,-0.05317251367367705,0.0008682936824720969,-0.05509742820227899,-0.02509193928120366,0.00769174300750856,-0.004422401909857726,-0.039920020016421746,-0.027747489832472185,-0.04054147555985339,0.0008485470156210368,-0.014412504586983378,0.3209205027219306,-0.013364649300657238,0.11733802048924388,-0.02870770700940914,0.08429395178538997,-0.04514252464768195,-0.018041005440624005,-0.027082689076784107
momentum_quality_60__missing,4.0042491790621106e-05,1.0,0.00015548604522251154,0.9846231740331444,-0.032181972969763675,1.0,0.00884910098070803,0.7376493357838778,-0.056761137180506356,0.2570845105629581,0.0026829343262174837,0.44613325939981385,-0.032728062401763416,0.07291422405890112,-6.502779189721403e-05,0.13695878290704527,-0.0029558300998235886,0.17620347514325307,0.03486929344151,0.17196861667643112,0.017101817018244245,0.5856292727471587,0.0031840425701041633,0.020784414809121153,0.10431468813013564,-0.016353258971438266,-0.014081936988648928,-0.005572340492068682,0.03075853357700363,0.05149766513641248,0.33866979367807737,0.0004928718020352053,0.30548204942206963,0.028959477943920828,0.5423897061696844,-0.000791352733044631,0.675129918787761,0.0009138174041008147,0.5562683571171566,0.015314331786817554,0.6775428087314508,-0.019457165145526437,0.005463270762264842,0.6300094270844735,-0.012025680157803061,0.6300094270844735,0.00075161675718801,0.9846231740331444,-0.0052602084708424975,0.27547815162637057,-0.007900374445110351,0.9846231740331444,-0.010946064951482688,0.6949443685294214,4.134533183050517e-05,0.20074069595131833,-0.0003171735252672561,0.20256187052407051,0.004371342471781919,0.30548204942206963,0.0041505719428723215,0.31320411181545,-0.02748145837747716,0.4129170060941086,-0.009302825514430044,1.0,0.015427590009889613,0.9931735135697184,0.009888451764525687,0.8517117625560289,-0.04321704423226874,0.1719686166764311,-0.007494083892842,0.20052729863353752,-0.0035439143679442844,0.21772860877482092,0.004711396075378528,0.1689599141990371,-0.005651012782376256,-0.0067623393826509535,-0.010104899911950781,0.027948285579297207,-0.0010072397748971018,0.5712204517383365,-0.004386901367037637,0.6865388645028208,-0.03584533303006957,0.8823415833351382,0.0005763791143220987,0.3054820494220697,0.013673741177382067,0.7497694040352767
vol_managed_momentum__csz,0.5291043902165686,0.015427590009889613,0.41343396078563277,0.01519036264322,0.0034308492446885725,0.015427590009889613,0.5785257430348747,0.015064631138009281,0.07449824051913492,-0.024374869016363203,0.014473214013873399,-0.02631978146627239,-0.03760350981374396,0.005889481302534629,-0.007512650227427294,0.004797863421163571,-0.02115355080669748,0.007549399506783072,0.007771238130723356,-0.027149078942843012,-0.4039460665368918,0.009723904683892273,-0.09416763088778685,0.006950351685474612,-0.035429387606044534,0.0169277173928948,-0.021565258265887774,0.004913809207131492,-0.010698840471039693,0.045206193429440884,0.015096709275867098,0.0353630454630329,-0.001242833441921236,-0.01043586851610019,0.008741550447129064,0.07171809655514565,0.010722376683846579,0.010316354022443169,0.011446590931642305,-0.06931671293803202,0.012248910509950962,0.0326097585954989,-0.019541206086233713,0.009719527143424701,-0.003356600302795604,0.009719527143424701,0.17046848298235476,0.01519036264322,0.0022573170177859615,-0.030833892247144494,0.2988642848425242,0.01519036264322,-0.04233502050585698,0.012130960983051504,-0.038464008031490256,0.009049521095134355,-0.04721712854846797,0.009076023472845514,0.038837814499012156,-0.001242833441921236,-0.2679046250493177,-0.0011193845735079267,-0.01065650412568356,0.012721264794478737,0.32760812562577485,0.015427590009889613,1.0,0.015533630125151571,-0.0009164286893045588,0.013139859879315157,0.11120334170661421,-0.027149078942843026,0.05276360420446883,-0.023776222870252408,0.004341049385456976,-0.016602317432276036,-0.06304333646854912,0.007160552650149729,0.002631080930136366,-0.021289919301078444,-0.001824809571264746,-0.020979616246681994,0.00540312633890776,0.00895039901497983,0.12267205264996507,0.013063123859566251,-0.015282913830062927,-0.003672666069812166,0.03662852129386527,-0.0012428334419212178,-0.016637299217745132,0.015230640700338124
vol_managed_momentum__missing,-0.001866422500548719,0.9931735135697184,-0.0010588386548796166,0.9779016572966797,-0.022153335388537802,0.9931735135697184,0.008907597530983535,0.742944350732779,-0.05682848145334662,0.27514931213135996,0.002649260427170603,0.45723314980134994,-0.0330222572898929,0.07792378457297544,-8.005349028817196e-05,0.14136146061952445,-0.0029585545264463834,0.18030029530848754,0.03473927559950043,0.1763557688003477,0.01865175970703043,0.5813030611763964,0.00320699580006814,0.020895913169416462,0.1051112269475371,-0.016352687421011897,-0.017717589014558395,-0.005495791435417578,0.031199059050410743,0.05187470235433173,0.3408364221192784,0.0005019880461153818,0.3076906553382602,0.028670093906804812,0.5622011463942412,-0.0008751124199359298,0.689818146018082,0.0008891486357578293,0.5731458649605938,0.014236001216950137,0.6899847802828585,-0.020062383211946665,0.0013225969409254388,0.6257086762795315,-0.0074615026130078685,0.6257086762795315,-0.009330186708461669,0.9779016572966797,-0.005282318658677894,0.2775544506747801,-0.00810389848735838,0.9779016572966797,-0.010613033365546658,0.690138925014721,0.00010613477914618611,0.2046220516354101,-0.0002853683662961478,0.20642938770297692,0.004396353823696497,0.3076906553382602,0.004179100515834227,0.315356891354975,-0.02704982490926159,0.4212886339182715,-0.014622878098753393,0.9931735135697184,0.015533630125151571,1.0,0.008075680570859011,0.8458975637664446,-0.04332443081471292,0.1763557688003477,-0.007460157702671345,0.2036936219759351,-0.0034868613921632207,0.22021678704752284,0.004607721624682257,0.17316097523448756,-0.0056152354680283215,-0.010453526996413116,-0.010289119165995125,0.024014739894717477,-0.0010583123315405056,0.5896805368673685,-0.0042735582928717245,0.6993740592990796,-0.036091712616490426,0.8884062767277864,0.0005830604311856958,0.3076906553382602,0.013767726374654057,0.7549228747959631
idiosyncratic_volatility_60__csz,0.08412432499392573,0.009888451764525687,0.09786880090073352,0.025127343809668204,0.07287669374320906,0.009888451764525687,0.05569093816739102,0.044700698604300156,0.15718730241890166,-0.0010713309018957362,-0.011474520774313993,0.006853265869989062,0.10590665770254395,0.11210247065875775,0.0022494392887704934,0.10658376673393681,0.018569578740711155,0.10504953948464152,-0.029764725043306246,0.033297076547759104,-0.08604174492484888,-0.007923715774312284,-0.007570460909393845,0.011036239246439214,0.010434661066525854,-0.03450595496765025,-0.05530004355722888,-0.026270105045394343,-0.0033377314934790042,0.01707658044859366,0.1093731116839258,0.08472390697109065,0.16019533344007666,0.002204405106655463,-0.034481816565076054,0.02161053509758316,-0.01067994731255965,-0.017353873714663227,0.016085629291984146,0.10724475773114893,0.02109588273595098,0.300300390443545,0.6450017064629009,0.00712185173610879,-0.6384867800166176,0.00712185173610879,-0.024011485934684586,0.025127343809668204,0.04101259580084263,-0.008849914545077005,0.09570566560604181,0.025127343809668204,0.0018398484392263615,-0.02453083160621789,-0.018848175019957707,0.1388180062330677,-0.014048948782382146,0.13875758308931135,0.09760343893321265,0.16019533344007666,0.04100659682227802,0.16357909168617502,-0.03813673735586857,0.04098423309106345,0.08693650142147022,0.009888451764525687,-0.0009164286893045588,0.008075680570859011,1.0,-0.030684779737518403,0.17735473419503425,0.03329707654775908,-0.012095918390907899,0.018794773157549936,0.0005951311392297748,0.00036339500753410374,0.02481099143519366,0.10866439315109225,0.004491737052863394,-0.0555868888201945,-0.037048168104768985,-0.051323272209520356,0.0029315337428599607,-0.018597561485235416,0.04025353669292956,0.01492302351000829,0.09154426673570522,0.023016952254837464,0.07560405333828088,0.16019533344007675,0.02045728791318942,0.035615513763501555
idiosyncratic_volatility_60__missing,3.4104661260152176e-05,0.8517117625560289,4.0102160106032674e-17,0.865012915618586,-0.027409764920608135,0.8517117625560289,0.0073862785665143186,0.6428175145191627,-0.015073635965627268,0.16590176277398389,0.006209587829116385,0.3976617539144423,-0.03769499206388163,-0.007645685185182931,0.0004950766540965313,0.06820922848358434,-0.014633985322577056,0.11599901497059652,0.018909275200102795,0.15164864201503894,-0.001437131676487001,0.6750401951188517,-0.004484360543035682,0.015672539678455492,0.09399417536905987,-0.015826891750395217,0.03996363878952812,-0.003719357743800188,0.02305253679766335,0.027515665970834692,0.35796600975929077,0.0008532715988281697,0.26704632394880673,0.029908370695916075,0.4275603348722522,0.0015733369358682365,0.5136017437510322,0.005636106091505011,0.30928615876388593,0.013805380038540373,0.470692168915096,0.004029219798332681,-0.0016959671296919844,0.5693801421834005,-0.009653827724040217,0.5693801421834005,0.0006883807173806528,0.865012915618586,-0.0035711286817969247,0.24646091713160886,-0.005280099272058496,0.865012915618586,-0.011888430831156826,0.7983799171675412,-0.000713567602688181,0.13601685044380615,-0.0013699804129383526,0.137563533533694,0.00341362611741467,0.26704632394880673,0.003535090945079407,0.26675962611413345,-0.04371794300408804,0.31099526412680106,-0.007923325915646548,0.8517117625560289,0.013139859879315157,0.8458975637664446,-0.030684779737518403,1.0,-0.020535273978814893,0.15164864201503894,0.004181669727806831,0.19160677403437817,0.0019633957677723914,0.2166694735441798,-0.0021233695492551712,0.10726441202956603,-0.006382780448364342,0.04848468833326764,-0.01145306771851385,0.05288827714473428,0.0002760322594385516,0.4257682626913897,-0.003396504654873043,0.48362002960895584,-0.030529891774448002,0.7515007051188525,0.0007128368050326681,0.26704632394880673,0.011646086198923194,0.6385874206214804
term_structure_slope__csz,0.31200515124753014,-0.04321704423226874,0.3130016351306576,-0.042981582321021464,0.09474092106950283,-0.04321704423226874,0.2113937777531076,-0.046255009218360836,0.6994149572231179,-0.019259821676304845,0.20056827336324978,-0.030567585215606118,0.2995161450194146,0.07123749069114328,-0.0004485624052862857,0.06702838404076075,0.11497257214055481,0.06582229594503779,-0.16075527079191626,-0.06931951499523853,-0.163519616257987,-0.02976591813792058,-0.07517671023530118,0.11670030805814845,0.08658001872694744,0.012635144342570227,0.10759339930527824,0.027158293730419194,0.0413372562947623,0.17889999635437562,0.010741503550106727,0.41749996991311805,0.05475539957557269,-0.02251577556767954,-0.02765616604370975,0.033119663142789885,-0.0355241661661773,0.00020363178835817487,-0.043826546637607836,-0.016549709448770145,-0.03819818827771324,0.07055372370315494,0.1857658927586319,-0.031814001845626286,-0.19415868230436525,-0.031814001845626286,-0.014396536442969619,-0.042981582321021464,0.0538593629884507,-0.07310364794119209,0.3027071923015224,-0.042981582321021464,-0.0053775417128107805,-0.019486187205090443,0.07718687987432188,0.06726527590329678,0.027907494588253732,0.06724228398377545,0.4113640081058328,0.05475539957557269,0.19922761050777266,0.05487447129230949,0.056227007686995636,-0.02259499297599955,0.2887535652590125,-0.04321704423226874,0.11120334170661421,-0.04332443081471292,0.17735473419503425,-0.020535273978814893,1.0,-0.06931951499523852,0.2511770805104043,-0.05656398202724954,0.04529233897947207,-0.04635190236565594,0.09757901485692556,0.06607926608305663,-0.007777343292219345,0.10747881607762506,0.004277963251326938,0.10282780567881979,0.005468996474052199,-0.029019709626820624,0.15021030048236644,-0.041662814512858255,0.12953412668192407,-0.045505007344069544,0.4051755745143774,0.05475539957557268,0.009693658383535442,-0.04646176596602528
term_structure_slope__missing,-0.04507098004929253,0.1719686166764311,-0.01984773745481799,0.16207317121053355,-0.024695814720125345,0.1719686166764311,-0.008773959425872039,0.20271943255082436,-0.024471448228017258,0.2778412641465735,-0.0057849698833567055,0.33883557239210665,0.04089240517710374,-0.10453369409103454,4.6430854851518546e-05,-0.07946282477082325,-0.022734663193701314,-0.07446374723383908,0.016307336463891778,1.0,0.0294937701591803,0.17114716648310874,-0.004427566391553565,0.02076681288747064,0.07854943867559341,-0.0222210463239453,-0.027623681414617733,0.002564308965585984,0.013333465477654178,-0.0003371046903653255,0.21709603928967158,-0.019126489563021255,0.1341221596916129,0.0437324802585415,0.14443045091821405,0.00886834661022602,0.17674395100029777,-0.0020335538232189357,0.10464007492488403,0.22571933983275397,0.14122257131664714,-0.07564325350538664,0.019492990337960245,0.14939484182433502,-0.01793009578836905,0.14939484182433502,-0.04490364656938747,0.16207317121053355,0.004366491012094237,0.3324282770307092,-0.039742570509468764,0.16207317121053355,-0.033056264749482735,0.11006845241800961,-0.018234487423164074,-0.03514130146347194,-0.020133945865606524,-0.03470349493493082,-0.013544819708901926,0.1341221596916129,-0.009833213149298494,0.13567564245393723,-0.02406994858223159,0.153782943268791,-0.048699529489855405,0.1719686166764311,-0.027149078942843026,0.1763557688003477,0.03329707654775908,0.15164864201503894,-0.06931951499523852,1.0,-0.0024106345537550865,0.8095683563951205,0.0063597187396839585,0.705325138297348,-0.008323611260339288,-0.0756708347497962,0.0018145303067746432,-0.026855804113541645,-0.008576346253622972,-0.024877611767229232,0.00874391973976873,0.13373205683164804,-0.011926430408140709,0.14863995485007495,0.009221928693305135,0.2536241508151366,-0.004797167298536182,0.13412215969161295,-0.0015756913801208815,0.2083465617226361
term_structure_momentum__csz,0.1601994465097765,-0.007494083892842,0.16211728337887574,-0.007572133969828179,0.01932736966214254,-0.007494083892842,0.1332060272366258,-0.007969338127154606,0.10328283657639586,-0.0006697737518107611,0.44660637350035265,-0.0009480318133061118,-0.036581866970287626,0.0043092950294302155,0.011850586459754198,0.005601861407386856,0.06267572329818091,0.004227905278813895,0.032480953973412954,-0.0024106345537550865,-0.1586286797270191,-0.004373416198220271,-0.13305484324069689,-0.0003930317710810796,-0.007200478902035311,0.026169329037441715,-0.001244944763783828,0.01740983741730295,-0.0030548778343475846,0.0022504586316295294,0.008472760192485492,0.010181173332165222,-0.005866636989219555,-0.010801352494116671,-0.005449651886736722,0.04839421977529768,-0.009527990341447306,0.0203371585827543,-0.0059904369371337135,-0.030314314291816174,-0.0025381302107257233,0.044293961747748,0.013477787408644925,-0.01181006157851691,-0.018789389930089443,-0.01181006157851691,0.024807195116531813,-0.007572133969828179,0.01963247754610873,0.003249853673349651,0.15322794532620893,-0.007572133969828179,-0.006134100187328112,0.003353939898941508,0.038572118973806566,-0.0022320144209885076,-0.004617183812851346,-0.0021228556271732594,0.007248722974604799,-0.005866636989219555,-0.07192299976485535,-0.005564219964633294,0.033513436927876616,-0.012125485810577406,0.1559880420565876,-0.007494083892842,0.05276360420446883,-0.007460157702671345,-0.012095918390907899,0.004181669727806831,0.2511770805104043,-0.0024106345537550865,1.0,-0.002977678826886694,0.6486274856995559,0.0039035702987557934,0.039507993582023206,0.0024654704677344545,-0.00486113744198653,-0.0012054301334860093,0.011981629383395705,-0.00466218412229801,-0.0080511880827468,-0.010448456899382588,0.18811368428161065,-0.0029074118991515062,0.06474101014391663,-0.006928063942427487,0.01565157516191309,-0.005866636989219556,0.0036486308515618947,-0.007940319484724541
term_structure_momentum__missing,-0.04483895326337225,0.20052729863353752,-0.02017745238176654,0.19339872534666483,-0.03001435195417464,0.20052729863353752,-0.0040299021493121305,0.2301728575858345,-0.012742300479361812,0.22493149555388084,-0.004258341083483909,0.31837947220698726,0.061869714617821904,-0.12803187106820035,-0.0037544172447751107,-0.10041824570957043,-0.019371432989365278,-0.08871578237304982,0.010928279614305335,0.8095683563951205,0.035295934590898526,0.20777273260458723,-0.0007511491744671842,0.022512315386065195,0.12932141391292645,-0.024400810316585114,0.03649256941034804,0.0003933719920720995,0.03811486811505222,0.009621299712769734,0.2642253386701003,-0.013159203018503127,0.15378814223034157,0.015556429283247072,0.172604378719463,0.012417173702460253,0.1933549021501323,-0.001634075363806299,0.10631976986267423,0.2380612558465907,0.1518229028924428,-0.07292450940034191,0.03216952292030143,0.17608327038908303,-0.041226702481875516,0.17608327038908303,-0.0555219891923091,0.19339872534666483,0.0034596655563154393,0.39199059073207665,-0.04022471051096316,0.19339872534666483,-0.0038548584669910253,0.15170025757280006,-0.008717689999349016,-0.04441405859856199,-0.01490576273050534,-0.04392773596619767,-0.0032802619043798224,0.15378814223034157,-0.003444640137411659,0.15522825887468047,-0.01676496425924993,0.1672533537921659,-0.05317251367367705,0.20052729863353752,-0.023776222870252408,0.2036936219759351,0.018794773157549936,0.19160677403437817,-0.05656398202724954,0.8095683563951205,-0.002977678826886694,1.0,0.007855690862230428,0.8712360515646274,-0.007470776196645336,-0.09150240960319388,0.0028223726344379038,0.03817274925936533,-0.012392372349038899,0.041683387863159574,0.009028463800886602,0.15948618830568334,-0.016780786418038506,0.16048696545697247,0.007650549059133582,0.2600268460648378,0.0009384970766755906,0.15378814223034157,-0.0013341351357590426,0.23435237063470288
term_structure_acceleration__csz,0.0005152382482893494,-0.0035439143679442844,-0.0065933451947668255,-0.0036736010972227492,0.004176671467493641,-0.0035439143679442844,0.055065754293178996,0.00038730747396038855,-0.010614892257483471,0.0017669922942504218,0.2544449833932175,0.0025010907105381818,-0.05546970235604107,-0.000783049639232909,0.016645845076509846,6.243358135927481e-05,-0.04349411738306726,-0.0014300046273624837,0.02697719892978624,0.0063597187396839585,-0.03273126604656833,0.0014598355318528999,-0.09637629176497316,0.0029778975504042957,0.003482577292054406,0.0023313584663690783,0.006438418296049711,0.002027538003740802,0.00467519114817766,-0.006945108758519623,0.0011129367535849435,-0.026007833186189076,-0.0029180468655983656,0.015847892605074368,0.0030792712332793582,0.02282142911729705,-0.0015559986920132493,0.028345765399641263,-0.004199703947087418,-0.0036818119260297972,-7.312972093977156e-05,0.01999732729521319,0.007894231859802788,-0.007333812396627718,-0.012075130123013719,-0.007333812396627718,0.012109423456822137,-0.0036736010972227492,0.008081223178537556,0.002615833961815745,-0.012235551365339874,-0.0036736010972227492,0.006696489839969933,0.0017742422637235836,-0.031318883080887074,-0.004906807521848065,-0.039966369464937146,-0.004925375309655343,-0.030081072510811335,-0.0029180468655983656,-0.021423874221791993,-0.0025730699253961654,-0.0057807363074999785,-0.010790619005966479,0.0008682936824720969,-0.0035439143679442844,0.004341049385456976,-0.0034868613921632207,0.0005951311392297748,0.0019633957677723914,0.04529233897947207,0.0063597187396839585,0.6486274856995559,0.007855690862230428,1.0,0.009016719232546181,-0.0531993288432959,-0.0012394433334029515,-0.004591792586853244,0.006413337295464126,-0.003312224616046564,0.004167011003169257,-0.005463823877317428,-0.0008918646223962782,0.10609869548788355,-0.0014046987303862235,0.013685074742734154,-0.0025248805574971177,-0.02687200509173127,-0.002918046865598363,0.01718305127599009,0.00042822867102474657
term_structure_acceleration__missing,-0.04078735912821488,0.21772860877482092,-0.015639894328440814,0.2121372071935588,-0.026289373608456113,0.21772860877482092,0.0025235978122423435,0.242507144291342,0.002559078277842432,0.19596842805889242,0.005548184376330697,0.27738367426484345,0.0721258707859608,-0.14987812477777337,-0.0015778730939520669,-0.12582552602215744,-0.019610407528915314,-0.11337198828193304,-0.004815100999959229,0.705325138297348,0.044204022203877306,0.23360654925324545,-0.0024772156014805265,0.026255261086827745,0.16727346601313914,-0.02889238503854367,0.07872422896901171,-0.0014477749874314584,0.05433584399424257,0.01714239004905436,0.3007968698261431,-0.002109564036707535,0.16628755593654196,0.012190602384108839,0.1535776382909051,0.008066633908743296,0.17028471736358256,-0.004135266482183388,0.09430913163732568,0.23746966294197167,0.13207530409962234,-0.07255836321637754,0.03401556801271714,0.152211317608931,-0.05066105444736704,0.152211317608931,-0.06899896545582175,0.2121372071935588,0.008733481990094723,0.441059595966475,-0.035435337206374075,0.2121372071935588,0.007364537139619944,0.18175180867744245,-0.0038819126162270207,-0.06472882648205029,-0.011419641993246871,-0.06423582250951676,0.007865957777441963,0.16628755593654196,0.003877087118620609,0.16789954751849026,-0.01777953123363311,0.15539033980762865,-0.05509742820227899,0.21772860877482092,-0.016602317432276036,0.22021678704752284,0.00036339500753410374,0.2166694735441798,-0.04635190236565594,0.705325138297348,0.0039035702987557934,0.8712360515646274,0.009016719232546181,1.0,-0.006883389361227248,-0.11561141779950757,0.0018474338806670648,0.08043563446083521,-0.01876750080553523,0.08278071851471919,0.014483271737209003,0.1430009048559328,-0.008688269500151778,0.14098220931071156,0.013247194465611255,0.26493088292765415,0.012222503227751832,0.16628755593654201,-0.002231299824886076,0.24590955990173877
basis_surprise__csz,-0.03618395113287999,0.004711396075378528,-0.016214337067891275,0.004946758484242198,0.004674065390199775,0.004711396075378528,-0.1170260172075635,-0.011375799607666178,0.12615197327715327,-0.02451940041805611,0.11889025540630566,-0.012883279520710781,0.3820602433993632,-0.013544241414396075,0.20087119727738822,-0.012094843255438479,0.6349277164701939,-0.012742483332128945,-0.08258999991261938,-0.008323611260339288,0.08572482207289907,-0.008570744235843699,0.3085603609354135,0.007273072373972173,-0.011142023456420003,0.02112473691614189,-0.005844541501386337,0.013466042714315084,-0.0038627035585017382,0.006879680709499541,-0.0108103374791132,0.17835949897056202,-0.01822526315328017,-0.04504681947085383,-0.0030303532953098885,-0.04104189178513122,-0.013925825144325483,-0.051007396965308566,-0.002852077159943917,0.003543778863421383,-0.012661726605935576,-0.0006892750497008949,0.038530751529101376,-0.014555603599593753,-0.02990610922673404,-0.014555603599593753,-0.03204139207607664,0.004946758484242198,-0.008120018386449,-0.008132591189263716,-0.01645087287917311,0.004946758484242198,0.009008464657531438,0.0048957864021823465,0.5530922288529913,-0.01699308455322928,0.5417945675130463,-0.01667103209463561,0.1867480690740662,-0.01822526315328017,0.1636678140539236,-0.017801027141311796,0.049544132003172404,-0.009699497416174254,-0.02509193928120366,0.004711396075378528,-0.06304333646854912,0.004607721624682257,0.02481099143519366,-0.0021233695492551712,0.09757901485692556,-0.008323611260339288,0.039507993582023206,-0.007470776196645336,-0.0531993288432959,-0.006883389361227248,1.0,-0.01407116080829762,-0.010237556751080935,-0.00636058261714622,0.03519555022364146,-0.006098500588229339,-0.0353689695542225,-0.0031897560043364272,-0.1261596384511117,-0.013254719224998613,0.001465775915478329,-0.009632648356212647,0.19254539920664776,-0.018225263153280175,0.00833850621052714,-0.011402883719928305
basis_surprise__missing,0.02824968025007975,0.1689599141990371,0.03672457980217075,0.15948494873487765,0.02252814744403813,0.1689599141990371,0.06415443621242573,0.11800018075325903,0.013216460764846841,0.027399645401631156,-0.0014082315140199915,0.09154489053660778,-0.09303136335231925,0.9625532391335724,-0.0033023631447674675,0.9531808342904509,-0.0033631416750126127,0.9627865796039805,0.008720042428633418,-0.0756708347497962,-0.038319237717709266,0.052663420669565815,-0.003915307656041576,-0.12083970367181429,-0.006064615844619514,0.002871018696604444,-0.0021712182298863508,0.00160160313498546,-0.004874256118913138,-0.024990172892722404,0.04767540117756561,-0.046044741267461164,0.528921590213113,-0.012600172918987487,0.22603753622275785,-0.03181907448355816,0.23388493715627856,0.007368864077922264,0.25396972391575473,-0.07197223410201292,0.2715081719500127,0.22016828287951287,0.24026858123884656,0.20346994029354973,-0.21276210131253798,0.20346994029354973,-0.05181886036016528,0.15948494873487765,0.009028714844450657,-0.09334533122058931,0.0267641333632956,0.15948494873487765,-0.0203342335740428,0.07453355670040196,0.011986310974444764,0.9275085240312139,0.004899121047217757,0.9270676222901568,-0.03331157972073883,0.528921590213113,-0.03247720745113181,0.5298724922694655,0.026983221630105213,0.23889579524057875,0.00769174300750856,0.1689599141990371,0.007160552650149729,0.17316097523448756,0.10866439315109225,0.10726441202956603,0.06607926608305663,-0.0756708347497962,0.0024654704677344545,-0.09150240960319388,-0.0012394433334029515,-0.11561141779950757,-0.01407116080829762,1.0,-0.004456838889354324,0.0006740850008762603,0.0016657591859756667,0.01464906017935707,-0.0026417621716154764,0.2380953096559088,0.017387238035852272,0.2662783328189634,0.08000508256760126,0.13706997867989468,-0.04319702648534102,0.528921590213113,0.00882956915553577,0.1238553464491037
inventory_acceleration__csz,-0.0017078294855166194,-0.005651012782376256,-0.00262605378887033,-0.005784910678388912,-0.006077722674090975,-0.005651012782376256,0.004811081056553709,-0.0014827450602419448,-0.0063971813755344656,0.000402704886264755,0.0026252945892112248,-0.0025112004379962503,-0.005615760126336654,-0.0034147563883429903,0.004075630450996259,-0.00413315170288895,-0.0020524432540976337,-0.003128405688551545,0.002794468486799047,0.0018145303067746432,0.001915995911870708,-0.0015369239756916884,-0.010249064606763563,-0.01374594864348175,0.007734542493638947,0.402694741745275,0.007543506634491121,0.01665034906337205,0.0012071736481564573,-0.002200883722568374,0.0014598879748599057,-0.004553680663812744,0.00013007649107596957,0.0021210353661006345,-0.0008294263711376286,0.0029078279429075437,-0.00027313187279339786,0.010284216040565413,-0.0009043276200770014,-0.005743862451395131,-0.0009263015916966963,-0.002687302881747974,-0.00469027262035468,-0.00032166318144540213,0.004608111138158129,-0.00032166318144540213,-0.003685915909053833,-0.005784910678388912,0.0013819414505069716,-0.0001777069935929305,-0.002452947867172987,-0.005784910678388912,-0.010119940065525607,-0.00675259561872169,-0.0038999647983694614,-0.0037672515782455956,-0.004280800848356656,-0.0037641902017634195,-0.0060117251212404195,0.00013007649107596957,-0.002235008639159519,0.00018525474023216117,0.004003957414229764,-0.00208307917223368,-0.004422401909857726,-0.005651012782376256,0.002631080930136366,-0.0056152354680283215,0.004491737052863394,-0.006382780448364342,-0.007777343292219345,0.0018145303067746432,-0.00486113744198653,0.0028223726344379038,-0.004591792586853244,0.0018474338806670648,-0.010237556751080935,-0.004456838889354324,1.0,0.007562799039238902,0.40453919316279685,0.00734254253708373,0.004789065940868615,-0.0017501115668655204,-0.00040609756168963877,-0.0006358959617551784,-0.0018624022466185717,-0.003368469255220587,-0.005128621988773822,0.0001300764910759685,-0.0001705234622198668,-0.0014477020358257277
inventory_acceleration__missing,-0.029291581423032984,-0.0067623393826509535,-0.017545949463607935,0.0015872038353584414,0.0026080202574271004,-0.0067623393826509535,-0.022699585263477404,-0.01047750180354531,0.09373361631241764,-0.10400841348063958,0.0003834094926240917,-0.10199173044200469,0.16846401873639233,-0.00538677579915674,0.00018757111959358556,0.004252410573073933,0.0004257873050923947,0.007498437665675569,-0.01784116233115233,-0.026855804113541645,0.07187203310889193,0.03030705829590143,-0.002966168153639397,0.12633517950053186,0.7589687305282112,-0.05184198980782819,0.9974490390862213,0.021558156677168597,0.332626214344171,-0.08407033697324895,0.07703619928232534,0.05382376369451817,0.19031475068067105,-0.007435561778450174,-0.011987957542245591,0.01247460169202635,-0.003991195964737558,0.00032268969141391275,-0.072833586476838,0.025430691268337444,-0.05216267409893725,-0.10911619185954795,0.025316963667725016,0.03297800586306154,-0.0345142702538375,0.03297800586306154,0.05024108450254171,0.0015872038353584414,0.013776724821293586,0.019856712457010726,0.044858257054746734,0.0015872038353584414,-0.0041624520010301305,0.03473346856829328,-0.012703273787379869,0.05266141728344303,-0.009659802997783067,0.05291872286650714,0.06434957597525338,0.19031475068067105,0.061252364255903954,0.18969032686009632,0.011285375053086695,-0.03461466668725852,-0.039920020016421746,-0.0067623393826509535,-0.021289919301078444,-0.010453526996413116,-0.0555868888201945,0.04848468833326764,0.10747881607762506,-0.026855804113541645,-0.0012054301334860093,0.03817274925936533,0.006413337295464126,0.08043563446083521,-0.00636058261714622,0.0006740850008762603,0.007562799039238902,1.0,-0.0360372410803038,0.9909756750514723,0.013041021608145513,-0.02230826697295446,0.0005516503270185111,-0.04191051126827409,0.03875328829652589,-0.06404224844354506,0.04657048281147605,0.19031475068067105,0.013301796026424265,-0.015048053790017096
inventory_price_divergence__csz,-0.022304084749396536,-0.010104899911950781,-0.02910704510811623,-0.010591433969742407,-0.022318576285036557,-0.010104899911950781,-0.031954707788825705,-0.011655997330507234,0.012849140448855791,-0.007730919329949064,0.022707934657356994,-0.0028739722328736308,0.01607361512716105,0.0031323904617536684,0.0010547655280821544,0.001628298059768719,0.02211357132819657,0.0009738565052902554,0.0010737188413915974,-0.008576346253622972,0.027304994554220578,-0.01079943161122425,0.019366677644389946,0.03751913664332678,-0.052474110745589136,0.9288627433537843,-0.03555109527731347,0.14816540402383357,-0.02575249205609587,0.02428162461914983,-0.012316144811361516,0.027481300701995583,-0.016025622370354382,-0.021429577893361914,-0.0010033743840767249,-0.008684853081482898,-0.002010157965062684,-0.0062559626364416775,-0.003063234603578281,-0.001338508669353903,-0.004559565145236281,-0.0019120937277090236,-0.017732808468256665,-0.0032504674022618358,0.029910668734594966,-0.0032504674022618358,-0.03568440922762952,-0.010591433969742407,-0.0009947702651614198,-0.021210795550765705,-0.032713627368189405,-0.010591433969742407,-0.008511669737165408,-0.012729275174016187,0.1690703267296425,-0.0020940007851152453,0.09955423896928499,-0.002103113556446378,0.028971719746516883,-0.016025622370354382,0.03473420713967185,-0.016173826732278115,0.1961291662994374,-0.006784445643278355,-0.027747489832472185,-0.010104899911950781,-0.001824809571264746,-0.010289119165995125,-0.037048168104768985,-0.01145306771851385,0.004277963251326938,-0.008576346253622972,0.011981629383395705,-0.012392372349038899,-0.003312224616046564,-0.01876750080553523,0.03519555022364146,0.0016657591859756667,0.40453919316279685,-0.0360372410803038,1.0,-0.03587271278837104,-0.0011984673157701955,-0.00033841216746104304,-0.044139353753670445,-0.0028533486533416303,-0.009523975930930935,-0.01365195820696304,0.029154720346038727,-0.01602562237035438,-0.021636135159010018,-0.011671776002905178
inventory_price_divergence__missing,-0.029574108042412485,0.027948285579297207,-0.017815156137791676,0.03685213466496194,0.0011605668330971406,0.027948285579297207,-0.022553070642227946,0.015812217552809038,0.08642095115246232,-0.09583720344080703,-0.00020716631356218672,-0.09173446673643389,0.16798725604280068,0.006583251962324037,3.5586522950859965e-05,0.01578736530945767,0.0006575364262389514,0.021340809466985425,-0.014451382499098152,-0.024877611767229232,0.07223963335141576,0.032823521822550036,-0.0005159831035649132,0.1279491916606509,0.7653919145596929,-0.05044029570656702,0.9910344803596302,0.021938111776667244,0.3349127247078453,-0.08085643408044846,0.08276173172173816,0.05414613406186266,0.20180660023769795,-0.007968918929998122,0.018164831296120426,0.012060908310633715,0.047988828475541395,-0.0001947688230198309,-0.027524850484223908,0.022480700886743,-0.006368743039767929,-0.11366212108138067,0.023851328047538853,0.09061114004501772,-0.03442533828389945,0.09061114004501772,0.05048362115861698,0.03685213466496194,0.013834502147542484,0.028931273994090963,0.044833483029993,0.03685213466496194,-0.0021870477990632168,0.041305587850750516,-0.012542906024178476,0.06586035138495748,-0.009616867721584935,0.06611237720142707,0.06482671425489243,0.20180660023769795,0.06187560173804132,0.2013597741500259,0.014159015309487164,-0.01310824549701533,-0.04054147555985339,0.027948285579297207,-0.020979616246681994,0.024014739894717477,-0.051323272209520356,0.05288827714473428,0.10282780567881979,-0.024877611767229232,-0.00466218412229801,0.041683387863159574,0.004167011003169257,0.08278071851471919,-0.006098500588229339,0.01464906017935707,0.00734254253708373,0.9909756750514723,-0.03587271278837104,1.0,0.012902951541869868,0.012294590308214648,0.0008528176173258151,0.005131167149730582,0.037676958286024576,-0.033492699223657996,0.04688232311101386,0.20180660023769795,0.013758290190206357,0.011062042122789863
oi_surprise_60__csz,0.004459640861983606,-0.0010072397748971018,0.0069190093882666,-0.0008918707871454132,0.004980562182497567,-0.0010072397748971018,0.00965326031784617,0.0026756170571522885,0.0049436804504117415,0.009787754286649462,-0.002500026148862158,0.0032502812933491248,-0.005723568077028607,-0.002390545693495989,-0.05122939378764363,-0.0003897218179059918,-0.008831988957554876,-0.0028918306386499703,0.007919454880358029,0.00874391973976873,-0.003503143048160423,-0.0007908340379384043,-0.024629483737067658,0.016681981800876815,0.011016149441964112,-0.0015639927077460468,0.012818858440124434,-0.00594629051064853,0.011715876261383448,0.005036664550801575,0.015458035403649149,0.0005579319609749642,0.013004119470869633,0.22268884857041465,-0.001993783611243725,0.012577715561156019,0.0011231812824582,0.2118618559588049,0.002443730032246849,0.02754640194187857,0.00017486467516650126,-0.0220700392592858,0.002068439325693322,0.0013376877213140026,-0.0037730353739469915,0.0013376877213140026,0.011027190434235315,-0.0008918707871454132,-0.005039123475215478,0.024332719197560103,0.0023781610360819115,-0.0008918707871454132,-0.002583825429749285,0.002037117994717915,-0.021004272545170805,0.0002496286554048348,-0.06861596783605045,0.0003325266750468948,0.0008174962437577992,0.013004119470869633,-0.006543890917033094,0.012772557522825504,-0.0013057418409549108,-0.0009704407647832919,0.0008485470156210368,-0.0010072397748971018,0.00540312633890776,-0.0010583123315405056,0.0029315337428599607,0.0002760322594385516,0.005468996474052199,0.00874391973976873,-0.0080511880827468,0.009028463800886602,-0.005463823877317428,0.014483271737209003,-0.0353689695542225,-0.0026417621716154764,0.004789065940868615,0.013041021608145513,-0.0011984673157701955,0.012902951541869868,1.0,-0.002603267021523378,-0.08391926592685862,0.00207243288125991,-0.009253815717528951,0.005882361592301935,-0.0009262253523893801,0.013004119470869633,-0.0026148275754028613,0.002589198724300447
oi_surprise_60__missing,-0.0034620814413663923,0.5712204517383365,-0.002442156986944528,0.5295564035111372,-0.002409224156853076,0.5712204517383365,0.005552195616338321,0.4220325269904788,-0.03094252572896981,0.2186286979935188,-0.006167899097187787,0.5031362084789521,-0.02113620143160147,0.08501972591039675,1.4928822927171617e-05,0.1667197798758062,-0.0009590181336037163,0.235728647858897,0.00950052374606071,0.13373205683164804,0.021104056101285663,0.2984279066334432,0.008492795070077459,0.015805161453059893,0.057398858000119686,-0.0010139723710377725,-0.03275811814495043,-0.0014399825654090774,0.02716649691680631,0.04700934363649756,0.1576454938755531,0.0010504731094266731,0.18204557571770902,-0.0024918061385110703,0.9360238741074299,-0.004654597594273373,0.7865301840063418,-0.0042660187292793555,0.6156108141992075,-0.040937109945611394,0.7338061537381382,-0.007382637963613128,-0.017948557665233983,0.6502408664453496,0.013070789172468343,0.6502408664453496,-0.016475187660090884,0.5295564035111372,-0.002854048566287438,0.15151407314036025,-0.006812429291800564,0.5295564035111372,-0.001281280707958262,0.40922532115319615,0.002949978825303129,0.23324404904404922,0.0013519430012547224,0.2331356365434385,0.003390753617925939,0.18204557571770902,0.0024769694225683786,0.1869132781379195,0.01365844019210147,0.4854957636739232,-0.014412504586983378,0.5712204517383365,0.00895039901497983,0.5896805368673685,-0.018597561485235416,0.4257682626913897,-0.029019709626820624,0.13373205683164804,-0.010448456899382588,0.15948618830568334,-0.0008918646223962782,0.1430009048559328,-0.0031897560043364272,0.2380953096559088,-0.0017501115668655204,-0.02230826697295446,-0.00033841216746104304,0.012294590308214648,-0.002603267021523378,1.0,0.002043890420544883,0.7543795572837885,-0.020712958488889713,0.5238472224336627,0.0010228388725792722,0.182045575717709,0.00794362179712169,0.4469755159952528
volume_price_divergence_20__csz,0.3402597221713852,-0.004386901367037637,0.3487928640328633,-0.004644081285598979,0.005477452220666156,-0.004386901367037637,0.30625060260483106,-0.004461086056454702,0.09849431831182957,-0.032789046156086854,0.06806971050926466,-0.03434768027828857,-0.0984173777209526,0.016638781026469103,0.007700676267125018,0.017505111893987544,-0.16844645737590755,0.01717973375186679,0.01123564860274026,-0.011926430408140709,-0.276185900007383,-0.007358578248315793,-0.2783373564116731,0.002371517333427123,-0.009494814255530297,0.011916125108426512,0.00057691762620278,0.002821122000407552,-0.006202559995626128,0.018596268881388028,0.009477332113569329,0.008389809662621501,0.0037443141566079036,-0.29842997029034557,0.003570820542540803,0.07984040600104764,0.004429542998068174,-0.42653813484005376,0.0034608016350185502,-0.06762765393457282,0.00984103654728407,-0.09167223353768027,-0.008941655705324602,0.004106107775332942,0.0053976134586151275,0.004106107775332942,0.0485334745108844,-0.004644081285598979,-0.004539643144231928,-0.008017497711482883,0.32698618782967653,-0.004644081285598979,0.021625602497377286,-0.0076172003305292465,-0.060666088773474514,0.010368610270362313,-0.10121969642073385,0.010378053712911438,-0.0004086391655727661,0.0037443141566079036,-0.15097963375011816,0.004359119584517432,0.016666546221410335,-0.0016872708756442605,0.3209205027219306,-0.004386901367037637,0.12267205264996507,-0.0042735582928717245,0.04025353669292956,-0.003396504654873043,0.15021030048236644,-0.011926430408140709,0.18811368428161065,-0.016780786418038506,0.10609869548788355,-0.008688269500151778,-0.1261596384511117,0.017387238035852272,-0.00040609756168963877,0.0005516503270185111,-0.044139353753670445,0.0008528176173258151,-0.08391926592685862,0.002043890420544883,1.0,0.005000759760610769,0.0840012430208306,-0.01877225289340767,-0.0015656102471542331,0.003744314156607912,-0.013802079319184413,-0.004329330842377018
volume_price_divergence_20__missing,-0.0019919912261979374,0.6865388645028208,0.003198331723763866,0.6576201864135268,-0.015036787639942316,0.6865388645028208,0.006664923019524952,0.5512432908175633,-0.06725205538934832,0.28785030785074733,0.005272125097171551,0.5115952755244491,-0.026272203632947536,0.15099059730717743,0.002243633779196662,0.22916440378471972,-0.009327944365514826,0.27274620601578875,0.03753978199198406,0.14863995485007495,0.007584868244468052,0.33485441661846105,0.0072669402040797535,0.01809594039823455,0.07759044897393912,-0.0025423371558387746,-0.04955542508025242,0.00493494431474829,0.030758101292021382,0.060521000556149535,0.220126372773338,0.0012930079092392307,0.23584210231556718,0.003415761685085345,0.7377719436458091,0.0051616752658542615,0.9052370004752398,0.0007452855374567244,0.8323940330994245,-0.05648566689384341,0.9719836400475618,-0.0678841339125512,0.01339107577871952,0.8210967876672077,-0.010123500307159281,0.8210967876672077,-0.01765425686117308,0.6576201864135268,-0.0033760496892785217,0.2052045801895555,0.0015153739007985946,0.6576201864135268,0.00315291926734081,0.33759010302514075,0.004354652828056068,0.28031035117801223,0.0010962749635848772,0.28267890097586684,0.004096554917536687,0.23584210231556718,0.0031519587862966414,0.23990678543611207,0.029705581829072167,0.49404033952205784,-0.013364649300657238,0.6865388645028208,0.013063123859566251,0.6993740592990796,0.01492302351000829,0.48362002960895584,-0.041662814512858255,0.14863995485007495,-0.0029074118991515062,0.16048696545697247,-0.0014046987303862235,0.14098220931071156,-0.013254719224998613,0.2662783328189634,-0.0006358959617551784,-0.04191051126827409,-0.0028533486533416303,0.005131167149730582,0.00207243288125991,0.7543795572837885,0.005000759760610769,1.0,-0.02697260006258798,0.6207341110941577,0.00120732058961551,0.23584210231556718,0.009149124243549498,0.5693742101852836
momentum_carry_interaction__csz,0.10807397562605524,-0.03584533303006957,0.14452675626728442,-0.03529414558234219,0.17571216218945443,-0.03584533303006957,0.04653188670895929,-0.03543545106619222,0.12596752362813268,-0.023967667060612083,0.05670095498044361,-0.030813077039113543,0.039041770003938624,0.0866076004588963,0.003962869550237193,0.08137724051159252,0.009147796936980054,0.0799193342519398,-0.012067454504514434,0.009221928693305135,-0.037901204545493596,-0.0348541788035728,-0.039678479864510015,-0.003161533763425259,0.04015334099835082,-0.007431527993253532,0.03907012755298635,-0.0012256956711538289,0.018895813768930816,-0.011102152080903621,0.007462449241430857,0.0736139510290355,0.04749929583588502,0.006500015656082472,-0.020619763204109923,0.002768470270415784,-0.025166682674510703,-0.007930731397355506,-0.02071244989193538,0.015328337047378833,-0.023382117516618093,0.050726907036952026,0.14010118642600314,-0.022582897725925758,-0.1333791752225111,-0.022582897725925758,-0.0426155121182006,-0.03529414558234219,0.0030777337505590004,-0.00888113563416489,0.17905488773367004,-0.03529414558234219,0.03960046830950725,-0.027258220245152794,0.011590477807963616,0.07378325870039279,-0.00983586879173748,0.07369629389243963,0.07494626678361019,0.04749929583588502,0.015131548527545455,0.04718013794417072,0.012716987588741806,-0.02091745949274729,0.11733802048924388,-0.03584533303006957,-0.015282913830062927,-0.036091712616490426,0.09154426673570522,-0.030529891774448002,0.12953412668192407,0.009221928693305135,0.06474101014391663,0.007650549059133582,0.013685074742734154,0.013247194465611255,0.001465775915478329,0.08000508256760126,-0.0018624022466185717,0.03875328829652589,-0.009523975930930935,0.037676958286024576,-0.009253815717528951,-0.020712958488889713,0.0840012430208306,-0.02697260006258798,1.0,-0.040625233704365715,0.07197198836061654,0.04749929583588502,-0.023986921216927116,-0.03581869971049495
momentum_carry_interaction__missing,-0.020781642226509203,0.8823415833351382,-0.014755757269229855,0.8687739703648719,-0.013317122776299182,0.8823415833351382,-0.0005479402236185355,0.68612802019323,-0.05841588248381929,0.5899699490968554,0.002085862542299744,0.6528109620483639,-0.04549198524092911,0.05173776695189156,0.0015034076047236791,0.108359355841124,-0.005828630330067396,0.14270255198399362,0.03274568892380313,0.2536241508151366,0.018864086277520255,0.542433821591536,0.0034056741005857216,0.022095604650282544,0.08793978960485722,-0.022646194070733493,-0.07040719094871518,-0.019880742165605106,0.012304394563292582,0.04205809321369165,0.3406966939226669,-0.007389465561973035,0.32236897755416555,0.05428031436448316,0.49945699798374926,-0.005117567249045155,0.6128338227671581,0.015208104099319858,0.5085384774143847,0.029839820060520383,0.6121089972900312,-0.02258250475742834,-0.013716730981869256,0.55588351540978,0.010027463236673329,0.55588351540978,-0.007757941166118954,0.8687739703648719,-0.006507407420666947,0.29807006545853093,-0.020225100654664197,0.8687739703648719,-0.008002429347790819,0.6157030270619792,-0.02280738534717128,0.17119396071476123,-0.01393121848627604,0.17280244612087106,-0.004944976395501908,0.32236897755416555,0.003329305902507014,0.3291441890617014,-0.0443165865672466,0.3906486418385743,-0.02870770700940914,0.8823415833351382,-0.003672666069812166,0.8884062767277864,0.023016952254837464,0.7515007051188525,-0.045505007344069544,0.2536241508151366,-0.006928063942427487,0.2600268460648378,-0.0025248805574971177,0.26493088292765415,-0.009632648356212647,0.13706997867989468,-0.003368469255220587,-0.06404224844354506,-0.01365195820696304,-0.033492699223657996,0.005882361592301935,0.5238472224336627,-0.01877225289340767,0.6207341110941577,-0.040625233704365715,1.0,-0.007100196776516266,0.3223689775541656,0.0007797406671246179,0.6966212898802743
nonlinear_tightness__csz,0.08959452131943851,0.0005763791143220987,0.0939141548905035,0.0005613635145990078,0.04213620639598224,0.0005763791143220987,0.04733333934794594,0.0008972465301990115,0.4867997996583093,-0.012270861669055253,0.12796683502231226,-0.021962834440903207,0.5521188690156008,-0.04440016861940989,0.01609393259338674,-0.04471040704711292,0.16595144000233117,-0.04254618809314808,-0.24297845458282596,-0.004797167298536182,0.031101347351561795,0.0009343962522932034,0.04499895971138135,0.3174657556645924,0.046504063489001934,0.02834015677839065,0.04665493655809232,0.02608980478997944,0.029831428187086038,0.6034528647560113,-0.003941129066100103,0.9403283729647399,0.0024957055061158324,-0.006015180596533675,0.00036009678429430443,-0.0187402275043203,0.0007127089195763071,-0.0023462666205024147,0.001247382287780739,-0.03896921684800564,0.0032035435486893406,0.055721665378808405,0.10817159783037344,0.0007539886644321378,-0.11855136067490525,0.0007539886644321378,0.008564086924135876,0.0005613635145990078,0.013713816878688318,0.03183297200398067,0.09302030206165189,0.0005613635145990078,-0.01563421456324276,0.0006331532080184904,0.22494720659600903,-0.024824366829198106,0.16198736666822156,-0.024797427135438824,0.8943692632483945,0.0024957055061158324,0.6686014217494051,0.0024119096350793297,0.15985790886778725,0.006448616108842958,0.08429395178538997,0.0005763791143220987,0.03662852129386527,0.0005830604311856958,0.07560405333828088,0.0007128368050326681,0.4051755745143774,-0.004797167298536182,0.01565157516191309,0.0009384970766755906,-0.02687200509173127,0.012222503227751832,0.19254539920664776,-0.04319702648534102,-0.005128621988773822,0.04657048281147605,0.029154720346038727,0.04688232311101386,-0.0009262253523893801,0.0010228388725792722,-0.0015656102471542331,0.00120732058961551,0.07197198836061654,-0.007100196776516266,1.0,0.0024957055061158445,0.007620083622634476,0.0009049176059015508
nonlinear_tightness__missing,-0.006253568671385807,0.3054820494220697,0.023420582635214824,0.30053832912753325,0.018901363033793847,0.3054820494220697,0.0736586505168556,0.40087515587314354,0.028764861498175164,0.16741722068353015,0.0015998901586468362,0.21254726071212254,0.00378706043623523,0.5114379839404875,0.005939321806444407,0.5195423587844976,-0.016486390309658684,0.5268551184181549,-0.002493683977108971,0.13412215969161295,-0.0066293180464464235,0.37440164715086904,-0.009082167881549915,0.05046997571194428,0.3357271406670455,-0.031051263403509423,0.18824959104889594,0.002594754682423424,0.052720089779479895,0.030364376455719794,0.7040543674776465,0.0029583016749361642,1.0,0.02320016860974308,0.17452856802355998,-0.021951558410429665,0.2142753043243739,0.0023292836441653965,0.19928137854643402,0.07528013577208026,0.2390654142603353,0.06483732693853245,0.17461356572988035,0.1964373248129893,-0.16711828865331493,0.1964373248129893,-0.032812358489624875,0.30053832912753325,0.01978078945111571,0.3049437236916905,0.00968744749205054,0.30053832912753325,0.02151911352107961,0.2536970834366922,0.014092857189949778,0.5721612760554883,0.0045187397392923954,0.5725205469420102,0.012712840614904844,1.0,0.013228588292380722,0.9982354971108952,0.02205469302061222,0.27769964283518933,-0.04514252464768195,0.3054820494220697,-0.0012428334419212178,0.3076906553382602,0.16019533344007675,0.26704632394880673,0.05475539957557268,0.13412215969161295,-0.005866636989219556,0.15378814223034157,-0.002918046865598363,0.16628755593654201,-0.018225263153280175,0.528921590213113,0.0001300764910759685,0.19031475068067105,-0.01602562237035438,0.20180660023769795,0.013004119470869633,0.182045575717709,0.003744314156607912,0.23584210231556718,0.04749929583588502,0.3223689775541656,0.0024957055061158445,1.0,-0.0031979485974094864,0.4037134304516544
correlation_risk_20_120__csz,-0.028416006468327377,0.013673741177382067,-0.031429376240305486,0.013463482438981683,0.009494152218291821,0.013673741177382067,-0.03711989152161788,0.018117250908501612,0.007845054498279627,-0.014988159088720275,-0.002640584096770065,-0.007720706441076358,0.018880529179052138,0.006635331705586457,-0.004496385086406169,0.006616069852811507,0.011952091218010153,0.008651608929038499,0.013823062080430151,-0.0015756913801208815,0.025629847157985334,0.015266193208183058,0.004635454369120335,-0.0009575398009185482,0.00772896964870512,-0.020384561659379432,0.013144356871495129,0.005464668743527485,0.003921539317710215,0.006075285750810484,0.0013189631280918171,0.0073786828530622885,-0.0031979485974094864,-0.022062478312218296,0.007521252924248802,-0.0033965100555906503,0.009317520975364427,-0.013683125062573688,0.007188615553838084,0.032463156022912894,0.0052170935170562024,0.01988852558014926,0.11542961726033861,0.008614585845263733,-0.11503387992087835,0.008614585845263733,0.006489076685795728,0.013463482438981683,0.005423617082366788,-0.0010534942715119103,-0.03597831330298291,0.013463482438981683,0.012928017553498204,0.011056263586379313,-0.012547756672577787,0.012078464790542516,-0.005135367863571863,0.012100867749367106,0.00019847904355733091,-0.0031979485974094864,0.0099299998690966,-0.0030870144661827633,-0.020656574050756653,0.010486024968056486,-0.018041005440624005,0.013673741177382067,-0.016637299217745132,0.013767726374654057,0.02045728791318942,0.011646086198923194,0.009693658383535442,-0.0015756913801208815,0.0036486308515618947,-0.0013341351357590426,0.01718305127599009,-0.002231299824886076,0.00833850621052714,0.00882956915553577,-0.0001705234622198668,0.013301796026424265,-0.021636135159010018,0.013758290190206357,-0.0026148275754028613,0.00794362179712169,-0.013802079319184413,0.009149124243549498,-0.023986921216927116,0.0007797406671246179,0.007620083622634476,-0.0031979485974094864,1.0,0.018237262155256253
correlation_risk_20_120__missing,-0.01505850723605912,0.7497694040352767,-0.0007822050369925627,0.7382403303941546,-0.009432043391708266,0.7497694040352767,0.011703242065284752,0.993419448284863,-0.05263801219601032,0.25025346017477135,0.0049740843637766825,0.3847837558602669,-0.0410209603228979,0.051266170598137324,-0.0006563974695039055,0.09760284534589878,-0.01543265043819065,0.126949816373956,0.04087019291242888,0.2083465617226361,0.014285773023866636,0.8519959407013366,-0.00017584505701726067,0.02425539605557392,0.136113361104714,-0.019495197563947866,-0.020421924285109916,-0.001846498635448028,0.024627901655074964,0.06456268391144941,0.48143580201288366,0.001146083014704094,0.4037134304516544,0.029020698630269195,0.4244040246546826,0.012713250198661444,0.5207476139377524,-0.0035884784298346626,0.4794741016177707,0.06456089153587961,0.565935238101724,-0.011329829939178979,0.012908075345709466,0.47236179268172807,-0.011115709538396495,0.47236179268172807,-0.019367200574443206,0.7382403303941546,-0.007564221332387503,0.37031914673701677,-0.006465451693281741,0.7382403303941546,-0.0025959182650725065,0.6062458000688695,0.0003002311688309664,0.16326433129756515,-0.005169088751781047,0.16462637676223266,0.006477182768591207,0.4037134304516544,0.004817766397964036,0.40937661238826545,-0.024636577582901668,0.3827738274592013,-0.027082689076784107,0.7497694040352767,0.015230640700338124,0.7549228747959631,0.035615513763501555,0.6385874206214804,-0.04646176596602528,0.2083465617226361,-0.007940319484724541,0.23435237063470288,0.00042822867102474657,0.24590955990173877,-0.011402883719928305,0.1238553464491037,-0.0014477020358257277,-0.015048053790017096,-0.011671776002905178,0.011062042122789863,0.002589198724300447,0.4469755159952528,-0.004329330842377018,0.5693742101852836,-0.03581869971049495,0.6966212898802743,0.0009049176059015508,0.4037134304516544,0.018237262155256253,1.0
